:020000040800F2
:1000000088D60020DD010008B31A00084511000859
:10001000AF1A0008BF050008812D0008000000008D
:100020000000000000000000000000004501000882
:10003000210800080000000089010008392B000891
:10004000F7010008F7010008F7010008F7010008B0
:10005000F7010008F7010008F7010008F7010008A0
:10006000F7010008F7010008F7010008F701000890
:10007000F7010008F7010008F7010008F701000880
:10008000F7010008F7010008F7010008F701000870
:10009000F7010008F7010008F7010008F701000860
:1000A000F7010008F7010008F7010008F701000850
:1000B000F7010008F7010008F7010008F701000840
:1000C000F7010008F7010008F7010008F701000830
:1000D000F7010008F7010008F7010008F701000820
:1000E000F7010008F7010008F7010008F701000810
:1000F000F7010008F7010008F7010008F701000800
:10010000F7010008F7010008F7010008F7010008EF
:10011000F7010008F7010008F7010008F7010008DF
:10012000F7010008F7010008F7010008F7010008CF
:10013000DFF80CD000F006FA00480047ADCC02080A
:1001400088D60020224B19680868B0E8F00F80F3C9
:100150000988BFF36F8F4FF0000080F311884EF0D5
:100160000D0E70470000000006480068006880F32C
:10017000088862B661B6BFF34F8FBFF36F8F00DFA1
:1001800000BF00BF08ED00E0EFF30980BFF36F8F01
:100190000F4B1A6820E9F00F106008B54FF05000BF
:1001A00080F31188BFF34F8FBFF36F8F33F0CAF91D
:1001B0004FF0000080F31188BDE808401968086816
:1001C000B0E8F00F80F30988BFF36F8F704700BF6E
:1001D00028000020EFF305807047000006488047A4
:1001E00006480047FEE7FEE7FEE7FEE7FEE7FEE71C
:1001F000FEE7FEE7FEE7FEE78D2B00083101000871
:100200002DE9F05F0546002092469B46884606464B
:10021000814640241BE0284641464746224600F0DE
:100220004AF953465A46C01A914110D3114618460E
:10023000224600F031F92D1A67EB01084F4622469D
:100240000120002100F028F917EB00094E41201E83
:10025000A4F10104DFDC484631462A464346BDE8A6
:10026000F09F40EA01039B0703D009E008C9121F71
:1002700008C0042AFAD203E011F8013B00F8013B60
:10028000521EF9D27047D2B201E000F8012B491E8C
:10029000FBD270470022F6E710B513460A46044623
:1002A0001946FFF7F0FF204610BDCAB2401E10F8F5
:1002B000011F8A4202D00029F9D100207047421C58
:1002C00010F8011B0029FBD1801A704710B50022DD
:1002D00000E0521C835C8C5CA34201D1002BF8D15E
:1002E000D8B2E1B2401A10BD30B504460020034632
:1002F00000E05B1C934203D2E05CCD5C401BF8D075
:1003000030BD034611F8012B00F8012B002AF9D16A
:1003100018467047F0B480EA0102D40F4200B2EBF5
:10032000410F02D20246084611464A0042D0C30D90
:10033000DDB2C1F3C752AD1A202D35DAC1F3160173
:1003400041F4000204B15242C5F1200602FA06F15E
:100350002A411044B3EBD05F23D0C4B1012DA0EBF0
:10036000C35009DCF0BC4FF0004202EAC352DBB2DA
:1003700000F5000000F0B8B8400000F1807000EB1C
:10038000C350A0F1807040EAD170490009E04908EB
:1003900041EAC071A0EBC35000F50000400800EB3B
:1003A000C350F0BC00F097B86142012202EB41015A
:1003B000001BF6E7F0BC704781F00041AAE780F02F
:1003C0000040A7E780EA010210B502F000434000B8
:1003D00022D04A001FD0010E01EB1261C0F356007B
:1003E000C2F3560240F4000042F40002A0FB0220D7
:1003F00000047F39140400D0401C50EA124001D49C
:100400004000491EC2B20C0604EBD010401C40084C
:10041000802A02D003E0002010BD20F00100002956
:1004200000DA0020184310BDC10F80EAE0700844D4
:10043000CA079623002100F057B800F0004220F0D0
:100440000040C10DC0F3160040F400007F2901DA1E
:1004500000207047962903DCC1F19601C84001E0F5
:1004600096398840002AF4D04042704730B50B4698
:10047000014600202022012409E021FA02F59D42D4
:1004800005D303FA02F5491B04FA02F52844151EA8
:10049000A2F10102F1DC30BD202A04DB203A00FA8F
:1004A00002F1002070479140C2F1200320FA03F3CB
:1004B000194390407047202A04DB203A21FA02F0C9
:1004C0000021704721FA02F3D040C2F1200291408E
:1004D0000843194670470029A8BF7047401C4900CF
:1004E00008BF20F00100704710B4B0FA80FC00FA99
:1004F0000CF050EA010404BF10BC704749B1CCF1C4
:10050000200421FA04F411FA0CF118BF012121434F
:100510000843A3EB0C01CB1D4FEA00614FEA10200A
:1005200042BF002010BC704700EBC35010440029AC
:10053000A4BF10BC7047401C490008BF20F0010058
:1005400010BC7047064C074D06E0E06840F0010320
:1005500094E8070098471034AC42F6D3FFF7ECFD5F
:10056000846C0408A46C040870B58C1810F8015B46
:1005700015F0070301D110F8013B2A1106D110F83C
:10058000012B03E010F8016B01F8016B5B1EF9D140
:100590002B0705D40023521E0DD401F8013BFAE7C6
:1005A00010F8013BCB1A921C03E013F8015B01F831
:1005B000015B521EF9D5A142D8D3002070BD00BF07
:1005C000FEE770B500254FF4803400E0641E24B1CE
:1005D000802001F01FFC0028F8D014B9032528461C
:1005E00070BD40F2FF5001F0D3FB2846F8E7000051
:1005F000014600BF0748406B00F045000028F9D0D5
:1006000040F2FF50034A90631046406908221040B0
:10061000C0B270470080014070B500251048446B9F
:1006200001E00F48446B04F045000028F9D004F0C5
:10063000040028B10325042001F0AAFB284670BD60
:1006400004F0010028B10125012001F0A1FB28469A
:10065000F5E740F2FF5001F09BFB2846EFE7000072
:100660000080014070B500250B48446B01E00A484A
:10067000446B04F045000028F9D004F0040028B1D0
:100680000325042001F084FB284670BD40F2FF5092
:1006900001F07EFB2846F8E7008001402DE9F0419B
:1006A00006460F464FF000082248456B01E02148FE
:1006B000456B05F045000028F9D005F0040038B17D
:1006C0004FF00308042001F063FB4046BDE8F081D1
:1006D00005F0010030B14FF00108012001F058FB96
:1006E0004046F3E701F090FBB04203D04FF0100812
:1006F0004046EBE740F2FF5001F04AFB002001F0DA
:100700009DFB044604F4604018B9200C3880404634
:10071000DCE704F4005008B11320D7E704F480406C
:1007200008B11020D2E704F4004008B10F20CDE753
:100730004046CBE70080014070B500264FF480357D
:100740000F48446B02E06D1E0D48446B04F04500F9
:1007500008B9002DF7D115B104F0040028B1032623
:10076000042001F015FB304670BD04F0400028B1B4
:100770000026402001F00CFB3046F5E73046F3E759
:100780000080014000F0805111B10349086001E090
:100790000249486070470000040402400000024023
:1007A00021B1026842F00102026004E002684FF6E3
:1007B000FE731A400260704701460020002201F0DB
:1007C000805313B1054B1A6801E0054B1A6802EA21
:1007D00001030BB1012000E000207047000402403B
:1007E0000000024010B50022026847F6F0739A43F9
:1007F0000C6A8B6823430C6923434C6923438C693F
:100800002343CC6923434C6A23438C6A23431A4312
:100810000260CB6843600B6883604B68C36010BDA7
:100820007047000051B18200A2F1C042126842F04C
:1008300001038200A2F1C042136009E08200A2F12C
:10084000C0421268034B1A408300A3F1C0431A60F0
:1008500070470000FEFF0F00D0E901121143C2688B
:100860001143026911434269114382691143C2690C
:100870001143026A1143426A1143826A1143C26AF8
:100880001143026B114302689200A2F1C042116051
:10089000816808290BD101688900A1F1C04109686C
:1008A00041F0400201688900A1F1C0410A60416B3A
:1008B0000968426B526841EA0211426B926841EA50
:1008C0000221426B928941EA0241426B128A41EA5B
:1008D0000251426B127D41EA0261426B92691143FF
:1008E0000268521C9200A2F1C0421160C16AB1F5C7
:1008F000804F1BD1816B0968826B526841EA0211FB
:10090000826B926841EA0221826B128A41EA0251AB
:10091000826B127D41EA0261826B92691143026827
:100920009200A2F1C042C2F8041107E06FF07042D9
:1009300001688900A1F1C041C1F80421704700009D
:100940001FB502F05FF95AA002F070FC012266A107
:10095000664811F06DF866490870084600780D2861
:100960002AD164A002F062FC714B0FCB8DE80F001E
:100970004FF400736F4A69465BA010F005FD5C49B7
:1009800008700846007888B96BA002F04FFC01227D
:1009900055A1002011F04CF855490870012252A1D0
:1009A000524811F045F85249087004E06DA002F079
:1009B0003DFC00BFFEE70FE04D48007848B14C48D1
:1009C000017871A002F032FC7BA002F02FFC00BF86
:1009D000FEE786A002F02AFC93A002F027FC0A2280
:1009E0009EA1A64811F054F84149087008460078C5
:1009F000002820D1A24802F019FCA24B5B22A24998
:100A00009E4811F061FA3A4908700846007848B9E2
:100A10009C4801689DA002F009FC9B49A8A002F037
:100A200005FC04E032480178AFA002F0FFFB9348D8
:100A300010F098FC02E0B5A002F0F8FBBDA002F0B7
:100A4000F5FB012285A18D4811F022F82849087094
:100A50000846007800281ED1C3A002F0E7FB894BAE
:100A60004FF48062C749854811F010F92049087099
:100A70000846007848B983480168C3A002F0D6FB55
:100A8000C049CDA002F0D2FB08E019480178D5A0FA
:100A900002F0CCFB02E0DCA002F0C8FB774810F0CB
:100AA00061FC012210A1002010F0C2FF00BFFEE790
:100AB0000D0A2A2A2A2A2A2A20E8BF99E698AFE4B2
:100AC000B880E4B8AA5344E58DA120E69687E4BB3C
:100AD000B6E7B3BBE7BB9FE5AE9EE9AA8C202A2A06
:100AE0002A2A2A2A0D0A0000303A00002CC80020C9
:100AF0007C030020E3808B5344E58DA1E8BF98E69A
:100B0000B2A1E69C89E69687E4BBB6E7B3BBE7BB38
:100B10009FEFBC8CE58DB3E5B086E8BF9BE8A18C68
:100B2000E6A0BCE5BC8FE58C962E2E2E0D0A0000AB
:100B30005067040888D00020E3808B5344E58DA1E2
:100B4000E5B7B2E68890E58A9FE6A0BCE5BC8FE5F4
:100B50008C96E69687E4BBB6E7B3BBE7BB9FE38022
:100B6000820D0A00E3808AE3808AE6A0BCE5BC8FA0
:100B7000E58C96E5A4B1E8B4A5E38082E3808BE33D
:100B8000808B0D0A00000000EFBC81EFBC81534454
:100B9000E58DA1E68C82E8BDBDE69687E4BBB6E7AD
:100BA000B3BBE7BB9FE5A4B1E8B4A5E380822825E9
:100BB00064290D0A00000000EFBC81EFBC81E58FC5
:100BC000AFE883BDE58E9FE59BA0EFBC9A5344E55B
:100BD0008DA1E5889DE5A78BE58C96E4B88DE68828
:100BE00090E58A9FE380820D0A000000E3808BE697
:100BF0009687E4BBB6E7B3BBE7BB9FE68C82E8BD54
:100C0000BDE68890E58A9FEFBC8CE58FAFE4BBA57D
:100C1000E8BF9BE8A18CE8AFBBE58699E6B58BE819
:100C2000AF950D0A000000000D0A2A2A2A2A2A2A56
:100C300020E58DB3E5B086E8BF9BE8A18CE69687FA
:100C4000E4BBB6E58699E585A5E6B58BE8AF952EBC
:100C50002E2E202A2A2A2A2A2A0D0A00303A4661F4
:100C6000744673E8AFBBE58699E6B58BE8AF95E6C9
:100C70009687E4BBB62E74787400000060CA00202A
:100C80002C6C04088003002084030020E3808BE6A2
:100C90009687E4BBB6E58699E585A5E68890E58A62
:100CA0009FEFBC8CE58699E585A5E5AD97E88A823E
:100CB000E695B0E68DAEEFBC9A25640A0000000010
:100CC000E3808BE59091E69687E4BBB6E58699E5EF
:100CD00085A5E79A84E695B0E68DAEE4B8BAEFBC98
:100CE0009A0D0A25730D0A00EFBC81EFBC81E696D0
:100CF00087E4BBB6E58699E585A5E5A4B1E8B4A58A
:100D0000EFBC9A282564290A00000000EFBC81EF9F
:100D1000BC81E68993E5BC802FE5889BE5BBBAE6FC
:100D20009687E4BBB6E5A4B1E8B4A5E380820D0ADA
:100D3000000000002A2A2A2A2A2A20E58DB3E5B0DD
:100D400086E8BF9BE8A18CE69687E4BBB6E8AFBB1C
:100D5000E58F96E6B58BE8AF952E2E2E202A2A2A0F
:100D60002A2A2A0D0A000000E3808BE68993E5BC5D
:100D700080E69687E4BBB6E68890E58A9FE38082AA
:100D80000D0A000088CC0020E3808BE69687E4BB48
:100D9000B6E8AFBBE58F96E68890E58A9F2CE8AF72
:100DA000BBE588B0E5AD97E88A82E695B0E68DAE02
:100DB000EFBC9A25640D0A00E3808BE8AFBBE58F9A
:100DC00096E5BE97E79A84E69687E4BBB6E695B0CB
:100DD000E68DAEE4B8BAEFBC9A0D0A2573200D0A71
:100DE00000000000EFBC81EFBC81E69687E4BBB653
:100DF000E8AFBBE58F96E5A4B1E8B4A5EFBC9A28AF
:100E00002564290A00000000EFBC81EFBC81E6895F
:100E100093E5BC80E69687E4BBB6E5A4B1E8B4A54B
:100E2000E380820D0A0000002DE9FC4107460D46D3
:100E30000026002400200090019008205D490860F1
:100E400010204860402088600020C8604FF4806017
:100E50000861084601F02CF81020FFF7C9FB044692
:100E600014B12046BDE8FC81534800880004514974
:100E7000086037204860402088600020C8604FF438
:100E800080600861084601F013F83720FFF7B0FBD7
:100E900004460CB12046E5E74FF0FF3047490860B3
:100EA00008204860302088600220C8600020086167
:100EB00001204861084600F07DFF00203D490860A0
:100EC00033204860402088600020C8604FF4806074
:100ED0000861084600F0ECFF3320FFF789FB044669
:100EE0000CB12046BEE70CE04FF4001000F092FF7A
:100EF00038B100F0D7FF4DF82600761C012E00D93E
:100F000006E02F48406B40F22A6108400028EBD0F1
:100F100000BF082000F07EFF28B1082000F038FF55
:100F2000042420469EE7022000F074FF28B102202E
:100F300000F02EFF0224204694E7202000F06AFFF4
:100F400028B1202000F024FF062420468AE74FF431
:100F5000007000F05FFF30B14FF4007000F018FF38
:100F6000072420467EE740F2FF5000F011FF009872
:100F70000006009901F47F4140EA0120009901F444
:100F80007F0140EA1120009940EA116068600198F1
:100F90000006019901F47F4140EA0120019901F422
:100FA0007F0140EA1120019940EA11602860204643
:100FB00058E7000000C800206003002014C800208B
:100FC0000080014008B50121302000F0D9FD4FF428
:100FD000F850ADF8000003208DF8020018208DF8BD
:100FE00003006946094800F015F80420ADF8000038
:100FF0006946074800F00EF80121880200F0B0FDB4
:101000000121022000F0ACFD08BD000000100140ED
:10101000001401402DE9F041024600250026002081
:1010200000230024002791F803C00CF00F0591F86D
:1010300003C00CF0100CBCF1000F03D091F802C0FB
:101040004CEA050591F800C0BCF1000F31D01468DE
:1010500000202BE04FF0010C0CFA00F3B1F800C0B7
:101060000CEA03069E4220D183004FF00F0C0CFACD
:1010700003F7BC4305FA03FC4CEA040491F803C0EF
:10108000BCF1280F06D14FF0010C0CFA00FCC2F89D
:1010900014C00AE091F803C0BCF1480F05D14FF02D
:1010A000010C0CFA00FCC2F810C0401C0828D1D377
:1010B0001460B1F800C0BCF1FF0F34DD54680020AB
:1010C0002EE000F1080C4FF0010808FA0CF3B1F81B
:1010D00000C00CEA03069E4221D183004FF00F0CA2
:1010E0000CFA03F7BC4305FA03FC4CEA040491F83C
:1010F00003C0BCF1280F05D100F1080C08FA0CF868
:10110000C2F8148091F803C0BCF1480F07D100F178
:10111000080C4FF0010808FA0CF8C2F81080401CC7
:101120000828CED35460BDE8F081024600209368C1
:101130000B400BB1012000E0002070474161704777
:101140000161704702A002F071F800BFFEE70000E5
:10115000486172644661756C7400000010B5044605
:101160002CB14FF480510548FFF7E8FF04E04FF43D
:1011700080510248FFF7E4FF10BD00000014014059
:1011800001B502E00098401E009000980028F9D1B7
:1011900008BD00B597B03C2108A8FFF77BF81C21DB
:1011A00001A8FFF777F80121080200F0D9FC01201F
:1011B0000190042003908006079000200290049084
:1011C000059006900890099008200A9010200B9036
:1011D00000200C900E900F9010904FF480501190C2
:1011E000002012901390149001A81590169008A852
:1011F000FFF732FB01210020FFF714FB17B000BD01
:101200002DE9F84F05460E4617469846DDF828B0FA
:10121000781B401C1FFA80F9A8EB0600401C1FFA3F
:1012200080FA09FB0AF0009053464A4631462846A8
:1012300000F060F92C2000F007FC002404E03BF8EB
:10124000140000F005FC641C00988442F7D3BDE84C
:10125000F88F000008B50121602000F091FC032008
:101260008DF8020018208DF803004FF48040ADF88F
:10127000000069465B48FFF7CDFE4FF40040ADF833
:10128000000069465748FFF7C5FE0120ADF8000091
:1012900069465448FFF7BEFE0220ADF800006946DB
:1012A0005048FFF7B7FE8020ADF8000069464E4871
:1012B000FFF7B0FE4FF48070ADF8000069464A4871
:1012C000FFF7A8FE4FF40070ADF8000069464648ED
:1012D000FFF7A0FE4FF48060ADF800006946424879
:1012E000FFF798FE4FF40060ADF8000069463E48F5
:1012F000FFF790FE4FF48050ADF8000069463A4881
:10130000FFF788FE4FF40050ADF8000069463648FC
:10131000FFF780FE4FF48040ADF800006946324888
:10132000FFF778FE4FF40040ADF8000069462E4804
:10133000FFF770FE4FF48070ADF800006946294851
:10134000FFF768FE4FF40070ADF8000069462548CD
:10135000FFF760FE4FF48060ADF800006946214859
:10136000FFF758FE03208DF8020018208DF80300C7
:101370001020ADF8000069461A48FFF74BFE202008
:10138000ADF8000069461748FFF744FE8020ADF82D
:10139000000069461348FFF73DFE4FF40060ADF8CA
:1013A000000069460F48FFF735FE10208DF8030056
:1013B00003208DF802000220ADF8000069460A48BB
:1013C000FFF728FE10208DF8030003208DF802009F
:1013D0004FF48050ADF8000069460248FFF71AFE4E
:1013E00008BD0000001401400018014010B504467B
:1013F000072C00DD10BD31480470204604EBD0718D
:101400004910A4EB410139B9F0202D4908804FF46F
:10141000A0702C49088006E04FF4A070284908808D
:10142000F02028490880362000F00EFB264800886E
:1014300049F24131884205D1082141EA441000F0C7
:1014400007FB0AE02048008848F25251884204D144
:10145000002141EA441000F0FBFA2A2000F0F4FADF
:10146000002000F0F5FA002000F0F2FA1449098893
:10147000491EC1F3072000F0EBFA11490978491E13
:10148000C8B200F0E5FA2B2000F0DEFA002000F0F0
:10149000DFFA002000F0DCFA0A490988491EC1F38E
:1014A000072000F0D5FA07490978491EC8B200F0B4
:1014B000CFFA2C2000F0C8FA00BF9BE7880200207A
:1014C00084020020860200208A02002010B5FFF767
:1014D000C1FEFFF75EFE0120FFF740FE00F0A0FA1C
:1014E00000F038F802480078FFF780FF10BD0000D8
:1014F000880200202DE9F04104460D4616461F469D
:101500002A2000F0A1FA201200F0A2FAE0B200F0C6
:101510009FFAA119491EC1F30F2000F099FAA119F1
:10152000491EC8B200F094FA2B2000F08DFA281260
:1015300000F08EFAE8B200F08BFAE919491EC1F307
:101540000F2000F085FAE919491EC8B200F080FAB0
:10155000BDE8F08110B500F025FAFE490880084684
:10156000008849F2413188427ED1CF2000F06CFAE8
:10157000002000F06DFA812000F06AFA302000F0BF
:1015800067FAED2000F060FA642000F061FA0320B1
:1015900000F05EFA122000F05BFA812000F058FAA9
:1015A000E82000F051FA852000F052FA102000F0F7
:1015B0004FFA782000F04CFACB2000F045FA3920A1
:1015C00000F046FA2C2000F043FA002000F040FA28
:1015D000342000F03DFA062000F03AFAF72000F03F
:1015E00033FA202000F034FAEA2000F02DFA00202F
:1015F00000F02EFA002000F02BFAB12000F024FABF
:10160000002000F025FA1B2000F022FAB62000F09E
:101610001BFA0A2000F01CFAA22000F019FAC020E0
:1016200000F012FA352000F013FAC12000F00CFA95
:10163000112000F00DFAC52000F006FA452000F058
:1016400007FA452000F004FAC72000F0FDF9A220B7
:1016500000F0FEF9F22000F0F7F9002000F0F8F9B0
:10166000262000F0F1F900E096E0012000F0F0F90A
:10167000E02000F0E9F90F2000F0EAF9262000F060
:10168000E7F9242000F0E4F90B2000F0E1F90E2046
:1016900000F0DEF9092000F0DBF9542000F0D8F961
:1016A000A82000F0D5F9462000F0D2F90C2000F077
:1016B000CFF9172000F0CCF9092000F0C9F90F206C
:1016C00000F0C6F9072000F0C3F9002000F0C0F9CF
:1016D000E12000F0B9F9002000F0BAF9192000F07B
:1016E000B7F91B2000F0B4F9042000F0B1F9102084
:1016F00000F0AEF9072000F0ABF92A2000F0A8F9BD
:10170000472000F0A5F9392000F0A2F9032000F0ED
:101710009FF9062000F09CF9062000F099F930208E
:1017200000F096F9382000F093F90F2000F090F9BE
:10173000362000F089F9C82000F08AF92A2000F04C
:1017400083F9002000F084F9002000F081F90020E6
:1017500000F07EF9EF2000F07BF92B2000F074F907
:10176000002000F075F9002000F072F9012000F06F
:101770006FF93F2000F06CF93A2000F065F9552030
:1017800000F066F9112000F05FF97348FFF7F8FCEC
:10179000292000F059F901E16E48008848F25251C1
:1017A0008842F8D1CF2000F04FF9002000F050F926
:1017B000C12000F04DF9302000F04AF9ED2000F092
:1017C00043F9642000F044F9032000F041F91220AD
:1017D00000F03EF9812000F03BF9E82000F034F9F8
:1017E000852000F035F9102000F032F9782000F063
:1017F0002FF9CB2000F028F9392000F029F92C200E
:1018000000F026F9002000F023F9342000F020F940
:10181000022000F01DF9F72000F016F9202000F05A
:1018200017F9EA2000F010F9002000F011F900206B
:1018300000F00EF9C02000F007F9212000F008F9AF
:10184000C12000F001F9112000F002F9C52000F0DC
:10185000FBF82D2000F0FCF8332000F0F9F83620DA
:1018600000F0F2F8002000F0F3F83A2000F0ECF875
:10187000552000F0EDF8B12000F0E6F8002000F06F
:10188000E7F8172000F0E4F8B62000F0DDF80A20B1
:1018900000F0DEF8A22000F0DBF8F62000F0D4F82B
:1018A000012000F0D5F8302000F0D2F8F22000F04E
:1018B000CBF8002000F0CCF8262000F0C5F801207D
:1018C00000F0C6F8E02000F0BFF8D02000F0C0F82B
:1018D000002000F0BDF8022000F0BAF8072000F068
:1018E000B7F80B2000F0B4F81A2000F0B1F831205E
:1018F00000F0AEF8542000F0ABF8402000F0A8F85B
:10190000292000F0A5F8122000F0A2F8122000F023
:101910009FF8122000F09CF8172000F099F8E120C1
:1019200000F092F8D02000F093F8002000F090F83A
:10193000022000F08DF8072000F08AF8052000F062
:1019400087F8252000F084F82D2000F081F844204D
:1019500004E000008A020020FCBF020000F078F8DA
:10196000452000F075F81C2000F072F8182000F0F7
:101970006FF8162000F06CF81C2000F069F81D20AC
:1019800000F066F8112000F05FF80548FFF7F8FB5B
:10199000292000F059F82C2000F056F810BD000066
:1019A000FCBF020010B50024042000F04DF800BF79
:1019B0001748008800BF1648008800F02BF804463E
:1019C0004FF6FF7000EA042400F024F8044348F2C4
:1019D0005250844201D1204610BDD32000F034F88B
:1019E00000BF0B48008800BF0948008800F012F8CB
:1019F00004464FF6FF7000EA042400F00BF804439D
:101A000049F24130844201D12046E5E70020E3E776
:101A1000000002600148008870470000000002607A
:101A200010B502210748FFF789FB40F6FF20FFF7BA
:101A3000A7FB02210348FFF783FB40F6FF20FFF7D7
:101A40009FFB10BD001801404FF0C0410880704757
:101A50000149088070470000000002602DE9F04154
:101A600000BF19F08DF8074619F0E6F8054616F0A4
:101A7000D1FC044620461FF01DFA064606A130465A
:101A800020F020FA254600231A460921284621F095
:101A9000BBFC00BFBDE8F08168656C6C6F000000A6
:101AA00004E0052031F0B6FC2AF02AFBF9E700BF7C
:101AB000FEE7704708B54FF4C06000F047F83120EA
:101AC0008DF8000000208DF801008DF80200012043
:101AD0008DF80300684600F001F808BD70B50021DC
:101AE00000230F22C47804B3154C246804F4E06486
:101AF000C4F5E064210AC1F10403CA40447804FA41
:101B000003F184781440214309010E4C0678A15555
:101B1000047804F01F050124AC4005786D11AD0078
:101B200005F1E025C5F8004109E0047804F01F053F
:101B30000124AC40044D0678761145F8264070BD6E
:101B40000CED00E000E400E080E100E00249014328
:101B5000024A1160704700000000FA050CED00E039
:101B600029B1064A52690243044B5A6104E0034A10
:101B700052698243014B5A617047000000100240D5
:101B800029B1064A92690243044B9A6104E0034A70
:101B900092698243014B9A61704700000010024035
:101BA00030B500210022002400232D4D6D6805F082
:101BB0000C0121B1042905D0082923D105E0294DC4
:101BC000056022E0274D05601FE0254D6D6805F496
:101BD0007012234D6D6805F48034022505EB9242A6
:101BE0001CB9214D554305600BE01D4D6D6805F492
:101BF00000351DB11C4D5543056002E0194D55439C
:101C0000056002E0174D056000BF00BF144D6D6810
:101C100005F0F0010909154D6B5C0568DD40456074
:101C20000F4D6D6805F4E061090A104D6B5C456865
:101C3000DD4085600A4D6D6805F46051C90A0B4DA1
:101C40006B5C4568DD40C560054D6D6805F440413D
:101C5000890B074D6B5CC568B5FBF3F5056130BDBD
:101C60000010024000127A0000093D000000002030
:101C7000100000207CB50546002400200090019053
:101C800000F0DCF800F0007010B10E2420467CBD9E
:101C90003D49098888B26946FFF7C6F804460CB189
:101CA0002046F4E7012D36D1019800F48020002869
:101CB0002ED0354800880004344908603720486039
:101CC000402088600020C860A8020861084600F033
:101CD000EFF83720FEF78CFC04460CB12046D6E71F
:101CE00002202A49086006204860402088600020C1
:101CF000C8604FF480600861084600F0D9F80620FB
:101D0000FEF776FC04460CB12046C0E72046BEE74D
:101D100025242046BBE7019800F4803078B31A48A8
:101D20000088000419490860372048604020886016
:101D30000020C8604FF480600861084600F0B8F8E1
:101D40003720FEF755FC04460CB120469FE70020E3
:101D50000E49086006204860402088600020C86066
:101D60004FF480600861084600F0A2F80620FEF7F4
:101D70003FFC04460CB1204689E7204687E7FFE791
:101D80002524204683E700006003002000C80020CF
:101D900001498863704700000080014001490860E4
:101DA00070470000A0003042014908607047000001
:101DB0008C05304200210A4B02685A6242689A62DE
:101DC0001A46D16A21F0F701D0E902231A430369C8
:101DD0001A4343691A431143014AD1627047000014
:101DE0000080014000200649086048608860C860A3
:101DF00048628862C862034888630020C8637047ED
:101E000000800140FF07C00001480069C0B2704770
:101E10000080014001460020034A526B0A400AB18B
:101E2000012000E000207047008001400248006867
:101E300000F00300704700000080014008B5014633
:101E4000002000900248084400900098006808BDF7
:101E50001480014029B1064AD26B0243044BDA6375
:101E600004E0034AD26B8243014BDA6370470000FF
:101E70000080014000210A4A516847F6FF62914301
:101E8000027D83681A4343681A43C3681A43036890
:101E90001A4303691A431143014A51607047000015
:101EA00000800140014800687047000080800140C8
:101EB0000021094B02689A601A46D1686FF30A0143
:101EC000D0E901231A43C3681A4303691A43114333
:101ED000014AD1607047000000800140054909684F
:101EE00021F00301034A11601146096801431160A2
:101EF000704700000080014010B50248FEF75CFC0E
:101F000010BD00000020001030B58BB005460C4617
:101F10001348FEF737FC00211248FEF741FC124837
:101F20000090019500200290A008039000200490EA
:101F30008020059080000690800007900020089087
:101F40004FF40050099000200A9069460548FEF7BA
:101F500049FC01210348FEF723FC0BB030BD000013
:101F600000F00010440402408080014030B58BB086
:101F700005460C461348FEF705FC00211248FEF703
:101F80000FFC12480090019510200290A0080390C9
:101F9000002004908020059080000690800007902B
:101FA000002008904FF40050099000200A906946E4
:101FB0000548FEF717FC01210348FEF7F1FB0BB0C3
:101FC00030BD000000F00010440402408080014059
:101FD00070B50446002521480068032802D1272552
:101FE000284670BD1D48006838B11C4800680128AB
:101FF00003D01A48006802282ED1B4F5805F02D1C0
:1020000027252846EDE7B4F5006F14D10120FFF72E
:1020100031FE054605BB0120114908750020086006
:10202000486088604FF40060C8600020086108467E
:10203000FFF720FF10E00020FFF71CFE05465DB90A
:102040000120074908750020086048608860C86062
:1020500008610846FFF70EFF2846C2E75C03002030
:10206000E8C70020F0B5014600200022BC4B1B78D9
:1020700081F85630BB4B1B88A1F85430BA4B1B6813
:102080001A0E93090B70C2F383034B7002F0030323
:102090008B70B54B1B68C3F30742CA70B24B1B88E9
:1020A000C3F307220A71B04B1A784A715B681A0EA3
:1020B0001301CB80AC4B5B68C3F30742CB8843EA88
:1020C0001213CB8002F00F030B72A74B9B88C3F354
:1020D0000722D3094B72C2F380138B72C2F34013F1
:1020E000CB72C2F300130B7300234B739C4B1B6822
:1020F0001BB19B4B1B68012B4FD193071B0D0B6131
:10210000994B1A790B6943EA82030B61964B9B68E2
:102110001A0E0B6943EA92130B61C2F3C2030B75EB
:1021200002F007034B75904B9B68C3F307425309BA
:102130008B75C2F38203CB7593075B0F0B768A4BCB
:102140001B89C3F307220B7E43EAD2130B760B697C
:102150005B1C0024C1E912340B7ED1E912649B1C84
:10216000012505FA03F3DF17A6FB035C04FB03C399
:1021700006FB0733C1E912530C7A0123A3400B6518
:102180000027D1E912560B6DA5FB034C06FB03C3D8
:1021900005FB0733C1E912432DE0714B1B68022B8D
:1021A00029D1714B1A7993069B0A0B616E4B9B6880
:1021B0001A0E0B6943EA02230B616B4B9B68C3F356
:1021C00007420B6913430B61674B1B89C3F307225B
:1021D0000B695B1C4FF40074A3FB04344FF480665E
:1021E0000025A3FB067C04FB06C403FB0543C1E9F1
:1021F000127373100B65C2F3801301F8193F930635
:102200005B0E4B70584B1A7A4B7843EAD2134B70E3
:1022100002F07F038B70544BDB681A0ED309CB702E
:10222000C2F341130B71C2F382034B7193071B0F6F
:102230008B714D4BDB68C3F307428B7943EA9213F2
:102240008B71C2F34013CB7100230B7202F00103B8
:102250004B72454B9B89C3F30722D3098B72C2F3A0
:102260008013CB72C2F340130B73C2F300134B7392
:10227000C2F381038B7302F00303CB733A4B1A7BD7
:1022800053080B7401234B74384B1B681A0ECA7425
:102290001939364B1B68C3F307421402CC85334B04
:1022A0001B88C3F30722CB8D1343CB852F4B1A78A2
:1022B00014060C635B681A0E0B6B43EA02440C6352
:1022C0002A4B5B68C3F307420B6B43EA02240C639F
:1022D000264B9B88C3F307220B6B13430B63234BE3
:1022E0001A7934235A54214B9B681A0E35235A54B9
:1022F0001E4B9B68C3F3074214068C631B4B1B8960
:10230000C3F307228B6B43EA02448C63174B1A7AA0
:102310008B6B43EA02248C63144BDB681A0E8B6BC5
:1023200013438B63114BDB68C3F307423C235B5CB5
:1023300043EA12143C235C5413071C0DCC870B4B4F
:102340009B89C3F30722CB8F1343CB87074B1A7BA1
:10235000540840235C54012441235C54F0BD000028
:102360005C0300206003002060C7002070C70020CD
:1023700008B500200090684600F048FA08B1FF2038
:1023800008BD0098C0F34320FAE710B50424FFF716
:10239000EFFF0446042C01D1002010BDFF2C01D119
:1023A0000220FAE70120F8E710B50024FFF782FBCE
:1023B000FEF708FEFFF716FD00F0CEF804460CB15C
:1023C000204610BD00F02AF804460CB12046F8E77C
:1023D0000120104908750020086048608860C860C6
:1023E00008610846FFF746FD1CB90B48FFF73AFEA7
:1023F000044634B90849B1F85410080400F0ECF967
:10240000044624B94FF40060FFF7E2FD044620467D
:10241000D7E70000E8C7002090C7002038B50024A7
:1024200001200090FFF702FD10B92524204638BD99
:1024300044480068042828D000204349086002204E
:102440004860C02088600020C8604FF48060086148
:102450000846FFF72DFDFEF7DFF804460CB12046D5
:10246000E5E70020FFF7EAFC384908600420FFF7A1
:10247000E5FC364948600820FFF7E0FC33498860F6
:102480000C20FFF7DBFC3149C8602E48006858B1CA
:102490002C480068012807D02A480068062803D085
:1024A00028480068022816D1002027490860032028
:1024B0004860402088600020C8604FF48060086158
:1024C0000846FFF7F5FC69460320FEF7E7F80446E7
:1024D0000CB12046ABE71B48006804282ED0BDF89D
:1024E00000001B490860BDF80000000416490860A0
:1024F00009204860C02088600020C8604FF48060D8
:1025000008610846FFF7D4FCFEF786F804460CB1D4
:1025100020468CE70020FFF791FC0E49086004205C
:10252000FFF78CFC0B4948600820FFF787FC09493E
:1025300088600C20FFF782FC0649C8600024204612
:1025400075E700005C03002000C8002070C7002071
:102550006003002060C700202DE9F0410024002620
:1025600000250027A046B2205949087500200860C0
:1025700048608860C86008610846FFF77BFC03205C
:10258000FFF7ACFC0120FFF709FC0020514908606F
:1025900048608860C8604FF4806008610846FFF7B3
:1025A00087FCFEF70EF8044614B12046BDE8F08122
:1025B0004FF4D57047490860082048604020886083
:1025C0000020C8604FF4806008610846FFF770FC87
:1025D000FEF7B2F804462CB901203F4908604FF0DD
:1025E000804812E000203B490860372048604020C6
:1025F00088600020C8604FF4806008610846FFF7DB
:1026000057FC3720FDF7F4FF0446002031490860ED
:1026100037204860402088600020C8604FF4806008
:1026200008610846FFF744FC3720FDF7E1FF044648
:10263000002C4AD136E00020264908603720486047
:10264000402088600020C8604FF480600861084620
:10265000FFF72EFC3720FDF7CBFF04460CB12046D8
:10266000A4E71E4848EA00001A490860292048608B
:10267000402088600020C8604FF4806008610846F0
:10268000FFF716FCFDF7EEFF04460CB120468DE780
:102690000020FFF7D3FB0646012080EAD67080F0C9
:1026A00001076D1C1FB94FF6FF708542C3D34FF66B
:1026B000FF70854202D31B24204677E706F0804056
:1026C000061E02D002200449086020466EE7000082
:1026D000E8C7002000C800205C0300200000108034
:1026E0002DE9F047814614461D46DDE908680027BC
:1026F00000203249087032490860012031490860E1
:1027000000203149C86231480068022808D1060219
:102710000202002320462946FDF772FD04460D46BD
:102720002B48066010202A4948604020886000201D
:10273000C8604FF4806008610846FFF7B9FB1020BD
:10274000FDF756FF074617B13846BDE8F0874FF052
:10275000FF302049086008FB06F048609020886040
:102760000220C86000200861012048610846FFF788
:1027700021FB1748046012201549486040208860FA
:102780000020C8604FF4806008610846FFF790FBA6
:102790001220FDF72DFF07460FB13846D5E701217E
:1027A0000802FFF757FB0120FFF7FEFA08FB06F1CE
:1027B0004846FFF7A9FB3846C7E70000680300203A
:1027C0006C03002064030020008001405C030020B3
:1027D00000C8002014C8002070B5044600250A482F
:1027E0000460072008494860402088600020C860D5
:1027F0004FF4806008610846FFF75AFB0720FDF799
:10280000F7FE0546284670BD00C8002070B5044696
:1028100000250A48008800040949886040F24D40BC
:10282000C8600D20FDF7E4FE05460DB1284670BDD9
:102830000348406920602846F9E700006003002053
:102840000080014010B5002400BFFFF755FB30B9F0
:102850000748006818B9074800780028F5D00548EF
:10286000007810B10348007810BD2046FCE7000056
:102870006C0300206803002010B5002400BFFFF7A0
:102880003BFB30B90948006818B9094800780028AE
:10289000F5D00748007810B10548007810BD40F227
:1028A000FF50FFF775FA2046F8E700006C030020A0
:1028B000680300202DE9F843814615461E46DDE9F0
:1028C00008780024002000904849087048490860B2
:1028D00001204849086000204749C862474800680D
:1028E000022808D107020202002328463146FDF7DC
:1028F00087FC05460E464248076010204049486064
:10290000402088600020C8604FF48060086108465D
:10291000FFF7CEFA1020FDF76BFE044614B12046F7
:10292000BDE8F8833748008800043549086037203F
:102930004860402088600020C8604FF480600861D3
:102940000846FFF7B5FA3720FDF752FE04460CB1F2
:102950002046E5E72A48C0F800801720284948604B
:10296000402088600020C8604FF4806008610846FD
:10297000FFF79EFA1720FDF73BFE04460CB12046F8
:10298000CEE71F48056019201D4948604020886037
:102990000020C8604FF4806008610846FFF788FA9D
:1029A0001920FDF725FE04460CB12046B8E74FF08C
:1029B000FF301549086008FB07F0486090208860E8
:1029C0000020C8600861012048610846FFF7F2F95D
:1029D00001210802FFF73EFA0120FFF7E5F908FBA5
:1029E00007F14846FFF7C2FA204699E7680300203E
:1029F0006C03002064030020008001405C03002081
:102A000000C800206003002014C8002010B500F0AA
:102A100001F810BD0CB5002001900090334800680B
:102A200040F480303149086000BF3048006800F44D
:102A3000003000900198401C0190009818B901984E
:102A4000B0F5A06FF1D12948006800F4003010B152
:102A50000120009001E0002000900098012843D15F
:102A60002348006840F010002149086008460068CB
:102A700020F0030008600846006840F0020008608B
:102A80001A48406819494860084640684860084646
:102A9000406840F4806048600846406820F47C103C
:102AA00048600846406840F4E810486008460068FE
:102AB00040F08070086000BF0C48006800F00070B3
:102AC0000028F9D00948406820F003000749486011
:102AD0000846406840F00200486000BF0348406874
:102AE00000F00C000828F9D10CBD000000100240D5
:102AF0000020024006E04FF47A7030F08BFC02A018
:102B000000F094FBF7E7000072756E2E2E2E0A007F
:102B1000042808D14FF0E021096941F004014FF089
:102B2000E022116107E04FF0E021096921F0040182
:102B30004FF0E0221161704710B530F0E9FE012836
:102B400001D030F09BFE10BD00B585B06846FFF7A0
:102B500027F80420FFF7DCFF0B49009808604FF4CA
:102B60007A710098B0FBF1F04FF0E021486108461F
:102B7000006940F0020008610846006940F0010069
:102B8000086105B000BD00008002002010B51348A8
:102B9000006840F00100114908600846406810498B
:102BA00008400E494860084600680E4908400B4935
:102BB00008600846006820F48020086008464068E5
:102BC00020F4FE0048604FF41F008860FFF71EFFEE
:102BD0004FF000600449086010BD00000010024082
:102BE0000000FFF8FFFFF6FE08ED00E021B182894A
:102BF00042F40052828104E082894DF6FF731A404C
:102C00008281704700B585B001210420FEF7B8FF2E
:102C100001218803FEF7B4FF4FF40070ADF81000F7
:102C200018208DF8130003208DF8120004A9134812
:102C3000FEF7F0F94FF48060ADF8100004208DF835
:102C4000130004A90D48FEF7E5F94FF4E1300090B8
:102C50000020ADF80400ADF80600ADF80800ADF8AE
:102C60000C000C20ADF80A006946054800F018F881
:102C700001210348FFF7BAFF05B000BD000801407D
:102C80000038014002460020B1F5007F00D100BFAE
:102C900013880B400BB1012000E0002070470000BA
:102CA0002DE9F04786B005460E460024A24600BF37
:102CB000A1460027B08900B100BF2F462C8A4CF6F0
:102CC000FF700440F08804432C82AC894EF6F31068
:102CD0000440B08831890843718908430443AC81BA
:102CE000AC8A4FF6FF400440B0890443AC8201A88F
:102CF000FEF756FF1F48874202D1DDF810A001E021
:102D0000DDF80CA0A88900F4004040B10AEBCA002D
:102D100000EB0A1031684900B0FBF1F807E00AEB5C
:102D2000CA0000EB0A1031688900B0FBF1F864209A
:102D3000B8FBF0F004012009642101FB1089A88987
:102D400000F4004040B1322000EBC900B0FBF1F0CC
:102D500000F00700044308E0322000EB0910642172
:102D6000B0FBF1F000F00F0004432C8106B0BDE889
:102D7000F087000000380140C1F3080282807047EC
:102D800000BFFEE701B5002007E00C2100BF0A1ECE
:102D9000A1F10103D9B2FAD1401C00998842F4D3C1
:102DA00008BD00002DE9FC5F05460C46012668467B
:102DB00000F0CAF8002865D0BDF90200FDF734FB29
:102DC00083463248007800EB400004EBC0004168C5
:102DD0005846FDF7F7FA8146BDF90000FDF724FBE0
:102DE00083462A48007800EB400054F830105846DB
:102DF000FDF7E8FA82464946FDF78CFA80462348FB
:102E0000007800EB400004EBC00081684046FDF70D
:102E100081FA0746FDF711FB00B22880BDF90200D8
:102E2000FDF702FB83461948007800EB400004EBF5
:102E3000C00001695846FDF7C5FA8146BDF900009A
:102E4000FDF7F2FA83461148007800EB400004EBEE
:102E5000C000C1685846FDF7B5FA82464946FDF7FD
:102E600059FA80460948007800EB400004EBC000A6
:102E700041694046FDF74EFA0746FDF7DEFA00B21B
:102E8000688000E000263046BDE8FC9F88020020F4
:102E900008B501216020FEF773FE0120ADF80000A7
:102EA0008DF8020010208DF8030069461B48FEF7DC
:102EB000B1F80420ADF8000069461848FEF7AAF8FA
:102EC0000820ADF8000001208DF8020048208DF8A0
:102ED000030069461148FEF79DF84FF40050ADF825
:102EE000000001208DF8020010208DF803006946D3
:102EF0000B48FEF78FF84FF400510948FEF71EF912
:102F00001020ADF8000048208DF803006946034802
:102F1000FEF780F803A000F089F908BD0018014011
:102F200000140140E8A7A6E691B8E5889DE5A78BC7
:102F3000E58C966F6B0A000010B50446204600F041
:102F400043F900F0C1F810BD2DE9F0478CB00646FA
:102F5000002528216846FDF79DF900BF0AA90BA8A6
:102F600000F09EF8BDF92C002DF81500BDF92810D1
:102F700005A820F81510681CC5B210214648FEF7B8
:102F8000D4F808B90A2DE9DB10214348FEF7CDF843
:102F900010B10020414908700A2D7BD1BDF90070A5
:102FA000B846BDF91490CA4601240EE03DF914005C
:102FB000B84202DA3DF9147005E03DF914004045CD
:102FC00001DD3DF91480601CC4B20A2CEEDB012443
:102FD00012E005A830F91400484503DA05A830F9D5
:102FE000149007E005A830F91400504502DD05A84B
:102FF00030F914A0601CC4B20A2CEADBBDF9000051
:10300000BDF902100844BDF904100844BDF90610CA
:103010000844BDF908100844BDF90A100844BDF978
:103020000C100844BDF90E100844BDF910100844F6
:10303000BDF912100844C01BA0EB0800C01000B27C
:103040003080BDF91410BDF916000144BDF9180017
:103050000144BDF91A000144BDF91C000144BDF949
:103060001E000144BDF920000144BDF922000144C5
:10307000BDF924000144BDF926000844A0EB090075
:10308000A0EB0A00C01000B2708001200CB0BDE8B7
:10309000F087FFE70020F9E7001801404C0300200B
:1030A0002DE9F04104460D469020FFF745FF06B29A
:1030B0000120FFF767FED020FFF73EFF07B2268012
:1030C0002F80BDE8F081000070B500250421114873
:1030D000FEF734F801210F48FEF732F8002414E01F
:1030E00001210C48FEF72AF808210A48FEF71DF8CE
:1030F0000646C4F10B0006FA00F0284385B2012110
:103100000448FEF71DF8601CC4B20C2CE8DB28460E
:1031100070BD00000018014010B500242748007859
:1031200020B1012811D002283FD12FE010212448DE
:10313000FDF7FBFF20B9012020490870002403E0BF
:1031400000201E490870002434E010211C48FDF7BF
:10315000ECFFA0B91B480068401C1A4908600846EB
:103160000068022806D90020086002201349087070
:1031700001240AE0012011490870002405E0002024
:10318000104908600D490870002413E010210C4814
:10319000FDF7CBFF20B9022008490870012403E0A5
:1031A000002006490870002404E00020034908704C
:1031B000002400BF00BF204610BD00004D030020CA
:1031C000001801405003002070B505460421164840
:1031D000FDF7B4FF01211448FDF7B0FF00241FE004
:1031E000C4F1070045FA00F000F0010020B104210D
:1031F0000D48FDF7A5FF03E004210B48FDF79EFFF6
:103200000520FFF7BFFD01210748FDF799FF0520C5
:10321000FFF7B8FD01210448FDF790FF601CC4B220
:10322000082CDDDB70BD0000001801400FB4054B19
:1032300010B503A9044A029802F0E6F910BC5DF843
:1032400014FB000049350108E003002002E008C833
:10325000121F08C1002AFAD170477047002001E010
:1032600001C1121F002AFBD1704770B5044600252A
:1032700008E02168481C20600878303805EB85019B
:1032800000EB41052168087800F004F80028F0D12F
:10329000284670BD0146302903DB392901DC0120B5
:1032A00070470020FCE7000010B54021074801F0FE
:1032B00097FB00221E21064828F0AEFE0549086053
:1032C00002F096FF00200449087010BD94450020CC
:1032D000BD62000800020020FC01002030B503465A
:1032E000B1F90040B2F90050AC4202DDB1F9004042
:1032F00001E0B2F900401C80B1F90240B2F902507D
:10330000AC4202DDB1F9024001E0B2F902405C805A
:10331000B1F90440B2F90450AC4202DAB1F9044008
:1033200001E0B2F904409C80B1F90640B2F90650C0
:10333000AC4202DAB1F9064001E0B2F90640DC80A5
:103340000120B3F90040B3F90450AC4205DCB3F9F5
:103350000240B3F90650AC4200DD002030BDF8B5A4
:1033600004460D4616460027B4F90000B5F90010D2
:10337000884212DBB4F90200B5F9021088420CDB76
:10338000B4F90400B5F90410884206DCB4F906006B
:10339000B5F90610884200DC01270FB90020F8BDFE
:1033A0000EB90120FBE72088ADF800006088ADF879
:1033B000020032466946284600F0A7F808B9002006
:1033C000EDE7A088ADF800006088ADF80200324655
:1033D0006946284600F099F808B90020DFE7208800
:1033E000ADF80000E088ADF8020032466946284694
:1033F00000F08BF808B90020D1E7A088ADF80000F4
:10340000E088ADF8020032466946284600F07DF8B3
:1034100008B90020C3E70120C1E70246B2F9000065
:10342000B1F90430984213DCB2F90400B1F900306C
:1034300098420DDBB2F90200B1F90630984207DC80
:10344000B2F90600B1F90230984201DB0120704761
:103450000020FCE7F8B504460D461646B4F9040012
:10346000B5F90010884211DBB4F90600B5F9021075
:1034700088420BDBB4F90000B5F90410884205DC82
:10348000B4F90200B5F90610884201DD0120F8BD4B
:103490000EB90020FBE72088ADF800006088ADF889
:1034A000020032466946284600F02FF808B1002095
:1034B000EDE7A088ADF800006088ADF80200324664
:1034C0006946284600F021F808B10020DFE720888F
:1034D000ADF80000E088ADF80200324669462846A3
:1034E00000F013F808B10020D1E7A088ADF8000083
:1034F000E088ADF8020032466946284600F005F83B
:1035000008B10020C3E70120C1E72DE9FC5F0546B3
:103510000E4614464FF0000AB6F90000B5F9001047
:10352000884213DBB6F90000B5F9041088420DDCBF
:10353000B6F90200B5F90210884207DBB6F90200BD
:10354000B5F90610884201DC4FF0010ABAF1000F0C
:1035500002D10020BDE8FC9F002C01DC0120F9E72E
:10356000284614F0A4FC834600EBDB704710284685
:1035700014F015FC834600EBDB704FEA600847450A
:1035800001DA384600E0404681464C4500DD4C46B5
:103590002888ADF800002888204400B2ADF8040067
:1035A0006888ADF802006888204400B2ADF80600D3
:1035B000002231466846FFF7A8FF80B1BDF804003D
:1035C000204400B2ADF80400BDF80600204400B26B
:1035D000ADF806003146684625F0F4F8BAE7E88809
:1035E000001B00B2ADF80200E888ADF8060000222A
:1035F00031466846FFF789FF80B1BDF804002044DA
:1036000000B2ADF80400BDF80200001B00B2ADF836
:1036100002003146684625F0D5F89BE7A888001BD4
:1036200000B2ADF80000A888ADF8040000223146D1
:103630006846FFF76AFF80B1BDF80000001B00B2CA
:10364000ADF80000BDF80200001B00B2ADF80200AA
:103650003146684625F0B6F87CE76888ADF8020088
:103660006888204400B2ADF8060000223146684662
:10367000FFF74BFF80B1BDF80000001B00B2ADF8B2
:103680000000BDF80600204400B2ADF80600314647
:10369000684625F097F85DE701205BE710B5B1F9C2
:1036A0000030B2F90040A34202DAB1F9003001E083
:1036B000B2F900300380B1F90230B2F90240A342FE
:1036C00002DAB1F9023001E0B2F902304380B1F917
:1036D0000430B2F90440A34202DDB1F9043001E044
:1036E000B2F904308380B1F90630B2F90640A34242
:1036F00002DDB1F9063001E0B2F90630C38010BD39
:103700002DE9FF47064628F028FC8146002003905B
:103710001EB19B49F068086003E017F031FA984940
:10372000086097490968086924F0AAFF944800686E
:10373000406920B192490968486924F0A1FF904985
:103740000968C86924F09CFF8D490968086A24F05B
:1037500097FF8B480068006940B9002088490968D4
:10376000A1F8500100BF00BFBDE8FF8725F026FB90
:1037700025F06CFA82480068B0F8500100284BD060
:103780007F4800680068007CC0F34000E8B17C48D6
:10379000006817F073FA401E04B27948006817F009
:1037A00007FA401E07B23B460022114601A80094CA
:1037B00014F0C2FB01A8724909680968896B486066
:1037C0006F48006806F0EEFB00BF4FF480716C4854
:1037D000006830301FF07FF920216948006800F54B
:1037E00098701FF078F9002065490968A1F8500128
:1037F000484628F0A5FB0390614800680068406ACD
:1038000050B15F49096808685D49096809684B6AF1
:103810005C490A68039998471EF094FE00F0F6F898
:1038200000F0BEF858484569002D53D100BF17F08D
:10383000A7F9074617F0D7F904461DF03BFB0546EC
:1038400000227F21284624F0CCFD00BF0022114633
:10385000104616F04CFB0190BDF8041008460022FB
:1038600001460290284624F09FFD00BFFF2211462A
:10387000104616F03CFB0190BDF8041008460022EB
:1038800001460290284624F071FE002203212846BA
:1038900024F052FE00220321284624F026FE0022B6
:1038A0000321284624F02EFE00220321284624F07E
:1038B00036FE00220321284624F04BFE33A1284681
:1038C0001EF000FB00231A46062128461FF09CFD2F
:1038D0002D4845612C49086828F032FBB0F5967FE9
:1038E00010D22848006841F28831884245D92648DC
:1038F0004068039908442449486008468068401C91
:1039000088603AE028F029FB1F4908601C480068DD
:10391000406800684FF47A71B1FBF0F71A484068CC
:1039200010B90120184948601748806808B93C461A
:1039300008E0154880684FF47A7148431249496895
:10394000B0FBF1F40020104948608860BC4200D907
:103950003C460D48006920440B4908610846C06890
:10396000401CC86028F0C6FBC0F1640843462246EC
:1039700007A128461EF0FEFA00BF00BFF4E60000D3
:10398000C0000020BC000020D04300203F00000009
:103990002575204650530A2575252520435055008E
:1039A00010B5002416E0C4EBC4000C4951F8200007
:1039B00030B1C4EBC401094A52F821001EF074FE74
:1039C000C4EBC401054A02EB81001C211FF083F8FF
:1039D000601CC4B2042CE6DB10BD00007046002061
:1039E0000146094A10680BE042688A4202D0026828
:1039F0008A4204D1027E22F00102521C0276406902
:103A00000028F1D1704700009400002070470000AA
:103A100010B50421014800F0E3FF10BD88450020E7
:103A200010B51C21014800F0DBFF10BDA0450020AF
:103A30002DE9FF4F8BB004469A46199DBAF1000F4D
:103A400011D11898B0F5807F0DD1002020806080C2
:103A50000C98401E00B2A0800D98401E00B2E0807D
:103A60000FB0BDE8F08FB5F9000040421899484307
:103A70000121C1EB202000B22080B5F902004042B4
:103A8000189948430121C1EB202000B26080B5F9AC
:103A900000100C98401A18994843022101EB20208D
:103AA00000B2A080B5F902100D98401A1899484349
:103AB000022101EB202000B2E080BAF1000F14D106
:103AC00020882988084400B22080608869880844DA
:103AD00000B26080A0882988084400B2A080E088F5
:103AE0006988084400B2E080BAE70A209AFBF0F047
:103AF0000A900A98401C09900A9800EB8000AAEBF3
:103B0000400B0A9800B228F02BFD0890099800B2EB
:103B100028F026FD07900A985A3000B228F020FDC0
:103B2000069009985A3000B228F01AFD0590CBF1A2
:103B30000A0108984143079800FB0B100A2190FBEB
:103B4000F1F6CBF10A0106984143059800FB0B10F2
:103B50000A2190FBF1F776117F11B4F90080B4F9D6
:103B6000029007FB08F006FB1900298801EBA02052
:103B700000B2ADF8100006FB08F007FB09006988E9
:103B800001EBA02000B2ADF81200B4F90480B4F942
:103B9000029007FB08F006FB1900298801EBA02022
:103BA00000B2ADF80C0006FB08F007FB09006988BD
:103BB00001EBA02000B2ADF80E00B4F90080B4F91A
:103BC000069007FB08F006FB1900298801EBA020EE
:103BD00000B2ADF8080006FB08F007FB0900698891
:103BE00001EBA02000B2ADF80A00B4F90480B4F9EA
:103BF000069007FB08F006FB1900298801EBA020BE
:103C000000B2ADF8040006FB08F007FB0900698864
:103C100001EBA02000B2ADF80600BDF90800BDF927
:103C20001010884202DABDF9080001E0BDF9100069
:103C3000BDF90410BDF90C20914202DABDF904105F
:103C400001E0BDF90C1088420BDABDF90800BDF99E
:103C50001010884202DABDF908000DE0BDF910002D
:103C60000AE0BDF90400BDF90C10884202DABDF982
:103C7000040001E0BDF90C002080BDF90800BDF989
:103C80001010884202DDBDF9080001E0BDF9100006
:103C9000BDF90410BDF90C20914202DDBDF90410FC
:103CA00001E0BDF90C1088420BDDBDF90800BDF93B
:103CB0001010884202DDBDF908000DE0BDF91000CA
:103CC0000AE0BDF90400BDF90C10884202DDBDF91F
:103CD000040001E0BDF90C00A080BDF90A00BDF9A7
:103CE0001210884202DABDF90A0001E0BDF91200A3
:103CF000BDF90610BDF90E20914202DABDF9061099
:103D000001E0BDF90E1088420BDABDF90A00BDF9D9
:103D10001210884202DABDF90A000DE0BDF9120066
:103D20000AE0BDF90600BDF90E10884202DABDF9BD
:103D3000060001E0BDF90E006080BDF90A00BDF982
:103D40001210884202DDBDF90A0001E0BDF912003F
:103D5000BDF90610BDF90E20914202DDBDF9061035
:103D600001E0BDF90E1088420BDDBDF90A00BDF976
:103D70001210884202DDBDF90A000DE0BDF9120003
:103D80000AE0BDF90600BDF90E10884202DDBDF95A
:103D9000060001E0BDF90E00E08000BF60E62DE9FD
:103DA000F74F86B0044620680590B4F908100798CC
:103DB000A0EB0108B4F90A100898A0EB0109E0890A
:103DC000B0F5807F13D1206B00FB08F0E16A01FBA6
:103DD0001901606A00EBA10BE06A00FB08F0216B9F
:103DE00001FB0901A06A00EBA10004902FE0A0896B
:103DF00080B9A06B00FB08F04FEA6018A06B00FBD5
:103E000009F04FEA6019606A00EB080BA06A4844A9
:103E100004901CE0A06B00FB08F04FEA6018A06B58
:103E200000FB09F04FEA6019206B00FB08F0E16A23
:103E300001FB1901606A00EBA12BE06A00FB08F0AE
:103E4000216B01FB0901A06A00EBA12004904FEA5D
:103E50002B2604980712B4F90400B04203DC0020BA
:103E600009B0BDE8F08F002E01DA0020F8E7B4F9C0
:103E70000600B84201DC0020F2E7002F01DA002042
:103E8000EEE73420005DC0F3800050B33420005DC5
:103E9000C0F3400078B90225B4F9040078436843C0
:103EA00006FB050A059800EB0A012A4604F11400F6
:103EB0001EF0BFFD2CE00325B4F9040078436843ED
:103EC00006FB050A6A1E059800EB0A0104F11400BE
:103ED0001EF0AFFD0AEB0500401E0599095CA175B7
:103EE00016E04FF0000A0025208A03463AB231B2AC
:103EF000019004F118001BF089FA0290BDF8080047
:103F0000A0823AB231B204F118001BF0DFF9A075BB
:103F10003420005D00F00100B0B14FF47F4000217B
:103F200000F47C4241EA5211C0F3C40211430191F2
:103F3000BDF8042011460291A08ABDF808108842FD
:103F400001D100208CE700BFE07C08B9012087E7A1
:103F50000FFA8BF1A187049801B2E18731B24020BA
:103F6000015339B242200153C4F844A084F84850A8
:103F7000204600F003F80390039871E72DE9F04F15
:103F80008DB00446D4F8009094F83C000C9094F85E
:103F90003E000B900C9870280BDA4FF0FF35B4F907
:103FA00040002844002800DA00250C988030C7B271
:103FB00013E00C9890280EDD0125B4F94000284448
:103FC000B4F90410884200DB00250C98C0F1FF0012
:103FD0008030C7B201E00025FF270B9870280CDA6B
:103FE0004FF0FF36B4F942003044002800DA0026D2
:103FF0000B98803000F0FF0815E00B9890280FDD3B
:104000000126B4F942003044B4F90610884200DBBE
:1040100000260B98C0F1FF00803000F0FF0802E09E
:1040200000264FF0FF08A08A0A90A07D069000208D
:104030000590049003903420005DC0F380000028B8
:104040005BD094F84800626C00FB052000EB09018E
:10405000022209A81EF0EDFCB4F9040094F84820EF
:104060005043626C00FB062000EB0901022208A805
:104070001EF0DFFCB4F9040094F848205043626C51
:1040800000FB062294F8480000FB052000EB090124
:10409000022207A81EF0CDFC3420005DC0F34000D2
:1040A00000287ED094F84800616C00FB051108449C
:1040B000401E19F800000590B4F9040094F8481067
:1040C0004843616C00FB061194F848000844401E08
:1040D00019F800000490B4F9040094F8481048431B
:1040E000616C00FB061194F8480000FB05110844C0
:1040F000401E19F80000039053E0208A0090B4F9A4
:1041000042204020005B284401B204F11800009BCB
:104110001BF07CF90990208A00904220005B30441B
:1041200002B2B4F9401004F11800009B1BF06EF9C4
:104130000890208A00904220005B304402B2402068
:10414000005B284401B204F11800009B1BF05EF9EB
:1041500007903420005DC0F3400010B3B4F9422052
:104160004020005B284401B204F118001BF0AEF8B7
:1041700005904220005B304402B2B4F9401004F1D3
:1041800018001BF0A3F804904220005B304402B2F8
:104190004020005B284401B204F118001BF096F89F
:1041A0000390BA46BB463420005DC0F34000E0B344
:1041B00006987843C7F1FF0C059B03FB0C00C0F386
:1041C000072104987843C7F1FF0C039B03FB0C0005
:1041D000C0F3072201FB08F0C8F1FF0302FB030054
:1041E000030AA375022905DC022A03DC00200DB0B6
:1041F000BDE8F08F022901DC4FF00008022A01DC43
:104200004FF0FF080698022801DC4FF0000A0598DD
:10421000022801DC4FF0FF0A0498022801DC4FF06D
:10422000000B0398022803DC00E002E04FF0FF0BD4
:1042300003E0BA46BB46FF21A175BAF1000F02D1D7
:10424000099802900BE0BAF1FF0F02D10A98029090
:1042500005E05246DDE9091015F00AFF0290BBF1B6
:10426000000F02D1079801900BE0BBF1FF0F02D1C4
:104270000898019005E05A46DDE9071015F0F8FEB0
:104280000190B8F1000F03D1BDF80400A0820FE047
:10429000B8F1FF0F03D1BDF80800A08208E0424644
:1042A000DDE9011015F0E4FE0090BDF80000A082E9
:1042B00001209CE72DE9F05F0446B4F908000102F3
:1042C0006162B4F90A000102A162B4F90C000A218A
:1042D00090FBF1F56F1CB4F90C0005EB8501A0EB28
:1042E0004106684200B228F03BF98046784200B2AD
:1042F00028F036F98146C5F15A0000B228F030F9AD
:104300008246C7F15A0000B228F02AF98346C6F166
:104310000A0000FB08F009FB06000A2190FBF1F1FE
:10432000E162C6F10A0000FB0AF00BFB06000A215D
:1043300090FBF1F12163E06A4111E162206B4111D0
:104340002163A07C1BF071F93421095D60F3000149
:1043500034200155A07C1BF04BF93421095D60F33A
:10436000410134200155A07C042805D0A07C0528FB
:1043700002D0A07C062807D13420005D20F0040084
:10438000001D3421085505E03420005D20F00401B3
:104390003420015521682162A06920F0E000A0616D
:1043A000A17CA06961F30400A061A188A06961F308
:1043B0009420A061E188A06961F35F50A061E08969
:1043C00000EBD071491001F5001191FBF0F2A263EE
:1043D000FF21A175208AA082BDE8F09F2DE9F74357
:1043E000054616460024134C27F0B7FD8046334699
:1043F00029462046019A1BF0C7FD07465FB900BF5A
:1044000000BF2C2120461EF066FB4FF00040A0624A
:104410000020BDE8FE830020A062E06918B9404694
:1044200027F08EFDE061E06908B90120E0612046D7
:10443000EFE70000C445002010B51421114800F03A
:10444000CFFA1BF053FD044600BF1CB900BF00BFEC
:1044500000BFFEE700BF14B900BF00BF10BD0A498E
:1044600020461BF02BFE094920461BF029FE084977
:1044700020461BF027FE074920461BF01DFE00BF0B
:10448000ECE70000AC45002009F70108DDFB01085E
:10449000F9FD0108D1F6010870B504460D4610215A
:1044A00028461EF018FB20680078012804D1208AD5
:1044B0002880608A68800CE020680078022802D199
:1044C000E068686005E020680078042801D10A20CF
:1044D00068602068406820B120682946426890479B
:1044E00001E000BF00BF70BD2DE9FE430446A66A8F
:1044F000EEB9A18A208A084401B2A182E18A608AC9
:10450000084401B2E18220460EF097F906460EB942
:10451000BDE8FE83204611F055FC002209213046FB
:1045200019F0FCFF6078C0F3400000B1F0E7208A8A
:1045300010B9608A002870D000200290019094F891
:104540003C0000F00F00032812D1304620F07CFB25
:104550000746304620F000FB804603200090B4F967
:1045600010103B46424630460CF02CFD029012E003
:10457000304620F0EBFB0746304620F05FFA8046DD
:104580000C200090B4F9121043463A4630460CF025
:1045900019FD019000BF304620F0B0FA054605F045
:1045A000010028B9BDF90800002801DD00200290B3
:1045B00005F0020028B9BDF90800002801DA002042
:1045C000029005F0040028B9BDF90400002801DDBF
:1045D0000020019005F0080028B9BDF9040000286A
:1045E00001DA0020019001AA02A920462AF008FE63
:1045F0000023BDF90420BDF90810304623F084FAE9
:10460000A08ABDF80810084401B2A182E08ABDF872
:104610000410084401B2E18200BF00BF78E72DE931
:10462000F84F0446D4F828B0BBF1000F01D1BDE823
:10463000F88F94F83C0000F00F0000B9F7E71CF089
:1046400027F806463068477E4021584621F086FF0D
:1046500010B9002161832183584620F063FB804616
:10466000584620F069FB054694F83C0000F00F0026
:104670000C2843D1002121831DBBB4F91A00C7F1D6
:1046800064014843642190FBF1F001B26183584614
:1046900020F0D4F98146584620F058FB82460C2081
:1046A0000090B4F91A104B46524658460CF08AFC5A
:1046B0006083B4F91A2000231946584623F024FADF
:1046C00069E020462AF0F3FD0090002161836A46EC
:1046D00020462AF095FDBDF9003041F6FF725142A7
:1046E00058460EF053FA8146BDF80000484402B225
:1046F00001230021584623F007FA4CE094F83C00CF
:1047000000F00F00032846D100216183B8F1000FAB
:1047100023D1B4F91800C7F164014843642190FB28
:10472000F1F001B22183584620F016FA814658462E
:1047300020F08AFA824603200090B4F918105346FC
:104740004A4658460CF03EFC2083B4F9181000236A
:104750001A46584623F0D8F91DE020462AF08CFD71
:104760000090002121830022694620462AF048FD5E
:10477000BDF9003041F6FF72514258460EF06CF917
:104780008146BDF80000484401B20123002258468A
:1047900023F0BAF900BF208B002860D1608B00287D
:1047A0005DD11DBB584620F0D1FA8146584620F015
:1047B00045F98246B9F1000F02DCBAF1000F14DDB1
:1047C000B9F1000F06DA01234A460021584623F0CA
:1047D0009BF90AE0BAF1000F07DA0123CAF10000E1
:1047E00002B20021584623F08FF900BFB8F1000F44
:1047F00023D1584620F0B0F98146584620F024FADB
:104800008246B9F1000F02DCBAF1000F14DDB9F1F4
:10481000000F06DA012300224946584623F074F9B6
:104820000AE0BAF1000F07DA01230022CAF1000002
:1048300001B2584623F068F900BF32460A215846B3
:1048400019F06CFE6078C0F3400000B1EFE694F818
:104850003C0020F00F0184F83C100021A16200BF51
:10486000E5E62DE9FF4104460F4614B916F088F934
:1048700004460CB9BDE8FF811FB90020A4F850011F
:10488000F8E70020ADF80800ADF80A00204616F061
:104890008FF9401E00B2ADF80C00204616F0EEF97C
:1048A000401E00B2ADF80E0002AA39466846FEF777
:1048B00015FD064606B9DDE72068007CC0F3400020
:1048C00060B102982063039860630120A4F850014E
:1048D000606810B1606827F0C9FCCBE72068806988
:1048E00018B1206869468269904700250BE004F101
:1048F000300000EBC50100226846FEF730FD00B134
:10490000B8E7681C85B2B4F85001A842EFDCB4F8EF
:104910005001202809DAB4F8502104F1300101EBEC
:10492000C200694613F0ABF90BE00020A4F8500177
:10493000B4F8502104F1300101EBC20002A913F0D8
:104940009EF9B4F85001401CA4F85001606810B101
:10495000606827F08BFC00BF8CE770B505462846E1
:1049600000F013F8044600260CE02146284600F02B
:1049700024F806462146284600F086F820461DF019
:1049800093FE3446002CF0D170BD014609B90020D9
:1049900070474868FCE770B5064600243046FFF7CC
:1049A000F4FF054605E0641C2946304600F005F892
:1049B0000546002DF7D1204670BD02460B46106813
:1049C000001D03441868704702460B4610680344F4
:1049D00018687047014609B9002070478868FCE7ED
:1049E000002242608260CA1C22F00301016070470D
:1049F00070B50446216801F108001DF087FD0546E9
:104A0000A5B100222946204628F0C4FF29462046A9
:104A1000626828F0B1FF606820B12A4620466168CC
:104A200028F0B8FF6560A06800B9A560284670BD91
:104A300070B50446216801F108001DF067FD0546C8
:104A4000A5B100222946204628F096FF2946204697
:104A5000A26828F09FFFA06820B12A462046A168DE
:104A600028F08AFFA560606800B96560284670BDBF
:104A7000014609B901207047486818B9886808B923
:104A80000120F8E70020F6E72DE9F04104460D4645
:104A90000CB9BDE8F0812046FFF777FFA8420FD19F
:104AA00029462046FFF789FF6060606810B9002042
:104AB000A0602FE000222046616828F06BFF29E00B
:104AC0002046FFF787FFA8420FD129462046FFF76F
:104AD0007BFFA060A06810B9002060601AE000228F
:104AE0002046A16828F048FF14E029462046FFF739
:104AF0006BFF064629462046FFF75FFF07463A460A
:104B00003146204628F038FF32463946204628F004
:104B100041FF00BF00BFBCE710B5044620688068B5
:104B200018B120682146826890472068006828B143
:104B30002068006820602046FFF7EEFF10BD0146A8
:104B4000886818B18868B0F9160070470020FCE743
:104B50002DE9F04F93B005468B4691469A461C9E30
:104B6000688C20F00400001D6884A5F8209032892C
:104B70005946284621F06EFA1290A5F820A03289F5
:104B80005946284621F066FA1190688C20F00400FE
:104B90006884DDE9111088420CD1DDE911108842EA
:104BA00008D1BDF84800BDF84410884202D113B0C6
:104BB000BDE8F08FA5F8209032895946284621F0AB
:104BC00049FA1290A5F820A0594628460FF0F3FEA6
:104BD00010903189109A1068129A25F07AFE308967
:104BE000602833D147F6FF711298884202D011989D
:104BF00088422BD1284621F054FC0F9000EBD07056
:104C00004710284621F04DFC0F9000EBD0704FEA82
:104C1000600847F6FF711298884208D1781C08F1A5
:104C20000101884200DA01E008F10100129047F624
:104C3000FF711198884208D1781C08F1010188425F
:104C400000DA01E008F10100119000BF2448FFF7ED
:104C5000CFFE044600BF1CB900BF00BF00BFFEE787
:104C600000BF04B9A3E71298E06011982061ACB3CB
:104C700025603089A080C4F808B0684612F0CAF9EF
:104C80002146684612F079FA1649684612F045FA4C
:104C90001548029000BF1549684612F04CFAFF22F1
:104CA0000021684612F059FA3188684612F04BFA32
:104CB0007188684612F02CFAF068069000BF6846CA
:104CC000002190F83E2061F3000280F83E2000BFF2
:104CD00030690590684612F067FA00BF00BF66E7CA
:104CE000B8450020352C0308E12E0308112E0308D7
:104CF00010B514210148FFF773FE10BDB845002020
:104D00002DE9FE4F04460F4690464FF0000900255E
:104D10006BE1E06800EBC5004068C0F3406000B1A3
:104D200062E1E16801EBC501496821F07F4023F0B1
:104D3000A4FC064626EA070008B9012000E000208E
:104D4000029026EA080008B9012000E00020019046
:104D5000DDE90101814272D0E06850F835A04FF0E2
:104D6000000B6A4641F61001504625F04BFA10B18F
:104D70004FF0010BA9E06A4641F61101504625F0BB
:104D800041FA10B14FF0010B9FE06A4641F6120163
:104D9000504625F037FA10B14FF0010B95E06A4606
:104DA00041F61301504625F02DFA10B14FF0010BDA
:104DB0008BE06A4641F61501504625F023FA10B102
:104DC0004FF0010B81E06A4641F61401504625F090
:104DD00019FA10B14FF0010B77E06A4641F2690110
:104DE000504625F00FFA10B14FF0010B6DE06A4606
:104DF00043F20C01504625F005FA10B14FF0010BBB
:104E000063E06A4643F20D01504625F0FBF910B10C
:104E10004FF0010B59E06A4641F20101504625F07E
:104E2000F1F910B14FF0010B4FE06A4641F2040175
:104E3000504625F0E7F918B14FF0010B45E0D2E0FC
:104E40006A4641F20201504625F0DCF910B14FF0FC
:104E5000010B3AE06A4641F20301504625F0D2F9CF
:104E600010B14FF0010B30E06A4641F205015046A7
:104E700025F0C8F910B14FF0010B26E06A4641F267
:104E80000601504625F0BEF910B14FF0010B1CE0B1
:104E90006A4641F23201504625F0B4F910B14FF0A4
:104EA000010B12E06A4643F60F01504625F0AAF9BD
:104EB00010B14FF0010B08E06A4643F60E01504670
:104EC00025F0A0F908B14FF0010BBBF1000F02D0A3
:104ED0000320BDE8FE8F6A4640F60A01504625F0E1
:104EE00091F910B14FF002097CE06A4640F60B01DF
:104EF000504625F087F910B14FF0020972E06A467A
:104F000043F60F01504625F07DF910B14FF002092C
:104F100068E06A4643F60E01504625F073F910B179
:104F20004FF002095EE06A4640F63C01504625F02B
:104F300069F910B14FF0020954E06A4640F63D01AC
:104F4000504625F05FF910B14FF002094AE06A4679
:104F500040F63A01504625F055F910B14FF00209DC
:104F600040E06A464FF40461504625F04BF910B119
:104F70004FF0020936E06A4640F64501504625F0FA
:104F800041F910B14FF002092CE06A4640F64101A8
:104F9000504625F037F910B14FF0020922E06A4679
:104FA00040F64201504625F02DF910B14FF00209AC
:104FB00018E06A4640F64301504625F023F910B147
:104FC0004FF002090EE06A4640F64901504625F0CE
:104FD00019F910B14FF0020904E0B9F1000F01D145
:104FE0004FF0010900BF00BF6D1C608CC0F3C5000D
:104FF000A8423FF68EAE48466BE7000001480068C5
:1050000070470000C000002010B5024828F079FD6C
:1050100010BD0000D04300200146C1F30412072A4E
:1050200000DD0722D0B2704710B518210348FFF702
:10503000D7FC012027F02CF810BD000064450020AB
:105040002DE9F04105460F4616460DB9BDE8F08141
:105050002846FBF734F98046394628460A4A126842
:1050600090470746E8193146074A126890470646B6
:105070003C4603E0A019285C2855641CA8EB0600F8
:10508000A042F7D200BFE1E74C0200202DE9F04139
:1050900006460C4617461D4629463046084A126801
:1050A00090472060206830B1296888190021044A9F
:1050B0001268904700E000203860BDE8F0810000F1
:1050C000440200202DE9F04F87B004460F46924677
:1050D0009846DDE910560DB1002028801CB900204B
:1050E00007B0BDE8F08F207808B90020F8E70FB9C5
:1050F0000020F5E74FF0000906F0020010B906F0B5
:10510000040098B1002000E0401C215C0A2905D071
:10511000215C0D2902D0215C0029F5D1215C01B16F
:10512000401C15B14FF0FF312980D9E706F002008D
:1051300008B141F6FF7800200690059038E0002085
:105140000490059808B9012000E0002006A904AAEF
:10515000CDE90062CDE90210059960184346524638
:10516000394627F035FA83460498A8EB00000FFA79
:1051700080F8049848440FFA80F9BBF1000F00D181
:105180001CE005985844059020780A2802D0207821
:105190000D2800D112E00598205C0A2803D005985C
:1051A000205C0D2803D10598401C059006E000BF47
:1051B0000598205C10B1B8F1000FC0DC00BF059865
:1051C00070B905A92046094A12689047834635B14F
:1051D00000225946384619F0E4FA0FFA80F900BF68
:1051E0000DB1A5F8009005987AE700004402002070
:1051F0002DE9F04706468846174606B10FB9BDE8C7
:10520000F0873046FBF75BF881463846FBF757F8E6
:10521000044604B9F3E704EB090A414630460B4A59
:10522000126890478046554603E0281B305C705555
:105230006D1E08EB0400A842F7D906EB08002246D1
:1052400039461DF002FC00BFD9E700004C020020E7
:10525000024600200FA31B788B4211D113781BB993
:105260000123137001200BE01378012B02D10023DE
:10527000137005E01378022B02D100231370012074
:105280001378012B04D1202901D1022313700120AE
:10529000704700002300000073B582B006460398F3
:1052A0000190324600210846019B27F0ADFC0546DF
:1052B000002001900024681C1DF028F9044600BF5E
:1052C0001CB900BF00BF00BFFEE700BF14B900203B
:1052D00004B070BD002060553246691C2046039B17
:1052E00027F092FC2046F3E72DE9F04781460E4671
:1052F00014461F46DDF820A035461BE0600800FB81
:10530000075529464846D047B0F1000809DD04F0AA
:10531000010080F00100C0EB5404E8190546064680
:1053200008E0B8F1000F02DA6408354602E02846CA
:10533000BDE8F087002CE1D10020F9E72DE9FF4F0F
:1053400085B08346DDE9158ADDE91349DDE9177586
:10535000129E05F00200F8B94FB105F0010030B11E
:10536000B9F1000F02D105F00C0000B17F1E03E07F
:1053700030222046641C3254544501D2202CF7D3ED
:1053800003E030222046641C325405F0010018B1BD
:10539000BC4201D2202CF4D305F01000B0B305F4C8
:1053A000806050B94CB1544501D0BC4205D1641E57
:1053B0001CB1B8F1100F00D1641EB8F1100F09D163
:1053C00005F0200030B9202C04D278222046641C3D
:1053D000325415E0B8F1100F09D105F0200030B1BA
:1053E000202C04D258222046641C325408E0B8F124
:1053F000020F05D1202C03D262222046641C3254B5
:10540000202C03D230222046641C3254202C16D289
:10541000B9F1000F04D02D222046641C32540EE056
:1054200005F0040020B12B222046641C325406E013
:1054300005F0080018B120222046641C3254CDE942
:105440000275CDE90064584606A90EC900F0A2F81D
:1054500009B0BDE8F08F2DE9FF4F8FB08046DDE940
:105460001FABDDE91D96219D1C9C00270CB925F082
:10547000100505F4806000B1E4B100BFB4FBF6F1A3
:1054800006FB1141C8B20A2802DA00F1300107E038
:1054900005F0200109B1412100E0612101440A39F0
:1054A000CBB239467F1C07AA5354B4FBF6F40CB1B7
:1054B000202FE3D307A8CDE904AB8DE88102039642
:1054C0000695404610A90EC9FFF738FF13B0BDE896
:1054D000F08F2DE9FF4F8FB0DDE9217BDDF8908063
:1054E000209EDDE91C454FF00009002184EA0100FF
:1054F0006940084301D128F0100808F4806028B101
:10550000002184EA0100694008432DD000BF3246E3
:105510003B4620462946FAF773FE02F0FF0ABAF12D
:105520000A0F02DA0AF1300007E008F0200008B1A3
:10553000412000E0612050440A38C2B2484609F1D7
:10554000010907A90A5432463B4620462946FAF784
:1055500057FE04460D46002184EA010069400843D5
:1055600002D0B9F1200FD2D32398CDE9036BCDE956
:10557000050807A91E98CDE9001902900FA80FC8C9
:10558000FFF7DCFE13B0BDE8F08F9A4200D28854DA
:10559000704770472DE9FF5F05461446DDE90EA60A
:1055A000DDE91087A34607F0020078B907F0010093
:1055B00060B9B14607E02246641C2020039B019994
:1055C000A84709F10109C145F5D300BF08E022460B
:1055D000641C711E0E461AF80100039B0199A8472E
:1055E000002EF4D107F0020050B105E02246641C01
:1055F0002020039B0199A847A4EB0B004045F5D35D
:10560000204604B0BDE8F09F2DE9FF4F8BB09A46CD
:105610000F460546002606E025280BD052460D9978
:1056200090476D1C761C28780028F5D10FB03046C5
:10563000BDE8F08F0024A0460122604900E0044349
:1056400015F8013F203B02FA03F00842F7D1287811
:105650002E2817D115F8010F44F004042A280ED083
:105660006FF02F022878A0F1300109290AD808EB41
:10567000880102EB410100EB01086D1CF2E757F8CD
:10568000048B6D1C287869283ED006DC0028CDD01C
:1056900063280BD0642804D136E0732810D0752815
:1056A0004BD052460D999047761C85E017F8040BB5
:1056B0008DF8000000208DF80100E946012003E08C
:1056C00057F8049B4FF0FF3061074FF0000401D4FE
:1056D0000AE0641C44450DDA8442FADB19F8041030
:1056E0000029F6D106E0641C8442FCDB19F80410A2
:1056F0000029F8D1264404E019F8010B52460D990F
:105700009047641EF8D257E001CF4FF00A0B0028F3
:1057100002DA40422D2102E0210504D52B218DF82B
:105720002410012103E0E10705D02021F7E70DF166
:10573000200908910CE00021F9E701CF4FF00A0B96
:10574000F9E75946FAF792FE01F1300209F8012D06
:105750000028F6D1ADEB090000F1200B600701D461
:105760004FF00108D84502DDA8EB0B0000E0002057
:105770008046002406E009A85246005D0D99904736
:10578000641C761C08988442F5DB04E03020524605
:105790000D999047761CB8F10001A8F10108F5DCDD
:1057A00005E019F8010B52460D999047761CBBF1A4
:1057B0000001ABF1010BF4DC6D1C34E7092801009A
:1057C0002DE9FF4F8BB0074600250C9800B9FA4F22
:1057D000EAE20E98007825280AD02A466D1C0E9918
:1057E0000878DDE90C13B8470E98401C0E90DBE2F8
:1057F0000E98401C0E90002400BF0E9800782B28B5
:1058000019D004DC20281ED023282CD123E02D28F9
:1058100009D0302827D144F001040E98401C0E9086
:1058200001200A9022E044F002040E98401C0E90E1
:1058300001200A901AE044F004040E98401C0E90D7
:1058400001200A9012E044F008040E98401C0E90CB
:1058500001200A900AE044F010040E98401C0E90BB
:1058600001200A9002E000200A9000BF00BF0A98C1
:105870000028C2D180460E990878FDF70BFD20B1B3
:105880000EA8FDF7F2FC804612E00E9800782A2858
:105890000ED1189901C91891002804DA44F00204C5
:1058A000C0F1000800E080460E99491C0E9100BF2F
:1058B0004FF000090E9800782E281FD144F4806420
:1058C0000E98401C0E900E990878FDF7E3FC20B16D
:1058D0000EA8FDF7CAFC814610E00E9800782A2831
:1058E0000CD1189901C91891002801DD014600E08A
:1058F000002189460E99491C0E9100BF0E98007830
:105900006C280AD004DC682816D06A2835D128E033
:10591000742820D07A2830D129E044F480740E987D
:10592000401C0E900E9800786C2804D144F400744A
:105930000E98401C0E9021E044F080040E98401C0C
:105940000E900E980078682804D144F040040E9818
:10595000401C0E9012E044F480740E98401C0E908F
:105960000CE044F400740E98401C0E9006E044F4E1
:1059700080740E98401C0E9000E000BF00BF0E988F
:10598000007869281DD00EDC622821D006DC25288D
:105990007ED050281AD058287BD115E0632879D0C2
:1059A0006428F9D10CE0732875D004DC6F280ED080
:1059B0007028F1D109E0752804D07828ECD102E0F4
:1059C00000BF00BF00BF00BF00BF00BF00BF00BFDF
:1059D0000E980078782803D00E980078582801D1C6
:1059E000102623E00E980078702803D00E980078D7
:1059F00050280CD1102644F0100444F480740E9802
:105A00004078562812D10E98401C0E900EE00E9849
:105A100000786F2801D1082608E00E9800786228E7
:105A200001D1022602E00A2624F010040E98007824
:105A3000582803D00E980078502801D144F0200453
:105A40000E980078692805D00E980078642801D057
:105A500024F00C0404F4806008B124F001040E98D2
:105A60000078692803D00E98007864287CD104F46B
:105A70000070B8B31898C01D20F007001890D0E946
:105A800000AB189A083218920020CDE9069803E07E
:105A900073E17CE1F2E01CE1CDE904600894BAEB2B
:105AA00000017BEB000001DA012000E00020002172
:105AB00002900846B1EB0A0170EB0B0002DA504687
:105AC000594605E000200146B0EB0A0061EB0B01EE
:105AD000CDE900012A463846DDE90C13FFF7F9FC51
:105AE0000546C7E0FFE704F48070D0B1189850F87D
:105AF00004AB18904FEADA70CDE90398029605944A
:105B0000BAF1000F01DD514601E0CAF10001CDE913
:105B100000102A463846DDE90C13FFF79CFC0546C9
:105B2000A8E004F0400028B1189810F8041B189061
:105B3000C8B20DE004F0800028B1189830F8041BBA
:105B4000189008B204E0189800681899091D189177
:105B500082464FEADA70CDE9039802960594BAF1CD
:105B6000000F02DD514602E00BE0CAF10001CDE971
:105B700000102A463846DDE90C13FFF76CFC054699
:105B800078E00E980078562818D1189850F804AB91
:105B90001890DAF804000068099009980090DAF883
:105BA00000300D98421B0C9841193846FFF708FE4B
:105BB0000544002009905DE09355000804F400704E
:105BC000D0B11898C01D20F00700CDE906980894C0
:105BD00018900020CDE904600290189903C9189A22
:105BE00008321892CDE900012A463846DDE90C1347
:105BF000FFF76FFC05463DE004F4807098B1002289
:105C0000CDE9039802960594189800681899091D23
:105C1000CDE9000218912A463846DDE90C13FFF75A
:105C20001AFC054626E004F0400028B1189810F848
:105C3000041B1890C8B20DE004F0800028B1189839
:105C400030F8041B189088B204E01898006818997E
:105C5000091D189182460020CDE900A0CDE90398E6
:105C6000029605942A463846DDE90C13FFF7F3FB4C
:105C7000054600BF0E98401C0E9093E0012604F0EC
:105C8000020050B905E02A466D1C2020DDE90C1306
:105C9000B8473046761C4045F5D3189911F8043BB7
:105CA000D8B22A466D1C1891DDE90C13B84704F0F0
:105CB000020050B105E02A466D1C2020DDE90C13DE
:105CC000B8473046761C4045F5D30E98401C0E90E0
:105CD00068E0189850F804AB18905046B9F1000FDE
:105CE00001D0494601E04FF0FF310A46014600E08D
:105CF000491C0B781BB1131EA2F10102F8D10E1A38
:105D000004F4806028B14E4501D2304600E0484698
:105D1000064604F0020050B905E02A466D1C20201A
:105D2000DDE90C13B8473046761C4045F5D306E054
:105D30001AF8010B2A466D1CDDE90C13B8479AF8D6
:105D4000000040B104F480600028F1D0B9F10000F7
:105D5000A9F10109ECD104F0020050B105E02A4696
:105D60006D1C2020DDE90C13B8473046761C4045F9
:105D7000F5D30E98401C0E9014E02A466D1C252089
:105D8000DDE90C13B8470E98401C0E900AE02A4635
:105D90006D1C0E990878DDE90C13B8470E98401C6D
:105DA0000E9000BF00BF00BF0E98007800287FF45F
:105DB00010AD0D98854201D2284601E00D98401E95
:105DC00002460020DDE90C13B84728460FB0BDE8B5
:105DD000F08F2DE9F04104460E46002774B131469C
:105DE000204600F02DF80546B5F5004F05D20C2DE4
:105DF00001D9284600E00C20074600BF3846BDE820
:105E0000F081024600BF481E084018B100BF00BF25
:105E100000BFFEE700BF481E1040101A704710B5C3
:105E200002464B1E13444C1E23EA040000BF4B1EC7
:105E30000B401BB100BF00BF00BFFEE700BF10BD9D
:105E4000024600BF481E084018B100BF00BF00BF97
:105E5000FEE700BF481E10444B1E984370470000E9
:105E60002DE9F04180460E4644460120608600251B
:105E700000270DE056F8270025A1FAF727FA10B100
:105E8000681C85B202E0608E401C6086781C87B278
:105E900056F8270020B156F8270000780028E9D1ED
:105EA000208EA84201D1BDE8F081A06A20B1A06A8D
:105EB0001CF0FAFB0020A062E06A20B1E06A1CF04E
:105EC000F3FB0020E062E8001CF020FBA06200BFB2
:105ED000A06A18B900BF00BF00BFFEE700BF68009E
:105EE0001CF014FBE06200BFE06A18B900BF00BFFD
:105EF00000BFFEE700BFA06A08B1E06A00B9002554
:105F00006900E06A1CF0E7FD258600BFCBE70000D2
:105F10000A0000002DE9F84F81460E46924699F896
:105F2000090000F00700022801D1304600E0504689
:105F30008346564501DD304600E0504607460320C3
:105F400000EB470020F0030000F11005394800681D
:105F500039490968A0EB0108002405EB080037491E
:105F60000968884206D233480468606820F000401F
:105F700060603AE031480068854221D813E04FF074
:105F8000FF300090002269462D4810F06BFC002283
:105F900069462C4810F066FC2648006826490968C6
:105FA000A0EB010800BF08EB0500244909688842FE
:105FB000E5D820480468606820F00040606014E084
:105FC00028461CF0A3FA044600BF1CB900BF00BF5E
:105FD00000BFFEE700BF14B90020BDE8F88F60687D
:105FE00020F0004000F100406060324659464846CB
:105FF00001F033FF2060606800F04040401C6060AA
:10600000606820F080406060A781A4F80EB06068EE
:10601000C00F20B1204600F11001A16008E0054842
:1060200000681030A06003480068284401490860F7
:106030002046D2E7C800002014020020C40000203F
:106040001D280108E5680108F0B585B006460D4633
:106050003446002004900390029094F83C0000F035
:10606000030020B1012838D0022866D000BF94F880
:106070003C0000F003005A49097888421BD02620D2
:10608000005D00EB001000EB4000142190FBF1F0EC
:10609000544908702720005D00EB001000EB400021
:1060A000142190FBF1F05049087094F83C0000F086
:1060B00003004B49087002A803A9CDE9001005EBC5
:1060C00045014FF6FF7202EA410004AB46490A78E7
:1060D000444909780BF0E7FF5FE094F83C0000F0DA
:1060E00003003F49097888421AD0A08C00EB400099
:1060F00040024FF4B471B0FBF1F03C490880272016
:10610000005D00EB001000EB4000142190FBF1F06B
:106110003549087094F83C0000F0030030490870DD
:1061200002A803A9CDE90010E9B204AB2E48027819
:106130002E4800880BF0B7FF2FE094F83C0000F0E9
:1061400003002749097888421AD0A08C00EB400050
:1061500040024FF4B471B0FBF1F0244908802620CE
:10616000005D00EB001000EB4000142190FBF1F00B
:106170001C49087094F83C0000F0030018490870AE
:1061800002A803A9EAB204ABCDE9001015480178D2
:10619000164800880BF087FF00BF00BF9DF8100075
:1061A0009DF80C109DF80820D708BDF8003067F363
:1061B00004038F080093BDF8003067F34A13C70843
:1061C0000093BDF8003067F3CF230093BDF8007053
:1061D0003B460193BDF80410084605B0F0BD000031
:1061E0007A0100207801002079010020760100204A
:1061F00010B50120074908700748FEF7C6FB20B913
:106200000648006826F026F803E00448006826F0F7
:106210002DF810BDFC010020944500200002002054
:1062200010B5044694F83E00C0F3400050B9A08F6A
:10623000002807DDA08F4FF6FF71884202D0A08FA3
:10624000401EA087A08FA8B9606B20B194F83E00D3
:10625000C0F3400070B121461748FEF715FCFFF768
:10626000C7FFE06810B12046E168884720461CF06F
:106270001BFA1FE0A06B4042E062606BD0B194F863
:106280003E10C1F3400111B9216B4942E16294F81B
:106290003E104908C94394F83E2061F3410284F856
:1062A0003E20E069616AE1616062A06A616BA1629F
:1062B000606300BF10BD0000944500202DE9F0414F
:1062C00080464248006825F03BFE0646404800787C
:1062D00080F001003E4908703E48FEF756FB044638
:1062E0006BE000203C49087094F83E00C0F3800049
:1062F00037490978884253D0354801782C34A07C3E
:1063000061F38200A07420688719A07C2C3CC0F344
:10631000C00010BBE06A00281FDC002F1DDB94F8D2
:106320003E0000F0010060B9206950B120462169AB
:1063300088470546E0692844E061606A2844606255
:1063400000BFA06810B12046A168884794F83E00BD
:1063500020F00800083084F83E00E06A3044E06233
:10636000E06A00281BDBD4E90A10884201DDA06A3C
:10637000E0622046A16988470546206AA84206D007
:106380002562606818B12946D4E900029047D4E933
:106390000A10884202DB2046FFF742FF00BF00BF21
:1063A0000D48007820B10B48FEF7EFFA044604E0F0
:1063B00021460848FEF701FB0446002C91D125F048
:1063C000CCFD02490860BDE8F0810000F801002022
:1063D000FD01002094450020FC010020F7B582B0AB
:1063E00004460E4614B9049805B0F0BD00BF632200
:1063F000314620461FF02EFE0190019D00BFBDB129
:106400002868A8B100BF6422314620461FF022FE52
:1064100001900198C0B207464FB13A462B68284612
:10642000049998470190BDF80400ADF8100000BF32
:106430000498D9E770B504460D46606818B129463E
:106440006068FFF7F7FF206818B1294620462268E8
:10645000904770BD70B505460C46A1B2284611F0B4
:106460003BFB70BD70B505460C46A1B2284611F045
:1064700084FB70BD70B504460D4600BF204600F099
:106480003BF818B100BF00BF00BFFEE700BF2846C1
:1064900000F050F9001D616808446060204600F07B
:1064A0003AF8204670BD70B505460C46284600F007
:1064B00041F904F11001884201D3012070BD002090
:1064C000FCE70146A1F1080070477CB505460C4683
:1064D000204600F02FF906466A4601A926F00AFF79
:1064E00021462846DDE900320FF03EFD7CBD014625
:1064F000087900F00100704710B50446204600F00E
:1065000019F908B9012010BD0020FCE701460879FF
:1065100000F00200704770B50446204600F097F87E
:1065200005462C60284670BD7CB506460C4600200A
:106530000190009000256CB16A4601A9204626F022
:10654000F6FE0198092805DA6A4601A9304628F0C6
:1065500095FF054685B100BF284600F0EBF8A04244
:1065600003D200BF00BF00BFFEE700BF2946304690
:10657000DDE9003228F0E9FB28467CBD70B5044611
:106580002046FFF7C8FF0546284600F0BEF8204623
:1065900000F0B6F870BD70B50446204600F057F81C
:1065A0000546284600F0B6F8204600F0BEF870BD5B
:1065B00070B506460D46284600F049F8044600BF6F
:1065C0001CB900BF00BF00BFFEE700BF2046FFF7B9
:1065D0008EFF90B100BF2846FFF78EFF18B100BFB5
:1065E00000BF00BFFEE700BF2146304600F076F84E
:1065F00021462846FFF73EFF0546284670BD70B588
:1066000006460D462846FFF781FFF0B1284600F008
:1066100057F8044600BF1CB900BF00BF00BFFEE72B
:1066200000BF00BF2046FFF762FF18B900BF00BFE0
:1066300000BFFEE700BF2146304600F04FF8294674
:106640002046FFF717FF054600BF284670BD2DE91D
:10665000F0410446204600F06DF8061F204600F089
:10666000B8F80746314627F049FA054600BF2046EC
:10667000FFF742FF18B100BF00BF00BFFEE700BF39
:106680002846BDE8F0812DE9F04106460C46154646
:10669000002794B100BF1DB900BF00BF00BFFEE7D7
:1066A00000BF2A462146304600F097F82046FFF703
:1066B00072FF204600F08DF807463846BDE8F081AD
:1066C00010B5044600BF2046FFF720FF18B900BFF1
:1066D00000BF00BFFEE700BF206810BD7CB50546C7
:1066E0000C46204600F026F806466A4601A926F028
:1066F00001FE21462846DDE9003228F026FB7CBD5C
:10670000416841F0010141607047416841F0020178
:1067100041607047416821F0020141607047426862
:1067200002F003030B4343607047416821F001010D
:10673000416070470146486820F0030070472DE92A
:10674000F04706460C46304600F043F88046211FCD
:1067500027F0D4F907463046FFF7ECFF211D451A14
:1067600000BF384600F035F88146384600F031F871
:1067700080460421FFF753FB814503D000BF00BFD3
:1067800000BFFEE700BF00BF3046FFF7D3FF291967
:10679000091D884203D000BF00BF00BFFEE700BF55
:1067A00029463846FFF7BBFF00BF3846FFF7C2FF58
:1067B0000C2803D200BF00BF00BFFEE700BF214688
:1067C0003046FFF7ACFF3846FFF7D8FE3846BDE845
:1067D000F087014601F1080070472DE9F0410646B7
:1067E0000C46154600BF2046FFF781FE18B900BFD2
:1067F00000BF00BFFEE700BF29462046FFF753FE5B
:1068000078B129462046FFF79AFF07462046FFF752
:1068100082FE3846FFF779FF39463046FFF755FECE
:1068200000BFBDE8F0812DE9F04106460C46154653
:1068300000BF2046FFF75BFE18B100BF00BF00BFDE
:10684000FEE700BF29462046FFF72DFE88B1294606
:106850002046FFF774FF07463846FFF75BFF3946CF
:106860003046FFF7A5FE074639463046FFF72DFEB6
:1068700000BFBDE8F0812DE9F8430646344619F023
:1068800007FF8046404619F048FF78BB304617F0B6
:1068900058FB38B3304617F0D0F9208FE18E88428C
:1068A00012D0E08E2087E08E00906A461C21304690
:1068B00017F034FE0746012F02D03846BDE8F883B2
:1068C000304620F0E8F900BF404619F036FF054693
:1068D000042D06D130461EF03FF80746002118F07F
:1068E000C8FC09E0304617F08FFB05E0FFE7208F7A
:1068F000E086304620F0CFF90120DFE72DE9F041B6
:106900000446204617F004FE054628461EF07EF891
:106910000646284612F08EF90746012239463046CF
:1069200024F0C6FCBDE8F0810146C1F3C0107047F9
:106930000146C1F3801070470146C1F3C010704793
:106940000146C1F3002070470146C1F3C000704703
:106950000146C1F3401070470146C1F34020704723
:106960000146C1F3003070470146C1F30010704783
:106970002DE9F04F89B004460D46002120461DF058
:10698000E0FE30B91C2128461CF0A5F809B0BDE88E
:10699000F08F2946204600F00BFB2946204600F0E8
:1069A0007DF8002120461FF0F2F8089000212046D3
:1069B0001FF073FA0790002120461EF0A8FE012860
:1069C00000D100E000208146002120461FF01BFD81
:1069D0000746002120461EF088FF064642F2D1708D
:1069E000874205D1608CC0F3802008B9012000E007
:1069F0000020824620461DF044FF069000BF4FF065
:106A0000000824480288414620461FF023FB0390DB
:106A10000398C0B200BF8346AA6829692868CDE9F7
:106A20000209CDE900125A465146089B06980EF01D
:106A30004FF8288342F2D170864205D1608CC0F3B2
:106A4000402008B9012000E00020059020461DF0FC
:106A5000F9FE049000BF4FF000080F48028841463D
:106A600020461FF0F7FA03900398C0B200BF834698
:106A70000023EA6869686869CDE90213CDE900027C
:106A80005A46079BDDE904010EF022F8688300BF37
:106A90007CE70000DE000020E20000202DE9F34F3B
:106AA00087B00C4607980CF09BFF804607981DF0B6
:106AB000E8FE0690404601F04BFA2061216948004B
:106AC0001BF05EFD2060216948001BF059FDA060AD
:106AD000002548E05848029038F9150041F69A71AF
:106AE00088423FD10020019029E0019907981DF0CC
:106AF00028FE0090514900981FF03BFD00B11BE0BB
:106B000000980CF08BFF8246BAF1010F00D013E021
:106B100000980CF073FF8346AB4500D00CE0009862
:106B20001FF0BFFC0299884201DA029802E0009847
:106B30001FF0B7FC029000BF0198401C019007981D
:106B40001DF01DFE01998842CFD80298002804DB71
:106B50000298A16821F8150003E00021A06820F840
:106B6000151000BF6D1C2069A842B3D80026B1469D
:106B700000251BE038F9150041F69B71884202DBC5
:106B8000411A0E4411E041F69A71884206D1A1687B
:106B900031F8151049440FFA81F906E0A16821F88F
:106BA000150009EB00010FFA81F96D1C2069A8425C
:106BB000E0D8002107981EF0EAFF05902169491EE0
:106BC000DDE9050200FB112000B206900698A0EB5B
:106BD000090007B2002F00DA00274FF0FF300490C1
:106BE00000200390002513E038F9150041F69B7151
:106BF00088420CDB421A11B207FB01F2B2FBF6F23B
:106C000012B2A36823F815200495039100BF6D1CF0
:106C10002069A842E8D8049800280ADB0398301AB3
:106C20007843B0FBF6F0381A01B2A268049822F853
:106C3000101009B0BDE8F08F01E0FFFF0100060071
:106C40002DE9FC5F054600221146284621F0E8F8B0
:106C5000002128461EF0CFFD8146002128461FF066
:106C600050F9484407B2002128461EF001FF48446D
:106C70000FFA80FA28461EF0BDFC384450440FFA43
:106C800080FB3B4E28461DF07AFD01904FF0000836
:106C90005CE0A868006850F82840364920461FF09C
:106CA00068FC00B150E0204620F072F8002839D18D
:106CB000002120461EF0D0FC0090009830B1012841
:106CC00007D0022804D0032815D100E000BF00BF80
:106CD00000BFB4F91A10B5F91600081A401CB042EA
:106CE00001DA304605E0B4F91A10B5F91600081AB1
:106CF000401C06B214E0002120461FF0C5FB70B90D
:106D000004F1140011F013F83844B04201DA3046AF
:106D100004E004F1140011F00AF8384406B200BF90
:106D200000BF10E0B4F91A10B5F91600081A401C9B
:106D3000B04201DA304605E0B4F91A10B5F9160090
:106D4000081A401C06B200BF08F1010801988045EE
:106D50009FD30748864209D006EB0A0006B25E457B
:106D600002DD3046BDE8FC9F5846FBE75846F9E790
:106D700001E0FFFF010004002DE9FC5F0546002251
:106D80001146284621F030F8002128461EF033FD38
:106D90008246002128461EF0F1FF50440FFA80F889
:106DA000002128461EF041FF50440FFA80F9284682
:106DB0001EF030FC4844404400B20190724C28461A
:106DC0001DF0DDFC8346002128461EF086FC0128CC
:106DD00066D100265BE0A868006850F826706B4911
:106DE00038461FF0C6FB00B150E038461FF0D0FF18
:106DF000002839D1002138461EF02EFC0090009862
:106E000030B1032805D0062804D0082815D102E0A7
:106E100000BF00BF00BFB5F91800B7F91410401A41
:106E2000401CA04201DA204605E0B5F91800B7F988
:106E30001410401A401C04B214E0002138461FF020
:106E400016FB70B907F1140010F0E4FF4044A042B3
:106E500001DA204604E007F1140010F0DBFF4044A3
:106E600004B200BF00BF10E0B5F91800B7F9141064
:106E7000401A401CA04201DA204605E0B5F918008E
:106E8000B7F91410401A401C04B200BF761C5E45CE
:106E9000A1D33D48844269D004EB090004B265E007
:106EA00000265BE0A868006850F82670374938462D
:106EB0001FF05FFB00B150E038461FF069FF80BB58
:106EC000002138461EF0C8FB0090009830B1012820
:106ED00005D0042804D0072815D102E000BF00BF68
:106EE00000BFB7F91800B5F91410401A401CA042B1
:106EF00001DA204605E0B7F91800B5F91410401A78
:106F0000401C04B215E0002138461FF0BDFA78B9E4
:106F100007F1140010F07EFF4844A04202DA204638
:106F200005E008E007F1140010F074FF484404B2D3
:106F300000BF00BF10E0B7F91800B5F91410401AEF
:106F4000401CA04201DA204605E0B7F91800B5F967
:106F50001410401A401C04B200BF761C5E45A1D339
:106F60000948844202D004EB080004B20648844277
:106F700002D10198BDE8FC9F0198844201DD2046C2
:106F8000F8E70198F6E7000001E0FFFF01000400C8
:106F900010B5044620681BF06FFB60681BF06CFBAB
:106FA000A0681BF069FBE0681BF066FB10BD0000E9
:106FB0002DE9F34F87B00C4607980DF097FB8046FC
:106FC000404600F0C5FF6061616948001BF0D8FAD7
:106FD0006060616948001BF0D3FAE060002548E07A
:106FE0005948029038F9150041F69A7188423FD10C
:106FF0000020019029E0019907981DF0A2FB009064
:10700000524900981FF0B5FA00B11BE000980DF04E
:1070100035FC8246BAF1010F00D013E000980DF064
:107020001DFC8346AB4500D00CE000981DF09EFC93
:107030000299884201DA029802E000981DF096FC5D
:10704000029000BF0198401C019007981DF097FB2B
:1070500001998842CFD80298002804DB0298E168A1
:1070600021F8150003E00020E16821F8150000BFB9
:107070006D1C6069A842B3D80026B14600251BE00C
:1070800038F9150041F69B71884202DB411A0E4423
:1070900011E041F69A71884206D1E16831F8151085
:1070A00049440FFA81F906E0E16821F8150009EB7F
:1070B00000010FFA81F96D1C6069A842E0D8002137
:1070C00007981EF0EAFE069007981DF0BBFB0146EC
:1070D0006269521E069800FB121000B205900598D6
:1070E000A0EB090007B2002F00DA00274FF0FF30B5
:1070F000049000200390002511E038F9150041F6B6
:107100009B7188420ADB421A11B207FB01F2B2FB03
:10711000F6F212B2E36823F8152000BF6D1C606917
:10712000A842EAD8049800280ADB0398301A78436A
:10713000B0FBF6F0381A01B2E268049822F8101099
:1071400009B0BDE8F08F000001E0FFFF010006007C
:107150007CB504460D46164628882189084400B2AD
:10716000ADF8000068886189084400B2ADF80200FB
:10717000A8882189084400B2ADF80400E888618934
:10718000084400B2ADF806003246694620466369FD
:1071900098477CBDF8B505460E462C46206B10B1CD
:1071A000206B007818B9606B08B90120F8BD606BDE
:1071B00058B1284624F071FC0746104909688847F1
:1071C000616B884201D30020F0E7206B98B100206A
:1071D00000900AE069460A4A206B12689047074609
:1071E000B74201D10120E1E700BF206B0099405C6C
:1071F0000028EFD1DAE70120D8E700005402002090
:10720000440200202DE9F041044688460020207108
:10721000401E20634146204626F08CFA10B104201F
:10722000BDE8F08104F232200FF0F1FB074694F83C
:107230003450EB2D03D0E92D01D0E82D43D14AF68F
:107240005520874208D1082223A104F18600F9F7CE
:107250004BF808B90020E3E704F13F000FF0D7FB3B
:1072600006464120055D701E304060BBB6F5007FCC
:1072700029DBB6F5007F26DC2DB3681E284010BB45
:1072800004F142000FF0C3FBE8B14420005D401E52
:10729000012818D804F145000FF0B9FB98B104F1AA
:1072A00047000FF0B4FB802806DA04F154000FF019
:1072B000A2FBB0F5803F06D304F14A000FF0A7FB14
:1072C00008B10020ACE74AF65520874201D10220E0
:1072D000A6E70320A4E700004641543332202020D3
:1072E000000000002DE9FF4F8FB00F46209DF87879
:1072F00000F0010008B1FA4800E0FA480E90F87872
:1073000000F0010008B1F84800E0F8480D90F87866
:1073100000F0010008B9F44800E0F4480C900120A6
:107320000B90B5E000220B9200206A88B5F804C0EB
:10733000A2EB0C0211B200261AE006EB860CEA68FA
:1073400002EB8C02127C02F0010242B906EB860CC1
:10735000EA6802EB8C029289024410B207E006EB65
:10736000860CEA6802EB8C0212898A1A11B2761C2A
:107370002A69B242E1D8002685E006EB860CEA686D
:1073800002EB8C02127C02F00102002A7AD191FBFE
:10739000F0F80FFA88F306EB8609D5F80C8008EBB5
:1073A0008908B8F80C8008FB03F80FFA88F206EB9E
:1073B0008609D5F80C8008EB8908B8F9049006EB2B
:1073C000860AD5F80C8008EB8A08B8F90680904543
:1073D00001DD904607E006EB860AD5F80C8008EB45
:1073E0008A08B8F90680C14508DD06EB8609D5F89C
:1073F0000C8008EB8908B8F9048013E006EB8609D5
:10740000D5F80C8008EB8908B8F90680904501DDB5
:10741000904607E006EB8609D5F80C8008EB890852
:10742000B8F90680C44694450BD04FF0010806EB2E
:10743000860AD5F80C9009EB8A09C9F81080CDF8B6
:107440002C8006EB8609D5F80C8008EB8908A8F893
:1074500008C006EB8609D5F80C8008EB8908B8F857
:107460000C80A0EB08080FFA88F006EB8609D5F827
:107470000C8008EB8908B8F80880A1EB08080FFA1F
:1074800088F100BF761C2A69B2423FF676AF00BF92
:107490000B9800287FF446AF00210F981EF044F9A6
:1074A000012800D100E000200A90002009900890F7
:1074B00008A809A9CDE9001029890BB2B5F9022065
:1074C00038781E9926F02CFBF87800F0010048B1BE
:1074D0000A9838B10F981DF0D4F9BDF8241008446B
:1074E00000B2099011990F981DF02BF904468AE11A
:1074F0007F4920461FF03DF840B1F878C0F3800185
:1075000011AA0F980CF02DFF04467CE100212046C3
:107510001EF0CEF907900798002858D0002003905D
:10752000002610E006EB8601E86850F82100A04232
:1075300008D106EB8600E96801EB8000B0F908008D
:10754000039003E0761C2869B042EBD800BFF878BE
:1075500000F0010030B1608C20F4806000F58060A4
:10756000608405E0608C20F4007000F50070608499
:1075700004F114000D9988470399884226D02046CB
:107580001FF089FB00BFA08AADF80400E08AADF8C7
:107590000600208BADF80800608BADF80A0000BF34
:1075A00004F114000E9A0399904701AA292120465C
:1075B00016F0B4FF20461DF029FA22462221009041
:1075C00016F0ACFF20461FF066FB00BF07E0608CA2
:1075D00020F480606084608C20F40070608400205F
:1075E00006907878012812D0022819D104F11400ED
:1075F0000C998847B5F90010491C21F00101081ABF
:10760000039000EBD070401000B2069009E004F146
:1076100014000C9988472988081A00B2069000E0E7
:1076200000BF00BFF87800F0010050B10A9840B1E7
:1076300004F114000D998847BDF82410081A00B20F
:1076400009900020039043F20C02204603991EF09B
:1076500001FD029002980FFA80F800BF002003900D
:1076600043F20D02204603991EF0F4FC02900298AA
:107670000FFA80F900BF20461EF013FF0590204648
:107680001DF074F9049008F4C040B0F5005F01D11A
:10769000012000E0002030B128F4C040B0F5FA6FBE
:1076A00001DC012000E0002090B128F4C040B0F5DA
:1076B0007A7F04DD28F4C040C0F57A7001E028F438
:1076C000C04005994843642190FBF1F00FFA80F81F
:1076D00009F4C040B0F5005F0CD101200BE00000C0
:1076E000537F0108477F0108937E0108837D0108CD
:1076F00001000600002030B129F4C040B0F5FA6F57
:1077000001DC012000E0002090B129F4C040B0F578
:107710007A7F04DD29F4C040C0F57A7001E029F4D5
:10772000C04004994843642190FBF1F00FFA80F9BE
:10773000A18A1C98401A40440FFA80FAE18A1D98E9
:10774000401A48440FFA80FBF87800F0010010B1AD
:10775000BDF9240000E0069850440FFA80FAF8784A
:1077600000F0010008B1069801E0BDF9240058447A
:107770000FFA80FBBAF1000F02D1BBF1000F1BD052
:1077800020461FF088FAA08A504400B2A082208BC5
:10779000504401B22183E08A584401B2E182608BF7
:1077A000584401B2618320461FF075FA01235A46FE
:1077B000514620461FF04CFBF87800F0010008B15C
:1077C0000A9870B904F114000D9988471F9908446C
:1077D000BDF820100844BDF82410084400B20990F8
:1077E00008E0BDF820101F980844BDF82410081ABE
:1077F00000B20990F878C0F3800111AA0F980CF03C
:10780000B0FD044600BF24B1DDE9111081427FF4D0
:107810006FAE13B0BDE8F08F2DE9F04F8DB0054687
:107820008946B9F1000F02D10DB0BDE8F08FA5F87F
:107830001890286810B128681AF036FF09EB490142
:10784000062202EB41001AF061FE286000BF2868A2
:1078500018B900BF00BF00BFFEE700BF286868601E
:107860000221286801FB0900801CE86004212868C7
:1078700001FB0900001DA860B9F1010F0CD1B42073
:10788000696808700020E96808800120E96848807C
:107890000020A9680880C7E709F10101C8001AF0B3
:1078A0006FFE074609F1010007EB80084FF0000A60
:1078B0004FEA890002B20BA90CA800F067F9002476
:1078C000BDF930008010079000200390CCE0002626
:1078D00016E00BA90CA800F061F90CA800F04BF918
:1078E00000B90FE0BDF93000801007A941F826006B
:1078F000BDF8300000F0030003A941F82600761C13
:10790000042EE6DB00BF042E00D0B3E00A990798EE
:10791000884219D1079800B227F814000FFA8AF0AC
:1079200028F81400DDE90301084405990844069984
:107930000844696808556868005D0007000E6968BA
:107940000855601C04B28DE0DDE9070188422CD0A7
:10795000079800B227F814000FFA8AF028F81400EC
:107960000398696808556868005D0007000E69683B
:107970000855601C04B20798401E00B227F8140096
:107980000FFA8AF028F814000498001D059908449D
:1079900006990844696808556868005D0007000E8C
:1079A00069680855601C04B25CE009990798884230
:1079B0002CD0079800B227F814000FFA8AF028F8A4
:1079C0001400DDE903010844696808556868005D32
:1079D0000007000E69680855601C04B20798401E35
:1079E00000B227F814000FFA8AF028F8140005985E
:1079F000083006990844696808556868005D000702
:107A0000000E69680855601C04B22BE0079800B2AC
:107A100027F814000FFA8AF028F81400DDE90301B2
:107A2000084405990844696808556868005D0007BE
:107A3000000E69680855601C04B20798401E00B229
:107A400027F814000FFA8AF028F8140006980C3072
:107A5000696808556868005D0007000E6968085588
:107A6000601C04B20AF1010A0CA800F084F8002896
:107A70007FF42DAF00BF40F2D32109FB01F002904B
:107A8000029880120190601E37F91010019881420F
:107A900005D1601E38F910100198814226D0DDE929
:107AA0000121A1EB8220B0F5007F04DC00FB00F196
:107AB0004800001407E0C0F5806000FB00F14800BA
:107AC0000014C0F10F00019909B227F814100199B0
:107AD00009B228F814106A6810556968095D090729
:107AE000090E6A681155611C0CB200BFA61E0EE09B
:107AF00038F8160027F8140037F8160028F8140094
:107B00006868805D69680855761E601C04B2002EA6
:107B1000EEDA4FF0000B00260020E968088023E031
:107B2000E96821F81B6037F81600A96821F81B00E6
:107B300010E0A86830F81B0037F91610884203DA05
:107B4000A86830F81B0001E037F91600A96821F891
:107B50001B00761C38F91600584501D1A642E8DB17
:107B60000BF101000FFA80FBA642D9DB38461AF070
:107B700083FD00BF58E60146B1F90200B1F90020CB
:107B8000904201DC012070470020FCE702800023C6
:107B90004380C2F101031BB20B807047B1F9002092
:107BA000002A07DC0B8842885200D21C1A4412B209
:107BB0000A800CE042880388D21A5200521D0B88BA
:107BC0001A4412B20A800288521E12B202804288FF
:107BD000521C12B2428070470246891E9069801E74
:107BE000884201D8002070475389D06A03FB010006
:107BF000F9E700002DE9F04780460C4604F11A0031
:107C00000EF005FF10B10020BDE8F087207800F0ED
:107C10003F00401E00EB800101EBC0054FF0010961
:107C2000002621E01849895D08190EF0F0FE07468C
:107C3000B9F1000F11D0FF2D0BD838460AF0D6FA53
:107C4000824629466D1C38F811000AF0CFFA8245A9
:107C500001D00020D8E7B94605E04FF6FF70874213
:107C600001D00020D0E7761C0D2EDBD3207800F069
:107C7000400038B1B9F1000F04D038F8150008B150
:107C80000020C1E70120BFE76C7D030837B582B053
:107C90001546022D04DCBDF80C10084605B030BDB9
:107CA000BDF80C00C00ABDF8081000EBD1241F2C51
:107CB00001D2204600E01F20BDF8081060F3CF215C
:107CC0000291BDF80C00C0F34510BDF80810C1F3D7
:107CD000451144183F2C01D2204600E03F20BDF85A
:107CE000081060F34A110291BDF80C0000F01F006B
:107CF000BDF8081001F01F0144181F2C01D22046C6
:107D000000E01F20BDF8081060F304010291FF2D70
:107D100003D1BDF808100846C0E72A46DDE9020194
:107D200012F0C8F90190BDF804100846B6E717B57F
:107D300081B01446022C04DCBDF80810084604B0DB
:107D400010BDBDF80400C00ABDF80810C90A4843B8
:107D50004109BDF8040061F3CF200190BDF8040093
:107D600000F01F00BDF8081001F01F014843410951
:107D7000BDF8040061F304000190BDF80400C0F3F5
:107D80004510BDF80810C1F3451148438109BDF8FD
:107D9000040061F34A100190FF2C03D1BDF80410D8
:107DA0000846CCE72246DDE9010112F083F9009094
:107DB000BDF800100846C2E737B582B01546022D5F
:107DC00004DCBDF80C10084605B030BDBDF80C0051
:107DD000C00ABDF80810A0EBD124002C01DD20461C
:107DE00000E00020BDF8081060F3CF210291BDF83B
:107DF0000C00C0F34510BDF80810C1F34511441A3A
:107E0000002C01DD204600E00020BDF8081060F3E2
:107E10004A110291BDF80C0000F01F00BDF80810D7
:107E200001F01F01441A002C01DD204600E0002073
:107E3000BDF8081060F304010291FF2D03D1BDF8D5
:107E400008100846C0E72A46DDE9020112F032F9BF
:107E50000190BDF804100846B6E708B50346009344
:107E60000098484080EA620008BD2DE9F84F80463E
:107E7000404616F04DFB8246404616F0E8FA0646AC
:107E800050461CF0C3FD81462B2E09D1484623F0F5
:107E900002FA044600222146484623F009FA3AE055
:107EA0000A2E38D1694650461CF032FE50461CF06E
:107EB000E8FC0446002148461DF043FC01280AD195
:107EC000204604EBD071BDF90020C2EB610191FBAB
:107ED000F4F10DB209E0204604EBD071BDF90020A9
:107EE00002EB610191FBF4F10DB2002D00DA0025E7
:107EF0000027484623F0CFF9A84200D001270122ED
:107F00002946484623F0D4F927B100221C214846CF
:107F100016F004FB00BFBDE8F88F10B58060C060AC
:107F200000230361002110E0002400F1140343F852
:107F30002140002206E000F1380303EBC11343F8AF
:107F40002200521C202AF6DB491C0929ECDB10BD5B
:107F50000146002000E0401C31F9102041F6FF737B
:107F60009A42F8D170472DE9F04782468846DAF800
:107F70000040B8F1000F06D1276917B1A069B842D7
:107F800015D8012713E0414650460BF07DFD05460C
:107F9000022D02D20120BDE8F087681C08B92846EE
:107FA000F9E7A069A84201D92846F4E74746606985
:107FB00008B90020EFE70026474518D17E1CA069CC
:107FC000B04200D80226314650460BF05DFD054612
:107FD000012D01D0681C08B92846DCE73DB12569B0
:107FE000022D03D3A069A84200D92F460026E6B986
:107FF0003E4600BF761CA069B04204D80226BE42AD
:1080000001D90020C7E7314650460BF03DFD05463B
:1080100005B909E0012D01D0681C08B92846BAE766
:10802000BE42E7D10020B6E700BF4FF0FF32314635
:10803000204626F0B3F88146B9F1000F08D1B8F117
:10804000000F05D032464146204626F0A7F881466B
:10805000B9F1000F0DD12661D4E90510801E8142CF
:1080600002D86069401E6061607940F00100607173
:1080700007E0B9F1010F02D14FF0FF3000E001201D
:108080000646304687E700002DE9F34F85B081466C
:10809000069800680490D9F80000D0F80CA00025DC
:1080A00000BF04A829F0D8FB83460BF1010018B9E2
:1080B000062007B0BDE8F08FBBF5803F05D34FEA3F
:1080C0001B4228466D1C2AF810201FFA8BF4202C26
:1080D00003DB2F2C01D05C2C00D111E0802C06DAC0
:1080E00021467BA0F8F7E1F808B10620E1E7FF2D73
:1080F00001D30620DDE728466D1C2AF81040D0E7A2
:1081000000BF202C01DA042611E002E00498401C94
:108110000490049800782F28F8D0049800785C2800
:10812000F4D0002604980078202800D20426049970
:108130000698016008E0681E3AF81040202C02D032
:108140002E2C00D002E06D1E002DF4D100BF0020C7
:108150002AF815000DB90620ABE7002700E07F1CC8
:108160003AF817002028FAD01FB93AF817002E283D
:1081700001D146F0030600E06D1E25B1681E3AF8F5
:1081800010002E28F8D120220B2109F12000F8F749
:108190007AF84FF00008CDF80C800820029000BF5C
:1081A00038467F1C3AF8104004B966E0202C03D012
:1081B0002E2C04D1AF4202D046F00306F0E7DDE9F1
:1081C0000210884201D2AF4216D102980B2802D188
:1081D00046F0030651E0AF4201D046F00306AF423D
:1081E00000D94AE02F46082003900B2002904FEA66
:1081F00088604FEA1068D3E7802C0ADB46F002065D
:10820000204609F0F3FF4FF46971019009F0B4FFC3
:108210000446FF2C11DD0298401E0399884204D8C1
:1082200046F0030602980390BAE722120398411C15
:10823000039109F120010A5418E024B1214627A036
:10824000F8F733F818B15F2446F003060EE0412C2E
:1082500003DB5A2C01DC48F00208612C06DB7A2C87
:1082600004DC48F00108A4F1200084B20398411C0A
:10827000039109F120010C5492E700BF99F8200006
:10828000E52802D1052089F820000298082803D1AA
:108290004FEA88604FEA106808F00C000C2803D001
:1082A00008F00300032801D146F0020606F00200A0
:1082B00048B908F0010008B146F0100608F00400C3
:1082C00008B146F008062B2000F809600020F0E60F
:1082D0002A3A3C3E7C223F7F000000002B2C3B3D95
:1082E0005B5D00002DE9FF4F85B09A4603AA01218E
:1082F000059800F069FC18B1012009B0BDE8F08FC5
:10830000DDF80C904FF03F08082701E07806070ED3
:1083100037B1B9FBF7F0B0FBF8F0B0F5806FF5D8E6
:1083200007B9FF274FF400715046F7F7B3FF0AF57E
:10833000DF764FF0000B444669E0069850F82B506A
:10834000642D07D801D1484603E06420B9FBF0F062
:10835000684305466019484501D8601901D3A9EB67
:10836000040505B959E0214606F1080027F0C2FAD4
:10837000294606F10C0027F0BDFA07983071B4FBCE
:10838000F8F0B0FBF7F00490B4FBF8F0B0FBF7F1B5
:1083900007FB1100C0B20290B4FBF8F008FB1040DC
:1083A000401CC0B2019002987070C021049801EA8C
:1083B000900001990843B0700498F0706019401E55
:1083C000B0FBF8F0B0FBF7F004906019401EB0FB72
:1083D000F8F0B0FBF7F107FB1100C0B20290601992
:1083E000401EB0FBF8F108FB1100401CC0B2019028
:1083F00002987071C021049801EA90000199084325
:10840000B0710498F07110360BF1010B2C44BBF1E4
:10841000040F02D20CB14C458FD300BF4AF6552150
:108420000AF5FF7027F072FA0123002251460598E1
:1084300000F063FC08B101205FE700205DE77CB538
:1084400006460D4634465020005D00F00100A8426B
:1084500033D00DB1012000E000205021095D60F310
:1084600000015020015504F1440168460FF04FFC13
:10847000BDF80000616A898A084400B2ADF80000C6
:10848000BDF80210606AC08A084400B2ADF802006C
:10849000BDF80400616A898A084400B2ADF804009E
:1084A000BDF80610606AC08A084400B2ADF8060044
:1084B000694630461EF029FC00BF7CBD37B582B04E
:1084C000054614462146039811F046FC0190BDF87C
:1084D0000410084605B030BD01460B4800788842BC
:1084E0000FDC09484078884201DB012070470648CC
:1084F0008078884205DC0448C078884201DB01208E
:10850000F4E70020F2E70000797D03082DE9FF4F32
:108510008DB005460E461446F07A022803DC012091
:1085200011B0BDE8F08F3089326901460C90109887
:10853000FBF754FF07460FB90020F1E7397D01F042
:108540001F0017F072F810B14FF006080AE0397DED
:1085500001F01F0017F04CF810B14FF0050801E0D2
:108560004FF00408386A38B100BF00BF21462846E2
:108570003A6A27F084F9DEE0B869002859D021462C
:108580000BA80FF085FB308818B97088B0F5807F94
:1085900032D020460FF04CFC834600BFE088618853
:1085A000401A401C00B20890301D7188CDE90010BF
:1085B000308803B259460BA8089AFBF739FABDF880
:1085C0002C002188084400B2ADF82C00BDF82E0024
:1085D0006188084400B2ADF82E00BDF83000218853
:1085E000084400B2ADF83000BDF83200618808449C
:1085F00000B2ADF8320000BF0BAA09A8A968FAF7CB
:108600006DFE8146B9F1000F04D1384601F01DFF1F
:10861000012085E7D5F808A009A8A860CDF800805A
:10862000224631462846BB6912F0E4FDC5F808A091
:1086300081E022460BA8A968FAF750FE0A900A9832
:1086400020B9384601F001FF012069E70BA80FF0BF
:10865000EFFB09900BA80FF0EBFB00EB4000039041
:1086600019F08EFF8146D5F808A00BA907A80FF0D6
:108670000FFB012107A80FF066FCBDF92C00B4F92F
:108680000010401A0690BDF92E00B4F90210A0EBBC
:10869000010BBDF92E00059042E007AA514602A841
:1086A000FAF71CFE0A900A9800B936E0CDF800905F
:1086B000099803B20FFA8BF2069801B2384617F008
:1086C000E1FC0490049801280ED0384617F0FAFB1C
:1086D00000BF00BF484619F0CFFF384601F0B5FE95
:1086E000C5F808A000201BE702A8A8604B4607AA0F
:1086F00031462846CDF8008012F07CFDBDF81E0002
:10870000401C00B2ADF81E00BDF82200401C00B2B3
:10871000ADF822000BF1010B00BF0598401C05903D
:10872000BDF9321005988142B7DAC5F808A048466D
:1087300019F0A2FF00BF384601F087FE0120EFE6E6
:1087400000BF00BF70472DE9F04104460E46D4F843
:1087500000800021204600F0DBF90546EDB9002736
:1087600000BF4046A16924F0E5FF054605B113E0CE
:10877000E0690078E52802D0E069007820B9781C2B
:108780000746B04201D107E000270121204600F052
:10879000B7F80546002DE4D000BF042D00D1072511
:1087A0002846BDE8F0812DE9F04704468946204679
:1087B00029F02CF810B10120BDE8F0874946204689
:1087C000FFF70AFA064626634FF4007104F13400FD
:1087D000F7F760FD04F134080127002500E03D446F
:1087E0006089A84207D9721960783B46414600F07B
:1087F00084FA0028F3D06089A84201D00120DBE789
:108800000020D9E72DE9F0470446D4F800A0002164
:10881000204600F07DF9064616B13046BDE8F087E7
:108820004FF0FF08C1464FF0FF30E06200BF5046F6
:10883000A16924F07FFF064606B15EE0E069057895
:108840000DB9042659E0E069C07A00F03F07A7712E
:10885000E52D04D007F0080038B10F2F05D04FF0F8
:10886000FF084FF0FF30E06240E00F2F22D12B20B5
:10887000005D00F0400098BB05F0400038B1E069B1
:1088800090F80D9005F0BF05A8462069E0624545C7
:108890000CD1E069407B484508D1E169DAF80C0069
:1088A000FFF7A8F910B1A8F1010000E0FF2000F0E7
:1088B000FF081BE0B8F1000F05D1E06928F050FF78
:1088C000484500D119E02B20005D00F0010040B9BF
:1088D0000B2204F12001E069F7F706FD08B90CE06E
:1088E00004E04FF0FF084FF0FF30E0620021204627
:1088F00000F006F80646002E99D000BF30468DE7FE
:108900002DE9F041044688462768206900F12006D9
:10891000B6F5001F01D30020A061A06910B90420A2
:10892000BDE8F081C6F30800002845D1A069401CCD
:10893000A061606938B93889B0EB561F3CD8002077
:10894000A0610420ECE77889401E00EA562098BB1D
:10895000204661690BF098F80546012D01D80220E8
:10896000DEE7681C08B90120DAE7B869A8421DD81B
:10897000B8F1000F03D10020A0610420D0E7204609
:108980006169FFF7F0FA05460DB90720C8E7012D28
:1089900001D10220C4E7681C08B90120C0E72946BC
:1089A0003846FFF700FF08B10120B9E765612946A5
:1089B0003846FFF711F9A0612661C6F3080107F1F7
:1089C00034000844E0610020AAE72DE9FE4F044688
:1089D00026682B20005D00F0A00010B10620BDE845
:1089E000FE8F4FF0000901E009F10109F06830F84D
:1089F00019000028F8D1D4E90912206A8DE807008F
:108A00009DF80B0000F0010028B340212B200155F8
:108A10004FF001080EE04346694604F12000F26879
:108A20000AF0F2FD2046FFF7EDFE054605B104E031
:108A300008F10108B8F1640FEDD300BFB8F1640F7D
:108A400001D10720CBE7042D01D02846C7E79DF8C8
:108A50000B102B2001559DF80B0000F0020030B1E7
:108A600009F10C000D21B0FBF1F0401C00E00120E9
:108A7000074639462046FFF766FE05464DBB781E81
:108A8000071E26D02069A0EB4711204600F040F8D1
:108A90000546F5B904F1200028F062FE824600BFC9
:108AA0003046A16924F046FE054605B110E0FAB251
:108AB000E1695346F06825F00DFC0120307100217A
:108AC0002046FFF71DFF054615B9781E071EE7D1A2
:108AD00000BFDDB93046A16924F02CFE0546ADB9D2
:108AE0002021E069F7F7D6FBE069216A0160616A3D
:108AF0004160218D018194F82A1081722B20005D44
:108B000000F01800E169087301203071284666E71B
:108B10002DE9F04104460D462668B5F5001F02D246
:108B200005F01F0010B10220BDE8F0812561A768A3
:108B30001FB93078032800DBB76A47B93089B0EB3A
:108B4000551F01D80220EFE7B06AA0611CE07089D0
:108B50004FEA402811E0394620460AF095FF0746C3
:108B6000781C08B90120DFE7022F02D3B069B842B0
:108B700001D80220D8E7A5EB08054545EBD23946D8
:108B80003046FFF729F8A0616761A06908B90220A3
:108B9000CAE7A06900EB5520A061C5F3080106F102
:108BA00034000844E0610020BEE770B504460025AB
:108BB00044B9F9F7F9FB10B925F0020500E00125E9
:108BC000284670BD0120FCE72DE9F04705460E461A
:108BD00014464FF0040945BBFEB1012E0FD0022E02
:108BE00002D0032E1CD105E04FF4007020804FF01E
:108BF000000918E0012020604FF0000913E00E4842
:108C0000D0F850C062460023D0E912713846F7F719
:108C1000F7FA20604FF0000905E04FF0000902E08C
:108C20004FF0040900BF00BF02E04FF0040900BF8D
:108C300000BF4846BDE8F08790C700202DE9F04FFF
:108C4000ADF5017D81460C4615461E464FF0040BDE
:108C50004FF0000AB9F1000F40D104F00300E8B171
:108C6000002711E02A466D1C012301A90020FFF70F
:108C7000E5FF074607B10BE04FF4007201A920465B
:108C8000F7F7EFFA04F50074301EA6F10106E9D1FA
:108C900000BF38460DF5017DBDE8F08F4FF4007040
:108CA000A5FB00713A460B46CDE900062046F9F7D0
:108CB00017FD8246BAF1000F07D1F9F7C3FD8246CE
:108CC00000BFF9F762FB0028FBD1BAF1000F02D018
:108CD0004FF0040B01E04FF0000B02E04FF0040BEB
:108CE00000BF00BF5846D5E7024600211AB921F05F
:108CF0000201084670470120FCE72DE9F04FADF571
:108D0000017D81460C4616461D464FF0040B4FF080
:108D1000000A25B904200DF5017DBDE8F08FB9F1F9
:108D2000000F3DD104F00300D0B1002711E04FF453
:108D30000072214601A8F7F794FA3246761C012307
:108D400001A90020FFF7D9FF074607B105E004F5A8
:108D50000074281EA5F10105E9D100BF3846DAE705
:108D60004FF40070A6FB00713A460B46CDE90005B2
:108D70002046F9F79FFD8246BAF1000F07D1F9F7B7
:108D80007BFD824600BFF9F700FB0028FBD1BAF15A
:108D9000000F02D04FF0040B01E04FF0000B02E097
:108DA0004FF0040B00BF00BF5846B4E7F8B50646C5
:108DB0000C4615460095E788BBB2A788BAB267880B
:108DC000B9B22788B8B2F8F71BFA304611F0D2FED4
:108DD000F8BD10B5F8F77AFB10BDF8B505462C467E
:108DE00017F056FC0646206B23F0AAF83168898BF1
:108DF00088422CD2606A009094F83C0000F0030096
:108E000020B1012806D002280CD107E00020ADF8DF
:108E1000000007E064208DF8020003E064208DF874
:108E2000030000BF00BF304617F0F6FD284600994A
:108E300011F041FD50B100221C21284615F06EFBB7
:108E40000746012F01D03846F8BD00BF00BF23F010
:108E500084F820630120F7E72DE9F04F9BB0074627
:108E600089461646BA4617A811F041FF4FF4A021D3
:108E700038461CF009FC9DF8691060F382018DF8FA
:108E8000691030460FF00CF8054600EBD5704FEA3C
:108E900060083088404400B2ADF858007088404403
:108EA00000B2ADF85A00002138461CF0A0FD159024
:108EB000494603A81BF0FAF917A80B904FF40030AD
:108EC000109033480490002005900AF13000FBF721
:108ED00081FD044657E02079032800D04DE0208B27
:108EE000ADF85C00208A00B2ADF85E006079FD2824
:108EF00001DD159803E060791599484300128DF85B
:108F000068002568B5F92000E98B08440090B5F9A0
:108F10002030D5E90512A06819F0E4FA8346B5F9C6
:108F20002000E98B08440090B5F92030D5E90512FE
:108F3000E06819F0D7FA0290608B404400B2ADF8B7
:108F40004800149416A80C9003AA1A21384615F06C
:108F5000E5FA029880B21FFA8BF1CDE90010BDF856
:108F6000480083B216AA17A9484611F0A2FE03AA28
:108F70001B21384615F0D2FA00BF21460AF1300015
:108F8000FBF722FD0446002CA5D11BB0BDE8F08FF5
:108F90001C43030870B504460D46002229462046AE
:108FA00007F07EFE01222946204607F079FE0222C4
:108FB0002946204607F092FC04222946204607F065
:108FC0008DFC70BD2DE9F74F9EB00C46E07802286D
:108FD00002DC21B0BDE8F08F1CA820990EF06AFEDB
:108FE000B4F9200001282EDD94F82200FD282ADBA8
:108FF000208840B3BDF8700014F8231F4908C1F35E
:109000008001084400B2ADF87000BDF8720021780C
:109010004908C1F34001084400B2ADF87200BDF840
:10902000740021784908C1F3C001401A00B2ADF8BC
:109030007400BDF8760014F82319C1F34001401AFA
:1090400000B2ADF876001E981CA982681AA8FAF73B
:1090500045F900B9BDE7E07B00F0070616B9A08826
:10906000199001E0E0881990BDF864106089814290
:1090700000D100261CA813F023F818901C2111A879
:10908000F7F708F9A0788DF85D00BDF86400ADF839
:109090004C00189860B9208850B94EB91CA811909E
:1090A000E0788DF85C0011A91E9813F0B9FE90E7E6
:1090B000E078FD2801DBFF2000E0E07810901CA89C
:1090C0000EF0E0FE0F901CA80EF054FE0E90DDE9AD
:1090D0000E01814201DA0F9800E00E980D90B4F96C
:1090E00000100D98B1EB600F02DAB4F9000001E056
:1090F0000D98401007461AA80EF0C4FE81464FF0A6
:10910000FF300C9000200B90002F01DC189870B1FC
:10911000484619F035FA0B9000233AB21CA905A86D
:1091200013F046FB002105A812F0C4FC0C90BDF81A
:109130006800ADF80C00BDF86C00ADF810000B989D
:10914000149003A811901690FF208DF85C00A01DCC
:10915000DDE90E2115F03CFE8046B8F1000F0CD081
:10916000022E0AD1BDF96810D8F8080000EB4100C2
:10917000BDF97010A0EB410012901898A0B3BDF992
:109180006A502CE028B2ADF80E0028B2ADF81200FB
:109190004A4610990B9819F064FCBDF968100FFA53
:1091A00089F32AB20B9812F03BFF8DF854009DF81A
:1091B0005400012802D102208DF85400012E09D15B
:1091C000BDF97210691AD8F8080000EB4100008858
:1091D000ADF84C0011A91E9813F022FE6D1CBDF9CC
:1091E0006E00A842CEDACCE0FFE700255CE0BDF8D7
:1091F000720028440FFA80FABDF87600401B0FFA7F
:1092000080FBBDF96A00504504DDBDF96E0058458C
:1092100000DA48E04A4610990B9819F022FCBDF993
:109220000C100FFA89F352460B9812F0F9FE8DF8E4
:1092300054009DF85400012802D102208DF85400FA
:10924000BDF96A00504514DCADF80EA0ADF812A0CF
:10925000012E0AD1BDF97210AAEB0101D8F808005D
:1092600000EB41000088ADF84C0011A91E9813F0E6
:10927000D7FDBDF96E00584514DBADF80EB0ADF862
:1092800012B0012E0AD1BDF97210ABEB0101D8F872
:10929000080000EB41000088ADF84C0011A91E98B1
:1092A00013F0BEFD00BF6D1CBD42A0DBBDF8700019
:1092B000ADF80400BDF87400ADF80800BDF8720008
:1092C000384400B2ADF80600BDF87600C01B00B20D
:1092D000ADF80A0001A812F0F3FE00900098B0B9B2
:1092E000AEB9BDF87200384400B2ADF80E00BDF85A
:1092F0007600C01B00B2ADF8120010988DF85C002B
:109300000020149011A91E9813F08AFD38E01098DF
:109310008DF85C0001208DF85400BDF97600A0EBBB
:10932000070ABDF97200C51927E0009870B14A46D6
:1093300010990B9819F095FBBDF968100FFA89F395
:109340002AB20B9812F06CFE8DF8540028B2ADF8DA
:109350000E0028B2ADF81200012E09D1BDF972102D
:10936000691AD8F8080000EB41000088ADF84C00FD
:1093700011A91E9813F054FD6D1C5545D5DD00BF95
:1093800000BF0B9810B10B9819F076F90C98401C9F
:1093900028B10C9813F0F4FA05A812F06DFEB8F19C
:1093A000000F02D0404615F00AFD00BF11E62DE97E
:1093B000F0478EB007460C461546206910B90EB02E
:1093C000BDE8F087A07E022800DCF8E7206917F0EE
:1093D000FDF80646022E55D1002041F6FF71CDE979
:1093E0000001029003460DA8D4E9041223F0A6F967
:1093F00028460EF047FD814600EBD970298801EB25
:109400006000BDF9348008EBD871A0EB610000B2B8
:10941000ADF82C00BDF82C00BDF834100844401EF7
:1094200000B2ADF8300028460EF0A4FC814600EBF7
:10943000D970698801EB6000BDF9368008EBD871FE
:10944000A0EB610000B2ADF82E00BDF82E00BDF813
:1094500036100844401E00B2ADF8320003A812F0E6
:10946000B1FA60690390208BADF81800A07E8DF8EA
:109470002600002000900BAA03A93846236911F0AA
:10948000EDFEAEE00DA9206916F048FD8046B8F16A
:10949000010F02D000BF00BF91E707A811F0C1FE85
:1094A000A0788DF82800208BADF82400E07E8DF8A0
:1094B0002600A07E8DF82700207FE8BB28460EF00E
:1094C000E1FC824600EBDA70298801EB60000D991F
:1094D000C1F38A2909EBD971A0EB610000B2ADF8A4
:1094E000140028460EF046FC824600EBDA706988CC
:1094F00001EB60000D994FEA515909EBD971A0EBCE
:10950000610000B2ADF81600BDF814000D99C1F36A
:109510008A210844401E00B2ADF81800BDF81600BC
:109520000D9900EB5150401E00B2ADF81A0005AA8B
:1095300007A93846236900E002E011F023FE4FE05E
:109540006888ADF81600BDF816000D9900EB515073
:10955000401E00B2ADF81A003BE02888ADF81400B8
:10956000BDF814000D99C1F38A210844401E00B2D1
:10957000ADF8180017E005AA07A93846236911F0CD
:1095800001FEBDF814000D99C1F38A21084400B210
:10959000ADF81400BDF818000D99C1F38A210844F4
:1095A00000B2ADF81800BDF91400B5F904108842F6
:1095B000E1DDBDF816000D9900EB515000B2ADF899
:1095C0001600BDF81A000D9900EB515000B2ADF82D
:1095D0001A00BDF91600B5F906108842BDDD00BFBE
:1095E00000BF00BFEBE62DE9F04F87B083460C4685
:1095F000164694F82200022802DC07B0BDE8F08F7E
:10960000208C00B9F9E794F82300C0F3440000B9B6
:10961000F3E794F8230000F0010000B1EDE73046D5
:109620000EF030FC814630460EF0A4FB0746B4F93C
:109630000050B94501DA484600E038468246B5EBAD
:109640006A0F01DD4FEA6A05314605A80EF032FBCC
:10965000BDF9141094F82300400800F0040010B184
:10966000B4F9200003E0B4F9200028444042084443
:1096700000B2ADF81400BDF9181094F823004008AA
:1096800000F0080010B1B4F9200003E0B4F92000A4
:1096900028444042081A00B2ADF81800BDF916106F
:1096A00094F82300400800F0020010B1B4F9200043
:1096B00003E0B4F9200028444042084400B2ADF869
:1096C0001600BDF91A1094F82300C0F3400010B141
:1096D000B4F9200003E0B4F9200028444042081AFD
:1096E00000B2ADF81A00208C281A0FFA80F8B8F1F1
:1096F000000F01DA4FF00008A07894F82210CDE9AD
:109700000210E08BADF804002BB205AA3146584692
:10971000CDF8008000F002F800BF6EE72DE9FF4FA2
:10972000A3B00D4616461F463298FF2801DBFF20E6
:1097300000E032983290284612F0C2FC2290229823
:1097400068B967B9309850B93298009032462946C6
:10975000319B239800F0A9FA27B0BDE8F08F239839
:109760002946826820A8F9F7B9FD00B9F4E720A8D6
:109770000EF088FB81461C2119A819F0ACF9484667
:1097800018F0FEFE1C904FF0FF301890002F0ADDFD
:1097900000233A46294612A813F00AF8002112A81D
:1097A00012F088F91890012331460CA8309A12F073
:1097B000FFFF00210CA812F07DF90B9009A8199069
:1097C0001E90BDF8C400ADF86C0032988DF87C0096
:1097D00033988DF87D00B5F900003844B6F90010D3
:1097E000884203DDB5F90000384401E0B6F9000015
:1097F00000B2ADF81C00B5F90400C01BB6F90410A6
:10980000884203DAB5F90400C01B01E0B6F9040090
:1098100000B2ADF82000B5F902003844B6F90210E4
:10982000884203DDB5F90200384401E0B6F90200D0
:1098300000B2ADF81E00B5F90600C01BB6F906105F
:10984000884203DAB5F90600C01B01E0B6F906004C
:1098500000B2ADF8220007A80EF014FB0690B5F98F
:109860000200B6F90210884201DC012000E000206D
:109870008246B5F90600B6F90610884201DB0120E0
:1098800000E000208346229800284CD0BDF88000DC
:10989000ADF82400BDF88400ADF82800BDF9824081
:1098A00029E0BAF1000F04D1BDF91E00A04200DD8D
:1098B00020E0BBF1000F04D1BDF92200A04200DA84
:1098C0001DE020B2ADF8260020B2ADF82A004946CE
:1098D0001C9819F037F9BDF980100FFA89F322B2FC
:1098E0001C9812F09DFB8DF8740019A9239813F0B1
:1098F00097FA00BF641CBDF98600A042D1DA00BF10
:109900000CA812F0B9FB0B9813F03AF81898401C09
:1099100028B112A812F0B0FB189813F031F81C9877
:1099200018F0AAFE18E7B5F90000B6F90010884251
:1099300001DC012000E000200590B5F90400B6F933
:109940000410884201DB012000E000200490012087
:109950000390059860B1049850B1BAF1000F07D098
:10996000BBF1000F04D00698322801DA00200390E2
:1099700001208DF87400BAF1000F15D0039898B14A
:10998000BDF81C00ADF82400BDF82000ADF828009B
:109990006888ADF826007088401E00B2ADF82A0035
:1099A00019A9239813F03CFABBF1000F15D00398C6
:1099B00098B1BDF81C00ADF82400BDF82000ADF84A
:1099C0002800F088401C00B2ADF82600E888ADF809
:1099D0002A0019A9239813F023FA059898B128882A
:1099E000ADF824003088401E00B2ADF82800BDF864
:1099F0001E00ADF82600BDF82200ADF82A0019A916
:109A0000239813F00DFA049898B1B088401C00B266
:109A1000ADF82400A888ADF82800BDF81E00ADF808
:109A20002600BDF82200ADF82A0019A9239813F0EA
:109A3000F7F90398F0BBBDF88000ADF82400BDF83D
:109A40008400ADF82800B5F90200B6F90210401AFA
:109A5000B84201DA384604E0B5F90200B6F902105E
:109A6000401A00B20290002442E06888204400B20C
:109A70000190E888001B00B20090BDF982100198A7
:109A8000814205DDBDF986100098814200DA2EE0A2
:109A900049461C9819F056F8BDF924100FFA89F3BD
:109AA000019A1C9812F0BCFA8DF87400BDF982106E
:109AB000019800E020E0814209DC0198ADF8260021
:109AC0000198ADF82A0019A9239813F0A9F9BDF956
:109AD00086100098814209DB0098ADF826000098B6
:109AE000ADF82A0019A9239813F09AF900BF641C55
:109AF00002988442B9DBC7E0BDF88000ADF82400CD
:109B0000BDF98410BDF91C00401E814202DABDF986
:109B1000840002E0BDF91C00401E00B2ADF8280030
:109B200009A80EF0AFF98046B8F1000F48DD05989E
:109B300010B9BAF1000F1ED0BDF9824017E020B273
:109B4000ADF8260020B2ADF82A0041461C9818F066
:109B5000F9FFBDF92410434622B21C9812F060FAB6
:109B60008DF8740019A9239813F05AF9641CBDF9F3
:109B70001E00A042E3DC059810B9BBF1000F1FD016
:109B8000BDF92200441C17E020B2ADF8260020B237
:109B9000ADF82A0041461C9818F0D4FFBDF92410F6
:109BA000434622B21C9812F03BFA8DF8740019A9B2
:109BB000239813F035F9641CBDF98600A042E3DA5E
:109BC000BDF98010BDF92000401C814202DDBDF9C5
:109BD000800002E0BDF92000401C00B2ADF8240076
:109BE000BDF88400ADF8280009A80EF04BF98046B6
:109BF000B8F1000F48DD049810B9BAF1000F1ED07B
:109C0000BDF9824017E020B2ADF8260020B2ADF8D1
:109C10002A0041461C9818F095FFBDF924104346D0
:109C200022B21C9812F0FCF98DF8740019A923983F
:109C300013F0F6F8641CBDF91E00A042E3DC0498A2
:109C400010B9BBF1000F1FD0BDF92200441C17E072
:109C500020B2ADF8260020B2ADF82A0041461C988B
:109C600018F070FFBDF92410434622B21C9812F080
:109C7000D7F98DF8740019A9239813F0D1F8641C52
:109C8000BDF98600A042E3DA0CA812F0F5F90B98B2
:109C900012F076FE12A812F0EFF9189812F070FE8A
:109CA0001C9818F0E9FC00BF56E52DE9FF4F89B07C
:109CB00080460C461546DDF858901C21684618F081
:109CC0000AFF07A80090BDF83000ADF808008DF835
:109CD0001890B4F90200B5F90210884201DC0120A5
:109CE00000E000200646B4F90600B5F906108842E7
:109CF00001DB012000E000200746B4F90000B5F9BF
:109D00000010884201DC012000E000208246B4F906
:109D10000400B5F90410884201DB012000E00020B6
:109D200083462088ADF81C00A088ADF8200060882C
:109D3000ADF81E006888401E00B2ADF822001EB1CA
:109D40006946404613F06CF8E888401C00B2ADF854
:109D50001E00E088ADF822001FB16946404613F0AE
:109D60005FF82088ADF81C002888401E00B2ADF8CE
:109D7000200016B1B5F9020001E0B4F90200ADF817
:109D80001E0017B1B5F9060001E0B4F90600ADF800
:109D90002200BAF1000F03D06946404613F040F8A4
:109DA000A888401C00B2ADF81C00A088ADF82000C7
:109DB000BBF1000F03D06946404613F031F80DB0F7
:109DC000BDE8F08F2DE9FF4F93B0074690469946C6
:109DD0004FF6FF70804502D117B0BDE8F08F3E46C8
:109DE000746A208C1290208C484506D0A4F82090EC
:109DF000608C20F00400001D60844FF48021204618
:109E00001CF0F5F911904FF4802120461CF05FFA08
:109E10000546119814F0E0FC824638460AF081F9B4
:109E20008346BBF81600ADF83E00BDF93E000AEBD4
:109E3000050108FB010000B2ADF83E00284605EB25
:109E4000D071BDF83E20A2EB610109B2ADF83E1021
:109E5000BDF83E0050442844401E00B2ADF8420018
:109E6000706A808AADF83C00706A008BADF84000E3
:109E700001A812F0B3FD01AA4FF4802120461CF086
:109E80005BFD0FAA01A9149812F08CFD1298208492
:109E9000608C20F00400608400BF9DE72DE9F04F46
:109EA00091B007460D46904699464FF6FF708045A3
:109EB00002D111B0BDE8F08F1097109F7C6A208C02
:109EC0000F90208C484506D0A4F82090608C20F09C
:109ED0000400001D608407A811F074FD07AA4FF468
:109EE000802120461CF04DFC4FF4802120461CF0C0
:109EF000EEF9ADF82E0038460AF013F9064606B919
:109F0000D7E7079814F068FC8246F08AADF816008F
:109F1000BDF91600BDF92E10514408FB010000B236
:109F2000ADF81600BDF92E0000EBD071BDF816207B
:109F3000A2EB610109B2ADF81610BDF8160050444D
:109F4000BDF82E100844401E00B2ADF81A00A08AD9
:109F5000ADF81400208BADF8180005AA03A8A96875
:109F6000F9F7BCF98346BBF1000F13D0A868029043
:109F700003A8A860304617F0BFFA019000200090B7
:109F800006F1140207A92846019B11F067F902980F
:109F9000A86000BF0F982084608C20F004006084CB
:109FA00000BF86E72DE9F04105463548006810F00E
:109FB000FBFD04462868866BF06A10B13046F16AF2
:109FC0008847206890B1606880B10CE02C48006838
:109FD0000068806A38B12A4A12681068284A1268F4
:109FE0001268916A884720690028EFD1012020611A
:109FF000234800680068C068806900F0010050B123
:10A000001F4800680068C0688069C0F3400010B154
:10A010000120606101E000206061606908B10120F9
:10A0200000E0002007462868406998B12868007C55
:10A03000C0F3011048B12868007CC0F3800020B153
:10A04000D6E9001000F01EF804E0D6E900212868E7
:10A05000FDF77EF8206880B1606870B12868007CE8
:10A0600000F0010000B147B12168A068884202D128
:10A070006068A06001E02068A060BDE8F081000099
:10A08000C00000202DE9F34F83B0044688480068E3
:10A090000568874800680068007CC0F3400040B154
:10A0A000287CC0F3800020B100BF00BF05B0BDE830
:10A0B000F08F287CC0F3011002280AD121462846DF
:10A0C000049A00F004F921462846049AFDF740F866
:10A0D000EBE0287CC0F30110012804D0287CC0F3F9
:10A0E00001100328F4D1002002907148006810F09C
:10A0F0005BFD824620460DF094FE064620460DF09C
:10A100001DFE83464FF4A050B0FBF6F000B2584558
:10A1100005DA4FF4A050B0FBF6F000B200E058466C
:10A120000190B4F90280287CC0F3011001280BD102
:10A1300068882188401A401E00B2E080E088801BB9
:10A14000401C00B2608006E0208860806088304457
:10A15000401E00B2E08000279EE0ABEB07010198B3
:10A16000814201DD019801E0ABEB07000FFA80F9B5
:10A170000120CAF8100047BBB34526DBB146297C55
:10A18000C1F30111032901D1012100E0002108469A
:10A190003146049A00F00FF9287CC0F30110012821
:10A1A00007D1A4F8008008EB0600401E00B2A08092
:10A1B0003FE02888401EA0EB080000B2A080A088E5
:10A1C000801B401C00B2208033E0029820B94FF47D
:10A1D000205018F0D5F9029002980090297CC1F324
:10A1E0000111032901D1012100E0002108464A465E
:10A1F0003146049B00F0B2F8287CC0F3011001281E
:10A200000AD108EB070000B2208008EB07004844A1
:10A21000401E00B2A0800CE02888401EA0EB080081
:10A22000C01B00B2A080A088A0EB0900401C00B2B7
:10A23000208007EB090058450DDBDAF8180000F024
:10A24000010040B1DAF81800C0F3400018B1012055
:10A25000CAF8140002E00020CAF81400029808B9F5
:10A26000049800E00298024621462846FCF770FF59
:10A2700004E0A86A10B12846A96A8847DAF81000F5
:10A280000028F6D106FB09F1049800EB4100049088
:10A2900007EB090007B200BF5F45FFF65EAF02980B
:10A2A00010B1029818F0E8F900BF00BFFEE6000008
:10A2B000C000002018B5048800940C88048014881D
:10A2C0000C801C881480BDF800401C8018BD2DE94E
:10A2D000FC5F05460C46164620460DF0A2FD824660
:10A2E00020460DF02BFD83460AFB0BF001900198F0
:10A2F000471E4FF0000811E006EB47000088009071
:10A3000006EB470006EB48010988018006EB480090
:10A31000BDF8001001807F1E08F101084745EBD809
:10A32000B4F9069068886188401A401E00B2E08047
:10A330006888A0EB0900401E00B26080B4F9049068
:10A3400028882188401A401E00B2A0802888A0EBEF
:10A350000900401E00B22080BDE8FC9F2DE9F047B7
:10A3600004461D46089F01FB02F0A0F1010C481EA7
:10A3700000FB02F800231AE008EB03000CB1ACEB81
:10A38000000000260FE0A946AD1C07EB400AB9F813
:10A390000090AAF800900CB1104400E0801A06F179
:10A3A00001090FFA89F68E42EDDB581C03B2934285
:10A3B000E2DBBDE8F0872DE9F04782460C46154602
:10A3C00000263BE0002731E0601E801B0FFA80F87A
:10A3D000601EC01B0FFA80F9BAF1000F12D007FB04
:10A3E000048C05EB4C0308FB049C05EB4C0209FBB9
:10A3F000046C05EB4C0106FB047C05EB4C00FFF7FD
:10A4000059FF11E009FB046C05EB4C0308FB049CAD
:10A4100005EB4C0207FB048C05EB4C0106FB047CAE
:10A4200005EB4C00FFF746FF781C07B2601C00EB01
:10A43000D071B7EB610FC7DB701C06B204EBD471AF
:10A44000B6EB610FBEDBBDE8F08710B504462046D1
:10A4500015F038FD10BD00002DE9F14F9EB01E989B
:10A4600014F056F805462C461E9813F0F8FF1D9080
:10A47000606A17F041F807465020005D00F00100C7
:10A4800010B91FB0BDE8F08F0FA812F0A7FA0FAAFD
:10A490004FF4E02128461CF04FFA04F144010DA8C6
:10A4A0000DF035FCBDF83400616A898A084400B2B9
:10A4B000ADF83400BDF83610606AC08A084400B2B6
:10A4C000ADF83600BDF83800616A898A084400B2E8
:10A4D000ADF83800BDF83A10606AC08A084400B28E
:10A4E000ADF83A000DAA0FA91D9812F05BFA4FF4CF
:10A4F000E02128461BF0C0F906464FF4E02128462B
:10A500001BF022FC30440FFA80F84FF4E02128467B
:10A510001BF093FD30440FFA80F900200B900C9053
:10A52000E16CC8191F49096888478246E06CC11967
:10A5300052460BA818F041F9BDF83400404400B26F
:10A54000ADF83400BDF83600484400B2ADF836002E
:10A550004FF0000BD4F824A040F257425946504621
:10A560001BF078FD019001980A9002A811F02AFAD8
:10A5700002AA4FF4E02128461CF003F99DF83F00A1
:10A58000022805DCBDF81400BDF82810884207D069
:10A5900000200BAB0DAA02A900901D9810F05EFEE2
:10A5A00000BF6EE7380200202DE9F04FBDB0054630
:10A5B0000E4600BF00BFAB460BF13000FAF758FA69
:10A5C00010B13DB0BDE8F08F05F114023BA8B168B1
:10A5D000F8F784FE00B9F4E7B0683A903BA8B060A1
:10A5E00035A811F03BFA35AA4FF4E02128461CF0BB
:10A5F0002FF927A812F0F2F99DF8DC008DF89F00E2
:10A6000047F6FF70ADF89C004FF4E02128461BF0A0
:10A6100014FF074600EBD7704FEA60094FF4E021C2
:10A6200028461BF00AFF074600EBD7704FEA600A86
:10A63000314604A819F03AFE24A80A9016A80890FA
:10A640004FF4E020119069480590052006900BF129
:10A650003000FAF7BFF90446C0E00A2235A924A861
:10A6600018F0ABF8382227A916A818F0A6F8E08849
:10A67000ADF89000E088ADF85C0039A80D9038A8DE
:10A680000E90607B00F0010020B1B4F90070B4F9C5
:10A69000028010E0A08847F6FF71884200D197E061
:10A6A000A28801AB2846A1680EF01CFFBDF904701A
:10A6B000BDF9068000BFA88A384407B2E88A404442
:10A6C0000FFA80F8B9F1000F19D0BAF1000F16D0C7
:10A6D000A7EB090000B2ADF8080007EB090000B2D3
:10A6E000ADF80C00A8EB0A0000B2ADF80A0008EBC8
:10A6F0000A0000B2ADF80E0002A8079001E00020A9
:10A700000790207B00F0030070B3207B00F0010075
:10A7100010B1B5F9140000E03846ADF8E400ADF82A
:10A72000E680207B00F0020010B1B5F9180000E0CF
:10A730003846ADF8E000BDF8E600ADF8E20004AA46
:10A740001A21284613F0EAFE38AB39AA24A930466C
:10A7500011F06DF902AA16A9304612F023F904AAE5
:10A760001B21284613F0DAFE207B00F00C0070B3AA
:10A77000ADF8E470207B00F0040010B1B5F91600CC
:10A7800000E04046ADF8E600BDF8E400ADF8E000BA
:10A79000207B00F0080010B1B5F91A0000E0404637
:10A7A000ADF8E20004AA1A21284613F0B7FE38AB30
:10A7B00039AA24A9304611F03AF902AA16A930465E
:10A7C00012F0F0F804AA1B21284613F0A7FE00BFE0
:10A7D00021460BF13000FAF7F7F80446002C7FF41D
:10A7E0003CAF3A98B06000BFEBE60000E43D0308E0
:10A7F0002DE9F14F9AB01A9813F08AFE04461A9880
:10A8000013F02DFE199020461BF04BFE0746204604
:10A810001AF0ACF8834607EBD771A28A02EB61010C
:10A8200009B218910BEBDB714A10E18A114409B2AD
:10A83000179107EBD7714E1014A811F00FF914AA55
:10A84000002120461CF004F84FF41D707043552180
:10A8500090FBF1F0642190FBF1F000B2ADF85200F2
:10A86000BDF85200801C00B2ADF8520000201390D9
:10A87000002120461AF017FF0546002347F6FF7215
:10A8800004F114010DA811F093FF00210DA811F09F
:10A8900011F90C9000BFA08AADF82800E08AADF84D
:10A8A0002A00208BADF82C00608BADF82E0000BF85
:10A8B000BDF82800284400B2ADF82800BDF82C00EF
:10A8C000401B00B2ADF82C00BDF82A00284400B2AD
:10A8D000ADF82A00BDF82E00401B00B2ADF82E00E6
:10A8E000012347F6FF720AA904A811F061FF0021B5
:10A8F00004A811F0DFF80390BDF952804FF0000A70
:10A900004FE051462046FBF79FFB0090BDF800004A
:10A91000ADF850001398C0F30F290FFA89F021F019
:10A920001FFE06EB08014843189901EBE03000B226
:10A93000ADF804000FFA89F021F002FE06EB0801E1
:10A940004843179901EBE03000B2ADF806000FFA6A
:10A9500089F021F005FE711BA1EB0801484318990D
:10A9600001EBE03000B2ADF808000FFA89F021F0F9
:10A97000E7FD711BA1EB08014843179901EBE0309B
:10A9800001B2ADF80A1002AB01AA14A9199811F08E
:10A990004EF80AF103001FFA80FA139800F5876059
:10A9A0001390BAF5807FACDD0DA811F065FB04A80B
:10A9B00011F062FB0C9811F0E3FF039811F0E0FF37
:10A9C0001BB0BDE8F08F00002DE9F04FA5B00446A4
:10A9D0000F46254604F1140123A8BA68F8F77EFC57
:10A9E0002290229810B925B0BDE8F08FB868219068
:10A9F00023A8B860002120461AF017FF1E900021FE
:10AA000020461BF02CF901461E98084400B21D9008
:10AA1000002120461BF08FFA01461E98084400B220
:10AA20001C90204619F02DFF7E35E988484300121E
:10AA300000B21B90204619F005FF298948430012F7
:10AA400000B21A9017A811F009F817AA00212046A1
:10AA50001BF0FEFE394605A819F028FC00201290D4
:10AA60008C4806900020079017A80B904FF0FF30FD
:10AA7000139000200E900F9005AA1A21204613F083
:10AA80004DFD002001903122204601991BF0E2FA91
:10AA90000090009800F0FF0B00BF002120461AF044
:10AAA000C4FE0490002001903322204601991BF03F
:10AAB000D1FA0090009800F0FF0800BF20461AF07D
:10AAC0004BF8039020461AF041F9029035F87E09C0
:10AAD000002865D0E18A1C9801440298081A00B247
:10AAE0000190A08AADF88000208BADF87C004FF07B
:10AAF0000009B5F87E000FFA80FABBF1020F1ADDEB
:10AB00000498002817DD08F0020040B1002120461B
:10AB10001BF011FA18B909F101000FFA80F908F0D9
:10AB2000010040B1002120461AF0BCFF18B9AAF17B
:10AB300001000FFA80FA4E462FE01A987043B5F8DC
:10AB40007E10491E90FBF1F000B2ADF88200BDF816
:10AB500082100198084400B2ADF88200BDF882006E
:10AB6000ADF87E004B4806900120079020A80E907B
:10AB70001FA80F90139605AA1A21204613F0CEFCA9
:10AB80001FAB20AA17A9384610F051FF05AA1B21B8
:10AB9000204613F0C3FC701C06B25645CDDB00BF47
:10ABA000B5F88000002865D0A18A1D98014403985B
:10ABB000081A00B20190E08AADF88200608BADF80F
:10ABC0007E004FF00009B5F880000FFA80FABBF163
:10ABD000020F1ADD0498002817DD08F0040040B1C8
:10ABE000002120461BF03BF818B909F101000FFACB
:10ABF00080F908F0080040B1002120461BF0D8F889
:10AC000018B9AAF101000FFA80FA4E462FE01B98FE
:10AC10007043B5F88010491E90FBF1F000B2ADF81A
:10AC20008000BDF880100198084400B2ADF88000A3
:10AC3000BDF88000ADF87C00164806900220079011
:10AC400020A80E901FA80F90139605AA1A2120463F
:10AC500013F064FC1FAB20AA17A9384610F0E7FEDA
:10AC600005AA1B21204613F059FC701C06B256455C
:10AC7000CDDB00BF4FF0FF30139000200E900F90FF
:10AC800005AA1B21204613F049FC2198B86000BF9B
:10AC9000A9E60000E43D03082DE9F14F9AB01A98A7
:10ACA00013F0D5FB07461A9813F032FC05462C46E4
:10ACB000122F7DD11A9813F028FC0646307802280E
:10ACC00002D11BB0BDE8F08F94F8380000F003000B
:10ACD000032805D094F8380000F00300022802D1C0
:10ACE00001203070EDE794F83800C0F384000428A8
:10ACF00008D094F83800C0F38400012802D0012065
:10AD00003070DEE74FF0000A4622514628461BF01D
:10AD1000A1F919901998C0B2FF2802D00120307013
:10AD2000CFE7002128461BF013FB8146208E81448B
:10AD3000B9F1000F02D001203070C2E7002128468F
:10AD40001BF047FB8046E08E00FB08F04FEA20280E
:10AD50001A9813F0DAFB8346B8F5807F09D10022F8
:10AD600005F114015846F8F7FAFAE8BB01203070F3
:10AD7000A7E7284619F0FAFD824628461BF091FB0A
:10AD8000179004F132001FFA88F100235246CDE9F2
:10AD9000001018A81799F8F74BFEBDF86000A98AB3
:10ADA000084400B2ADF86000BDF86210E88A00E027
:10ADB0001DE0084400B2ADF86200BDF86400A98A45
:10ADC000084400B2ADF86400BDF86610E88A084493
:10ADD00000B2ADF86600002218A95846F8F7BFFA8D
:10ADE00018B9012030706CE700E000BF19E2152FA0
:10ADF00001D0182FFAD1002128461BF0EAFA80462C
:10AE0000E08E00FB08F04FEA2028002128461BF0C6
:10AE10009FFA8246208E824428461BF042FB1990FE
:10AE2000284619F0A3FD1890002641F2320231465F
:10AE300028461BF00FF90E900E9800B2814600BF15
:10AE400041F61202314628461BF004F90E900E9886
:10AE500048440FFA80FB00BF41F6130231462846F2
:10AE60001BF0F8F80E900E98484400B2179000BFFF
:10AE700041F61002314628461BF0ECF80E900E9871
:10AE8000484400B2169000BF41F6110231462846F0
:10AE90001BF0E0F80E900E98484400B21590608EBA
:10AEA000584400B2ADF85000A18E1698084400B284
:10AEB000ADF8520094F8390000F00300012804D1E5
:10AEC00012A9284619F0FCFC27E014A91FFA88F003
:10AED0000FFA8AF3CDE9000112A8DDE91821F8F78D
:10AEE000A7FDBDF84800A98A084400B2ADF84800A3
:10AEF000BDF84A10E88A084400B2ADF84A00BDF82F
:10AF00004C00A98A084400B2ADF84C00BDF84E10C0
:10AF1000E88A084400B2ADF84E0005F1140110A80B
:10AF20000CF0E3FE12A905F114000CF0DEFEBE48A1
:10AF30001A9919F0E1FB0F900F98012800D0C0E694
:10AF400010A905F114000CF0D0FE152F7ED1E08D74
:10AF500008B1A08D00B9B4E6B8F1000F00D1B0E699
:10AF60001A9813F07CFA064605F114010DA80CF0AE
:10AF7000BCFE284615F018FA0C9094F8390000F041
:10AF8000030001283CD1B4F92C10BDF93020891AF6
:10AF9000481C00EBD071BDF83420A2EB610109B26E
:10AFA000ADF83410B4F92C10BDF93020891A481CC2
:10AFB00000EBD071BDF83820A2EB610109B2ADF809
:10AFC0003810B4F92E10BDF93220891A481C00EB54
:10AFD000D071BDF83620A2EB610109B2ADF8361090
:10AFE000B4F92E10BDF93220891A481C00EBD0713B
:10AFF000BDF83A20A2EB610109B2ADF83A1013E0B6
:10B0000012A80CF069FFBDF834100844401E00B2CD
:10B01000ADF8380012A80CF0D7FEBDF83610084481
:10B02000401E00B2ADF83A00BDF83400584400B2FA
:10B03000ADF83400BDF836101698084400B2ADF8EB
:10B040003600BDF838101798081A00E0E8E000B2A2
:10B05000ADF83800BDF83A101598081A00B2ADF8EE
:10B060003A0094F8380000F00300012805D094F865
:10B07000380000F0030000287AD106A810F0D1F8BB
:10B0800006AA002128461BF01DFB1FFA88F0ADF828
:10B090001A001FFA8AF0ADF81800608EADF81C0097
:10B0A000A18EADF81E1094F83800C0098DF82C0060
:10B0B000BDF84800584400B2ADF81000BDF84A1081
:10B0C0001698084400B2ADF81200BDF84C1017985D
:10B0D000081A00B2ADF81400BDF84E101598081A01
:10B0E00000B2ADF81600B068039004AA04A8B168D5
:10B0F000F8F7F4F800B9E4E504A8B060BDF836103C
:10B10000608D084400B2ADF80600BDF90600BDF937
:10B110003610884206DDBDF80600E18D401A00B207
:10B12000ADF80600BDF80600E18D0844401E00B2EF
:10B13000ADF80A0049E0BDF83400218D084400B2A2
:10B14000ADF80400BDF90400BDF93410884206DDF5
:10B15000BDF80400A18D401A00B2ADF80400BDF89E
:10B160000400A18D0844401E00B2ADF8080016E0AE
:10B1700034E001AA06A93046636A10F003F8BDF86E
:10B180000400BDF83010084400B2ADF80400BDF86A
:10B190000800BDF83010084400B2ADF80800BDF951
:10B1A0000400BDF938108842E3DBBDF80600BDF8A5
:10B1B0003210084400B2ADF80600BDF80A00BDF830
:10B1C0003210084400B2ADF80A00BDF90600BDF91E
:10B1D0003A108842AFDB0398B06020E094F8380062
:10B1E00000F00300022811D104A810F0EBFB04AA20
:10B1F000002128461BF0C5FA0020009005F114023A
:10B2000004A93046636A10F029F808E000BF00BFC7
:10B21000002305F11402194630460FF0B3FF00BFBA
:10B2200000BF00BF4DE50000707C03082DE9F14F21
:10B23000DCB05C9813F06CF905462C465C9813F072
:10B240000EF95B9059A9284619F03AFB0020CDE988
:10B25000105040F60A02DDE910011AF0FBFE0F90D3
:10B260000F9800B258900020CDE9105040F60B0224
:10B27000DDE910011AF0EEFE0F900F9800B2579022
:10B28000BDF864115898081A00B2ADF86401BDF811
:10B2900068115898084400B2ADF86801BDF866110D
:10B2A0005798081A00B2ADF86601BDF86A115798B0
:10B2B000084400B2ADF86A0159A80CF0FFFD8346BE
:10B2C00059A80CF073FD5690D4E90A10A0EB0109BF
:10B2D0005698834501DB012000E0002080460020D5
:10B2E000559094F85C0000F0030001280BD1A06A8F
:10B2F000002808DAE06A002805DDA16A206B884290
:10B3000001D101205590002128461AF0CFFC54901D
:10B31000002128461AF073FD5390002128461AF0A8
:10B3200031FE5290002128461AF0E3FB519059A9B2
:10B3300004F134000CF0C7FCA18E5498084400B20C
:10B34000A086218F5398081A01B22187E18E529866
:10B35000084401B2E186618F5198081A01B26187F1
:10B36000B8F1000F13D004F134000CF01FFD0428D5
:10B370000DDA569800EBD0714A10E98A1144891E03
:10B380000AB2E286E08E001D01B2618715E0B8F1D5
:10B39000000F12D104F134000CF090FD04280CDAF7
:10B3A00058460BEBD071AA8A02EB6101891E09B2E3
:10B3B000A186A08E001D01B2218704F134000CF09B
:10B3C0007DFD509004F134000CF0F0FC4F90B8F18A
:10B3D000000F01D0509800E04F988246B8F1000F5E
:10B3E00005D004F13406371DFE484C9004E004F10A
:10B3F0003606371DFC484C90A06D401CF8B1A36A7E
:10B40000216DC91A01FB0AF191FBF9F108B2A36A97
:10B41000616DC91A01FB0AF191FBF9F10AB2131A25
:10B42000D4F858C003FB0CF1CB1701EB13631B12CC
:10B430001BB24D934D99014409B24D9108E0A16AA8
:10B44000206B401A00FB0AF090FBF9F000B24D901F
:10B45000A06C401CE0B1A36A216CC91A01FB0AF17F
:10B4600091FBF9F108B2A36A616CC91A01FB0AF1F8
:10B4700091FBF9F10AB2131AD4F848C003FB0CF19E
:10B48000CB1701EB136300EB23231BB24E9308E0B1
:10B49000D4E90901401A00FB0AF090FBF9F000B270
:10B4A0004E900020119041F26A42284611991AF0FC
:10B4B000D1FD10901098C0B24B90B8F1000F0ED093
:10B4C0004B9801280BD130463E4607464E994942DB
:10B4D00009B24E914D99494209B24D9100BFB8F160
:10B4E000000F0AD031884E98084400B23880318865
:10B4F0004D98084400B230800AE039884E98081A06
:10B50000401C00B2308039884D98081A00B238804B
:10B51000559878B3A26A524202FB0AF292FBF9F202
:10B5200011B2B8F1000F0CD032880A4410B2B7F94A
:10B530000020824201DD30801BE03A883280388072
:10B5400017E03A88521A521C10B2B6F90020824213
:10B5500001DD388002E032883A803080B7F900207F
:10B56000B6F900309A4204DAB6F900003A8832801F
:10B57000388000BF559800BB04F134004C998847CF
:10B5800001281ADC68465B9918F090FE4FF40030F1
:10B590000D90964801900020029004F13400039031
:10B5A0006A461A21284612F0B9FF6A461B2128462E
:10B5B00012F0B4FF5DB0BDE8F08F04F1340149A88A
:10B5C0000CF081FB3BA811F009FA3BAA4FF40031C3
:10B5D00028461BF0B1F929A85B9918F067FE4FF4D3
:10B5E0000030369081482A9000202B903BA82D9067
:10B5F00004F134002C9029AA1A21284612F08EFF5B
:10B60000002011906022284611991AF023FD109015
:10B61000109800B228905698834501DA584600E009
:10B6200056982790DDE92701B1EB600F02DD2798DE
:10B6300040102890BDF9EC0026904F995098884210
:10B6400001DA509800E04F982790DDE92601B0EB31
:10B65000610F02DD279840102690B8F1000F08D046
:10B6600004F134000CF02AFC01462698B1EB400F9F
:10B670000BDCB8F1000F28D104F134000CF096FB7C
:10B6800001462698B1EB400F1FDD9DF8EF001190A9
:10B690009DF8060110909DF80E010F9000208DF886
:10B6A000EF008DF806018DF80E0104F134023BA97C
:10B6B0005B9811F077F911988DF8EF0010988DF8DC
:10B6C00006010F988DF80E0100BFA98A549808440E
:10B6D00000B2ADF87800298B5398081A00B2ADF883
:10B6E0007C00E98A5298084400B2ADF87A00698B70
:10B6F0005198081A00B2ADF87E0000231EA920A8B8
:10B70000289A11F055F8002120A810F0D3F91D90C7
:10B710009DF822011C909DF80E011B9000208DF8D1
:10B720000E018DF8220159A919A80CF0CCFABDF828
:10B7300064105498084400B2ADF86400BDF8661077
:10B740005298084400B2ADF86600BDF868105398EE
:10B75000081A00B2ADF86800BDF86A105198081ACE
:10B7600000B2ADF86A00B8F1000F15D019A80CF0BE
:10B770001DFB042810DA569800EBD0714A10E98AB4
:10B780001144891E09B2ADF86610BDF86600001DAF
:10B7900000B2ADF86A0017E0B8F1000F14D119A893
:10B7A0000CF08CFB04280FDA58460BEBD071AA8AF8
:10B7B00002EB6101891E09B2ADF86410BDF86400A6
:10B7C000001D00B2ADF86800BDF9EC20002304F1C3
:10B7D000340113A810F0ECFF002113A810F06AF94F
:10B7E000129005E0BD7E0108AD7D0108C87B03080D
:10B7F00019AA3BA95B9811F0D5F81B988DF80E019A
:10B800001C988DF8220100208DF8EF008DF80601BC
:10B810008DF8220104F134023BA95B9811F0C2F8C3
:10B8200013A810F029FC20A810F026FC129811F0A3
:10B83000A7F81D9811F0A4F829AA1B21284612F098
:10B840006DFE00BFB6E6F0B591B00546284612F091
:10B850005FFE0446284612F002FE0746264603A86D
:10B8600011F0BCF803AA4FF4403120461BF064F8F5
:10B8700047F6FF70ADF80C002C20805D00F0010051
:10B8800038B120460FF005F80090BDF80000ADF883
:10B890001000214601A808F05DFB01AA03A9384663
:10B8A00011F080F811B0F0BD2DE9F04FB3B0814632
:10B8B000484612F02DFE80464446484612F0CFFD21
:10B8C00032900021404619F049FF054640461AF0E3
:10B8D000E8FD8246404619F049F88346DA4501DB27
:10B8E000012000E0002006460EB1584600E0504618
:10B8F0003190002794F85C0000F00300012806D185
:10B90000A06A002803DAE06A002800DD0127002E83
:10B910003CD097B93EB1012D02D1B4F9340009E011
:10B92000B4F9380006E0012D02D1B4F9360001E087
:10B93000B4F93A00ADF8BC0037E0606A002812DBC9
:10B940003EB1012D02D1B4F9340009E0B4F9380058
:10B9500006E0012D02D1B4F9360001E0B4F93A0055
:10B96000ADF8BC0021E03EB1012D02D0B4F93400A5
:10B9700009E0B4F9380006E0012D02D0B4F9360030
:10B9800001E0B4F93A00ADF8BC000EE01FB9E08E5A
:10B99000ADF8BE0009E0606A002803DBE08EADF878
:10B9A000BE0002E0608FADF8BE0021A811F016F8CD
:10B9B00021AA4FF4403140461AF0BEFF33462FA96A
:10B9C0004046319A22F007F92FA904F168000CF0E3
:10B9D00095F90FA8329918F069FC4FF440301C908B
:10B9E0003C481090002011901D9004F168001290C6
:10B9F00021A8139040461EF012F9022810D00FAA79
:10BA00001A21404612F08AFD04F1680221A93298F9
:10BA100010F0C8FF0FAA1B21404612F07FFD55E031
:10BA2000382221A901A816F0C8FE0FAA1A21404603
:10BA300012F074FD04F1680221A9329810F0B2FFEF
:10BA40000FAA1B21404612F069FD96B13EB1012DAF
:10BA500002D0B4F9340009E0B4F9380006E0012D51
:10BA600002D0B4F9360001E0B4F93A00ADF8BC00F8
:10BA700002E0608FADF8BE0033462FA94046319AF0
:10BA800022F0A9F82FA904F160000CF037F9382250
:10BA900001A921A816F091FE0120119004F1600087
:10BAA000129021A8139001201D900FAA1A21404640
:10BAB00012F034FD04F1600221A9329810F072FFF7
:10BAC0000FAA1B21404612F029FD00BF33B0BDE88C
:10BAD000F08F0000FC7C03082DE9F04790B007468A
:10BAE000384612F015FD0546284618F08FFF064629
:10BAF00008A80FF067FF08AA002130461AF041FE9F
:10BB0000384612F0ACFC0446D4F8088006F1140262
:10BB100006A8A168F7F7E2FB10B910B0BDE8F087FE
:10BB200006A8A06004A9304608F0B8FEA88AADF8BF
:10BB30000800E88AADF80A00288BADF80C00BDF8C3
:10BB40001200ADF80E0002AA02A8A168F7F7C6FB22
:10BB500098B1D4F8089002A8A060284615F0CCFC53
:10BB600082460020534605F1140208A900902046A1
:10BB70000FF074FBC4F8089000BFA88AADF8080065
:10BB8000BDF81600ADF80A00288BADF80C00688BE4
:10BB9000ADF80E0002AA02A8A168F7F79FFB98B1C2
:10BBA000D4F8089002A8A060284615F0A5FC8246AB
:10BBB0000020534605F1140208A9009020460FF01A
:10BBC0004DFBC4F8089000BFC4F8088000BFA4E78C
:10BBD0002DE9FF4FA1B0064614462498807B00F063
:10BBE0000F052298807E1F90032D00D10425012D82
:10BBF00006D0022D0BD0042D10D0082D1DD114E03D
:10BC0000DFF86C834FF0800A02201E901AE0DFF804
:10BC100064834FF0C00A04201E9013E0DFF85883BD
:10BC20004FF0F00A10201E900CE0DFF850834FF028
:10BC3000FF0A4FF480701E9004E000BF00BF25B0E3
:10BC4000BDE8F08F00BF1F98FD2823DACC480178AB
:10BC50001F98814203D1CB480068A84213D000202E
:10BC60000DE018F80010FF2901D11F9904E018F821
:10BC700000101F9A51430912C34A1154401C1E99C7
:10BC80008842EED300BFDFF80083BD491F980870DB
:10BC9000BC4805602498B0F806B0249800891B9031
:10BCA0000BFB05F01A90B4F90000B168B1F900106F
:10BCB000884201DB002005E0B068B0F90000B4F96B
:10BCC0000010401A1990B4F900005844B168B1F955
:10BCD0000410884201DC584606E0B068B0F9040060
:10BCE000B4F90010401A401C1890B4F90200B16871
:10BCF000B1F90210884201DB002005E0B068B0F91C
:10BD00000200B4F90210401A1790B4F902101B98FF
:10BD10000844B168B1F90610884201DC1B9806E0BE
:10BD2000B068B0F90600B4F90210401A401C169031
:10BD30001A9917984843199901FB050015902E99F7
:10BD4000159801EBD0002E90159800F007071C21E4
:10BD50000DA816F0C0FE22988089ADF83C0022980C
:10BD6000807E8DF84C002298807FC0F3C2008DF851
:10BD70004D00F9F743F901900EF01AFF0C901B9853
:10BD80000BFB00F10C98814201DD0C9802E01B993D
:10BD90000BFB01F00B900B9816F0F2FB8146CDF8EF
:10BDA000409000200A9021881998084400B2ADF80C
:10BDB0002000218818980844401E00B2ADF82400E5
:10BDC00061881798084400B2ADF82200BDF822003F
:10BDD000ADF8260000BFBDF82400BDF82010401AC1
:10BDE000401C00B2079000BFBDF82000ADF8140061
:10BDF000BDF82200ADF81600BDF82400ADF818001B
:10BE0000BDF82600ADF81A0000BFBDF81610169850
:10BE1000084400B2ADF81A0005A810F051F90490DA
:10BE200008A80D901290C5F10800039019980BEB2B
:10BE300000011898081A6843029017981C9078E03F
:10BE40000A9801902AFA07F0209019981D9028E08E
:10BE50002E980078209908400399C91BC840149077
:10BE6000149830B1149818F800100A9809F80010C6
:10BE700003E000210A9809F800100398874204D2D1
:10BE80002F442098E840209005E00027CDF880A0BE
:10BE90002E98401C2E900A98401C0A901D98401C19
:10BEA0001D9018991D988842D2DB0498A0B1BDF965
:10BEB0002620BDF92010019B09EB0300079B10F021
:10BEC000AFF88DF844009DF8440028B9019909EBBA
:10BED0000100079916F0FFFDDDE91801411A0A98E3
:10BEE00001440B98814206D2BDF82600401C00B2E6
:10BEF000ADF8260012E002208DF844000DA930466E
:10BF000010F08EFFBDF82600401C00B2ADF82200F4
:10BF1000BDF82200ADF8260000200A9002980744E0
:10BF20002E9800EBD7002E9007F007071C98401CB6
:10BF30001C9016991C98884282DBBDF92200BDF93D
:10BF4000261088420ED0BDF82600401E00B2ADF883
:10BF5000260002208DF844000DA9304610F060FF45
:10BF600000200A90484616F087FB00BF67E60000F5
:10BF7000303C0308323C03083E3C03084E3C0308B7
:10BF8000D0000020D4000020E84300202DE9FF4F1E
:10BF90008FB00C4615461E46B4F90200401E0E90A6
:10BFA0000E9840100D900E9800F001010D98084475
:10BFB0000C90B5F90000B6F90010884202DAB5F924
:10BFC000000001E0B6F90000ADF82800B5F9000066
:10BFD000B6F90010884202DDB5F9000001E0B6F9BB
:10BFE0000000401E00B2ADF82C0069880C98081AB9
:10BFF00000B2ADF82A0069880D98084400B2ADF887
:10C000002E000F980AA982680AA8F7F767F98246F6
:10C01000BAF1000F02D113B0BDE8F08FE08818B17B
:10C02000A08808B1012000E000208346012009908B
:10C030000AA810F045F810B10020099004E0BBF107
:10C04000000F01D0002009901C2102A816F043FD2A
:10C050000AA802902088ADF81000207A8DF8200000
:10C06000099820B102A90F9810F0DAFE78E00AA82A
:10C070000BF001FF0746BDF92E000190BDF82A0024
:10C08000ADF82E0000200090BBF1000F0BD0B4F9EA
:10C090000600B4F904100844BDF9281091FBF0F231
:10C0A00000FB12100090384616F06AFA8046CDF870
:10C0B00014800AA80790BDF92A904AE03946404604
:10C0C00016F040FDBDF928103BB20FFA89F2404648
:10C0D0000FF0A6FF8DF81800BBF1000F27D09DF8D8
:10C0E000180020B3009800211BE0B4F9042082421C
:10C0F00007DBA3881B1A1AB28B1819B2831818B25F
:10C100000BE0B4F90620B4F904301A44824201DC91
:10C11000002002E0002208F801204A1C11B2421C53
:10C1200010B2B942E1DB02228DF8182000BF02A94B
:10C130000F9810F075FEBDF82A00401C00B2ADF853
:10C140002A00BDF82E00401C00B2ADF82E0009F107
:10C15000010901988145B1DD404616F08DFA00BF16
:10C1600000BF58E72DE9FF4FC7B08B4691469A466E
:10C17000B9F90200BAF90210884210DAB9F80200DF
:10C18000ADF81A01BAF80200ADF81601B9F80000CE
:10C19000ADF81801BAF80000ADF814010FE0BAF8D4
:10C1A0000200ADF81A01B9F80200ADF81601BAF8AC
:10C1B0000000ADF81801B9F80000ADF81401BDF9A0
:10C1C0001401BDF91811441ABDF91601BDF91A116F
:10C1D000451A002C01DD204600E06042002D01DD03
:10C1E000294600E06942884201DD012000E000208C
:10C1F0004490BBF9026000204390449870B1002D38
:10C2000001DD284600E068424101002C01DD2046A6
:10C2100000E0604291FBF0F043900DE0002C01DD66
:10C22000204600E060424101002D01DD284600E08B
:10C23000684291FBF0F04390E0494398085C7043FA
:10C240003F30C611771006F0010000EB0708BDF97A
:10C250001801BDF91411884202DABDF9180101E094
:10C26000BDF91401801B00B2ADF80401BDF918013D
:10C27000BDF91411884202DDBDF9180101E0BDF9D4
:10C280001401304400B2ADF80801BDF91A01BDF93E
:10C290001611884202DABDF91A0101E0BDF9160152
:10C2A000801B00B2ADF80601BDF91A01BDF91611E7
:10C2B000884202DDBDF91A0101E0BDF916013044E2
:10C2C00000B2ADF80A01479841A9826841A8F7F782
:10C2D00005F84090409810B94BB0BDE8F08F4498F5
:10C2E000F0B3002C24DD0021BDF81601C01B00B204
:10C2F000CDE90001BDF91431BDF81A01C01B02B22D
:10C30000BDF9181135A80FF0D5FF0121BDF81601B0
:10C31000404400B2CDE90001BDF91431BDF81A0165
:10C32000404402B2BDF918112AA80FF0C3FF4AE039
:10C330000021BDF81601404400B2CDE90001BDF96D
:10C340001431BDF81A01404402B2BDF9181135A8E4
:10C350000FF0B0FF0121BDF81601C01B00B200E0D4
:10C360000DE0CDE90001BDF91431BDF81A01C01B83
:10C3700002B2BDF918112AA80FF09CFF23E000219A
:10C38000BDF91601CDE90001BDF81401404403B226
:10C39000BDF91A21BDF81801404401B235A80FF0CB
:10C3A00089FF0121BDF91601CDE90001BDF8140195
:10C3B000C01B03B2BDF91A21BDF81801C01B01B2A0
:10C3C0002AA80FF077FF002135A80FF073FB139018
:10C3D00000212AA80FF06EFB12904FF0FF30119051
:10C3E00010909BF80900C0F3001068BB0321BDF852
:10C3F0001A01204400B2CDE90001BDF81801401B2C
:10C4000003B2BDF91A21BDF918111FA80FF052FF90
:10C410000221BDF81601204400B2CDE90001BDF8AB
:10C420001401401B03B2BDF91621BDF9141114A863
:10C430000FF040FF00211FA80FF03CFB11900021DE
:10C4400014A80FF037FB109041A80BF014FD0F90CB
:10C45000F8F7D4FD01900EF0ABFB0D9041A80BF066
:10C46000C1FC01460D98814203D241A80BF0BAFCF1
:10C4700000E00D980C900C9816F082F80B90BDF926
:10C480000A010A90BDF80601ADF80A0100200990E2
:10C49000DDE90B0116F056FB1C2102A816F01BFB70
:10C4A00041A80290BBF80000ADF810009BF808000E
:10C4B0008DF820000B98059041A80790BDF9060162
:10C4C0000E9040E0BDF90411099B0B9AD0180F9A09
:10C4D00013B20E9A12B20FF0A3FD8DF818009DF85A
:10C4E000180028B9099A0B9988180F9916F0F3FAD1
:10C4F0000F990998084409900F99099801440C98DC
:10C50000814206D2BDF80A01401C00B2ADF80A0112
:10C5100016E002208DF8180002A9479810F080FC60
:10C52000BDF80A01401C00B2ADF80601BDF80601D5
:10C53000ADF80A0100200990DDE90B0116F002FBBD
:10C540000E98401C0E900A990E988842BADDBDF9EB
:10C550000601BDF90A1188420CD0BDF80A01401E3F
:10C5600000B2ADF80A0102208DF8180002A9479820
:10C5700010F056FC0B9816F07FF835A80FF07CFDF4
:10C580002AA80FF079FD1198401C10B11FA80FF0D8
:10C5900073FD1098401C10B114A80FF06DFD139896
:10C5A00010F0EEF9129810F0EBF9119810F0E8F98C
:10C5B000109810F0E5F900BF8EE600004E3D03082C
:10C5C0002DE9FF4F91B00C4615461E46B4F9020006
:10C5D000401E1090109840100F90109800F001012C
:10C5E0000F9808440E9029880E98081A00B2ADF8EA
:10C5F000300029880F98084400B2ADF83400B5F92E
:10C600000200B6F90210884202DAB5F9020001E030
:10C61000B6F90200ADF83200B5F90200B6F9021021
:10C62000884202DDB5F9020001E0B6F90200401EC1
:10C6300000B2ADF8360011980CA982680CA8F6F784
:10C640004DFE8146B9F1000F02D115B0BDE8F08F63
:10C65000E08818B1A08808B1012000E000208246DF
:10C6600001200B900CA80FF02BFD10B100200B90B7
:10C6700004E0BAF1000F01D000200B901C2104A8A7
:10C6800016F029FA0CA804902088ADF81800207A3A
:10C690008DF828000B9820B104A9119810F0C0FB68
:10C6A00066E00CA80BF0E7FB8346BDF9360003906B
:10C6B000BDF83200ADF83600584615F061FF029023
:10C6C000029807900CA8099000200190BAF1000F81
:10C6D0000BD0B4F90600B4F904100844BDF93210C7
:10C6E00091FBF0F200FB12100190019FBDF9328026
:10C6F00037E05946029816F025FABDF930100FFAC6
:10C700008BF30FFA88F202980FF08AFC8DF8200064
:10C71000BAF1000F13D09DF8200070B1B4F90400F5
:10C72000B84202DA00208DF82000B4F90600B4F90E
:10C7300004100844B84200DC0027781C07B204A9A2
:10C74000119810F06DFBBDF83200401C00B2ADF83E
:10C750003200BDF83600401C00B2ADF8360008F1DA
:10C76000010803988045C4DD029815F085FF00BFDD
:10C7700000BF6AE72DE9FC5F8046404611F0C8FE25
:10C780000746B946D9F824603446404611F067FEA2
:10C790000546606A00F114026846A968F6F79EFD36
:10C7A0008246BAF1000F41D0D5F808B0C5F808D0DC
:10C7B00094F83C00C0F3401048B3608FE18E88428B
:10C7C0000CD1628F212329463046FDF7FBFA628F98
:10C7D000212329463046FDF761FB24E0628F2023A8
:10C7E00029463046FDF7EEFA628F2023294630466F
:10C7F000FDF754FBE28E012329463046FDF7E2FAAD
:10C80000E28E012329463046FDF748FB0BE0628F9C
:10C81000202329463046FDF7D5FA628F202329468A
:10C820003046FDF73BFBC5F808B000BFBDE8FC9FF4
:10C830002DE9F14FD0B0509811F06AFE044625461C
:10C84000288E10B951B0BDE8F08F509811F007FE56
:10C850004F90608C20F00400001D60844DA920469C
:10C8600018F02EF80026B246B4F82080002020846C
:10C87000608C20F00400001D608427A810F0AEF842
:10C880001FA80FF09FF827AA4FF4A02120461AF006
:10C8900053F81FAA4FF4A021204619F072FF608CB4
:10C8A00020F004006084A4F820800021204619F0C4
:10C8B00076FB1E900021204619F028F91D900021DA
:10C8C000204619F000FA1C900021204619F0A4FA25
:10C8D0001B9009A84F9917F0E9FC4FF4A02016907F
:10C8E000D7480A9000200B903DA80D9035A80E90D7
:10C8F00000BF9BE103E00AF101001FFA80FA696AB8
:10C9000051F82A00CFA1F3F7E1FC0028F3D0E96A3F
:10C9100031F81600FAF718F800B181E10027E96A4A
:10C9200031F81600FAF700F808B147F00107E96A94
:10C9300031F81600FAF70CF810B147F0800716E04E
:10C94000A88EB04213D108F0200008B147F02007AC
:10C9500008F0020008B147F0020708F0040008B12F
:10C9600047F0040708F0080008B147F00807A86A74
:10C9700000EBC6014BA80BF0AFF9BDF82C01BDF8D8
:10C980003411084400B2ADF82C01BDF82E01BDF8F9
:10C990003611084400B2ADF82E01BDF83001BDF8E3
:10C9A0003411084400B2ADF83001BDF83201BDF8D1
:10C9B0003611084400B2ADF8320157B9382227A920
:10C9C0003DA815F0FAFE20221FA935A815F0F5FEA6
:10C9D0001DE02784608C20F00400001D60843DA8C9
:10C9E0000FF0FCFF35A80EF0EDFF3DAA4FF4A0219B
:10C9F000204619F0A1FF35AA4FF4A021204619F0D6
:10CA0000C0FEA4F82080608C20F004006084E96AF5
:10CA100031F81600F9F7A4FF8346BBF1000F06D0EA
:10CA20009DF8F10040F001008DF8F10005E09DF85F
:10CA3000F10020F001008DF8F1004BA80C90179642
:10CA400009AA1A21204611F069FD9DF81701400836
:10CA500000F01000F0B39DF8170120F03E001E30EA
:10CA60008DF81701BDF92C11B4F914201C9810444D
:10CA700081420AD19DF81701400820F004009DF87A
:10CA8000171160F345018DF81711BDF93011B4F994
:10CA900018201B98101A81420AD19DF817014008EE
:10CAA00020F008009DF8171160F345018DF817116B
:10CAB000BDF92E11B4F916201E98104481420CD1F4
:10CAC0009DF81701400820F002009DF8171160F34F
:10CAD000450100E014E08DF81711BDF93211B4F9E9
:10CAE0001A201D98101A81420AD19DF8170140089A
:10CAF00020F001009DF8171160F345018DF8171122
:10CB00004BA80BF05AF9814607F0200060B1E86AA3
:10CB100030F8160000F4007030B1BDF82E01A0EB23
:10CB2000090000B2ADF82E014BAA3DA94F980FF0B5
:10CB300039FF35980890BDF9E8000790BDF9E60087
:10CB40000690686A50F82A0005904DA80BF0BDF9D0
:10CB500003909DF8F11002460698CDE9012100905E
:10CB600004A8DDE9073205991FF0E8FD4BA80BF09A
:10CB7000ACF9BDF91010401A039000EBD070BDF86D
:10CB80002C1101EB600000B2ADF82C014BA80BF0AA
:10CB900014F9BDF91210401A039000EBD070BDF8E3
:10CBA0002E1101EB600000B2ADF82E01BDF82C0192
:10CBB000BDF81010084400B2ADF83001BDF82E01E8
:10CBC000BDF81210084400B2ADF8320107F02000A1
:10CBD000C0B1E86A30F8160000F4007090B1484621
:10CBE00009EBD071BDF82E21A2EB610109B2ADF8BD
:10CBF0002E1109EBD071BDF83221A2EB610109B20F
:10CC0000ADF83211002000904BAA35A9059B4F9832
:10CC10000EF024FB09AA1B21204611F07FFC00BF67
:10CC2000701C86B20AF101001FFA80FA288EB04209
:10CC30003FF760AE608C20F00400608400BF01E626
:10CC4000007C03080A0000002DE9F14FA2B02298F1
:10CC500011F05EFC04462546229811F000FC21905C
:10CC60000021204618F0EEFD81462646002741F6B9
:10CC700012023946304619F0EDF90A900A984844F4
:10CC800000B2209000BF41F613023946304619F039
:10CC9000E1F90A900A98484400B21F90002120460A
:10CCA00019F097F9484400B21E9016A80EF08AFEBB
:10CCB00016AA4FF40031204619F063FDA86A10B19E
:10CCC000D5F828800AE0802015F05AFC064680221C
:10CCD0003146204611F0F6F8B04600BF4FF0000A8A
:10CCE00095F83C0000F00F00012800D18246002694
:10CCF00041F26A423146204619F0ACF90A900A988E
:10CD0000C0B2012800D18246E86A00287ED0E86AD5
:10CD100013F05CFC0A900A98022814D19DF8750063
:10CD200041F6FF72BDF96A10CDE900120290BDF91B
:10CD30006C30169A07A8E96A1FF000FDBDF91C6067
:10CD4000BDF91E7011E007A9E86A13F0E7F8834601
:10CD5000BBF1010F05D10798C0F38A260798470D4C
:10CD600002E04FF0FF36374600BFBAF1000F0DD09A
:10CD7000A18A2098084400B2ADF82000BDF8200038
:10CD80003044401E00B2ADF824000DE0218B1F9806
:10CD9000081A801B00B2ADF82000BDF82000304416
:10CDA000401E00B2ADF824000A98022815D1E18A8D
:10CDB0001E98084400B2ADF82200BDF822003844A5
:10CDC000401E00B2ADF826000020009008AA16A967
:10CDD000EB6A21980EF042FA40E0204617F0C6FDBB
:10CDE000A0EB070B0BEBDB704110E08A084400B2AC
:10CDF000ADF82200BDF822003844401E00B2ADF864
:10CE0000260002A80EF00DFA02AA00E027E04FF477
:10CE10000031204619F056FC304606EBD07149101F
:10CE200009B2ADF80C10384607EBD07149100AB2C0
:10CE3000ADF80E204FF4003B43F60F025946204652
:10CE400019F008F90190019880B2ADF8080008AA1D
:10CE500002A9EB6A21980EF095F900BF00BF0EA859
:10CE60000EF0B0FD0EAA0021204619F08AFC9DF8B4
:10CE7000550041F6FF72BDF94A10CDE9001202904B
:10CE8000BDF94C3041460DA80E9A1FF057FCE18ABF
:10CE90001E98084400B2ADF82E00BDF82E00BDF873
:10CEA0003610084400B2ADF83200E86AB0B9204646
:10CEB00019F0F7FABDF93410461A06EBD670A18ABC
:10CEC00001EB600000B2ADF82C00BDF82C00BDF8FD
:10CED0003410084400B2ADF8300022E0BAF1000F7F
:10CEE00011D0218B1F98081ABDF83410401A00B2D7
:10CEF000ADF82C00BDF82C00BDF83410084400B289
:10CF0000ADF830000DE0A18A2098084400B2ADF8D9
:10CF10002C00BDF82C00BDF83410084400B2ADF868
:10CF20003000002043460BAA0EA9009021980EF075
:10CF300095F9A86A10B9404615F09EFB23B0BDE8EC
:10CF4000F08F2DE9F14F90B0109811F0E1FA0546FD
:10CF50002C46109811F083FA06460EA9284617F0C1
:10CF60003BFC002794F84800C0F3001008B147F0DC
:10CF7000010794F84800C0F3401008B147F00207D9
:10CF80000021284619F066FA42F2D171884205D193
:10CF9000688CC0F3802008B947F0040706A80EF09B
:10CFA00011FDB4F84400ADF82E004620005BADF84A
:10CFB00030008DF8357006AA0021284619F0E1FBF3
:10CFC0000DA8411E626A03780BB90123037000BFEC
:10CFD000284614F09DFA0790284614F093FA08901A
:10CFE0004FF6FF71079888421ED0089888421BD0E0
:10CFF0004FF4802B44F257425946284619F02AF83C
:10D00000029002980390BDF80C00ADF8260000BF16
:10D0100020225946284619F01DF8029002980390E4
:10D02000BDF80C00ADF8280094F8480000F00700A7
:10D03000022805D094F8480000F0070003281FD10B
:10D040009DF83400022803D09DF83400032817D13E
:10D0500041F6FF71BDF92A008DE88300BDF92C303F
:10D06000069A03A8616A1FF069FB0EA80AF03BFF4D
:10D07000BDF90C10884202DA01208DF8340000BF9F
:10D0800004F1300894F8480000F00700032805D0A8
:10D090000EA80AF0A0FEB0F5806F01DA4FF000088C
:10D0A0000EA904A8B268F6F719F98146B9F1000F84
:10D0B00002D111B0BDE8F08F94F8480000F00700ED
:10D0C00070B9284617F042FE8346CBF1000002B249
:10D0D00000210EA80AF01FFF688BADF83E0000BFCC
:10D0E00094F8480000F00700022805D094F84800A2
:10D0F00000F0070003280ED1D6F808B004A8B060ED
:10D10000CDF800800EAA06A93046636A0EF0A6F894
:10D11000C6F808B007E0CDF800800EAA06A9304690
:10D12000636A0EF09BF8D6F808A004A8B06094F8E3
:10D13000480000F0070003284FD141F6FF71BDF908
:10D140002A008DE88300BDF92C30069A03A8616A95
:10D150001FF0F4FA0EA80AF0C6FEBDF90C108842C2
:10D160001BDA20221146069811F01BFB00EB400051
:10D17000B4F84410BDF80C201144084400B2ADF8D6
:10D180002E004620005BADF83000CDF800800EAADE
:10D1900006A93046636A0EF061F80EA80AF01BFE7D
:10D1A000BDF90E10884217DAB4F84400ADF82E002D
:10D1B000069811F015FB4621095BBDF80E201144BD
:10D1C000084400B2ADF83000CDF800800EAA06A9E0
:10D1D0003046636A0EF042F800BFC6F808A000BFF0
:10D1E00067E72DE9F14F9AB01A9811F030F98046AF
:10D1F0001A9811F08DF90446B8F1150F16D11A9846
:10D2000011F02DF9054618A9204607F047FB0AA89A
:10D210000FF0E4FB0AAA4FF48021204619F08CFBA2
:10D2200018AA0AA928460FF0BDFBC5E0B8F1180FEF
:10D23000FBD11A9811F013F9054612A80EF0C2FBA3
:10D2400012AA4FF48021204619F09BFA10A920461B
:10D2500007F024FB10AA0EA8A968F6F73FF80D9076
:10D260000D9800287DD0204606F067FF81462046B5
:10D2700019F017F98346484614F03EF9022103904D
:10D28000BDF95A00CDE901B10090BDF95C300CA8A0
:10D29000129A03991FF052FA204617F067FB0646D0
:10D2A000304606EBD0714A10B4F916100A44B9F9A9
:10D2B0001610891A0B91484617F058FB0B998903F1
:10D2C00091FBF0F00B900021204618F0A8FF0A9087
:10D2D0001299B1F908200A99B1F90810501A00EB17
:10D2E000D071491009B20991BDF832100998081A95
:10D2F00000B2ADF83200304606EBD0714A10B4F9F6
:10D3000016105718BDF932000B99484307EBA037A8
:10D3100009983F1A0021204618F0A1FA82464FF0E2
:10D32000000B41F612025946204618F093FE039076
:10D33000039800B2089000BF41F6130259462046F8
:10D3400018F088FE0390039800B20790A18A08980D
:10D350000844504400B2ADF8140038B2ADF81600DD
:10D3600000E028E0218B0798081AA0EB0A0000B221
:10D37000ADF81800BDF81600BDF83210084400B230
:10D38000ADF81A009DF8650040F002008DF86500C8
:10D39000A86804900EA8A860484614F0ADF883462B
:10D3A00000205B4605AA12A9009028460DF056FF02
:10D3B0000498A86000BF00BF1BB0BDE8F08F2DE946
:10D3C000F14FA8B0289811F0A3F8044625462898F4
:10D3D00011F045F827900021204618F09BFC26907C
:10D3E0000021204618F03FFD25900021204618F02E
:10D3F0000AFE24900021204618F0AFFB239000BFC6
:10D40000A08AADF88400E08AADF88600208BADF8E4
:10D410008800608BADF88A0000BFBDF884102698A4
:10D42000084400B2ADF88400BDF888102598081AA9
:10D4300000B2ADF88800BDF886102498084400B208
:10D44000ADF88600BDF88A102398081A00B2ADF82E
:10D450008A0013A80FF0C2FA13AA4FF40031204635
:10D4600019F06AFA21AA13A927980FF09BFA00264F
:10D47000204617F07BFA074600BF208BA18A401A8E
:10D48000401CC01B0FFA80F8686A401C40B1696AF2
:10D4900001FB08F0C11700EB116109120EB20CE09C
:10D4A000204618F0C7F800F0010BBBF1000F01D0C7
:10D4B000404600E00020064600BF4FF0000B41F25E
:10D4C0006A425946204618F0C5FD00900098C0B247
:10D4D000012802D1A8EB060006B2A08A304400B2AF
:10D4E000ADF84400BDF84400384400B2ADF848003F
:10D4F000E08AADF84600608BADF84A004FF4403149
:10D50000204618F007FC81464FF44031204618F0C1
:10D51000AAFC82464FF44031204618F074FD10906A
:10D520004FF44031204618F018FB0F90BDF844002E
:10D53000A0EB090000B2ADF84400BDF8480050442B
:10D5400000B2ADF84800BDF846101098081A00B2B5
:10D55000ADF84600BDF84A100F98084400B2ADF887
:10D560004A0001A80FF03AFA01AA4FF440312046D0
:10D5700019F0E2F911AA01A927980FF013FA29B0BE
:10D58000BDE8F08F2DE9F14FE0B0609810F0C0FFDA
:10D5900004462546609810F062FF814604F11401AC
:10D5A0005EA8D9F80820F5F799FE10B961B0BDE87A
:10D5B000F08FD9F808005D905EA8C9F808004FF018
:10D5C000000841F232024146204618F043FD0C901B
:10D5D0000C9800B256900021204618F021FD55907D
:10D5E0000021204618F0C6FA54900021204618F079
:10D5F0009EFB53900021204618F042FC52904FF4BD
:10D60000A021204618F093FB51904FF4A021204612
:10D6100018F036FC50904FF4A021204618F000FD81
:10D620004F904FF4A021204618F0A4FA4E90208C81
:10D630004D9000202084608C20F00400001D608448
:10D640003FA80FF0CBF93FAA4FF4A021204619F0D4
:10D6500073F929A80EF0B6F929AA4FF4A0212046A3
:10D6600019F08FF84D982084608C20F004006084BD
:10D670000027204617F07EFB0146E28A55981044A9
:10D68000401E411A5698084400B2ADF86E0120467B
:10D6900017F066FB20900021204618F06CF8012856
:10D6A00000D100E000201F9049460DA816F0FEFDB5
:10D6B0004FF4A0201A90FE480E9000200F9031A841
:10D6C000119021A812904FF0000B33E2E86A30F974
:10D6D0001B000C90BDF86E01401C00B2ADF86A0151
:10D6E000BDF86A110C980844401E00B2ADF86E01F6
:10D6F000BDF96A01BDF97E11884200DD1EE21F9866
:10D7000058B1218B5298081A401E2099411A5698F8
:10D71000081A00B2ADF868010AE0A18A53980844DB
:10D72000401E2099411A5698084400B2ADF86C0189
:10D730000026F7E100200B90A86A50F8270020B1DE
:10D74000A86A50F8270000780B901F9880B1BDF8A8
:10D750006801401E00B2ADF86C01286B30F816006D
:10D76000BDF86C11081A401C00B2ADF868010FE05A
:10D77000BDF86C01401C00B2ADF86801286B30F8B0
:10D780001600BDF868110844401E00B2ADF86C01E7
:10D790004FF0000800BF34E007EB0801A86A50F81A
:10D7A000210048B307EB0802A96A51F8220008B12A
:10D7B00001780B910B9901F00101D9B11F9961B169
:10D7C00006EB0801491C2A6B32F81110BDF86821DC
:10D7D000511A09B2ADF868110DE006EB0801491CB9
:10D7E0002A6B32F81110BDF86C21114409B2ADF862
:10D7F0006C1100E00BE000E009E008F101001FFA05
:10D8000080F808EB0601A88C401E8142C4DB00BFF3
:10D81000BDF96E01BDF97A11884207DA08F10100FD
:10D82000384487B206EB080086B279E100BFBDF844
:10D830006801ADF82400BDF86A01ADF82600BDF816
:10D840006C01ADF82800BDF86E01ADF82A0000BFEC
:10D850009DF81F01400800F0040090B1BDF92410AC
:10D86000B4F914205398104481420ADDBDF91C011B
:10D8700000EBD071BDF82420A2EB610109B2ADF834
:10D8800024109DF81F01400800F0020090B1BDF97E
:10D890002610B4F916205598104481420ADDBDF9CE
:10D8A0001C0100EBD071BDF82620A2EB610109B28A
:10D8B000ADF826109DF81F01400800F00800B8B12F
:10D8C000BDF92810B4F918205298101A401E814250
:10D8D0000EDABDF91C0100EBD07182B202F0010238
:10D8E00002EB6101BDF82820114409B2ADF82810FF
:10D8F0009DF81F01C0F34000B8B1BDF92A10B4F97A
:10D900001A205498101A401E81420EDABDF91C01EB
:10D9100000EBD07182B202F0010202EB6101BDF8AE
:10D920002A20114409B2ADF82A104FF0000AE88EFF
:10D93000584523D1A88EB04220D194F8200000F0A1
:10D94000400030B994F8200000F0200008B14AF0FF
:10D95000200A94F8200000F0020008B14AF0020A00
:10D9600094F8200000F0040008B14AF0040A94F88A
:10D97000200000F0080008B14AF0080ABAF1000FD0
:10D980000AD138223FA931A814F017FF202229A973
:10D9900021A814F012FF1EE0A4F820A0608C20F053
:10D9A0000400001D608431A80FF018F821A80EF0C3
:10D9B00009F831AA4FF4A021204618F0BDFF21AA92
:10D9C0004FF4A021204618F0DCFE4D982084608C96
:10D9D00020F00400608409A81090A88C0BFB006064
:10D9E0001B900DAA1A21204610F098FD09AA31A912
:10D9F00048460EF0D7FFA86A50F8270000287DD0CF
:10DA0000BDF868115198084400B2ADF86001BDF846
:10DA10006C115098081A00B2ADF86401BDF86A1193
:10DA20004F98084400B2ADF86201BDF86E114E98EF
:10DA3000081A00B2ADF866010B98C0F340000890D8
:10DA4000089810B10220579001E00020579000BFC5
:10DA5000BDF86401BDF86011401A401C00B204908A
:10DA6000BDF9962004995798CDE900210290A86A43
:10DA700050F82700411CBDF998305CA8299A1EF087
:10DA80005DFE089818BB0C9901EBD172BDF86A31A4
:10DA900003EB6202BDF9720100EBD073A2EB6302EB
:10DAA00012B2ADF862210C9901EBD17202E00000D4
:10DAB000347D0308BDF86A3103EB6202BDF97201DF
:10DAC00000EBD07302EB630212B2ADF866215AAAE2
:10DAD0005EA906A8F5F702FC0590059890B106A886
:10DAE000C9F8080000200090A86A50F82700431CDD
:10DAF00058AA21A948460DF0B1FB00E003E05EA85A
:10DB0000C9F8080000BF0DAA1B21204610F006FD31
:10DB100008F10100384487B206EB080086B200BF66
:10DB2000701C86B2A88CB0423FF704AE0BF1010026
:10DB30001FFA80FBE88C58453FF7C8AD00BF5D98E1
:10DB4000C9F8080000BF31E52DE9F04FA3B0074642
:10DB500089461646229730460AF0A2F9054600EBA0
:10DB6000D5704FEA60083088404400B2ADF88400B8
:10DB70007088404400B2ADF886001EA80DF06EFF1C
:10DB80001EAA4FF4A021384618F062FE18A80DF026
:10DB900048FB18AA4FF4A021384618F093FD002145
:10DBA000384617F024FF1790494605A816F07EFB6B
:10DBB0007048069021A80E9022983030F6F70AFFA0
:10DBC0000446D1E025681694207901285CD1B5F986
:10DBD0002000E98B08440090B5F92030D5E9051202
:10DBE000E06814F07FFC8246A88B00EB0801608A95
:10DBF00008440FFA80FB0FFA8AF01EF0B1FC00FB1C
:10DC00000BF047F6FF7190FBF1F0BDF88610084469
:10DC100000B2ADF812000FFA8AF01EF099FC00FB7A
:10DC20000BF047F6FF7190FBF1F0BDF8841008444B
:10DC300000B2ADF81000A08AADF87800208A00B2DA
:10DC4000ADF87A006079FD2801DD179803E060796E
:10DC50001799484300128DF88000012013901EA8E8
:10DC60000B9004A80F9005AA1A21384610F056FC14
:10DC700004AB21AA1EA948460DF0D9FE05AA1B2116
:10DC8000384610F04BFC68E02079002865D1206907
:10DC900000B963E0B5F92000E98B08440090B5F9BC
:10DCA0002030D5E90512E06814F01CFC824604A976
:10DCB000206912F033F9BDF88410A08A081A00B266
:10DCC000ADF80800BDF88610E08A081A00B2ADF879
:10DCD0000A00BDF808000499C1F38A210844401ED7
:10DCE00000B2ADF80C00BDF80A00049900EB5150E9
:10DCF000401E00B2ADF80E006079FD2801DD1798D6
:10DD000003E060791799484300128DF86B00A08AF0
:10DD1000ADF86400E18A18A8C1800AEB8A004FEAD6
:10DD2000400ABAF5616F01DDAAF5616A1FFA8AF04F
:10DD3000ADF8600018A80C9005AA1A21384610F01A
:10DD4000EDFB02AA18A9484623690DF01BFA05AAA3
:10DD50001B21384610F0E2FB00BF00BF214622988D
:10DD60003030F6F731FE0446002C7FF42BAF23B0A1
:10DD7000BDE8F08F1C4303082DE9F74F8AB00C462D
:10DD8000904694F82A00022802DC0DB0BDE8F08F1E
:10DD9000E08C00B9F9E794F82A90B9F1FD0F01DDA4
:10DDA0004FF0FF09414608A809F084FF208D401E6E
:10DDB00005B2BDF82000401B00B2ADF82000BDF850
:10DDC0002200401B00B2ADF82200BDF82400284418
:10DDD00000B2ADF82400BDF82600284400B2ADF82A
:10DDE000260008A906A809F065FFBDF81800E18C17
:10DDF000401A00B2ADF81800BDF81C00E18C0844D0
:10DE000000B2ADF81C00BDF81A00E18C401A00B257
:10DE1000ADF81A00BDF81E00E18C084400B2ADF860
:10DE20001E0008A80AF02EF8824608A809F0A2FFF2
:10DE30000746B4F90060BA4501DA504600E03846BA
:10DE40008346B6EB6B0F01DD4FEA6B06E08C304486
:10DE500000B20590A07894F82A10CDE90210A08CA9
:10DE6000ADF8040030B2009008AA06A9059B0A98F4
:10DE7000FBF754FC00BF88E7F8B50546284610F0CC
:10DE800047FB0646284610F040FB0446606BB0F5A1
:10DE9000A02F54D1A06B072806D200202169C8709A
:10DEA000216981F8220014E0208F81B220223046BF
:10DEB0000AF0C6FE68B100202169C870216981F8A6
:10DEC000220012201AF05AFC0090BDF80010606980
:10DED0008181208F81B24FF4004230460AF0B0FEBB
:10DEE00098B166202169C87030461EF009F800908C
:10DEF000BDF800102069818030460AF09BFEA16BBE
:10DF0000884202D1B2202169C870208F81B24FF4BB
:10DF1000804230460AF094FE88B1FF20216981F8E2
:10DF2000220030461DF0ECFF0090BDF80010206983
:10DF3000C1832069008C401C00B221690884F8BDAF
:10DF40002DE9F04F8BB08146484610F0E1FA0546C6
:10DF50002C46484610F083FA8346606A13F0CCFAE8
:10DF600082469AF8000000283ED1A06A00283BD0E3
:10DF7000A06A0078C0B303A80DF024FD03AA4FF4F3
:10DF80000021284618F0FDFB94F85C00C0F3C000A7
:10DF900028B19DF8290040F002008DF829000021E9
:10DFA000284617F0D1FE07460021284618F045F80C
:10DFB00080460021284617F05FFC064605F1140153
:10DFC00001A809F0A4FE08EB060002B2B81901B2DC
:10DFD00001A809F0A0FF0020009001AA03A958465B
:10DFE000A36A0DF03BF900BF0BB0BDE8F08F7CB524
:10DFF0000446A06985686089002856D1A089002858
:10E0000053D1E088218988424FDAE18808B21EF0B6
:10E01000A7FAB4F90410B4F90E20891A484321680C
:10E02000498801EBE03000B2ADF80200E1885A31D6
:10E0300008B21EF095FAB4F9041048432168098823
:10E0400001EBE03000B2ADF80400218908B21EF007
:10E0500087FAB4F9041048432168498801EBE0309D
:10E0600000B2ADF8060021895A3108B21EF078FAE4
:10E07000B4F90410B4F90E20891A484321680988BC
:10E0800001EBE03000B2ADF800002A466946684670
:10E09000F5F724F906463EB1A169C1F808D06A46F1
:10E0A0002169A0690EF07EFCC2E0608910B1A089F0
:10E0B00000287BD16089D0BB20680088ADF80000C3
:10E0C00020684088A188084400B2ADF80600E188C5
:10E0D00008B21EF045FAB4F90410B4F90E20891AFA
:10E0E00048432168498801EBE03000B2ADF80200F6
:10E0F000E1885A3108B21EF033FAB4F904104843EB
:10E100002168098801EBE03000B2ADF804002A462E
:10E1100069466846F5F7E2F806463EB1A169C1F8DE
:10E1200008D06A462169A0690EF03CFC00BFA089B6
:10E1300000287DD120680088A188084400B2ADF88D
:10E14000040020684088ADF80200218908B21EF062
:10E1500007FAB4F9041048432168498801EBE0301C
:10E1600000B2ADF8060021895A3108B21EF0F8F964
:10E17000B4F90410B4F90E20891A484321680988BB
:10E1800001EBE03000B2ADF800002A46694668466F
:10E19000F5F7A4F806463EB1A169C1F808D06A4671
:10E1A0002169A0690EF0FEFB42E0FFE76089A189CA
:10E1B000884205D1608918B12089E188884211DB45
:10E1C0006089022802D1A08901280BD06089032828
:10E1D00002D1A089022805D06089032828D1A0890E
:10E1E000012825D120680088ADF80000206840880B
:10E1F000ADF8020020680088A188084400B2ADF89C
:10E20000040020684088A188084400B2ADF80600E8
:10E210002A4669466846F5F761F806463EB1A169A7
:10E22000C1F808D06A462169A0690EF0BBFB00BFA7
:10E23000A06985607CBD7CB50446A069856860895D
:10E24000012856D1A089012853D1E088218988422C
:10E250004FDAE18808B21EF083F9B4F9041048439C
:10E260002168498801EBE03000B2ADF80600E18892
:10E270005A3108B21EF074F9B4F90410B4F90E2042
:10E28000891A48432168098801EBE03000B2ADF8F3
:10E290000400218908B21EF063F9B4F90410B4F93E
:10E2A0000E20891A48432168498801EBE03000B20A
:10E2B000ADF8020021895A3108B21EF051F9B4F9C3
:10E2C000041048432168098801EBE03000B2ADF842
:10E2D00000002A4669466846F5F700F806463EB152
:10E2E000A169C1F808D06A462169A0690EF05AFBFD
:10E2F000C7E06089012802D0A08901287ED1608909
:10E3000001283AD120680088A188401A00B2ADF8EF
:10E31000000020684088ADF80200E18808B21EF0D5
:10E320001FF9B4F9041048432168498801EBE03033
:10E3300000B2ADF80600E1885A3108B21EF010F9BB
:10E34000B4F90410B4F90E20891A484321680988E9
:10E3500001EBE03000B2ADF804002A466946684699
:10E36000F4F7BCFF06463EB1A169C1F808D06A4681
:10E370002169A0690EF016FB00BFA0890128B7D162
:10E3800020680088401E00B2ADF804002068408874
:10E39000A188084400B2ADF80600218908B21EF039
:10E3A000DFF8B4F90410B4F90E20891A4843216843
:10E3B000498801EBE03000B2ADF8020021895A3102
:10E3C00008B21EF0CDF8B4F904104843216809885A
:10E3D00001EBE03000B2ADF800002A46694668461D
:10E3E000F4F77CFF06463EB1A169C1F808D06A4641
:10E3F0002169A0690EF0D6FA43E0FFE76089A189A0
:10E40000884206D16089012803D02089E1888842AA
:10E410000FDB608910B9A08902280AD0608910B981
:10E42000A089032805D0608903282AD1A089022861
:10E4300027D120680088A188401A00B2ADF80000FA
:10E4400020684088ADF8020020680088401E00B2B5
:10E45000ADF8040020684088A188084400B2ADF8F7
:10E4600006002A4669466846F4F738FF06463EB17C
:10E47000A169C1F808D06A462169A0690EF092FA34
:10E4800000BFA06985607CBD7CB50446A069856835
:10E490006089022856D1A089022853D1E0882189B9
:10E4A00088424FDAE1885A3108B21EF059F8B4F9BF
:10E4B000041048432168098801EBE03000B2ADF850
:10E4C0000000E18808B21EF04BF8B4F90410B4F96A
:10E4D0000E20891A48432168498801EBE03000B2D8
:10E4E000ADF80600218908B21EF03AF8B4F904101C
:10E4F00048432168498801EBE03000B2ADF80200E2
:10E5000021895A3108B21EF02BF8B4F90410B4F97D
:10E510000E20891A48432168098801EBE03000B2D7
:10E52000ADF804002A4669466846F4F7D7FE064669
:10E530003EB1A169C1F808D06A462169A0690EF010
:10E5400031FACCE06089022802D0A08902287DD16E
:10E55000608902283CD120680088401E00B2ADF8D6
:10E56000040020684088A188401A00B2ADF802007B
:10E57000E1885A3108B21DF0F3FFB4F904104843A2
:10E580002168098801EBE03000B2ADF80000E188B5
:10E5900008B21DF0E5FFB4F90410B4F90E20891A91
:10E5A00048432168498801EBE03000B2ADF806002D
:10E5B0002A4669466846F4F791FE06463EB1A169CF
:10E5C000C1F808D06A462169A0690EF0EBF900BFD6
:10E5D000A0890228B5D120680088A188401A00B21D
:10E5E000ADF8000020684088401E00B2ADF806007B
:10E5F00021895A3108B21DF0B3FFB4F90410B4F9FF
:10E600000E20891A48432168098801EBE03000B2E6
:10E61000ADF80400218908B21DF0A2FFB4F904107E
:10E6200048432168498801EBE03000B2ADF80200B0
:10E630002A4669466846F4F751FE06464EB1A1697E
:10E64000C1F808D06A462169A06900E002E00EF036
:10E65000A9F944E06089A189884206D1608902282D
:10E6600003D02089E18888420FDB608910B9A08936
:10E6700003280AD06089012802D1A089032804D088
:10E68000608901282BD1A08948BB20680088A18817
:10E69000401A00B2ADF8000020684088A188401AF6
:10E6A00000B2ADF8020020680088401E00B2ADF84C
:10E6B000040020684088401E00B2ADF806002A46DB
:10E6C00069466846F4F70AFE06463EB1A169C1F8FC
:10E6D00008D06A462169A0690EF064F900BFA069FC
:10E6E00085607CBD7CB50446A06985686089032887
:10E6F00056D1A089032853D1E088218988424FDA76
:10E70000E1885A3108B21DF02BFFB4F90410B4F9B6
:10E710000E20891A48432168098801EBE03000B2D5
:10E72000ADF80000E18808B21DF01AFFB4F904103A
:10E7300048432168498801EBE03000B2ADF802009F
:10E7400021895A3108B21DF00BFFB4F90410484377
:10E750002168098801EBE03000B2ADF8040021899E
:10E7600008B21DF0FDFEB4F90410B4F90E20891AA8
:10E7700048432168498801EBE03000B2ADF806005B
:10E780002A4669466846F4F7A9FD06463EB1A169E6
:10E79000C1F808D06A462169A0690EF003F9C7E004
:10E7A0006089032802D0A08903287ED160890328CC
:10E7B0003CD120680088A188084400B2ADF804006C
:10E7C00020684088401E00B2ADF80600E1885A314A
:10E7D00008B21DF0C5FEB4F90410B4F90E20891A70
:10E7E00048432168098801EBE03000B2ADF8000031
:10E7F000E18808B21DF0B4FEB4F904104843216862
:10E80000498801EBE03000B2ADF802002A466946C3
:10E810006846F4F763FD06463EB1A169C1F808D029
:10E820006A462169A0690EF0BDF800BFA0890328DF
:10E830007ED120680088ADF8000020684088A1885B
:10E84000401A00B2ADF8020021895A3108B21DF019
:10E8500087FEB4F9041048432168098801EBE030D1
:10E8600000B2ADF80400218908B21DF079FEB4F9B8
:10E870000410B4F90E20891A48432168498801EB35
:10E88000E03000B2ADF806002A4669466846F4F763
:10E8900025FD06463EB1A169C1F808D06A46216946
:10E8A000A0690EF07FF843E0FFE76089A189884204
:10E8B00006D16089032803D02089E18888420FDBD4
:10E8C0006089022801D1A08950B16089012801D155
:10E8D000A08928B1608902282AD1A089012827D1DE
:10E8E00020680088ADF8000020684088A188401AA0
:10E8F00000B2ADF8020020680088A188084400B288
:10E90000ADF8040020684088401E00B2ADF8060053
:10E910002A4669466846F4F7E1FC06463EB1A1691D
:10E92000C1F808D06A462169A0690EF03BF800BF23
:10E93000A06985607CBD000070B5A4B006460D4698
:10E9400020AA22A9304616F01FFA22A809F04AFA96
:10E9500028B920A809F046FA08B924B070BD12A958
:10E96000304620F0DBFC0446012C00D0F5E72946B8
:10E97000684615F09BFC1B4801900220029012A8EB
:10E9800004904FF480300D9022A809F02BFA80B14A
:10E9900022A803906A461A2130460FF0BFFD22AA32
:10E9A00012A928460DF0FEFF6A461B2130460FF0E3
:10E9B000B5FD20A809F016FA90B120A803906A4688
:10E9C0001A2130460FF0AAFD20A8039020AA12A910
:10E9D00028460DF0E7FF6A461B2130460FF09EFDEA
:10E9E00000BFBAE70C3C03082DE9F04FB1B0054673
:10E9F0000F4605F114012FA8BA68F4F76FFC10B99F
:10EA000031B0BDE8F08FB8682E902FA8B8602C46C2
:10EA10000021284617F023F92B900021284617F0F3
:10EA20008AFA2A90284615F02CFFB4F8841048433F
:10EA300000120FFA80FA284615F004FFB4F8861089
:10EA4000484300120FFA80FB04F12400F5F7A3FFFE
:10EA500028900021284617F0B4F882346188484392
:10EA6000001227902188491E279801FB10A02188B9
:10EA700090FBF1F000B2269028992698B0FBF1F0B7
:10EA800000B225904FF4A021284617F09AF861882B
:10EA9000823C484300122490284616F05DF8014657
:10EAA0002B98401A00B22390284616F04FF90146E1
:10EAB0002A98401A00B2229014A80DF08FFF14AAD1
:10EAC0004FF4A021284617F037FF14A8C07B20F090
:10EAD000070114A8C173FF208DF85300688BBDF89F
:10EAE0005010084400B2ADF8B600394602A815F03F
:10EAF000DDFB4FF4A0200F905D48039004200490AC
:10EB00004FF00008AAE02798504400FB08F0B4F842
:10EB1000821090FBF1F0A98A01442398084400B2C6
:10EB20000190CDF8408004F12400F5F753FF06462C
:10EB30008CE0307B00F0010000B181E094F88800A7
:10EB4000C0F3C00008B9708900E0002000B2009056
:10EB50000198ADF8B000BDF8B01025980144249894
:10EB6000081A401E00B2ADF8B40025990198084477
:10EB700000B20190BDF9B400BDF9BC10884200DAC2
:10EB80005EE0BDF9B000BDF9C010884200DD60E074
:10EB90003089ADF8540000984044B4F8821090FBDE
:10EBA000F1F201FB12000FFA80F9706830F91910C8
:10EBB000307BC0F3001204F16C0030F91200081A27
:10EBC00000FB0BF02990307BC0F3001104F17000C2
:10EBD00030F91110307BC0F3001204F16C0030F9F1
:10EBE0001200091A299890FBF1F029902998ABEBB3
:10EBF0000001E88A01442298084400B2ADF8B2004E
:10EC0000706830F9190047F6FF71884217D02CA8B8
:10EC1000059014A806901396706830F919001290A8
:10EC200002AA1A2128460FF079FC2CAA14A938460A
:10EC30000DF0B8FE02AA1B2128460FF06FFC00BFA2
:10EC4000314604F12400F5F7BFFE0646002E7FF49E
:10EC500070AF00BF08F101001FFA80F8B4F882001D
:10EC600040453FF750AF2E98B86000BFC8E600009F
:10EC7000E43D03082DE9F34FB9B083463A980BF110
:10EC80001401826837A8F4F729FB10B93BB0BDE83E
:10EC9000F08F3A988068369037A93A9881605D463F
:10ECA000B5F88200022800DAF0E70021584616F095
:10ECB000BCFD33900021584616F0D1FF0146339831
:10ECC000084400B232900021584617F034F901464A
:10ECD0003398084400B23190584615F0D2FDB5F88B
:10ECE00084104843001200B23090584615F0AAFD37
:10ECF000B5F886104843001200B22F90584615F020
:10ED00002BFF0146BBF8142032981044401A00B281
:10ED10002E90584616F01AF80146BBF81620319886
:10ED20001044401A00B22D903A980BF114018268F9
:10ED30002BA8F4F7D3FA2A902A9800B9A6E727A8B7
:10ED40000CF08CFE27AA4FF4A021584617F080FD46
:10ED500019A80DF043FE19AA4FF40031584617F0D8
:10ED6000EBFD4FF40031584617F067FB064600EB09
:10ED7000D67047104FF40031584616F0D0FD0646C5
:10ED800000EBD6704FEA600ABDF99E00574501DAE4
:10ED9000394600E0514600EBD072B1EB620F06DD60
:10EDA0009DF8A50020F0100010308DF8A500BDF8EA
:10EDB0009E00012806D19DF8A50020F0100010301B
:10EDC0008DF8A500B5F882103098814201DB012052
:10EDD00000E00020189005F12400F5F7FBFD044643
:10EDE000D4E1207B00F0010000B1C9E12089ADF839
:10EDF0009C002089ADF8680095F88800C0F3C00039
:10EE000008B9608900E0002006B217962E98ADF888
:10EE1000D4002E98ADF8D000179E179EB0466068BB
:10EE200030F91810207BC0F3001205F16C0030F9A6
:10EE30001200081A2F9948431690207BC0F3001146
:10EE400005F1700030F91110207BC0F3001205F1BC
:10EE50006C0030F91200091A169890FBF1F0169028
:10EE600016992F98411A2D98084400B2ADF8D20097
:10EE700004A83A9915F01AFAC8480590032006909C
:10EE80004FF4A020119027A80A9019A80890159473
:10EE9000BDF9D2000390BDF9D20002904FF00009F5
:10EEA00023E1BDF8D000ADF8D400BDF8D200ADF834
:10EEB000D600BDF9D4103698B0F904003844401C8F
:10EEC000814200DD16E1309800FB09F0B5F88210B0
:10EED000491E90FBF1F12E98084400B2ADF8D00025
:10EEE00017984844B5F8821090FBF1F201FB12002C
:10EEF00006B2606830F91610207BC0F3001205F1ED
:10EF00006C0030F91200081A2F9948431690207BA4
:10EF1000C0F3001105F1700030F91110207BC0F32F
:10EF2000001205F16C0030F91200091A169890FBD6
:10EF3000F1F0169016992F98411A2D98084400B2B6
:10EF4000ADF8D200BDF9D0103698B0F90000C01B62
:10EF5000401E814201DAB046C3E0B9F1000F58D03B
:10EF60001898E8B3606830F9180047F6FF718842D6
:10EF7000F5D0606830F916008842F0D0BDF9D210A3
:10EF80000298814201DA029801E0BDF9D2000290B4
:10EF9000BDF9D2100398814201DD039801E0BDF96B
:10EFA000D2000390BDF9D400BDF9D010884230D012
:10EFB000BDF9D2000190BDF8D000401E00B2ADF8FE
:10EFC000D000BDF8D000ADF8D4000398ADF8D6005D
:10EFD0000298ADF8D200BDF9D600BDF9D21000E01C
:10EFE00018E0884205D1BDF8D200401C00B2ADF84F
:10EFF000D20034AB35AA27A93A980CF018FDBDF819
:10F00000D000401C00B2ADF8D000019803900198E8
:10F01000029064E0BDF8D400C01B00B2ADF800005F
:10F02000BDF8D400384400B2ADF80400BDF8D600F5
:10F03000A0EB0A0000B2ADF80200BDF8D6005044C3
:10F0400000B2ADF80600A9F101001290606830F935
:10F05000180047F6FF71884201D035A800E0002073
:10F060000D90606830F9160047F6FF71884201D0B4
:10F0700034A800E000200E90CDF81CD0606830F974
:10F080001800149004AA1A2158460FF047FA606835
:10F0900030F9180047F6FF7188420AD0606830F9ED
:10F0A0001600884205D034AB35AA27A93A980CF04F
:10F0B000BEFC77B1BAF1000F0BD0606830F91800D0
:10F0C00047F6FF71884204D06A4619A93A980DF0B4
:10F0D00069FC04AA1B2158460FF020FA00BFB04675
:10F0E00000BF09F101001FFA80F9B5F88200484518
:10F0F0003FF7D7AE00BF1898E8BBB5F88200484587
:10F100003DD1606830F9160047F6FF71884236D06D
:10F11000BDF8D000C01B00B2ADF80000BDF8D000B3
:10F12000384400B2ADF80400BDF8D200A0EB0A00EC
:10F1300000B2ADF80200BDF8D200504400B2ADF804
:10F140000600A9F10100129000200D900E90CDF85C
:10F150001CD0606830F91600149004AA1A21584691
:10F160000FF0DCF96A4619A93A980DF01BFC04AAC5
:10F170001B21584600E002E00FF0D0F900BF00BFAD
:10F18000214605F12400F5F71FFC0446002C7FF40E
:10F1900028AE3A993698886000BF77E5E43D0308C9
:10F1A0002DE9F34FB3B08146349809F11401826818
:10F1B00031A8F4F793F810B935B0BDE8F08F349862
:10F1C0008068309031A9349881604D4600214846CE
:10F1D00016F02BFB2D900021484616F040FD2C9098
:10F1E0000021484616F0A7FE2B90484615F049FB33
:10F1F000B5F884104843001200B22A90484615F032
:10F2000021FBB5F886104843001200B22990484609
:10F2100015F0A2FC0146B9F814202C9802442D9850
:10F220001044401A00B22890484615F08FFD014660
:10F23000B9F816202B9802442D981044401A00B2B9
:10F24000279024A80CF00AFC24AA4FF4A0214846D9
:10F2500017F0FEFA16A80DF0C1FB16AA4FF4003104
:10F26000484617F069FB4FF40031484617F0E5F8BF
:10F27000064600EBD67047104FF40031484616F0B2
:10F280004EFB064600EBD6704FEA6008BDF99200CF
:10F29000474501DA394600E0414600EBD072B1EB58
:10F2A000620F06DD9DF8990020F0100010308DF8F7
:10F2B0009900BDF89200012806D19DF8990020F030
:10F2C000100010308DF8990005F12400F5F782FB4D
:10F2D000044698E1207B00F0010000B18DE1208917
:10F2E000ADF890002089ADF85C0095F88800C0F377
:10F2F000C00008B9608900E0002006B21596289881
:10F30000ADF8BC002898ADF8B800159E159EB34620
:10F31000606830F816000A2847D02A9800902368C1
:10F3200033F91600237BC3F3C00C05F1780333F9DE
:10F330001C20237BC3F3C00C05F1740333F91C10AC
:10F34000002313F0CFF800B2ADF8B800BDF8B81044
:10F350002898084400B2ADF8B80029980090636876
:10F3600033F91600237BC3F3001C05F1700333F956
:10F370001C20237BC3F3001C05F16C0333F91C1024
:10F38000002313F0AFF800B2ADF8BA00BDF8BA1020
:10F390002998401A00B2ADF8BA00BDF8BA10279803
:10F3A000084400B2ADF8BA0005E04EF20100ADF835
:10F3B000B800ADF8BA0003A8349914F077FF4FF401
:10F3C000A0201090944804900320059024A8099050
:10F3D00016A8079014944FF0000AC8E0BDF8B800D2
:10F3E000ADF8BC00BDF8BA00ADF8BE0015985044A9
:10F3F000B5F8821090FBF1F201FB120006B26068D2
:10F4000030F9160047F6FF71884247D029980090DE
:10F41000636833F91600237BC3F3001C05F1700306
:10F4200033F91C20237BC3F3001C05F16C0333F973
:10F430001C10002313F056F800B2ADF8BA00BDF866
:10F44000BA102998401A00B2ADF8BA00BDF8BA1047
:10F450002798084400B2ADF8BA002A9800902368B3
:10F4600033F91600237BC3F3C00C05F1780333F99D
:10F470001C20237BC3F3C00C05F1740333F91C106B
:10F48000002313F02FF800B2ADF8B800BDF8B810A3
:10F490002898084400B2ADF8B80001E0B34662E035
:10F4A000BAF1000F5DD0BDF8BC00C01B00B2ADF8D2
:10F4B0000400BDF8BC00384400B2ADF80800BDF847
:10F4C000BE00A0EB080000B2ADF80600BDF8BE001B
:10F4D000404400B2ADF80A00AAF101001190606842
:10F4E00030F91B0047F6FF71884201D02FA800E0D9
:10F4F00000200C90606830F9160047F6FF718842D2
:10F5000001D02EA800E000200D9001A806906068B0
:10F5100030F91B00139003AA1A2148460EF0FEFF93
:10F52000606830F91B0047F6FF71884213D06068AD
:10F5300030F9160088420ED02EAB2FAA24A9349899
:10F540000CF075FA3FB1B8F1000F04D001AA16A96A
:10F5500034980DF027FA03AA1B2148460EF0DEFF6F
:10F5600000BFB34600BF0AF101001FFA80FAB5F8E8
:10F57000820050453FF732AFB5F8820050453BD18D
:10F58000606830F9160047F6FF71884234D0BDF844
:10F59000B800C01B00B2ADF80400BDF8B800384494
:10F5A00000B2ADF80800BDF8BA00A0EB080000B248
:10F5B000ADF80600BDF8BA00404400B2ADF80A004C
:10F5C000AAF10100119000200C900D9001A8069066
:10F5D000606830F91600139003AA1A2148460EF00D
:10F5E0009DFF01AA16A934980DF0DCF903AA1B218E
:10F5F00048460EF093FF00BF00BF214605F12400EE
:10F60000F5F7E2F90446002C7FF464AE34993098A3
:10F61000886000BFD0E50000E43D03082DE9F74F06
:10F62000A2B00F46F88D10B925B0BDE8F08F97F85D
:10F630003600022800DCF7E7F88D012808D1B7F979
:10F640003400002804DC388E10B9788E00B9EBE75E
:10F6500024980088398E0844B98E401A00B2ADF85B
:10F66000800024988088398E0844B98E084400B2FE
:10F67000ADF8840024984088798E0844B98E401AE9
:10F6800000B2ADF882002498C088798E0844B98E03
:10F69000084400B2ADF88600B7F92E0000EBD07137
:10F6A000BDF88020A2EB6101491E09B2ADF87810C7
:10F6B000B7F92E0000EBD071BDF8842002EB610198
:10F6C000491C09B2ADF87C10B7F92E0000EBD071DF
:10F6D000BDF88220A2EB6101491E09B2ADF87A1093
:10F6E000B7F92E0000EBD071BDF8862002EB610166
:10F6F000491C09B2ADF87E1097F836001D901D9890
:10F70000FD2801DDFF201D9022981EA982681BA8FC
:10F71000F3F7E4FD00B987E719A8249908F0CAFABD
:10F720004FF0FF32114619A808F0E4FBB7F900804A
:10F7300019A808F0A7FB834619A808F01BFB83450E
:10F7400003DA19A808F09EFB02E019A808F012FBE2
:10F7500018901898B8EB600F02DD18984FEA60080F
:10F76000B7F90000179020A808F08CFB834620A86A
:10F7700008F000FB834503DA20A808F083FB02E0D1
:10F7800020A808F0F7FA1890DDE91701B0EB610F37
:10F7900002DD189840101790B7F92E1017980C1822
:10F7A00004FB04F1480012F0EBFE8246B7F92E206C
:10F7B000179803B2514620A81FF07EFF1EA80CF038
:10F7C0007FFC16904FF00109169820B9F878FF28B1
:10F7D00001DBB87808B14FF000094FF0FF300F900F
:10F7E000B9F1000F0BD101230FFA88F219A910A863
:10F7F0000CF0DEFF002110A80CF05CF90F901EA8A1
:10F8000008F040FB834612F0BBFE0E901C2102A8BC
:10F8100013F061F90CA8029007900E980590B88D2E
:10F82000ADF8100097F836008DF82000B8788DF804
:10F8300021001EA808F026FB834600EBDB70BDF814
:10F84000781001EB600000B201901EA808F092FA57
:10F85000834600EBDB70BDF87A1001EB600000B26C
:10F860000090BDF87C00ADF83400BDF87C00001BB2
:10F87000401C00B2ADF83000BDF87A00ADF832009F
:10F88000BDF87A002044401E00B2ADF83600BDF944
:10F8900030100198814202DDBDF9300000E001988E
:10F8A000ADF83000BDF936100098814202DABDF99A
:10F8B000360000E00098ADF8360022980CA9826866
:10F8C0000AA8F3F70BFD002866D00FFA88F219A9F1
:10F8D0000AA8F3F744FD00285ED10AA808F0D2FA7E
:10F8E00083465646BDF92A00BDF97A10401A00FB3E
:10F8F0000466BDF92810BDF97C00001B401C081AE5
:10F900000644B9F1000F09D00FFA88F219A90AA824
:10F91000F3F7A0FD10B10120099001E0CDF824908B
:10F92000BBF1000F37DD0E980590BDF82800ADF84B
:10F930003000BDF82C00ADF8340002208DF818001E
:10F94000BDF92A5023E0ADF83250ADF83650099891
:10F95000A8B9224631460E9812F02FFFBDF92810A3
:10F960005B462A460E980CF05BFB8DF818009DF85C
:10F970001800012804D102208DF8180000E0059637
:10F9800002A922980DF04CFA2644681C05B2BDF974
:10F990002E00A842D7DA00BFBDF87C00ADF83400D5
:10F9A000BDF87C00001B401C00B2ADF83000BDF873
:10F9B0007E00001B401C00B2ADF83200BDF87E0096
:10F9C000ADF83600BDF930100198814202DDBDF975
:10F9D000300000E00198ADF83000BDF93210009819
:10F9E000401C814202DDBDF9320001E00098401C5C
:10F9F00000B2ADF8320022980CA982680AA8F3F789
:10FA00006DFC002866D00FFA88F219A90AA8F3F74E
:10FA1000A6FCA8BB0AA808F035FA83465646BDF9ED
:10FA20003600BDF92E10401A00FB0466BDF92810FF
:10FA3000BDF97C00001B401C081A0644B9F1000FF8
:10FA400009D00FFA88F219A90AA8F3F703FD10B13B
:10FA50000120099001E0CDF82490BBF1000F38DDC2
:10FA60000E980590BDF82800ADF83000BDF82C00C8
:10FA7000ADF8340002208DF81800BDF92E5024E0B6
:10FA800028E0ADF83250ADF836500998A8B92246B2
:10FA900031460E9812F091FEBDF928105B462A46B9
:10FAA0000E980CF0BDFA8DF818009DF8180001288A
:10FAB00004D102208DF8180000E0059602A92298D2
:10FAC0000DF0AEF92644681E05B2BDF92A00A84221
:10FAD000D7DD00BFBDF87800204400B2ADF830009B
:10FAE000BDF87C00001B00B2ADF83400BDF87A0010
:10FAF000ADF83200BDF87A002044401E00B2ADF8E7
:10FB00003600BDF936100098814202DABDF93600A0
:10FB100000E00098ADF8360022980CA982680AA887
:10FB2000F3F7DCFB00286FD00FFA88F219A90AA8B6
:10FB3000F3F715FC002867D10AA808F0A3F983465B
:10FB40005646BDF92A00BDF93210401A00FB046682
:10FB5000B9F1000F09D00FFA88F219A90AA8F3F732
:10FB600079FC10B10120099001E0CDF82490BBF19F
:10FB7000000F48DD099810B90E98059001E00020AB
:10FB80000590BDF82800ADF83000BDF82C00ADF8A8
:10FB90003400BDF92A5032E0ADF83250ADF836509D
:10FBA0000998C8B931785A460E9812F05AFFBDF933
:10FBB00028105B462A460E980CF032FA8DF8180091
:10FBC0009DF81800012802D102208DF8180002A922
:10FBD00022980DF025F90FE01D98FF2801D130780B
:10FBE00004E0307897F83610484300128DF8200072
:10FBF00002A922980DF014F92644681C05B2BDF93B
:10FC00002E00A842C8DA00BF97F836008DF8200011
:10FC1000BDF87800204400B2ADF83000BDF87C009B
:10FC2000001B00B2ADF83400BDF87E00001B401C84
:10FC300000B2ADF83200BDF87E00ADF83600BDF977
:10FC400032100098401C814202DDBDF9320001E013
:10FC50000098401C00B2ADF8320022980CA98268CE
:10FC60000AA8F3F73BFB00287ED00FFA88F219A907
:10FC70000AA8F3F774FB002878D10AA808F002F963
:10FC800083465646BDF93600BDF92E10401A00FBDA
:10FC90000466BBF1000F66DDB9F1000F09D00FFA61
:10FCA00088F219A90AA8F3F7D5FB10B10120099031
:10FCB00001E0CDF82490099810B90E98059001E064
:10FCC00000200590BDF82800ADF83000BDF82C00EC
:10FCD000ADF83400BDF92E5041E0ADF83250ADF82A
:10FCE0003650B9F1000F09D00FFA88F219A90AA805
:10FCF000F3F7B0FB10B10120099001E0CDF824909A
:10FD00000998C8B931785A460E9812F0AAFEBDF982
:10FD100028105B462A460E980CF082F98DF81800E0
:10FD20009DF81800012802D102208DF8180002A9C0
:10FD300022980DF075F80FE01D98FF2801D130785A
:10FD400004E0307897F83610484300128DF8200010
:10FD500002A922980DF064F82644681E05B2BDF988
:10FD60002A00A842B9DD00E000E000BF97F83600A5
:10FD70008DF82000BDF87C00001B401C00B2ADF8DF
:10FD80003000BDF87C00ADF83400BDF87A002044A6
:10FD900000B2ADF83200BDF87E00001B00B2ADF835
:10FDA0003600BDF932100098401C814202DABDF9DC
:10FDB000320001E00098401C00B2ADF83200BDF9FD
:10FDC00036100098814202DDBDF9360000E000984F
:10FDD000ADF83600BDF930100198814202DDBDF961
:10FDE000300000E00198ADF8300022980CA982683C
:10FDF0000AA8F3F773FAE0B30FFA88F219A90AA870
:10FE0000F3F7ADFAA8BB0AA808F03CF883465646BB
:10FE1000601E00FB0466BDF92810BDF97C00001BC4
:10FE2000401C081A0644B9F1000F09D00FFA88F2F5
:10FE300019A90AA8F3F70EFB10B10120099001E0FF
:10FE4000CDF82490099808B1304600E00E9805904E
:10FE5000BBF1000F33DDBDF82800ADF83000BDF870
:10FE60002C00ADF8340002208DF81800BDF92A509E
:10FE700021E025E0ADF83250ADF836500998A0B930
:10FE80005A4631460E9812F098FCBDF928105B4690
:10FE90002A460E980CF0C4F88DF818009DF818004A
:10FEA000012802D102208DF8180002A922980CF036
:10FEB000B7FF681C05B2BDF92E00A842DADA00BF10
:10FEC0005646002515E030463319591E002208E039
:10FED000037891F800C080F800C00B70401C491EE8
:10FEE000521C04EBD47CB2EB6C0FF1DB2644681C93
:10FEF00005B2A542E7DBBDF87800ADF83000BDF8EB
:10FF000078002044401E00B2ADF83400BDF87A00FD
:10FF1000204400B2ADF83200BDF87E00001B00B2F4
:10FF2000ADF83600BDF932100098401C814202DA6B
:10FF3000BDF9320001E00098401C00B2ADF832007B
:10FF4000BDF936100098814202DDBDF9360000E0AF
:10FF50000098ADF83600BDF934100198401E81427A
:10FF600002DABDF9340001E00198401E00B2ADF89C
:10FF7000340022980CA982680AA8F3F7AFF9D0B32D
:10FF80000FFA88F219A90AA8F3F7E9F998BB0AA8A9
:10FF900007F078FF83465646601E00FB0466BDF9F5
:10FFA0002800BDF93010401A0644B9F1000F09D0FD
:10FFB0000FFA88F219A90AA8F3F74CFA10B1012038
:10FFC000099001E0CDF82490099808B1304600E08E
:10FFD0000E980590BBF1000F33DDBDF82800ADF899
:10FFE0003000BDF82C00ADF8340002208DF8180068
:10FFF000BDF92A5021E025E0ADF83250ADF8365079
:020000040801F1
:100000000998A0B95A4631460E9812F0D6FBBDF9B0
:1000100028105B462A460E980CF002F88DF818005E
:100020009DF81800012802D102208DF8180002A9BD
:1000300022980CF0F5FE681C05B2BDF92E00A8420E
:10004000DADA00BFBDF87800ADF83000BDF878000E
:100050002044401E00B2ADF83400BDF87A00ADF87F
:100060003200BDF87A002044401E00B2ADF83600E0
:10007000BDF934100198401E814202DABDF9340006
:1000800001E00198401E00B2ADF83400BDF9361011
:100090000098814202DABDF9360000E00098ADF820
:1000A000360022980CA982680AA8F3F717F9D0B392
:1000B0000FFA88F219A90AA8F3F751F998BB0AA810
:1000C00007F0E0FE83465646BDF92A00BDF932101E
:1000D000401A00FB0466BDF92800BDF93010401A33
:1000E0000644B9F1000F09D00FFA88F219A90AA83D
:1000F000F3F7B0F910B10120099001E0CDF8249098
:100100000E980590BBF1000F36DDBDF82800ADF864
:100110003000BDF82C00ADF8340002208DF8180036
:10012000BDF92A5024E028E0ADF83250ADF8365041
:100130000998A8B9224631460E9812F03EFBBDF947
:1001400028105B462A460E980BF06AFF8DF81800BF
:100150009DF81800012804D102208DF8180000E055
:10016000059602A922980CF05BFE2644681C05B295
:10017000BDF92E00A842D7DA00BFBDF87800ADF86F
:100180003000BDF878002044401E00B2ADF83400C5
:10019000BDF87E00001B401C00B2ADF83200BDF877
:1001A0007E00ADF83600BDF932100098401C814247
:1001B00002DDBDF9320001E00098401C00B2ADF84C
:1001C0003200BDF934100198401E814202DABDF9B7
:1001D000340001E00198401E00B2ADF834002298CE
:1001E0000CA982680AA8F3F779F8D0B30FFA88F25D
:1001F00019A90AA8F3F7B3F898BB0AA807F042FEBA
:1002000083465646BDF93600BDF92E10401A00FB54
:100210000466BDF92800BDF93010401A0644B9F152
:10022000000F09D00FFA88F219A90AA8F3F712F9FA
:1002300010B10120099001E0CDF824900E980590AE
:10024000BBF1000F36DDBDF82800ADF83000BDF879
:100250002C00ADF8340002208DF81800BDF92E50A6
:1002600024E028E0ADF83250ADF836500998A8B92E
:10027000224631460E9812F0A0FABDF928105B46CE
:100280002A460E980BF0CCFE8DF818009DF8180049
:10029000012804D102208DF8180000E0059602A97B
:1002A00022980CF0BDFD2644681E05B2BDF92A0057
:1002B000A842D7DD00BFBDF87800204400B2ADF8F9
:1002C0003000BDF87C00001B00B2ADF83400BDF872
:1002D0007A00204400B2ADF83200BDF87E00001B69
:1002E00000B2ADF836000E98059022980CA98268ED
:1002F0000AA8F2F7F3FFA0B30FFA88F219A90AA827
:10030000F3F72DF868BB0AA807F0BCFD8346BBF1E4
:10031000000F25DDBDF82800ADF83000BDF82C0039
:10032000ADF83400BDF92A5016E0ADF83250ADF802
:10033000365059460E9812F005FCBDF928105B4660
:100340002A460E980BF06CFE8DF8180002A9229830
:100350000CF066FD681C05B2BDF92E00A842E4DA77
:1003600000BFB9F1000F05D110A80BF085FE0F9862
:100370000CF006FB504612F07FF90E9812F07CF953
:1003800000BFFFF751B900002DE9F74FDEB05E98CE
:100390005D90609807F084FD804600EBD8704FEACE
:1003A000600A609807F0F4FC074600EBD770401035
:1003B000824507DA609807F073FD064606EBD670B3
:1003C000401006E0609807F0E3FC054605EBD570A9
:1003D000401000B25B90609801885B98084400B2BE
:1003E000ADF87001609841885B98084400B2ADF8A0
:1003F000720158A80BF032FB58AA4FF4C0215E9846
:1004000016F026FA9DF8690120F0100010308DF8E2
:10041000690150A80BF0D6FA50AA4FF4C0215E989B
:1004200016F0AFF92CA85F9913F040FFFE482D900D
:100430004FF4C020399003202E9058A832905D9838
:100440002430F4F7C7FA044641E23D94A18B5B984F
:10045000084406B2A088301A00B22B90A089301A46
:100460000FFA80FABDF870112B98081A00B2ADF897
:10047000A400BDF872112B98081A00B2ADF8A600BE
:10048000BDF870112B98084400B2ADF8A800BDF873
:1004900072112B98084400B2ADF8AA00012347F668
:1004A000FF7229A94AA80CF083F9BDF87001A0EBEE
:1004B0000A0000B2ADF89C00BDF87201A0EB0A0082
:1004C00000B2ADF89E00BDF870015044401E00B26D
:1004D000ADF8A000BDF872015044401E00B2ADF866
:1004E000A200012347F6FF7227A944A80CF060F987
:1004F000BDF87001801B00B2ADF89400BDF8720128
:10050000801B00B2ADF89600BDF870013044401E6B
:1005100000B2ADF89800BDF872013044401E00B240
:10052000ADF89A00002347F6FF7225A93EA80CF00B
:100530003FF900213EA80BF0BDFA24904FF0FF30A8
:100540002390608910B16089401E01E04FF6FF7072
:1005500022904FF00009A4E12298401C2290002034
:10056000219061892298814203D1002022900120AC
:100570002190A06900906088421E0021484663696E
:1005800011F0B0FF07463C97219810B120892090C8
:1005900001E02068209020981F90219808B1E08900
:1005A00000E0E0880FFA80F8CDF87880DDF87880F8
:1005B0005D983030F4F70EFA05465FE0287902289E
:1005C00000D055E0A868B84251DCE868B8424EDB7C
:1005D000288A40440FFA80F8698AA88A814202D1A9
:1005E000688A209043E0A87D00F0010050B1FF2010
:1005F000009000233846D5E9021211F073FFC0B213
:10060000139009E0FF20009000233846D4E905123A
:1006100011F068FFC0B21390A98A1191698A1291F2
:10062000139800F1040C4FEAEC00BDF848C04CEA06
:100630000C4CDFF8F8E10CEA0E01BDF844C04CEABE
:100640000C4C0CEA0E03A3EB010C0CFB00FC01EBC1
:100650005C1C0CEA0E0242EA124C1FFA8CFCCDF82C
:1006600040C0BDF840E0F446CDF880C000BF00BFF8
:1006700029465D983030F4F7A7F90546002D9DD145
:10068000E08B00FB09F001026088401E91FBF0F056
:100690001D901D9800121C901C98401C1B901D98CA
:1006A00000F0FF0B228C1C99114408B21BF058FF7C
:1006B0001A90228C1B99114408B21BF051FF19901B
:1006C000CBF580711A984143199800FB0B1000126A
:1006D0001890228C1C99114408B21BF039FF179016
:1006E000228C1B99114408B21BF032FF1690CBF5F7
:1006F000807117984143169800FB0B10001215905B
:10070000BDF88000ADF86001ADF86281BDF87021E0
:1007100006EB0801159848437F3002EBE03000B249
:10072000ADF85000BDF8722106EB08011898484357
:100730007F3002EBE03000B2ADF8520014A83590E3
:100740005CA83590CDF8E89050A831902198002809
:100750007CD024980CF014F9B4F91000AAEB000036
:100760001390BDF870211399159848437F3002EB20
:10077000E03000B2ADF84800BDF872211399189826
:1007800048437F3002EBE03000B2ADF84A0020224F
:1007900050A90AA812F011F80AA831903B4624A2E9
:1007A000102106A819F064FA06A837902CAA1A217D
:1007B0005E980DF0B3FE002141F6FF72BDF95201C3
:1007C000CDE901210090BDF9543105A8509A37991F
:1007D0001BF0B4FFBDF9140000EBD071BDF8482048
:1007E000A2EB610109B2ADF80C10BDF9160000EBE7
:1007F000D071BDF84A20A2EB610109B2ADF80E102C
:10080000BDF80C00BDF81410084400B2ADF810009B
:10081000BDF80E00BDF81610084400B2ADF8120085
:100820000020009003AA06E01C4303081FF8E0071D
:10083000256400000AE0379B31995F980AF00EFDAD
:1008400000213EA80BF036F9249007E000203190FB
:1008500037902CAA1A215E980DF060FE219909B1FB
:1008600044A900E04AA9084600210BF023F923908F
:100870005CAB14AA58A95F980BF0D9F823980CF038
:100880007FF82CAA16215E980DF048FEBDF87C007A
:10089000ADF860011E98ADF8620109F1010000F0A9
:1008A000FF09608848453FF757AE4AA80BF0E4FBC4
:1008B00044A80BF0E1FB3EA80BF0DEFB24980CF003
:1008C0005FF821465D982430F4F77EF80446002C4A
:1008D0007FF4BBAD61B0BDE8F08F00002DE9F04FB3
:1008E000B1B005468B4690462E464146284604F058
:1008F00049F804462089C0F30E00012802DC31B01B
:10090000BDE8F08F2089C0F3C03020B9208810B92D
:10091000608800B9F3E70021284615F0A0F9824667
:100920000021284614F081FF504400B22E90284642
:1009300013F0A7FFB6F884104843001200B22D90C0
:1009400025A80BF03FF825AA4FF4C021284615F042
:1009500018FF284614F000F90146AA8A2E98104480
:10096000401A00B22490B8F1020F0ED12089C0F3D2
:10097000C03028B14FF4C021284615F093F800E0AC
:1009800000202390B5F91A900DE02089C0F3C03003
:1009900028B14FF4C021284615F0CDFA00E0002020
:1009A0002390B5F91690B8F1020F16D1DBF80800C4
:1009B000B0F90600484500DAA1E723984844259994
:1009C000B1F908100844B4F900100844DBF8081025
:1009D000B1F90210884200DA91E720A80BF03EF846
:1009E00020AA4FF4C021284615F032FF0020ADF8B0
:1009F0008600ADF8840059460EA813F057FCA648AF
:100A00000F900620109002201C904FF4C0201B90E5
:100A100025A8139020A81490B8F1020F01D001204E
:100A200000E000200D9096F8880000F007000228F2
:100A300022D10021284615F0C4F8B6F884104843A6
:100A40004FEA202A2D985044B6F8821090FBF1F01E
:100A500000B20B900B99A1EB0A0000EBD0714A1089
:100A60002499114409B224910B98A0EB0A012D9806
:100A7000401A00B22D9000BFADF8C2902089C0F39B
:100A80000E00401E6168C1F30E4148430C900027E0
:100A9000FBE000200B906068C0F30E40B7FBF0F164
:100AA00000FB117008B901200B90BDF982102D9840
:100AB000401A78430C99B0FBF1F12498084400B235
:100AC000ADF8C000ADF8BC000D9868B1BDF9C2101A
:100AD0000B9810B1B4F9000001E0B4F90200081A53
:100AE00000B2ADF8BE000CE0BDF9C2100B9810B119
:100AF000B4F9000001E0B4F90200084400B2ADF816
:100B0000BE0030A817902FA8189096F8880000F023
:100B10000700032810D106F178000D9930F9110073
:100B2000009006F1740030F91130002138460C9A1B
:100B300011F0D8FC824604E06068C0F30E40B7FBB9
:100B4000F0FACDF878A00B98002871D02089C0F376
:100B5000C03000286CD0534650A2102107A819F0CD
:100B600087F825A8139007A8199010201A900EAAAC
:100B70001A2128460DF0D2FC002141F6FF72BDF982
:100B8000A600CDE901210090BDF9A83006A8259A5C
:100B900019991BF0D3FDBDF9180000EBD071BDF819
:100BA000BC20A2EB610109B2ADF81010BDF918002C
:100BB00000EBD071BDF8BC2002EB610109B2ADF8C9
:100BC00014100D9878B1BDF8BE102398081A00B221
:100BD000ADF81600BDF81600BDF81A10401A00B2A4
:100BE000ADF812000EE0BDF8BE102398084400B224
:100BF000ADF81200BDF81200BDF81A10084400B29A
:100C0000ADF81600BDF91400B5F9141088420DDBDB
:100C1000BDF91010B5F91800814207DC00200090E2
:100C200004AA25A95846199B0AF018FB09E0FFE71A
:100C30000020139019901A900EAA1A2128460DF040
:100C40006DFCBDF9821001EBD172BDF9C03003EB30
:100C50006202B5F914309A4211DBBDF9820000EB53
:100C6000D072BDF9BC30A3EB6203B5F918209342F2
:100C700005DC2FAB30AA20A958460AF0D8FE0EAAF0
:100C80001B2128460DF04AFC7F1C0C9887427FF6FA
:100C900000AF00BF33E60000E43D03082564000018
:100CA0002DE9F74FB2B00546164631953146284634
:100CB00003F068FE04462089C0F30E00012802DC20
:100CC00035B0BDE8F08F2089C0F3C03020B920884E
:100CD00010B9608800B9F3E70EB1012000E00020F0
:100CE00083460021284614F0A0FD2E9000212846BE
:100CF00015F021F92D90284613F0A4FD3199B1F893
:100D000086104843001200B22C90284614F01EF8BA
:100D10000146EA8A2D9802442E981044401A00B2E7
:100D20002B904EB94FF4C021284614F098FF074687
:100D3000B5F914002A9008E04FF4C021284615F0B8
:100D400037F80746B5F918002A90B4F90000299041
:100D5000B4F902002890012E07D12998404200B230
:100D600029902898404200B2289025A80AF076FEE3
:100D700025AA4FF4C021284615F06AFD1DA80AF0E7
:100D800021FE1DAA4FF4C021284615F0FAFC0BA83D
:100D9000339913F08BFA89480C9006200D90199620
:100DA0000004189025A811901DA810902089C0F368
:100DB0000E00401E6168C1F30E4100FB01F94FF0C7
:100DC0000008F6E0BDF996102C98401A00FB08F0D8
:100DD000B0FBF9F12B98084400B2ADF8C200ADF8B1
:100DE000BE002A98ADF8C00036B9BDF8C000401E5C
:100DF00000B2ADF8C00005E0BDF8C000401C00B274
:100E0000ADF8C00000200A906068C0F30E40B8FB47
:100E1000F0F100FB118008B901200A900A9838B15E
:100E2000BDF8C0102998081A00B2ADF8BC0006E061
:100E3000BDF8C0102898081A00B2ADF8BC0030A860
:100E400014902FA815903198703030F91B00009045
:100E500031996C3131F91B30A9EB08004A46002169
:100E600011F040FB8246CDF86CA00A98002872D0A1
:100E70002089C0F3C03000286DD0534650A2102105
:100E800006A818F0F5FE1DA8109006A816901020D0
:100E900017900BAA1A2128460DF040FB002141F6BD
:100EA000FF72BDF98600CDE901210090BDF98830BF
:100EB00005A81D9A16991BF041FCBDF9160000EB20
:100EC000D071BDF8BE20A2EB610109B2ADF80E10E1
:100ED000BDF9160000EBD071BDF8BE2002EB610138
:100EE00009B2ADF81210BBF1000F0FD1BDF8BC0074
:100EF000BDF81410401AC01B00B2ADF80C00BDF8CC
:100F0000BC00C01B00B2ADF810000EE0BDF8BC0084
:100F1000384400B2ADF80C00BDF8BC00BDF81410A8
:100F20000844384400B2ADF81000BDF91210B5F90C
:100F3000160081420DDBBDF90E10B5F91A00814291
:100F400007DC0020009003AA1DA9169B33980AF025
:100F500085F909E0FFE700201090169017900BAA82
:100F60001A2128460DF0DAFABDF9961001EBD1727C
:100F7000BDF9C23003EB6203B5F91620934211DBD1
:100F8000BDF9960000EBD072BDF9BE30A3EB620351
:100F9000B5F91A20934205DC2FAB30AA25A9339866
:100FA0000AF045FD0BAA1B2128460DF0B7FA08F1FF
:100FB0000108C8457FF606AF00BF81E6E43D03089F
:100FC000256400002DE9FE4F06460C46174698465C
:100FD0002021304615F0C2FA00287DD00C98032855
:100FE00003D1304613F09EFE02E0304613F0A4FE1B
:100FF00081460FF061FB05464FF0000A0020029089
:101000000C98032843D10021304614F001FE83469A
:101010000021304614F0A5FE0190B9F1010F23D054
:10102000B9F1020F28D0B9F1030F2ED106F1140047
:1010300006F0E9FEA0EB0B010198081A009000EB06
:10104000D0700BEB6000B18A08440FFA80FA05F10A
:10105000140006F0D8FE009000EBD070A98A01EBD6
:10106000600000B2029010E0B08A58440FFA80FA93
:10107000B5F91400029008E0318B0198081A0FFAB4
:1010800080FAB5F91800029000BF00BF45E00021CA
:10109000304614F029FF83460021304614F0DBFC73
:1010A0000190B9F1010F25D0B9F1020F2AD0B9F1A1
:1010B000030F30D106F1140006F032FEA0EB0B0155
:1010C0000198081A009000EBD0700BEB6001F08AD9
:1010D00008440FFA80FA00E054E005F1140006F02D
:1010E0001FFE009000EBD0704110E88A084400B267
:1010F000029010E0F08A58440FFA80FAB5F9160011
:10110000029008E0718B0198081A0FFA80FAB5F97D
:101110001A00029000BF00BF00BFB8F1000F17DA3D
:10112000B9F1000F05D00298504502DD2046BDE818
:10113000FE8F002C01DAA01E04B2002C01DDA01CE1
:1011400004B22146E01704EB9070801000B2EEE785
:10115000002F16DAB9F1000F04D00298504501DAD9
:101160002046E4E7002C01DAA01E04B2002C01DDC9
:10117000A01C04B22246E01704EB9070801000B26D
:10118000D5E709E008EB0400002802DAC8F1000006
:1011900004B2381B00D53C462046C8E710B50446CB
:1011A000207EC0F3800008B1002010BD207A2328E3
:1011B00002D0242803D100E000BF0120F5E700BFE2
:1011C00000BF4FF48041606815F0C8F908B90020ED
:1011D000EBE7207A11381C2823D2DFE800F00E0F4D
:1011E00010111213141516171822221922221A1D73
:1011F0001B1C222222221E1F222000BF00BF00BF74
:1012000000BF00BF00BF00BF00BF00BF00BF00BFE6
:1012100000BF00BF00BF00BF00BF00BF00BF002075
:10122000C3E70120C1E72DE9F04104460FF030FA91
:1012300007469FB13868806818B1217A386882689B
:101240009047207EC0F3400010B10120BDE8F0813E
:10125000207E00F0010008B10020F7E701260EB95A
:10126000002003E00021606813F062FB05464FF0A8
:10127000000827E02868F0B1287A00F08000802874
:1012800019D1287A802805D0287A20F08000217A88
:10129000884210D16868E060204629688847207E2F
:1012A000C0F3400008B10120D0E7207E00F001002B
:1012B00008B10020CAE708F101084146606813F050
:1012C00037FB05460DB1012ED4D02146002013F086
:1012D00013FA06460EB9002003E00021606813F0FF
:1012E00027FB05464FF0000823E02868D0B1287A94
:1012F00000F08000B0B9287A18B1287A217A8842A3
:1013000010D16868E060204629688847207EC0F3D5
:10131000400008B1012099E7207E00F0010008B1EB
:10132000002093E708F101084146606813F000FBD4
:1013300005460DB1012ED8D0012E11D1606840684C
:1013400070B12046FFF72AFF50B1606840686060C6
:101350002046FFF768FF0646012E01D0002075E702
:10136000304673E738B50546284600F05DFD044673
:101370003CB96946284622F03BF904460CB90020E6
:101380002860204638BD00002DE9FF4F99B00E4679
:1013900019A802F0D9FE03900398002803DA0B2065
:1013A0001DB0BDE8F08FFE49039851F8200028B128
:1013B0000021FB4A039852F8200001700398C0B244
:1013C0001690002015901698F7F7EFFB0290029800
:1013D00000F0010008B10320E2E7029800F00400E9
:1013E00008B10A20DCE706B9EE4E70681390139836
:1013F00020B913AA03211698F7F7E6FB139840B11A
:101400001398B0F5004F04D81398401E1399084064
:1014100008B1012013904FF40078307800F00F00ED
:1014200018907078012804DB7078022801DC70784D
:1014300000E001200690B16889B1B168B1F5004FB4
:101440000DD840464FEAE87108EBD1614911B26806
:10145000B2FBF1F301FB132109B9B16801E04FF4CC
:1014600000710591F068B0F1807F05D8F068411EE9
:10147000084008B9F06800E0002007900798B0FB2A
:10148000F8F007901C98B0FBF8F01490149808B985
:10149000112085E71B9C0CB9112081E74FF0000B50
:1014A000CDF840B000BF10AA01211698F7F78CFBC9
:1014B00008B1012074E7189800F0080040B91098AE
:1014C0003F2805D94FF03F0B1098A0EB0B00109070
:1014D0001098802801D20E2062E700BF00BF079855
:1014E000802801D980200790189800F0020028B1C8
:1014F000189800F0010008B9032707E0189800F0D9
:10150000010008B913204BE7022700BF00BFA6491E
:1015100010980844119000BF079D032F2DD1A5B945
:1015200010984FEA504A00200490012503E00498E7
:10153000401C04906D009D49049831F8100020B1C2
:10154000049831F810005045F1D91098B0FBF5F926
:10155000082000EB89004044401EB0FBF8F00990E1
:1015600020200A90002008904FF6F570814502D99E
:101570008F48814536D90E2012E7A5B910984FEA59
:10158000103A00200490012503E00498401C0490C8
:101590006D008849049831F8100020B1049831F8A2
:1015A00010005045F1D91098B0FBF5F940F6F570F0
:1015B000814503D9042000EB490A06E0012709EB25
:1015C0004900401C032101EB500A0AEB0800401EB1
:1015D000B0FBF8F0099001200A9005984001B0FB9B
:1015E000F8F008900A9858440F90069A09990F98B5
:1015F00001FB0201089808440E9013990E980844C4
:10160000401E491E20EA01010E98A1EB000A032F9B
:1016100006D10A9850440A900F9850440F9013E056
:101620000698BAFBF0F100FB11A038B1AAF1010A4B
:101630000A98401C0A900F98401C0F900698BAFB1D
:10164000F0F10998084409900E9800EB0510A0EB02
:101650000B001099884201D90E20A1E610990A9832
:101660000A1A0699099800FB11210898081AB0FB7C
:10167000F5F9032F0BD14FF6F570814507D8079880
:1016800018B96808079000B135E00E2088E6022FEF
:1016900028D14FF6F570814517D9079830B9402009
:1016A000B0EB450F02D36800079024E0189800F0D3
:1016B000020008B103271EE0079820B968000790D0
:1016C000802800D817E00E206AE640F6F5708145C4
:1016D00008D8079820B968000790802800D80AE049
:1016E0000E205DE6012F05D140F6F570814501D948
:1016F0000E2055E600E00FE700BF41462046EEF71A
:10170000C9FD2DA0016821604168616001892181C6
:10171000807AA072414604F10B001EF0F7F8657361
:101720000A9881B204F10E001EF0F0F806982074B9
:10173000032F01D1002000E0059881B204F11100CF
:101740001EF0E4F81098B0F5803F06D2109881B2F0
:1017500004F113001EF0DAF804E004F120001099FF
:101760001EF0C8F8F82060753F2104F118001EF043
:10177000CDF8FF2104F11A001EF0C8F8594604F113
:101780001C001EF0B7F8032F38D104F14300119963
:101790001EF0B0F804F1240009991EF0ABF811E036
:1017A00078020020A07D030800002154927D0308E8
:1017B000F5FFFF0F847D0308EBFE904D53444F531C
:1017C000352E3000022104F12C001EF093F8012187
:1017D00004F130001EF09AF8062104F132001EF0E8
:1017E00095F8802084F84000292084F842001322D4
:1017F00082A104F14700EEF734FD16E004F1270062
:1018000011991EF077F8099881B204F116001EF0C4
:101810007DF8802084F82400292084F826001322F3
:101820007BA104F12B00EEF71CFD4AF6552104F5CF
:10183000FF701EF06BF801235A4621461698F7F701
:101840005CFA08B10120ABE5032F32D101230BF183
:10185000060221461698F7F750FA41462046EEF761
:1018600019FD704920461EF045F86F4904F5F270E5
:101870001EF040F8A9F1010104F5F4701EF03AF8E9
:10188000022104F5F6701EF035F84AF6552104F5EC
:10189000FF701EF03BF801230BF10702214616985A
:1018A000F7F72BFA01230BF1010221461698F7F7FF
:1018B00024FA149800FB08F12046EEF7EBFC0F9891
:1018C0000D900020049040E0032F0FD16FF007012E
:1018D00020461EF00FF8391F201D1EF00BF86FF088
:1018E000704104F108001EF005F809E0012F01D154
:1018F0004E4801E06FF00700014620461DF0FAFF58
:101900000998129000BF14991298884201D914982E
:1019100000E012988246534621460D9A1698F7F732
:10192000ECF908B101203BE541462046EEF7B2FC58
:101930000D9850440D901298A0EB0A001290129846
:101940000028E0D10498401C04900699049888422D
:10195000BAD3032F01D1284600E00898129000BFA7
:1019600014991298884201D9149800E0129882467E
:10197000534621460D9A1698F7F7BFF908B1012092
:101980000EE50D9850440D901298A0EB0A001290AD
:1019900012980028E4D100BF032F02D10C20179029
:1019A0000DE01098B0F5803F02D30620179006E0B6
:1019B000022F02D10420179001E00120179000BFF0
:1019C000189800F0080070B910980B9000200C9047
:1019D00023460BA9DDE91602F6F784FC0190019875
:1019E00008B10198DCE4002211461698F7F7ECF8EC
:1019F00008B10120D4E40020D2E400004E4F204E74
:101A0000414D4520202020464154333220202000E3
:101A10004E4F204E414D452020202046415420204D
:101A2000202020005252614172724161F8FFFF0094
:101A3000F7B582B016460398019001A802F084FB26
:101A40000446002C02DA0B2005B0F0BD0F4850F818
:101A5000245025B100200D4941F824002870029837
:101A600040B102994C700020029908700749029811
:101A700041F824000EB90020E6E7002202A903A8DD
:101A80001BF006FD07463846DEE70000780200201E
:101A90002DE9F74FADF50E7D0446164624B9092011
:101AA0000DF5117DBDE8F08F06F03F06324681A9A5
:101AB0008FA81BF0EDFC0546002D72D18198829015
:101AC0008199C1F80CD082A88F9901F0EEFC0546EF
:101AD0002DB99DF8330200F0800000B1062506F014
:101AE0001C00002855D045B1042D03D182A8F6F77B
:101AF0006CFF054646F008060AE09DF80E0200F06D
:101B0000110008B1072503E006F0040000B1082524
:101B1000002D50D106F0080000284CD05A48809083
:101B2000899901F10E0080991DF0E4FE899901F177
:101B3000160080991DF0DEFE8999819804F048FF17
:101B4000814620208999C8720022899981981DF0C8
:101B5000BFFE899901F11C0000211DF0CBFE012080
:101B600081990871B9F1000F25D08198D0F830A083
:101B70000022494682A81DF09BF80546DDB9514672
:101B800081981BF0D7FD0546A9F1010081990861F4
:101B900011E085B99DF80E0200F0100010B1042587
:101BA00009E05DE006F0020028B19DF80E0200F0A9
:101BB000010000B107254DB906F0080008B146F054
:101BC00040068198006B206289986062002D55D193
:101BD0008999819804F0FCFEA060899901F11C00AC
:101BE00004F009FFE060819820608198C088A0809F
:101BF000267400206074E06160614FF4007104F1AC
:101C00002800EEF747FB06F0200048B3E06838B341
:101C1000E0686061819840894FEA402BA768D4F85A
:101C20000C800CE03946204601F02EFF0746012FBC
:101C300000D80225781C00B90125A8EB0B080DB9C6
:101C4000D845EFD8A7615DB9C8F3080040B139465F
:101C50008198F5F7C1FF8246BAF1000F01D1022544
:101C60000CE00AEB5820E061E26981994878012391
:101C700004F12801F6F7E2FF00B101250DB10020C3
:101C8000206028460CE70000000021542DE9FF4F9A
:101C900085B0044615469A46DDF818B00020CAF80B
:101CA000000003A9204621F0A3FC0490049810B979
:101CB000607C049018B1049809B0BDE8F08F207CD6
:101CC00000F0010008B90720F6E76169E068401AF2
:101CD00001900198854200D9019DA0E0A08AC0F33F
:101CE000080000287ED103984089401E616900EAFF
:101CF0005129B9F1000F17D1606910B9A06802909D
:101D000004E02046A16901F0BFFE0290029802287B
:101D100002D202206074CFE70298401C10B9012063
:101D20006074C9E70298A061A1690398F5F754FFB0
:101D3000064616B902206074BEE74E444FEA5528A5
:101D4000B8F1000F29D009EB0800039949898842AE
:101D500003D903984089A0EB0908039948784346C2
:101D600032465946F6F76AFF10B101206074A3E7C6
:101D7000207C00F0800068B1E069801B404509D2FA
:101D8000E169891B0BEB41204FF4007204F128013B
:101D9000EEF767FA4FEA482737E0E069B04220D013
:101DA000207C00F0800078B1E26903994878012333
:101DB00004F12801F6F7A1FF10B1012060747BE760
:101DC000207C00F07F00207403994878012332467C
:101DD00004F12801F6F732FF18B1012060746BE7B7
:101DE00000E0E661A08AC0F30800C0F50077AF42CA
:101DF00000D92F46A08AC0F3080204F12800111868
:101E00003A465846EEF72DFA00BFED1BDAF800000F
:101E10003844CAF80000BB44606938446061002D52
:101E20007FF45CAF002047E7F8B5044669462046DA
:101E300021F0DEFB0646002E42D1207C00F040005F
:101E400000283DD0207C00F0800070B1E26900994C
:101E50004878012304F12801F6F74FFF08B101206B
:101E6000F8BD207C00F07F002074164F216A009896
:101E70001BF060FC06461EBB656AE87A40F0200055
:101E8000E8722946A26820681DF022FD05F11C00B9
:101E9000E1681DF02FFD394605F116001DF02AFD01
:101EA000002105F112001DF031FD0120009908719B
:101EB00000981FF065FC0646207C00F0BF002074EF
:101EC0003046CDE7000021542DE9FF4F83B0044692
:101ED00015469B46049800900020CBF8000001A90D
:101EE000204621F085FB0290029810B9607C029098
:101EF00018B1029807B0BDE8F08F207C00F0020016
:101F000008B90720F6E700BF606928446169884284
:101F100002D26069C0F1FF35BBE0A08AC0F30800BF
:101F2000002875D101984089401E616900EA512A54
:101F3000BAF1000F1ED1606938B9A76857B90021FE
:101F40002046F6F710F8074604E02046A169F6F7A8
:101F50000AF8074607B99FE0012F02D102206074FA
:101F6000C8E7781C10B901206074C3E7A761A068B6
:101F700000B9A760207C00F0800078B1E269019987
:101F80004878012304F12801F6F7B7FE10B10120CB
:101F90006074AFE7207C00F07F002074A169019895
:101FA000F5F71AFE064616B902206074A2E75644F9
:101FB0004FEA5529B9F1000F2BD00AEB090001991E
:101FC0004989884203D901984089A0EB0A090199FF
:101FD00048784B4632460099F6F78FFE10B1012043
:101FE000607487E7E069801B48450ED2E069801B7A
:101FF000009A02EB40214FF4007204F12800EEF742
:1020000030F9207C00F07F0020744FEA49282BE053
:1020100013E0E069B0420FD0E168606988420BD2FA
:10202000019948780123324604F12801F6F706FEAB
:1020300010B1012060745DE7E661A08AC0F308007A
:10204000C0F50078A84500D9A846A18AC1F30802C6
:1020500004F12801501842460099EEF702F9207C5D
:1020600040F08000207400BFA5EB0805DBF80000FD
:102070004044CBF800000098404400906069404420
:102080006061E1686069884201D9606900E0E068E8
:10209000E060002D7FF441AF00BF207C40F04000A5
:1020A0002074002026E72DE9F0438046DDE907454E
:1020B00021B92A7022701A70BDE8F0834FEA2820F7
:1020C00000F00209B9F1000F04D000BF99462B4679
:1020D0004D4600BF00F00409B9F1000F04D000BF65
:1020E000A1462C464D4600BF00F00609B9F1000F8D
:1020F00009D100F00109B9F1000F0ED100BF9946D6
:1021000023464C4609E000F00109B9F1000F04D064
:1021100000BF994623464C4600BF22706FEA010972
:1021200009F0FF0602FB06F74FEA272985F8009021
:1021300008F0FF0C00F00109B9F1000F0DD1BCF15E
:10214000000F02D14FEA012905E0CCF1000909F0A6
:10215000FF0909FB01F94F4601E001FB0CF73E12B4
:102160006FEA060909F0FF0602FB06F74FEA272986
:1021700083F8009000BF9FE72DE9F04102460F462B
:1021800000200021802A01D290B22BE0B2F5803FDE
:1021900028D2B7F5697F25D195B2134B41F6DD4CB6
:1021A0000026102414E0ACEB060806EB58014FEAB9
:1021B000410833F81880A84500D10BE04FEA4108E8
:1021C00033F81880A84501DA0E4600E08C46641EFC
:1021D000002CE8D100BF2CB14FF0010808EB4108FA
:1021E00033F81800BDE8F081B07D030870B5B0F594
:1021F000803F4DD281B2B1F5805F01DA254E00E01B
:10220000254E324600BF32F8023B0BB1994200DA4C
:102210003CE032F8024B2512E4B21E198E4230DD4A
:10222000092D2CD2DFE805F005090F13171B1F231A
:102230002700CE1A32F8161021E0CE1A06F0010659
:102240008E1BB1B21BE0A1F11006B1B217E0A1F1F3
:102250002006B1B213E0A1F13006B1B20FE0A1F156
:102260001A06B1B20BE001F10806B1B207E0A1F124
:102270005006B1B203E0A1F5E356B1B200BF00BF12
:1022800004E0002DBFD102EB4402BCE700BF0846CA
:1022900070BD0000A0640408926604082DE9FF4F99
:1022A00087B005468B469146DDE914A6584605F0F1
:1022B000D4FD0690584605F04FFD0590179801286B
:1022C00004D0022804D0032806D103E0494F08E0D7
:1022D000494F06E0494F04E000BF00BF0BB0BDE826
:1022E000F08F00BF8EBB2888049028885246014694
:1022F00002900A98B84703904FF0000821E00024AC
:1023000018E0BDF8100035F8141088420CD005EB29
:1023100044000088049005EB4400008852460146C2
:1023200002900A98B847039005EB4400BDF80C10E2
:102330000180641C06988442E3DB05EB490508F143
:10234000010805988045DADB51E0FFE700200290A4
:10235000288804903078FD2801DB504603E030786F
:1023600000FB0AF0000A0190019A04990A98B84704
:1023700003904FF0000836E000242BE0305D00B9F8
:1023800027E0315D0298814205D1BDF8100035F893
:102390001410884217D0305DFD2801DB504603E061
:1023A000305D00FB0AF0000A019005EB4400008854
:1023B00000900146019A0A98B8470390305D029058
:1023C00035F81400049005EB4400BDF80C100180B2
:1023D00000BF641C06988442D0DB05EB49051698C3
:1023E000064408F1010805988045C5DB00BF00BF21
:1023F00074E700008D7C0008B97D00082F7D00087F
:102400002DE9FF4F89B004469246DDE91685F2F7C3
:10241000F5FD08900A9805F020FD81460A9805F020
:102420009BFC8346002D78D1B8F1FD0F0CDB002713
:1024300007E04A4620460C9907F09EFC04EB4A044C
:102440007F1C5F45F5DB7DE100BF002001460246B1
:102450004FEAD20CBDF804306CF304034FEA910C40
:102460000193BDF804306CF34A134FEAD00C01938A
:10247000BDF804306CF3CF230193BDF804C063466C
:102480000293BDF8081008460790424607990C9839
:1024900007F010FE06900C9904A80291BDF80810F0
:1024A000C90A01FB08F10180BDF80810C1F345110C
:1024B00001FB08F14180BDF8081001F01F0101FB8C
:1024C00008F1818000BFC8F1FF000390002720E0E1
:1024D000002619E0BDF81C0034F8161088420DD013
:1024E00004EB46000088079004EB46000088029049
:1024F000014604A8039A07F065FE069004EB460027
:10250000BDF818100180761C4E45E3DB04EB4A044D
:102510007F1C5F45DCDB15E1FFE7BDF8300000EB19
:1025200000400790B8F1FD0F6FDBA9F104000690A1
:102530000027B4E0002614E02878FF2803D1BDF876
:10254000300020800AE02A782088014604900C9808
:1025500007F0B0FD0590BDF8140020806D1CA41C90
:10256000761C4E4503DA05F003000028E4D172E042
:10257000286805900598401CA8B904F0030048B1EC
:10258000BDF830102180A01C07990160BDF8301003
:10259000E18005E02046079901600799416000BF8E
:1025A00008342D1D56E00598002851D02878FF28C2
:1025B00003D1BDF8300020800AE02A782088014647
:1025C00003900C9807F076FD0490BDF81000208071
:1025D0006D1CA41C2878FF2803D1BDF83000208092
:1025E0000AE02A782088014603900C9807F062FDE3
:1025F0000490BDF8100020806D1CA41C2878FF28D2
:1026000004D1BDF8300020800BE04CE02A7820880F
:10261000014603900C9807F04DFD0490BDF81000A2
:1026200020806D1CA41C2878FF2803D1BDF8300041
:1026300020800AE02A782088014603900C9807F051
:1026400039FD0490BDF8100020806D1CA41C01E031
:102650002D1D0834361D0698864289DD14E0287841
:10266000FF2803D1BDF8300020800AE02A782088B6
:10267000014604900C9807F01DFD0590BDF814006C
:1026800020806D1CA41C761C4E45E8DBAAEB0900DB
:1026900004EB40041898A0EB090005447F1C5F453B
:1026A000FFF648AF4DE00020049020880690208877
:1026B000059000200390002740E0002635E02878B0
:1026C00088B329780498814209D02878FF2801D15D
:1026D000404603E0287800FB08F0000A03902978C0
:1026E0000498814205D1BDF8180034F816108842CC
:1026F00014D00398FF2802D10C98059009E004EB50
:102700004600008802900146039A0C9807F0D2FC1C
:1027100005902878049034F81600069004EB4600E3
:10272000BDF8141001806D1C761C4E45C7DB04EB10
:102730004A041898A0EB090005447F1C5F45BCDBE8
:1027400000BF00BF0DB0BDE8F08F2DE9FF4F85B091
:1027500081460C46DDE912A7F2F750FC804607BB24
:10276000B4F9026018E0B4F9005010E0CDF808A008
:10277000BDF82000ADF8040030B20090D8F8000099
:102780002BB2D0F81CC04946079AE0476D1CB4F93B
:102790000400A842EADA761CB4F90600B042E2DA94
:1027A0002EE0204605F059FB8346204605F0D4FA7A
:1027B0000490002620E0002519E0785DB0B1785D36
:1027C00000FB0AF0000A0290BDF82000ADF80400FA
:1027D0006088304400B20090218829440BB2D8F8B8
:1027E0000000D0F81CC04946079AE0476D1C5D45C3
:1027F000E3DB14980744761C04988642DBDB00BFB9
:1028000009B0BDE8F08F10B502460B4610681C6891
:10281000A04201D1012010BD0020FCE710B5024606
:102820000B46506820F040401C68A04203D250681C
:1028300020F040401860002010BD2DE9F04F89B015
:1028400004460020089007900DF022FF069006989D
:102850000068057ED4F820800027B946B4F914003A
:10286000002802DDB4F9140002E0B4F9140040427B
:10287000B4F91610002902DDB4F9161002E0B4F91B
:1028800016104942884201DD012701E04FF001099D
:10289000CAE01021404613F061FEB0B94FF48071D8
:1028A000404613F05BFE08B907B1C1E04FF4007178
:1028B000404613F053FE18B9B9F1000F00D0B7E04D
:1028C000404612F0A3F88046AEE0CA46CDF8149018
:1028D0000497BB46404612F011F9064606F0010087
:1028E00008B90020049006F0020008B94FF0000B70
:1028F00006F0040008B94FF0000A06F0080008B915
:1029000000200590404612F021FA0390404612F054
:1029100095F80290404612F01FF90190404612F0DF
:1029200093F900900398002802DC0298002811DD3A
:10293000BAF1000F03D0B4F91600A84206DA0598E0
:1029400040B1B4F916006942884203DCCDF820801A
:102950000C2007900198002802DC0098002811DD67
:10296000049818B1B4F91400A84207DABBF1000FBB
:1029700008D0B4F914006942884203DCCDF8208005
:10298000032007900398002801DC4FF0000A02980A
:10299000002801DC002005900198002801DC0020BF
:1029A00004900098002801DC4FF0000B049818B147
:1029B000B4F91400A84215DABBF1000F04D0B4F941
:1029C0001400694288420DDDBAF1000F03D0B4F95A
:1029D0001600A84206DA059878B1B4F916006942E3
:1029E00088420ADC0FB1032000E00C2094F83C1070
:1029F00060F3030184F83C101AE04FF48071404604
:102A000013F0ACFD08B907B112E04FF40071404675
:102A100013F0A4FD18B9B9F1000F00D008E040464A
:102A200011F0F4FF804600BFB8F1000F7FF431AF22
:102A300000BF089858B194F83C10079860F3030160
:102A400084F83C100898A0620021A182E1820898D5
:102A500009B0BDE8F08F00002DE9FF4F83B00446B8
:102A6000204612F05FF90290029818B9002007B0D2
:102A7000BDE8F08F41F6FF750021204613F0C8F83D
:102A800007460021204613F06CF98246204611F0DB
:102A900076FE83464FF000086AE0A068006850F8B0
:102AA00028603949304613F064FD00B15EE04FF410
:102AB0008051304613F052FD002856D04FF00009E7
:102AC000002001900298012804D0022809D0032890
:102AD0002CD10EE0B6F91490A08A384400B20190CF
:102AE00025E0B6F91890208BA0EB0A0000B2019007
:102AF0001DE006F1140005F086F9009000EBD0709F
:102B0000B18A01EB60000FFA80F904F1140005F0BE
:102B10007AF9C01BA0EB0A00009000EBD070A18AEC
:102B2000394401EB600000B2019000E01EE000BFFC
:102B3000069848440FFA80F90498814514DB0598FB
:102B4000814511DC0199A9EB010108B2002801DDE2
:102B5000014600E04142002D01DD2A4600E06A42C4
:102B6000914200DA054600BF00BF00BF08F101082E
:102B7000D84592D341F6FF70854201D1002000E094
:102B8000684200B273E70000010004002DE9FF4F26
:102B900083B00446204612F0CFF80290029818B98C
:102BA000002007B0BDE8F08F41F6FF7500212046F8
:102BB00013F09AF907460021204612F04CFF824696
:102BC000204611F0DCFD83464FF000086AE0A06863
:102BD000006850F828603949304613F0CAFC00B14B
:102BE0005EE04FF48051304613F0B8FC002856D018
:102BF0004FF00009002001900298012804D002281B
:102C000009D003282CD10EE0B6F91690E08A38449A
:102C100000B2019025E0B6F91A90608BA0EB0A0093
:102C200000B201901DE006F1140005F079F8009063
:102C300000EBD0704110F08A08440FFA80F904F1DB
:102C4000140005F06DF8C01BA0EB0A00009000EB2B
:102C5000D0704110E08A3844084400B2019000E08E
:102C60001EE000BF069848440FFA80F90498814599
:102C700014DB0598814511DC0199A9EB010108B22B
:102C8000002801DD014600E04142002D01DD2A4619
:102C900000E06A42914200DA054600BF00BF00BF73
:102CA00008F10108D84592D341F6FF70854201D161
:102CB000002000E0684200B273E700000100040059
:102CC0002DE9FF4F87B00E469046DDE914940021B0
:102CD000079813F0A5FB06900021079812F012FE4A
:102CE0000590F078C0F34000A8B1F07800F0010042
:102CF00020B142F2D1710698884208D0F07800F0F5
:102D0000010040B942F2D1710598884203D1F078B0
:102D100020F00200F070F07800F0010008B1964851
:102D200000E096480490F07800F0010008B992485D
:102D300000E09248824600206080A08020612080D0
:102D4000A060E060CDF80C800399079811F0F9FCC1
:102D50000546E0E00398404506D04FF400012846C0
:102D600013F0FCFB00B1D9E08549284613F001FCC3
:102D700000287CD10021284612F09AFD029002988A
:102D8000002875D02069401C2061A088484400B20A
:102D9000A080207D00F0010000286AD0216901EBAD
:102DA000810188000FF0ECFB074600BF1FB900BF90
:102DB00000BF00BFFEE700BF1FB903980BB0BDE81E
:102DC000F08FE06858B12069401E00EB800082005F
:102DD0003846E1680FF0F1FCE0680FF04DFC206927
:102DE000401E00EB800047F82050F07800F0010012
:102DF00058B14FF0000B41F202025946284613F039
:102E000029F90190019800B20BE04FF0000B41F25C
:102E100005025946284613F01DF90190019800B2A9
:102E200000BF2169491E01EB810107EB8101888008
:102E3000F07800F0010058B14FF0000B41F20302AE
:102E40005946284613F006F90190019800B20BE0AC
:102E50004FF0000B41F206025946284613F0FAF8EB
:102E60000190019800B200BF2169491E02E03EE0D6
:102E700017E02CE001EB810107EB8101C88002988B
:102E80002169491E01EB810107EB8101C860002126
:102E90002069401E00EB800007EB80000161E760C5
:102EA00015E02846049988470746F078C0F34000AB
:102EB00030B1B4F90400C1190A98814200DD2DE057
:102EC000A08807EB0901084400B2A08000BF284693
:102ED000D047B4F90010884202DD2846D04701E00F
:102EE000B4F900002080A068401CA06000BFF0780A
:102EF000C0F3800010B14FF0FF3000E001200399D3
:102F0000084403900398002800DA07E00399079823
:102F100011F017FC0546002D7FF41CAF00BFB4F97B
:102F20000400002804DDA088A0EB090000B2A08006
:102F3000206908B10A9801E0B4F904006080CDB1BD
:102F40000398404516D1079880680068039950F8A7
:102F50002150F078C0F3800103AA079801F001FA2C
:102F600045B12846D047208028460499884760808C
:102F70000120A060039821E7A36402086D490208BC
:102F8000010006002DE9FF4107460D4600213846A5
:102F9000F4F738F90646022E06D0032E00D21DB9EA
:102FA000304604B0BDE8F08100BF00240AE007F518
:102FB000F97101EB041101F1080003F01CFD4DF85B
:102FC0002400641C042CF2D30DB1681E00E0002024
:102FD000044600BF5DF8240028B15DF8241038468F
:102FE000F4F710F900E0032006462DB9022E03D3B2
:102FF000601C04460428EDD33046D2E72DE9F04F9B
:1030000097B0044600BF00BF4FF0000BDE480288B7
:103010005946204613F01EF80A900A98C6B200BF1F
:10302000F0439DF85B1060F300018DF85B10B00871
:103030009DF85B1060F341018DF85B10F0089DF87E
:103040005B1060F382018DF85B1000BFCF480288EF
:103050005946204612F0FEFF0A900A98C0B28DF839
:10306000580000BFCA4802885946204612F0F2FFB5
:103070000A900A98C0B28DF8590000BFC54802886E
:103080005946204612F0E6FF0A900A98C0B28DF821
:103090005A000021204612F047FB012800D100E031
:1030A000002015909DF85B0000F0010020B9002180
:1030B000204612F079FD03E00021204612F0FAFECE
:1030C00014909DF85B0000F0010020B10021204623
:1030D00012F06AFD03E00021204612F0EBFE13908F
:1030E0009DF85B0000F0010018B1204611F0C9FB0B
:1030F00002E0204611F0A6FB12904FF0000B41F2C7
:1031000032025946204612F0A5FF0A900A9800B2F2
:10311000119000BF41F610025946204612F09AFF66
:103120000A900A98E18A0144119801EB000B2046AD
:1031300011F020FEABEB000000B210904FF0000B3E
:1031400041F612025946204612F084FF0A900A986E
:10315000A18A0144119801EB000B204611F000FEFA
:10316000ABEB000000B20F909DF85A709DF85B0029
:1031700000F0010008B110A800E00FA805460021EA
:10318000204613F04DF90E900021204612F0BAFBB4
:103190000D909DF85B0000F0010040B142F2D1714A
:1031A0000D98884203D1608CC0F3402068B19DF82F
:1031B0005B0000F0010048B942F2D1710E988842DC
:1031C00004D1608CC0F3802000B90027159850B15D
:1031D0009DF85B0000F0010028B90FB9012702E05B
:1031E000012F00D100274FF0000800200C900B9019
:1031F000002F49D09DF85B00C0F3800018B1A06893
:103200004068401E00E00020814617E000200A9040
:1032100005A91398CDE900014A4616A92046129B3C
:10322000FFF74EFD8246BDF8141014980844404440
:103230000FFA80F80B98401C0B90D146A0684068AC
:10324000484502DDB9F1000FE0DA0B9820B114987F
:10325000A8EB00000FFA80F89DF85B0000F0010079
:1032600018B1204611F0EEFA02E0204611F009FBF9
:1032700083460CA8CDE900500B9803B2424659464C
:1032800038461AF04DFC00BF9DF85B00C0F380008B
:1032900018B1A0684068401E00E0002081461598E3
:1032A00040B19DF85B0000F0010018B92888404447
:1032B00000B228804DE001200A9005A91398CDE9BD
:1032C00000014A4616A92046129BFFF7F9FC8246E8
:1032D000159850B19DF85B0000F0010028B92888CE
:1032E000BDF81410401A00B2288005AABDF940307C
:1032F000DDE91210CDE90131CDE90302BDF93C0051
:1033000053464A4616A900902046F3F7EBFFD146F4
:1033100008980FF0B1F900200890159868B19DF851
:103320005B0000F0010040B92988BDF830201498F6
:103330001044081A00B228800AE02988BDF8140059
:10334000BDF83020024414981044084400B228808C
:1033500000BFA0684068484502DDB9F1000FAADA55
:1033600042F2D1710E98884202D00D98884202D163
:10337000204614F06AF800222B2120460BF0CEF8EC
:1033800017B0BDE8F08F0000F4000020F600002028
:10339000F8000020FA0000202DE9FC5F0446894671
:1033A0009246207E00F0010008B1BDE8FC9FE56870
:1033B00000264FF0010B0120019000BF85B9207E4F
:1033C000C0F3C00000B956B9019800B9EDE7204636
:1033D000C84705464FF0000B0020019000E0E4E7ED
:1033E00016B92E4606B9E0E7BBF1000F06D0294614
:1033F0002046D0470546B54200D1D6E74FF0010B35
:1034000005B9DBE7286812F015F900F0800000B17B
:10341000D4E72F6809E00121384613F09FF800B186
:1034200005E0384611F0F2FA0746002FF3D100BF4D
:103430002FB10121384613F091F800B1BEE700BF6B
:1034400000BFE068A84200D1AFE7E06890B1204635
:1034500000F097FC0090E16808680F21009A0BF0DB
:103460005DF80746012F00D09FE7E168086813F078
:1034700012FC00BFE560204600F083FC0746E168CF
:103480003A4608680E210BF049F88046B8F1010F62
:1034900000D08AE7E168086813F0FDFB206910B1ED
:1034A00020462169884700BF7FE72DE9F3410446A4
:1034B000276802E00198401C0190019800782F28AD
:1034C000F8D0019800785C28F4D00020A060019822
:1034D0000078202808D280212B2001550021204689
:1034E000F5F716FB05462CE000BF01A92046F4F7CE
:1034F000CBFD054605B123E02046F5F783F90546E7
:103500002B20065D3DB1042D04D100BF06F0040060
:1035100000B9052514E006F0040000B110E0A07920
:1035200000F0100008B905250AE0208AC0F308025F
:1035300007F134001118384603F04AFAA060D4E7C6
:1035400000BF2846BDE8FC8170B504460D46E1B2D7
:103550000548EFF711FC00BF80210348EFF792FB0D
:103560000028F9D0204670BD003801402DE9F04117
:103570000446204600F0DDF9054611480068001BAE
:10358000461B0F480068401B0D490860B6B127462E
:103590006119324620460FF010F906E0A068401B82
:1035A000A060204600F0C5F9044405480068844244
:1035B000F4D1B81929460FF08EFA00BFBDE8F081AA
:1035C000C800002002460C207047024600207047C9
:1035D00002460020704703460C20704770470346A0
:1035E0000020704730B50546039C0C2030BD10B557
:1035F00004460C2010BD03460020704730B5054638
:10360000039C0C2030BD00002DE9FF4F83B007461E
:1036100091461E46049801683960416879600189C5
:103620003981807AB872052E19D9B04612E039F87E
:1036300002BB00240CE0584668F35F0080464FEA66
:103640006B0B08F4803010B1234888EA0008641C32
:10365000102CF0D3B9F800000028E8D14646072422
:1036600000BF06F00F0000F1300A3609BAF1390F39
:1036700003DD0AF1070000F0FF0A2046641E01A9DD
:1036800001F800A00CB1002EEBD17E2001A9085555
:10369000002509E0785DF4F71FFF20B1601EA84205
:1036A00000D106E06D1C6D1CA54202D2785D202879
:1036B000F0D100BF00BF082C04D22046641C01A931
:1036C000085C00E0202029466D1C7854082DF2D3B8
:1036D00007B0BDE8F08F00002110010010B50246D0
:1036E000114691F83C3003F0030323B1012B04D0C1
:1036F000022B0CD000BF888C13E026235B5C4FF4B8
:10370000B4746343642493FBF4F398B209E0272371
:103710005B5C4FF4B4746343642493FBF4F398B29A
:1037200000BF00BF10BD2DE9F34F87B083465F4651
:1037300005A9584611F0C4F8584612F0B2FE02909E
:10374000584611F013F901900021584612F0BBFAC7
:1037500000900021584612F05FFB80460021584639
:1037600012F01DFC81460021584612F0CFF9824626
:103770000021584612F0ABFB05460021584612F0D6
:103780002DFA0646284605EBD0714910491C05F074
:10379000010211440DB2304606EBD0714910491CAC
:1037A00006F0010211440EB20D2D01DA284600E0A8
:1037B0000D2005460D2E01DA304600E00D200646AC
:1037C000B8F10D0F01DA404600E00D208046B9F156
:1037D0000D0F01DA484600E00D208146BAF10D0FC9
:1037E00001DA504600E00D20824600248BE0B86AE2
:1037F00000EBC40103A804F06FFABDF90C100098A7
:1038000081420FDCBDF9141000980D2801DA0098F0
:1038100000E00D20081ABDF80C10084400B2ADF805
:103820000C0008E0BDF80C00BDF81410891B08441A
:1038300000B2ADF80C00BDF90E0048450FDCBDF933
:103840001600B9F10D0F01DA494600E00D21401ACA
:10385000BDF80E10084400B2ADF80E0008E0BDF847
:103860000E00BDF81610491B084400B2ADF80E005A
:10387000BDF910100298A0EB0800801E81420FDBFA
:10388000BDF91400B8F10D0F01DA414600E00D2139
:103890000844BDF81010084400B2ADF8100008E06C
:1038A000BDF81000BDF814103144084400B2ADF862
:1038B0001000BDF912100198A0EB0A00801E814291
:1038C0000FDBBDF91600BAF10D0F01DA514600E029
:1038D0000D210844BDF81210084400B2ADF81200E2
:1038E00008E0BDF81200BDF816102944084400B2E3
:1038F000ADF81200002203A80899EFF706FE00B108
:1039000005E0601C84B2388EA0423FF770AF00BF64
:10391000388EA04201D14FF6FF74204609B0BDE8B1
:10392000F08F014601F007020AB1104670470120EE
:10393000FCE70146B1F90C20032303EB420222F01D
:10394000030202F1100070472DE9FC5F05460E46A8
:1039500017460021284612F09CF98046002128468F
:1039600012F040FA82460021284612F0FEFA814603
:103970000021284612F0B0F80190284612F091FD7F
:10398000A0EB0800A0EB0A0B284610F0EFFFA0EB1D
:1039900009010198081A834507DA284612F081FDCB
:1039A000A0EB0800A0EB0A0006E0284610F0DEFFBE
:1039B000A0EB09010198081A009000EBD0704010AC
:1039C00004B2A88A2044404400B23080E88A2044EF
:1039D000484400B2708007B13C80BDE8FC9F000005
:1039E00038B504460025044802882946204612F0CE
:1039F00031FB0090009838BDDC00002038B504464B
:103A00000025054802882946204612F023FB009035
:103A10000098C0B238BD0000E400002038B504466C
:103A20000025054802882946204612F013FB009025
:103A30000098C0B238BD0000E6000020F0B5044692
:103A40000B46032B01D2012000E000200546611B3C
:103A5000981E0C2707FB0500C0EB4010B0FBF7F0E9
:103A60001044084400EB91006427B1FBF7F7C01B3A
:103A70004FF4C877B1FBF7F738440727B0FBF7FCE2
:103A800007FB1C06F0B2F0BD2DE9F04781460C465D
:103A9000D9F80050022C02D3A869A04202D84FF0F6
:103AA00001085EE04FF0FF382878012804D0022892
:103AB0002CD0032851D13CE0264606EB5606686A16
:103AC00000EB5621284619F035FE00B148E030469B
:103AD000761CC0F3080105F13400475C686A00EB0E
:103AE0005621284619F026FE00B139E0C6F3080138
:103AF00005F13400405C47EA002704F0010008B1FA
:103B0000380901E0C7F30B00804629E0686A00EB42
:103B10001421284619F00EFE00B121E040F2FF11F9
:103B200001EA440205F13401501802F070FF8046AA
:103B300016E0686A00EBD411284619F0FBFD00B1CD
:103B40000EE040F2FF1101EA840205F13401501841
:103B500002F051FF20F0704802E04FF0010800BF72
:103B600000BF4046BDE8F0872DE9FC4781460E4680
:103B700016B90020BDE8FC87D9F81040606930B163
:103B800060690068B04202D160694068F2E70025D0
:103B9000B1E005EB8501A06850F82100371A05EB6C
:103BA0008501A06800EB81008088B84200D2A0E0C7
:103BB0004FF0000805EB8501A06800EB8100807CD8
:103BC000022808D105EB8501A06800EB8100C088C0
:103BD00000EB070884E005EB8501A06800EB81009D
:103BE000807C78B905EB8502A16801EB8201C86889
:103BF00005EB8502A16801EB8201C988C25D01EB7A
:103C000002086DE005EB8501A06800EB8100807C77
:103C100003282AD1B8B201903E48009005EB8503F5
:103C2000A06800EB8300028A05EB8503A06800EB27
:103C300083000223816801A8F1F756FB8246BAF19E
:103C4000000F11D005EB8502A16801EB82018968A4
:103C5000AAEB0101481005EB8502A16801EB820186
:103C6000C98801EB000800BF3AE005EB8501A068B8
:103C700000EB8100807C012832D1B8B20190254848
:103C8000009005EB8503A06800EB8300028A05EB3A
:103C90008503A06800EB83000223816801A8F1F787
:103CA00023FB8246BAF1000F19D005EB8503A26809
:103CB00002EB83029268AAEB0202501005EB850327
:103CC000A26802EB8302D16805EB8503A26802EBD0
:103CD0008302D28831F8103002EB030800BF00BF26
:103CE000606920B1606906606069C0F80480404680
:103CF00040E7681C85B2608AC0F30800A8423FF71D
:103D000048AF606920B16069066000206169486061
:103D100000202FE7E12F03082DE9F84F80460D46DC
:103D2000C146404600F0FDF9064616B90020BDE840
:103D3000F88FF08A281A05B20021304612F057FA9F
:103D4000009000980AF048FD82460021304612F0AB
:103D5000BEFA0446204604EBD07105EB61010DB2BA
:103D60000AEB04000FFA80FB95FBFBF087B2B9F871
:103D70003400B84203DCB9F83400401E87B238463C
:103D8000D5E72DE9F04105460026002700200CF07C
:103D900085FC044616E020460CF0CFFC8046206DE2
:103DA000A8420AD1B8F1020F02D12046BDE8F08145
:103DB000B8F1040F00D12646274620460CF06EFCD1
:103DC000044600BF002CE6D10EB13046EEE70FB13D
:103DD0003846EBE700200CF061FCE7E72DE9F04105
:103DE00007460C463D46384610F04BFDB5F88410AA
:103DF0004843001206B20021384611F030FF8046D9
:103E0000A4EB080004B2002C02DA0020BDE8F08127
:103E1000B44203DDB5F88200401EF7E795F888004C
:103E200000F0070001280BD1314606EBD17042109B
:103E3000B5F88200401E04FB002090FBF6F0E5E799
:103E400095F8880000F00700022805D1B5F8820037
:103E5000604390FBF6F0D9E70020D7E70246114611
:103E600000E0096821B18869C0F30F100028F8D07C
:103E700009B9002070478869C0F30F10FAE7000005
:103E80002DE9FC5F80460D461646D8F810704FF0BD
:103E9000000A788AC0F34030002840D1FC68A0684E
:103EA000800FD8B9D4F8009005EB062080B20190BD
:103EB00026480090A06820F040420223494601A80D
:103EC000F1F712FA8346BBF1000F06D0ABEB090104
:103ED0004810616811F900A000BF1FE00121A0682F
:103EE000B1EB907F1AD1D4F8009005EB0640019019
:103EF00017480090A06820F040420423494601A8DA
:103F0000F1F7F2F98346BBF1000F06D0ABEB0901E4
:103F10008810616811F900A000BF00BF12E0F868C6
:103F20004368595D83689A5D00290ADD002A08DD2F
:103F3000531E4C1E90F80DC004FB0C33046814F99A
:103F400003A000BF5046BDE8FC9F0000C568010803
:103F5000A56801082DE9FE4F07460C4625460026B8
:103F60000021204611F09FFB834600EBDB70C0F37D
:103F70004F064FF44031204611F07EFE80464FF44C
:103F80004031204611F021FF81464FF44031204658
:103F900011F0DEFF82464FF44031204611F08FFDD4
:103FA0000290A08A298D0844801BA0EB080000B273
:103FB000ADF80000E18A688D0844801BA0EB090081
:103FC00000B2ADF80200A08A298D08443044504464
:103FD00000B2ADF80400E18A688D084481190298A6
:103FE000084400B2ADF80600009838600198786087
:103FF000BDE8FE8F2DE9F04F87B081460F4692460F
:10400000984600BF00BF4C464FF40031484611F0BF
:1040100057FB834658460BEBD0714D10AAEB0500B9
:104020000FFA80FAA68C94F83400C0F3410018B956
:10403000208D304486B223E094F83400C0F3410070
:10404000022803D1E08C304486B219E094F83400A1
:10405000C0F34100012813D1B4F93020B4F9323053
:10406000D11801EBD1725010B4F92E10814203DA4D
:10407000E18C31448EB202E0218D31448EB200BF1A
:1040800006F15A0000B218F06BFA00FB0AF0C013F8
:1040900000B2069030B218F063FA00FB0AF0C013C9
:1040A00000B205904FF44031484611F0F2FD049003
:1040B0004FF44031484611F095FE03904FF44031E3
:1040C000484611F052FF02904FF44031484611F03B
:1040D00003FD01903988069801440498081A401B92
:1040E00000B2A8F8000039880698014403980844F3
:1040F000284400B2A8F80400798805980144029881
:10410000081A401B00B2A8F80200798805980144FB
:1041100001980844284400B2A8F8060007B0BDE89A
:10412000F08F70B504462546686A08B9002070BD56
:104130000021686A10F005FBF9E710B5044600217C
:10414000204610F0FEFA10BD70B504464FF0FF3067
:1041500026683146324601B970BD00BF12F8013BF6
:10416000202B01D33A2BF9D13A2B11D101250E780E
:10417000302E08DB0E78392E05DC8E1C964202D1DB
:104180000E78A6F13005012D01DA28462260E3E71A
:10419000002000BFE0E770B504460E46002513E09E
:1041A000E06800EBC5004068C0F3006058B1E0680B
:1041B00000EBC500406820F07F40B04203D1E068CA
:1041C00050F8350070BD6D1C608CC0F3C500A8426E
:1041D000E6D8608CC008401C618C60F3C801618423
:1041E000628CC2F3C502D100E0680EF0B1FAE06063
:1041F00000BFE06818B900BF00BF00BFFEE700BF06
:10420000608CC0F3C500451E1AE0681EE16801EB32
:10421000C0004068C0F3006038B9681EE16801EB77
:10422000C0004068C0F3406000B10BE0E06800EB04
:10423000C5010246681E02EBC00205CA05C16D1E1B
:10424000002DE2D100BFE16801EBC50008210EF0AE
:1042500042FC08200EF05AF9E16841F83500E168A7
:1042600051F8350016F04EF8E06800EBC5004068E4
:1042700020F0807000F18070E16801EBC5014860BA
:10428000E06800EBC500406866F31700E16801EBE9
:10429000C5014860E06850F8350093E72DE9FC411E
:1042A0000746884616463868C068C068B0FBF8F410
:1042B000B44200DD3446194800680068806958B38C
:1042C0000020ADF80000ADF80400ADF8020025B202
:1042D00000BF681E00B2ADF8060010490968086802
:1042E0000E49096809688A6969469047684603F07B
:1042F00025FDA04200DC03E0681E05B2002DE8DCCD
:1043000000BF002D04DC00BF00BF0020BDE8FC8121
:10431000BDF90600441C00BF2046F7E7C00000209E
:1043200070B505460C46641E002C01DA6D1E0C3477
:104330000C2C01DB6D1C0C3C012C04D1284602F036
:104340008BF81C300BE0072094FBF0F100FB1146CA
:1043500006EBD6704010A6EB4000C0F11F00C0B2C3
:1043600070BD10B5034669B11068401E106010683A
:10437000002805DB98680068146850F8240010BD18
:104380000020FCE71068401C106010689C6864689E
:10439000A04205DA98680068146850F82400EEE737
:1043A0000020ECE730B50446481CE56835F81000FD
:1043B00035F81150401B00B21080A06830F8110091
:1043C00000B21880E06830F811006568284430BDFC
:1043D0002DE9F84F06460C461546B0460CF058F944
:1043E00081460CF0AAF98246BAF1010F0DD0BAF15C
:1043F000030F0AD015B14FF6FF70288014B14FF6A5
:10440000FF7020800020BDE8F88F0CF041F9814654
:1044100069460CF057F9002D3ED0304610F0A0FC54
:10442000BDF8001008440FFA80F90021304611F061
:10443000A2F901280AD10021304611F021FD318B6B
:10444000081AA0EB09000FFA80F90CE0B08AA9EB7A
:1044500000000FFA80F90021304611F068FCA9EB4A
:1044600000000FFA80F900202880002728800CE047
:104470002988D8F8300030F81100384407B2B9451F
:1044800000DA07E02888401C28802888B8F8241023
:104490008842EDDB00BF00BF6CB3304610F06AFC11
:1044A000BDF8021008440FFA80F9F08AA9EB000069
:1044B0000FFA80F90021304611F0B2FDA9EB00009F
:1044C0000FFA80F900202080002720800CE021884E
:1044D000D8F82C0030F81100384407B2B94500DA9A
:1044E00007E02088401C20802088B8F826108842E9
:1044F000EDDB00BF00BF012085E72DE9F04F87B05D
:104500000446884691461E464846F0F785FD01213F
:104510008140C8B206904FF0FF3A208C0590059874
:10452000C04380B2049094F82200C0F3800002904F
:10453000002530E0E06800EBC5077868C0F3406014
:1045400000B92DE0029800B124E0E16801EBC5015B
:10455000496821F07F4014F08CF88346C34500D0B1
:1045600018E0386880790699084000B912E003AA7B
:104570004946386815F046FE08B1012000E00020E9
:104580000190019828B103983060012007B0BDE880
:10459000F08F00BF6D1C608CC0F3C500A842C9D865
:1045A00000BF41E0E06800EBC50BE16801EBC5012D
:1045B000496821F07F4014F05CF80090E16801EB5D
:1045C000C501496821F07F4014F057F8074600986C
:1045D000404500D027E0DBF80000807906990840CC
:1045E00000B920E00498384000B11CE0574500DCD9
:1045F00019E003AA4946DBF8000015F003FE08B1F4
:10460000012000E000200190019858B105988742F0
:1046100003D1039830600120B8E7BA4502DABA4600
:104620000398306000BF6D1C608CC0F3C500A842C9
:10463000B8D8BAF1000F03DB039830600120A5E77A
:104640000020A3E72DE9FC5F83468A4690461D467D
:10465000082001907F200090404608EBD0714C105C
:1046600008F0010080F00109CBF15A0108B217F0FF
:1046700077FFAAEB04014843C611584617F070FFB4
:10468000AAEB04014843C711002E0ADDA6F17F0002
:104690000612301B484400B22880301900B2A880AE
:1046A0000AE006F17F000612301B00B228803019A4
:1046B000A0EB090000B2A880002F0ADDA7F17F005F
:1046C0000712381B484400B26880381900B2E880ED
:1046D0000AE007F17F000712381B00B26880381922
:1046E000A0EB090000B2E880BDE8FC9F38B50446A5
:1046F0000025044802882946204611F0ABFC0090B2
:10470000009838BDE00000202DE9FF4F89B08346B6
:104710009246DDE919785C46A08C0A99484380B23C
:10472000069000BFBAF808003844404400B2059033
:10473000069D4FF0000986E0A06A50F82500002889
:104740007BD0206B30F919000790002600BF1EE0D7
:10475000A919A06A50F82100B0B10021AB19A26AD2
:1047600052F8230000B1017801F0010252B109EBC7
:104770000602521C236B33F81230079A1A4412B205
:10478000079200E009E000E007E0701C86B206EB4B
:104790000901A08C401E8142DADB00BF002004909A
:1047A000A06A50F8250020B1A06A50F825000078D2
:1047B0000490049800F0020090B100BFBAF908001C
:1047C000384400EB08010598814205DD00BFBAF9C5
:1047D00008003844404400E0059800B205902BE002
:1047E000DDE9170101440798401A00B20790002242
:1047F000079916988DE80700A06A50F82500411C1B
:10480000524608A80C9B17F099FFBDF922003844C6
:1048100000EB08010598814205DDBDF9220038440E
:10482000404401E009E0059800B20590A81985B25E
:1048300009EB06001FFA80F900BF681C85B209F178
:1048400001001FFA80F9A18C06980844A8423FF79E
:1048500073AF05980DB0BDE8F08F000038B5044681
:104860000025054802882946204611F0F3FB0090F8
:104870000098C0B238BD0000EA00002038B50446F8
:104880000025054802882946204611F0E3FB0090E8
:104890000098C0B238BD0000EC0000202DE9FF5F99
:1048A00006460C460021304611F0B9FC03904FF447
:1048B0008021304611F0B3FC0290039809F094FF78
:1048C0000746029809F090FF80460021304611F01B
:1048D00018FD814608EB070000EBD07109EB610180
:1048E0000DB2304610F042F8834600EBDB70411009
:1048F000F08A0844AA4605EBDA71A0EB610000B229
:1049000060806088284400B2E080694630460FF03D
:10491000D7FFBDF800002080BDF80400A080BDE8EE
:10492000FF9F2DE9FF4705462846FFF706FC064690
:104930001EB9002004B0BDE8F0874FF4802128465E
:1049400011F06DFC80464FF4802741F25A423946FF
:10495000284611F07FFB0290029804B200BF304657
:104960000CF0CAFD8146002041F6FF71CDE900013F
:10497000234642464946029003A817F0DFFEBDF9E0
:104980000C00D7E702460B46114633B1012B0AD083
:10499000022B05D0042B0CD108E001F13C0070473C
:1049A00001F14800FBE701F15400F8E701F1600074
:1049B000F5E70020F3E770B504460E46002510E049
:1049C000E06800EBC5004068C0F3406040B1E068BB
:1049D00000EBC500406820F07F40B04200D105E008
:1049E0006D1C608CC0F3C500A842E9D800BF608C84
:1049F000C0F3C500A84203D0E06800EBC50070BD5D
:104A0000608CC008401C618C60F3C8016184628CBA
:104A1000C2F3C502D100E0680DF09AFEE060608C40
:104A2000C0F3C500451E09E0E06800EBC501024681
:104A3000681E02EBC00205CA05C16D1E002DF3D130
:104A40000821E0680EF047F808200DF05FFDE168EE
:104A50000860E168086815F055FCE068406820F0DF
:104A6000007000F10070E1684860E068406866F33B
:104A70001700E1684860E068C1E7000037B584B01E
:104A800005461446114890F8200000F0010070B16E
:104A90000221122013F01CFE22460390059905F016
:104AA0002BFB0290BDF80810084607B030BD02216C
:104AB000122013F037FE22460190059905F01CFBE9
:104AC0000090BDF800100846EFE7000018450020F0
:104AD0002DE9F04F064688461746DDE9095CDDE919
:104AE0000B490022B8F1000F03D09246A4F800A0B1
:104AF00069E0052F03D0062F01D0042F03D1002336
:104B0000012D00D10127002106E03CF811A09A44B4
:104B100092440FFA8AF2491CA942F6D3A2EB030A87
:104B20000FFA8AF2072F4DD2DFE807F00409144C80
:104B30003E2C1B004FF0000AA4F800A042E0A6EBB8
:104B4000020A0AEBDA7B4FEA6B0B0FFA8BFBA4F835
:104B500000B037E0A6EB020A0FFA8AFAA4F800A028
:104B600030E04FF0000AA4F800A0A6EB020A0FFA0A
:104B70008AFBA5F1010A0FFA8AFA9BFBFAFA0FFAEF
:104B80008AF31FE0A6EB020A0FFA8AFA0FFA85FBF6
:104B90009AFBFBFA0FFA8AF39A4603EBDA7B4FEAA9
:104BA0006B0BA4F800B00DE0A6EB020A0FFA8AFB2B
:104BB00005F1010A0FFA8AFA9BFBFAFA0FFA8AF357
:104BC000238000BF00BF00210CE034F811A03CF8A6
:104BD00011B0DA449A440FFA8AFA01F1010B24F871
:104BE0001BA0491CA5F1010A8A45EED834F81AB079
:104BF0003CF81AA0DA44B4F800B0AAEB0B0A0FFA9A
:104C00008AF0B9F1000F10D000210CE034F811A0A7
:104C1000A6EB0A0A3CF811B0AAEB0B0A0FFA8AFAC3
:104C200024F811A0491CA942F0D3BDE8F08F2DE96A
:104C3000F04F8DB0044600BF00BF2046FEF7D0FE07
:104C400081462046FFF752FD0746B9F1000F00D01C
:104C500017B90DB0BDE8F08F06A92046F1F788FE20
:104C60000C2103A80DF037FF4FF0000B41F2320288
:104C70005946204611F0EEF90090009805B200BFA9
:104C800000BF41F612025946204611F0E3F90090A8
:104C9000009828440FFA80FA00BF41F610025946E6
:104CA000204611F0D7F900900098284400B20290F5
:104CB000204610F055F8A18A5144081A00B2ADF808
:104CC0001400204610F056F80146E28A029810447B
:104CD000401A01B2ADF81610002609E0A06800687D
:104CE00050F826B003AA06A9584601F0CBFB761C63
:104CF000A0684068B042F1D806A8F2F749F900214F
:104D0000204611F080FB01900021204610F0EDFDBF
:104D1000804642F2D1710198884202D0084680450F
:104D200002D1204612F091FB00222B21204609F0EF
:104D3000F5FB00BF8DE700002DE9F0410646374640
:104D4000788E002802DC0020BDE8F0817D6A002416
:104D500009E0F96A31F81400F1F7FEFD08B101200D
:104D6000F2E7601C84B255F8240050B155F82400D5
:104D700005A1EBF7ABFA20B155F824000078002824
:104D8000E7D10020E0E700000A0000000146002013
:104D9000302905DB392903DCA1F13002D0B21CE057
:104DA000612902DBA1F12002D1B2A1F14102062A60
:104DB00010D2DFE802F0030507090B0D0A200BE013
:104DC0000B2009E00C2007E00D2005E00E2003E099
:104DD0000F2001E0002000BF00BF70472DE9F04127
:104DE00005462C464FF44041606A03F043FB94F9BA
:104DF0002E10A08D0122FEF721FE0746206B18B36E
:104E000000261EE0206B30F82600A18D884216D1C6
:104E1000206B00EB860090F9021094F92E0081427D
:104E20000DD1226B02EB860292F90320521E3A4406
:104E3000D21D91B24FF40042606A03F015FF701C5E
:104E400086B2A08EB042DDDCA08D218D884210D1CB
:104E500094F92E1094F92A0081420AD194F92B205A
:104E6000521E3A44D21D91B24FF48042606A03F060
:104E7000FBFEBDE8F08100002DE9F04104460D463F
:104E8000606D18B900BF00BFBDE8F081606DA96812
:104E900030F92160606DA96800EB8100B0F9027003
:104EA000A87B1A490978884206D0A87B012801D13D
:104EB00000BF01E000BF00BFA87B01280AD1B4F900
:104EC0000C00B04203D1B4F90E00B84202D0201D4C
:104ED00000F094FE201D00F00FFF00B1D4E7268102
:104EE0006781A87B012803D1201D00F027FD02E087
:104EF000201D00F083FE201D00F0FEFE00B1C3E780
:104F00002189A1816189E18100BFBDE7A80000205E
:104F100070B5044604214048006811F01FFB20B121
:104F20003D49E06A0968884200D170BD3A4800688E
:104F30000FF012FD0546E06A18B1E06A0FF00CFDB3
:104F400000E000200646B54224D14DB13248006849
:104F50000AF07EF8204600F0CFFE002857D0E4E7A4
:104F6000E06A50B12D49E06A0A680F2109F0D6FACB
:104F7000204600F0C1FE00B1D7E728480E210268A4
:104F80002548006809F0CAFA204600F0B5FE00285E
:104F90003DD0CAE766B9E06A50B12049E06A0A68C4
:104FA0000F2109F0BBFA204600F0A6FEC8B1BCE70D
:104FB000E06AB0B156B91949E06A0A680F2109F0F0
:104FC000ADFA204600F098FE58B1AEE71349E06A0A
:104FD0000A68102109F0A2FA204600F08DFE00B107
:104FE000A3E745B10C4800680AF032F8204600F00B
:104FF00083FE60B199E709480E21026806480068FF
:1050000009F08CFA204600F077FE00B18DE70248E7
:105010000168E16200BF88E7A4000020A000002032
:105020002DE9F04704460D46A87B012805D160799B
:10503000C0F3C00008B1BDE8F0876079C0F3C000DC
:1050400058B1607920F008016171002161646079D4
:1050500020F00101617100212172277AA97B217260
:105060006968E160D4F85080B8F1000F00D1E2E740
:1050700040460AF063F8ED4908600846006800B948
:10508000D9E7A87B08B10020A88140460AF056F86D
:10509000E64908600846006800B9CCE7A87B01280B
:1050A00053D1002F51D100BF00BF16F056FF6064EE
:1050B00068680A2820D1DD48006811F03FFE28B951
:1050C0001021DA48006811F049FA08B1012000E027
:1050D0000020064640460AF029F800B95EB9D448D7
:1050E00001210268D148006809F018FA201D00F07B
:1050F00003FE00B19FE74AE16868142804D1A8893B
:10510000401E00B2A88142E16868132804D1A88932
:10511000401C00B2A8813AE168681B2810D11B210D
:1051200040460AF097F8C24820210268BF4800684C
:1051300009F0F4F9201D00F0DFFD0028DBD07AE74C
:10514000404669680AF086F821E1A87B012870D101
:10515000012FFCD1607900F00100B8BB606C16F043
:10516000EFFE2168898B884244D9607920F00100E4
:10517000401C607116F0F1FEA06468680A2833D103
:10518000AA48006811F0DAFD28B91021A748006884
:1051900011F0E4F908B1012000E000200646B6B1A4
:1051A000404609F0D6FF01281DD900BF00BF404688
:1051B00009F0BCFF80F00109494640460AF059F861
:1051C00020219A4800680EF0CEFD0CE012E09848CD
:1051D000052102689548006809F0A0F9201D00F03B
:1051E0008BFD00B127E700BF607920F00100401C73
:1051F0006071CCE0607900F0010000288BD0A06CD9
:1052000016F09EFE2168C98B884284D916F0A5FE4F
:10521000A06468680A280DD1854806210268834881
:10522000006809F07BF9201D00F066FD00288BD096
:1052300001E719E06868142804D1A889401E00B26B
:10524000A881A4E06868132804D1A889401C00B292
:10525000A8819CE04046696809F0FCFF201D00F031
:105260004BFD0028C5D0E6E6A87B002870D1012FB1
:105270006ED100BF00BF68680A286BD16B48006818
:1052800011F05CFD28B910216848006811F066F93A
:1052900008B1012000E0002006463EBB644808211A
:1052A00002686248006809F039F9201D00F024FD09
:1052B00000B1C0E6607900F0010030B95C4804211B
:1052C00002685A48006809F029F9201D00F014FD11
:1052D00000B1B0E65648072102685448006809F05A
:1052E0001DF9201D00F008FD88B3A4E6404609F032
:1052F0001DFF70B3607900F0010020B1404609F055
:1053000028FF01282CD84A4808210268474800682D
:1053100009F004F9201D00F0EFFC00B18BE64448D1
:10532000042102684148006809F0F8F8201D00F0E7
:10533000E3FC00B17FE63E48072102683B48006875
:1053400009F0ECF8201D00F0D7FC20B173E617E05F
:105350001DE00BE015E00A21404609F07BFF0FE05D
:105360002021324800680EF0FEFC09E0607900F070
:10537000010028B900BF00BF0121404609F079FFB4
:1053800000BF00216164607920F00101617100209B
:1053900026490860A88928B3404609F0C7FE10B323
:1053A00000BF00BFB5F90C0000280CDA002604E0AD
:1053B0001421404609F04EFF761CB5F90C0040421E
:1053C000B042F5DC0EE0B5F90C0000280ADD00263D
:1053D00004E01321404609F03DFF761CB5F90C00AE
:1053E000B042F6DC20E000BF00BFB5F90C00002899
:1053F0000BDA002603E0404609F086FE761CB5F97C
:105400000C004042B042F6DC0DE0B5F90C0000287B
:1054100009DD002603E0404609F00EFE761CB5F9D2
:105420000C00B042F7DC00BF00BF04E6A40000207F
:10543000A000002070B50446A06A00B170BD94F8C9
:105440003D0000F0010000B1F8E7256A03E02846BE
:105450000FF0DCFA054635B14FF40041284611F053
:105460007DF80028F3D105B9E8E7B4F91000002869
:1054700002DDB4F9100002E0B4F9100040424849DE
:1054800009680968897E884212DAB4F91200002896
:1054900002DDB4F9120002E0B4F9120040424049C2
:1054A00009680968897E884202DA002121876187BC
:1054B000218F208A084401B22187618F608A0844C5
:1054C00001B26187B4F93800002802DDB4F9380070
:1054D00002E0B4F938004042314909680968C97EE0
:1054E00088420FDCB4F93A00002802DDB4F93A0032
:1054F00002E0B4F93A004042294909680968C97EC6
:1055000088424ADD012184F83D10B4F938000028B2
:1055100002DDB4F9380002E0B4F938004042B4F9D1
:105520003A10002902DDB4F93A1002E0B4F93A1059
:105530004942884213DDB4F93800002807DD94F8A9
:105540003C0020F0F000203084F83C001AE094F891
:105550003C0020F0F000103084F83C0012E0B4F978
:105560003A00002807DD94F83C0020F0F00080307D
:1055700084F83C0006E094F83C0020F0F000403055
:1055800084F83C0006480C210268284608F0C6FF53
:10559000204600F0B1FB00B150E700BF4EE700002D
:1055A000A00000202DE9F04104460D46A87B01280B
:1055B00005D16079C0F3C00008B1BDE8F081607921
:1055C000C0F3C00058B1607920F00801617100217A
:1055D0006164607920F00101617100212172276D01
:1055E00007B9EAE7384609F0A9FD9149086008467D
:1055F000006800B9E1E7D4F80C806968E160267AB8
:10560000A97B2172A87B012853D1002E51D100BF64
:1056100000BF16F0A2FC606468680A2810D10A2155
:10562000384609F017FE8348012102688048006867
:1056300008F074FF201D00F05FFB002838D0BCE7A5
:1056400068681B2810D11B21384609F003FE7948F1
:10565000202102687648006808F060FF201D00F0F5
:105660004BFB0028EAD0A8E7686809280CD1002184
:10567000384609F0FEFD384609F0DEFC201D00F03A
:105680003BFB0028DAD098E768680B280CD1002192
:10569000384609F0EEFD384609F036FD201D00F0D1
:1056A0002BFB0028CAD088E73846696809F0D2FD8C
:1056B000B8E0A87B01287BD1012E79D168680A283F
:1056C0000BD15C48022102685948006808F026FFA7
:1056D000201D00F011FB00B16FE7607900F00100C0
:1056E000F0B9606C16F02CFC2168898B884217D9C0
:1056F000607920F00100401C607168680A28D7D1E9
:1057000016F02BFCA0644B4805210268484800684D
:1057100008F004FF201D00F0EFFA0028C8D04CE785
:10572000607900F0010000287CD0A06C16F008FC25
:105730002168C98B884275D916F00FFCA06468688F
:105740000A280CD13B48062102683948006808F055
:10575000E5FE201D00F0D0FA002863D02DE7686830
:1057600009280CD10021384609F083FD384609F09C
:1057700063FC201D00F0C0FA002853D01DE76868C4
:105780000B280CD10021384609F073FD384609F08A
:10579000BBFC201D00F0B0FA88B30EE708E03846E5
:1057A000696809F057FD201D00F0A6FA38B304E738
:1057B000A87B20BB012E35D100BF00BFC5F80480F7
:1057C00068680A2828D11B48082102681848006820
:1057D00008F0A4FE201D00F08FFA00B1EDE660791C
:1057E00000F0010060B91348042102681048006805
:1057F00008F094FE201D00F07FFA08B1DDE611E00C
:105800000C48072102680A48006808F087FE201D3E
:1058100000F072FA00B1D0E600216164607920F0F6
:105820000101617100200249086000BFC5E6000067
:10583000A4000020A000002070B505460C46286892
:10584000066921882982618869823068007CC0F3FA
:105850000110022805D03068007CC0F30110032835
:105860000DD1306800882188401A401E00B2208087
:10587000306840886188401A401E00B260803068FD
:10588000007CC0F30110012805D03068007CC0F313
:10589000011003280AD1B4F902002188618031681F
:1058A0004988091A491E09B2218000BFB4F90000D5
:1058B000002801DA00BF00BF2968086905F078F9FF
:1058C000B4F90010884201DC00BF00BFB4F9020047
:1058D000002801DA00BF00BF2968086905F0CEF989
:1058E000B4F90210884201DC00BF00BFE86C90B13F
:1058F000B5F90C00B4F90010884205D1B5F90E00D5
:10590000B4F90210884206D0B4F90220B4F90010AC
:10591000E86C12F0CEFB21882981618869812879A1
:10592000012803D1281D00F009F802E0281D00F02D
:1059300065F92989A9816989E98170BD2DE9F0415D
:10594000044600BF00BFAB49206A08606078C0F31E
:10595000C00008B1BDE8F081A7480068006805698B
:105960000026A448006810BB284605F03CF907460D
:10597000211D0BF016F89F4908600846006840B9E1
:10598000284605F03DF90746211D0BF00AF8994914
:1059900008609848006840B9284605F04DF9074668
:1059A000211D0AF0FEFF9349086001262AE0A06A43
:1059B00040BB4FF400518F48006810F0CFFD08BB8A
:1059C000284605F010F90746211D0AF0EAFF89492B
:1059D00008600846006840B9284605F011F90746F6
:1059E000211D0AF0DEFF834908608248006840B943
:1059F000284605F021F90746211D0AF0D2FF7D490E
:105A00000860012666B1606A50B10021218361837C
:105A10002046EEF704FE204600F06EF900B199E74B
:105A20007449206A0968884254D0A1882181E1889C
:105A30006181206A60B1276A6F4803210268384695
:105A400008F06CFD204600F057F900B182E700BF76
:105A5000684801682162016861620068002839D0E5
:105A600016F07BFA2064607820F00100607000215D
:105A7000A182E18294F83C0020F00F0184F83C10F0
:105A800094F83C0020F0F00184F83C10002184F8E8
:105A90003D10218761872182618257480121026878
:105AA0005448006808F03AFD204600F025F900B19E
:105AB00050E7514800684079C0F3C00000B149E7A1
:105AC0004D480068001DFFF723FA204600F014F946
:105AD00000B13FE7A1882089081A01B22182E1883C
:105AE0006089081A01B26182B4F9180040F35C00C1
:105AF0002083B4F91A0040F35C016183218BB4F96F
:105B00001000800001EBE00001B22183618BB4F949
:105B10001200800001EBE00001B26183A169E16144
:105B200034480068002863D03348022102683148B5
:105B3000006808F0F3FC204600F0DEF800B109E749
:105B40002D4800684079C0F3C00000B102E720464C
:105B5000EEF7CAFC204600F0CFF800B1FAE6204686
:105B6000FFF768FC204600F0C7F800B1F2E6A06A33
:105B700000BB607800F00100E0B9206C16F0E0F99D
:105B80001D4909680968898B884213D91A4805217B
:105B900002681848006808F0C1FC204600F0ACF824
:105BA00000B1D7E6607820F00100401C607016F06C
:105BB000D4F96064A06AD8B9607800F00100B8B187
:105BC000606C16F0BDF90C4909680968C98B8842F8
:105BD0000ED90948062102680648006808F09EFCB4
:105BE000204600F089F800B1B4E616F0B6F960641A
:105BF00000BFAFE6A4000020A000002070B504465E
:105C00006078C0F3C00048B10021216261620020C9
:105C100020646064607820F0080060702049206A89
:105C20000860A56A0846006878B300BF00BF1D4839
:105C3000082102681A48006808F070FC204600F04D
:105C40005BF800B170BDDDB9607800F0010058B9B3
:105C50001448042102681248006808F05FFC2046DE
:105C600000F04AF800B1EDE70E48072102680C4841
:105C7000006808F053FC204600F03EF800B1E1E770
:105C8000002121620020206460643DB12046EEF7CF
:105C9000C6FC204600F030F800B1D3E700BFD1E7E2
:105CA000A4000020A00000204179C1F34001002998
:105CB0001ED0002242628262C262417921F001025A
:105CC00042710022426482640283428390F8401051
:105CD00021F00F0280F8402000228283C283828755
:105CE000C287417921F0020242710021014A11600C
:105CF00070470000A400002001464878C0F340002F
:105D000010B10020024A10604878C0F3400070478C
:105D1000A40000202DE9FE4F0646344694F82A00E0
:105D200000F0010000284AD0A08C072190FBF1F080
:105D300085B2E08C90FBF5F105FB1100E084E08C6E
:105D4000032101FB0500E084E08C90FBF5F105FBED
:105D500011002085208D032101FB050020850021F5
:105D6000304610F05CFA02900021304610F0C9FA7B
:105D70008146029808F038FD074630460EF062FD75
:105D800080463046FEF7D9F90190E08C07EB090117
:105D900048430FFA80FA414608EBD1725210384658
:105DA00007EBD073A2EB63020FFA82FBABEB0A00A6
:105DB00000B20090DDE9001012F042FC00BFBDE827
:105DC000FE8F0000F8B50446A56A8021284610F031
:105DD000C5FB50B941F6FF700346424211460090A0
:105DE00004F1300002F0A8F8A7E028460EF0A4FF66
:105DF000012804D0022816D0032843D125E0E88AE0
:105E0000401C01B2002341F6FF722846FCF7BEFE9B
:105E10006086E88A401E02B2002352492846FCF7F9
:105E2000B5FEE08635E0B5F91A10002341F6FF72A1
:105E30002846FCF7ABFE6086B5F91A2000234949D5
:105E40002846FCF7A3FEE08623E005F1140001F0EC
:105E500067FF074600EBD7704110E88A084406B296
:105E6000002341F6FF72701C01B22846FCF78EFE3B
:105E70006086701E02B200233A492846FCF786FE6F
:105E8000E08606E04EF20101618641F6FF71E1868F
:105E900000BF00BF28460EF045FF012804D00228AD
:105EA00014D0032841D123E0B5F91410002341F6A2
:105EB000FF722846FCF7D0FD2086B5F91420002398
:105EC00028492846FCF7C8FDA08635E0B5F918102A
:105ED000002341F6FF722846FCF7BEFD2086B5F987
:105EE000182000231F492846FCF7B6FDA08623E0B2
:105EF00005F1140001F087FF074600EBD770A98A6F
:105F000001EB600006B2002341F6FF72701C01B283
:105F10002846FCF7A1FD2086701E02B2002311491D
:105F20002846FCF799FDA08606E04EF20101218685
:105F300041F6FF71A18600BF00BF208E10B94EF25E
:105F400001012186A08E10B941F6FF71A186608EF5
:105F500010B94EF201016186E08E10B941F6FF7171
:105F6000E186F8BD01E0FFFF2DE9F04704460D464C
:105F700016461F4604F1380000EBC61050F8278083
:105F800000BFB8F1000F03D100BF00BF00BFFEE7A4
:105F900000BF00BF1DB900BF00BF00BFFEE700BFCC
:105FA000C5F80880EC60C8F80C5000BF2846F0F730
:105FB00010FC82462846F0F70CFC81460421EFF7DE
:105FC0002EFF824503D000BF00BF00BFFEE700BF29
:105FD00004F1380000EBC61040F827500121B14011
:105FE00020690843206104F1140050F826000121C3
:105FF000B940084304F1140141F82600BDE8F087D8
:1060000070B505460C4600200F49086022461D2148
:10601000284608F083FA0C48006890B10A480068E6
:10602000007808B9002070BD214607480068EAF7EB
:106030004DF930B104480168284615F039FA0020BE
:10604000F1E70120EFE70000740200202DE9F04F96
:1060500089B006460C4615461F4600BF00BF3046B5
:1060600010F0B2FE10B909B0BDE8F08FB046AC42F6
:1060700000D1F8E7B4F5B47F02DDA4F5B47084B2C2
:10608000B5F5B47F02DDA5F5B47085B2B8F824008B
:10609000204484B2B8F82400284485B2B4F5B47F13
:1060A00002DDA4F5B47084B2B5F5B47F02DDA5F5C8
:1060B000B47085B208AA07A93046FDF745FC3946F9
:1060C00030460FF0FDFA8146B246BB465122594692
:1060D00050460FF0BFFF0390039808B1012000E085
:1060E0000020069004A9069808B1012000E00020D5
:1060F000CDE90059CDE90201BDF820309AB2BDF9D1
:106100001E10BDF91C00234604F01DFE04A93046F4
:1061100010F0FBFD00BFA6E71FB5044602AA03A9C5
:106120002046FDF711FC6B46BDF9082003A9204667
:10613000FDF760FF6946204610F0E7FD1FBD2DE921
:10614000FF4781460C464FF6FF70844201D1BDE8FF
:10615000FF874E46308EA04200DCF8E7B06A00EBC5
:10616000C40102A801F0B8FD694648460EF0A8FB3C
:10617000002148460FF0ABFE0746002148460FF0CD
:106180002DFD804648460EF0A7FB824604F0FEFC3B
:1061900005460A2195FBF1F0B84201DA384602E0E3
:1061A0000A2095FBF0F007B20A2095FBF0F040457D
:1061B00001DA404602E00A2095FBF0F00FFA80F881
:1061C000BDF80800BDF80010C91B084400B2ADF8C6
:1061D0000800BDF80A00BDF80210A1EB0801084450
:1061E00000B2ADF80A00BDF80C00BDF8001039444B
:1061F000084400B2ADF80C00BDF80E00BDF8021066
:106200004144084400B2ADF80E00B08EA0420ED159
:10621000F06A30F8140000F4007040B102A801F0F8
:10622000CCFDBDF80A10081A00B2ADF80A0002A9A8
:10623000484610F06AFD00BF89E71CB504462146B8
:106240006846FDF787FE6946204610F05EFD1CBDDE
:106250002DE9F04F87B005460E462C46B4F8820073
:10626000B04202DC07B0BDE8F08F28460EF009FB13
:10627000B4F884104843001207B228460EF06CFCB4
:10628000824694F88800C0F3C00018B9284610F080
:1062900002FDE7E794F8880000F0070001287CD1B0
:1062A000002128460FF0C1FA0690002128460FF081
:1062B000D6FC0590A98A0598014406980844A0EBED
:1062C0000A000FFA80FB4FF4A020029040F649022A
:1062D000284602990FF0BEFE0190019800B2804658
:1062E0004FF40031284610F0A8F8814600BFA88A74
:1062F000ADF80C00E88AADF80E00288BADF8100060
:10630000688BADF8120000BFBDF80E0008EB090164
:10631000401A00B2ADF80E00BDF8120008EB0901FA
:10632000084400B2ADF81200B4F88200401EB0423A
:106330001FDD07FB06F0B4F88210491E90FBF1F058
:106340005844A0EB0800A0EB090000B2ADF80C0027
:10635000701C7843B4F88210491E90FBF1F0584449
:106360004044484400B2ADF8100003A9284610F09C
:10637000CCFC002E21DD701E7843B4F88210491E3B
:1063800090FBF1F05844A0EB0800A0EB090000B22C
:10639000ADF80C0007FB06F000E00FE0B4F8821047
:1063A000491E90FBF1F058444044484400B2ADF817
:1063B000100003A9284610F0A8FC4BE094F88800D0
:1063C00000F00700022838D1002128460FF0F9FB21
:1063D000B4F8841048434FEA202807EB0800B4F8CB
:1063E000821090FBF1F00FFA80F909FB06F00FFA2A
:1063F00080FB002128460FF032FCA98A084458444B
:106400000FFA80FB05A928460EF05AFAABEB0A00FA
:1064100000B2ADF81400BDF81400484400B2ADF865
:106420001800BDF81400A0EB080000B2ADF814008D
:1064300005A9284610F069FC0CE094F8880000F0EB
:106440000700032803D1284610F025FC02E0284667
:1064500010F021FC00BF05E7014601F0030070B910
:106460006420B1FBF0F200FB121030B94FF4C87099
:10647000B1FBF0F200FB121008B9012070470020B8
:10648000FCE700002DE9F74F94B004460D46F249B1
:10649000204610F06EF810B117B0BDE8F08F20461E
:1064A000FDF7BCFA13902046FEF7E8F91290129817
:1064B00008B1139800B9EFE72046FDF79FFA0646AA
:1064C0002046FEF7CBF9074600BF00200390E348C3
:1064D0000288204603990FF0BDFD02900298C0B2D9
:1064E000119000BF00200390DD48028820460399E8
:1064F0000FF0B0FD02900298C0B21090286830F9F9
:1065000016100F91296813983044401E31F810106E
:10651000AA6813983044401E32F81000084400B2B4
:106520000E90DDE90E01401A00B20D90686830F956
:1065300017100C91696812983844401E31F81010F9
:10654000EA6812983844401E32F81000084400B23D
:106550000B90DDE90B01401A00B20A9000212046A1
:106560000FF0D5F8012809D1119810B90220119027
:1065700004E01198022801D10020119000BF208B67
:10658000A18A401A401C00B2099000BF608BE18ACA
:10659000401A401C00B20890119830B1012818D060
:1065A000022827D0032808D000BF286830F916A099
:1065B000608C20F4806060842CE0286830F916A09C
:1065C0000D980990608C20F4806000F580606084F4
:1065D00020E0296831F81630099A0D99881A00EBE5
:1065E000D07103EB61010FFA81FA608C20F48060B6
:1065F00060840FE020460FF054FF296831F8162020
:106600000D991144081A0FFA80FA608C20F480600A
:10661000608400BF00BF109830B1012818D0022854
:1066200027D0032808D000BF686830F917B0608C05
:1066300020F4007060842CE0686830F917B00A9884
:106640000890608C20F4007000F50070608420E0F9
:10665000696831F81730089A0A99881A00EBD071E6
:1066600003EB61010FFA81FB608C20F40070608401
:106670000FE020460EF07AF9696831F817200A9980
:106680001144081A0FFA80FB608C20F400706084BB
:1066900000BF00BF20460FF004FF0999884205D1D2
:1066A00020460EF063F9089988422BD000BFA08ADB
:1066B000ADF80800E08AADF80A00208BADF80C00B8
:1066C000608BADF80E0000BF204610F0E4FA04F134
:1066D0001400099901F03DFC04F11400089901F03F
:1066E00032FC204610F0D7FA02AA2921204607F0F2
:1066F00015FF20460EF08AF922462221019007F06C
:106700000DFF00BF0020039043F20C0220460399C6
:106710000FF0A0FC029002980FFA80F800BF002052
:10672000039043F20D02204603990FF093FC029070
:1067300002980FFA80F900BF20460FF0B2FE0790D2
:1067400020460EF013F9069008F4C040B0F5005F43
:1067500001D1012000E0002030B128F4C040B0F5A4
:10676000FA6F01DC012000E0002090B128F4C04065
:10677000B0F57A7F04DD28F4C040C0F57A7001E0FE
:1067800028F4C04007994843642190FBF1F00FFAC8
:1067900080F809F4C040B0F5005F01D1012000E0AD
:1067A000002030B129F4C040B0F5FA6F01DC0120BF
:1067B00000E0002090B129F4C040B0F57A7F04DDFC
:1067C00029F4C040C0F57A7001E029F4C040069970
:1067D0004843642190FBF1F00FFA80F90AEB0800BE
:1067E0000FFA80FA0BEB09000FFA80FB169800896C
:1067F0005044A18A401A00B205901698408900EBD7
:106800000B01E08A081A00B20490059808B90498B0
:10681000F8B1204610F03FFAA18A0598084400B26A
:10682000A082218B0598084401B22183E18A049853
:10683000084401B2E182618B0498084401B261838B
:10684000204610F028FA01232046DDE9042110F04B
:10685000FFFA00BF20E6000001000600E80000206B
:10686000EE0000202DE9F04106460F4615460020B7
:1068700017F060F804460DE039462046B04701287D
:1068800004D105B12C600120BDE8F081204617F04D
:1068900051F8044624B1606820F040400028EBD154
:1068A0000020F1E730B5024614460B4620881D88CB
:1068B000A84203D020881D88401B30BD60885D88B9
:1068C000401BFAE730B5024614460B4620781D7887
:1068D000A84203D020781D78401B30BD60785D78D9
:1068E000401BFAE770B505460C462646686820F05E
:1068F00040403168884204D12846FCF737FE012029
:1069000070BD0020FCE72DE9F0410546284607F060
:106910009EFD0446284607F0FBFD074638460EF06C
:1069200075F806462A2C01D0292C09D100213846B9
:106930000BF0C8FA304617F027FE304618F0ECFF8F
:10694000BDE8F0812DE9F041044620460DF017FF27
:106950000746002607E0A068006850F82650284641
:10696000FFF7F0FF761CBE42F5D394F8220000F04A
:10697000010008B9BDE8F081608C20F0010060845E
:10698000204610F062FD204610F0EEFBD7B100214A
:1069900020460EF0DEFF05469DB10B48006885429B
:1069A0000FD8681E0949096801EBC000D0F80480BF
:1069B000681E0649096851F8302041462046904734
:1069C00000BF00BF00BFD5E7B400002004020020D4
:1069D00070B505460C4604F11A0000F018F806469A
:1069E0002878032805D104F1140000F010F846EAD5
:1069F0000046304670BD0146C8788A7842EA0020D9
:106A00004A7842EA00200A7842EA002070470146AC
:106A100048780A7842EA002070472DE9F04F85B0A7
:106A200007468B4691461E460E9DE86900FB0BF01B
:106A300080120490E86900280DDD0498484516DDB1
:106A400095F82800C0F3400018B1012005B0BDE85A
:106A5000F08F0020FAE70498484508DA95F82800F6
:106A6000C0F3400008B10120F0E70020EEE70BEB97
:106A70000601E869484380120490E86900280BDDAC
:106A80000498484514DA95F82800C0F3400008B18E
:106A90000020DBE70120D9E70498484508DD95F898
:106AA0002800C0F3400008B10020CFE70120CDE767
:106AB000E869002806DD4FEA0920A96948438012E9
:106AC000039006E009F101000002A9694843801221
:106AD00003900398001202900398C0B201900198AD
:106AE00010B94FF0FF0807E00198C0F1FF00696A94
:106AF0004843FF21A1EB20280298A0EB0B0401984A
:106B0000D8B1002C18DBB44216DA0198C0F1FF00AE
:106B1000C8F1FF014843FF21A1EB602000F0FF0A0C
:106B200095F82800C0F3400008B1CAF1FF0A385DAB
:106B3000514616F014FC3855641C1BE0002C12DB87
:106B4000B44210DAA88CA8EB600000F0FF0A95F8B8
:106B50002800C0F3400008B1CAF1FF0A385D514671
:106B600016F0FDFB3855686AA8EB0008641CB442B7
:106B700000DB02E0686A4045E0DB00BFB4421DDA9A
:106B8000002C1BDBA86900FB08F080120090009825
:106B900000FB08F0C0F3472AE869002801DACAF1CF
:106BA000FF0A95F82800C0F3400008B1CAF1FF0AB7
:106BB000385D514616F0D3FB385500BF95F82800D4
:106BC000C0F3400068B10298A0EB0B04B44201DDB1
:106BD00000203BE7002C0FDB214638460BF07BFF03
:106BE0000AE0641C002C01DA00202FE7B44203DC29
:106BF000311B38190BF06FFF022027E72DE9FF4FFB
:106C000087B007468A461E46149DA86909994843DD
:106C100080120690A869002802DD0698401C0690A4
:106C2000069850450ADA95F82800C0F3400018B1DC
:106C300001200BB0BDE8F08F0020FAE7A8690999A0
:106C40004843801206900AEB06010698814208DA52
:106C500095F82800C0F3400008B10020E9E70120C2
:106C6000E7E709980002A969484380120590059852
:106C70004FEA202B0598C0B204900998401C0002EE
:106C8000A969484380120390039800120290039868
:106C9000C0B20190ABEB0A040298834509D0A86901
:106CA000002806DA049820B9FF200490DDF808B027
:106CB000641E0298834534D1002C12DBB44210DAF2
:106CC000019904980844C0F3470895F82800C0F3D8
:106CD000400008B1C8F1FF08385D414616F03FFB9F
:106CE0003855641C95F82800C0F3400060B1ABEB48
:106CF0000A04B44201DB00209BE7002C03DB2146A1
:106D000038460BF0E8FEC9E0B44200DD34460CB969
:106D100000208EE7002CF6DD311B38190BF0DBFE6E
:106D2000BCE0A86900285ADAE8694042049948435F
:106D30004FEAA029002C12DBB44210DA049809FBB8
:106D400000F0C0F3472895F82800C0F3400008B1D0
:106D5000C8F1FF08385D414616F001FB3855641E46
:106D6000C9F1FF00A9694942484380120090002CF4
:106D700016DBB44214DAC9F1FF0000994843FF2141
:106D8000A1EB602000F0FF0895F82800C0F3400058
:106D900008B1C8F1FF08385D414616F0E0FA3855F1
:106DA000A41C95F82800C0F3400068B1ABEB0A00C2
:106DB000441EB44201DD344610E0002C0EDD2146B5
:106DC00038460BF088FE09E0B44201DD012030E7CF
:106DD000002C03DB311B38190BF07DFE5DE00498BD
:106DE000C0F1FF00E96948434FEAA029002C17DBF6
:106DF000B44215DA0498C0F1FF0000FB09F0FF214E
:106E0000A1EB602000F0FF0895F82800C0F34000D7
:106E100008B1C8F1FF08385D414616F0A0FA3855B0
:106E2000641CC9F1FF00A969484380120090002C3E
:106E300013DBB44211DAC9F1FF0000994843C0F3F3
:106E4000472895F82800C0F3400008B1C8F1FF08B2
:106E5000385D414616F083FA3855641C95F82800D1
:106E6000C0F3400060B1ABEB0A04B44201DD002086
:106E7000DFE6002C10DB214638460BF02CFE0BE041
:106E8000B44200DD34460CB90020D2E6002C03DD0C
:106E9000311B38190BF01FFE00BF00BF0220C8E6EF
:106EA0002DE9F843044627467D6AA84609F0F0FB21
:106EB0000646C6B1304609F040FC012804D03046F1
:106EC00009F03BFC03280ED16946304609F0FAFB75
:106ED000BDF902102846FCF71FFFA8F83A0020462B
:106EE0000FF0D9FE00BFBDE8F8832DE9FC47054649
:106EF000A846D8F824703C4609F0CAFB81464846AB
:106F000009F01BFC04280ED1E08E208738460DF0D6
:106F100023FD8246504608F009F918B10021504679
:106F200008F0A7F900BF484609F007FC012804D083
:106F3000484609F002FC03280CD16946484609F08E
:106F4000C1FBBDF902103846FCF7E6FEE086E08E94
:106F5000208700BF384606F070FEA06A10B9384698
:106F60000FF099FEE08E019001AA1C21384607F02F
:106F7000D5FA0646012E02D03046BDE8FC87012036
:106F8000FBE700002DE9F04105460E464FF00008F2
:106F90001148EDF7FAFC044618E021460E48EDF7DB
:106FA0000CFD07462068A84200D075B96068B04261
:106FB00000D056B921460848EDF766FD20460BF093
:106FC00073FBEFF715F94FF001083C46002CE4D1B4
:106FD0004046BDE8F08100009445002070B50646AB
:106FE0000D460B48EDF7D1FC04460DE02068B04299
:106FF00005D16068A84200D00DB9204670BD214679
:107000000348EDF7DAFC0446002CEFD10020F5E749
:107010009445002010B50446402120460BF05BFD4E
:107020004FF4FA70A0620020E061642060620120E9
:10703000A0870548A06194F83E0020F00100401CA4
:1070400084F83E0010BD0000D3700108F8B5044676
:107050004FF48060009000231946D4E90A200BF019
:1070600041FA06464FF480604FF46E7332220021DD
:107070000090304601F092F90746E169606A401AD3
:1070800000FB07F5AD12E06905442846F8BDF8B5E8
:1070900004464FF48060009000231946D4E90A208A
:1070A0000BF020FA06464FF4806040F2B6334FF4FE
:1070B000617200210090304601F070F90746E169E5
:1070C000606A401A00FB07F5AD12E06905442846E6
:1070D000F8BDF8B504464FF48060009000231946CF
:1070E000D4E90A200BF0FEF90646E169606A401A0D
:1070F00000FB06F5AD12E06905442846F8BD0146DF
:10710000D1E90A20904201DB486A7047C869FCE770
:107110004A42C262704741607047416070474160B7
:10712000704741607047416070478161704781617D
:10713000704741637047C1607047C1607047818785
:1071400070478162704781627047816270478162D7
:107150007047C161016242627047C161016242626F
:107160007047C161016242627047C161016242625F
:107170007047C161016242627047016070470160FF
:1071800070470160704730B503468D1A002D01DD50
:107190008D1A00E0551A2C464FF47A756543B5FBFD
:1071A000F3F000B9401C30BD70B50546686818B1F1
:1071B000D5E90001FFF7E6FE2148EDF759FC18B1CB
:1071C00014F0CBFE1F4908601D48EDF711FC044682
:1071D00000BF1CB900BF00BF00BFFEE700BF0CB975
:1071E000002070BD4022294620460BF0E6FA2868B0
:1071F000A84200D124601448017814F83E0F61F3CE
:107200008200207014F83E0900F00100A0B120694E
:1072100050B12046216988470646E0693044E06164
:10722000606A3044606200BF606828B1206818B1AD
:10723000D4E90002E1699047EEF7DAFF2046D0E793
:1072400094450020F8010020FD01002070B506469D
:107250000C4625460020A884872068852D20A88517
:107260008720E88440002885A88E20F00600A886A4
:107270004FF40040E885A88E20F008000830A8866A
:107280000020288664206886A88E20F00100A88649
:107290004FF43470E88614F060FEA863288D00B2C5
:1072A000A887022120460CF001F84FF440712046D7
:1072B0000CF018FD0D21204610F0F0FD70BD00000F
:1072C0002DE9F04FABB08346584607F021F98246CE
:1072D0005446584607F0C3F82A9028AA29A95046D0
:1072E000FCF732FB16A82A990CF0E0FFBDF9A000CC
:1072F000002831DD12A803F0FAFC12AA0021504642
:107300000FF07EF90020239063481790002018901A
:1073100029A81F90BDF9A000ADF8940012A81E90F6
:1073200016AA1A21504607F0F9F8A08DA18C08443E
:1073300080B2618DA28C114489B2CDE90010BDF8F4
:10734000940083B229AA12A92A9803F0B2FC16AAC3
:107350001B21504607F0E2F84FF4003150460EF082
:1073600098FC06464FF4003150460EF03BFD0746B0
:107370004FF4003150460EF0F8FD80464FF40031D6
:1073800050460EF0A9FB0546BE4201DD304600E046
:107390003846A84501DD414600E02946884205DD22
:1073A000BE4201DD304606E0384604E0A84501DD76
:1073B000404600E02846BDF8A010081A0FFA80F9F0
:1073C000B9F1000F3BDD12A803F091FC12AA4FF4B3
:1073D000003150460FF014F94FF4003023902E483E
:1073E00017900120189029A81F90ADF8949012A82A
:1073F0001E9016AA1A21504607F090F8BDF94A00CF
:10740000BDF99410884203DDBDF89400ADF84A0040
:10741000208DA18C084480B2E18CA28C114489B2E9
:10742000CDE90010BDF8940083B229AA12A92A98C8
:1074300003F03FFC16AA1B21504607F06FF810AB73
:10744000BDF9A02029A95046FCF7D4FD02A805F0FB
:10745000C5FA02AA4FF4403150460FF06DFA4FF4CE
:10746000403023900C4817900220189010A81990D3
:1074700002A81A9016AA1A21504607F04FF810AA2F
:1074800002A92A9805F08EFA16AA1B21504607F089
:1074900045F82BB0BDE8F08FAC7B03082DE9F34F26
:1074A0008DB0F9480E990DF027F90C900C98012831
:1074B00002D00FB0BDE8F08F0E9806F0C8FF064668
:1074C0000E9807F025F80B900E9807F021F8044667
:1074D000022E7CD109F0DCF80A900A9800B9E8E79E
:1074E0000A9809F02AF909900998012800D0E0E7E4
:1074F00008A90A9809F0E6F806AA07A90B98FCF76C
:1075000023FABDF82000BDF81C10401A00B2ADF8F7
:107510002000BDF82200BDF81E10401A00B2ADF8E0
:10752000220094F8340000F00100002849D14FF403
:1075300000310B980EF0C4F80190BDF818100198B6
:10754000081A00B206904FF480310B980FF006F83D
:1075500030B1BDF818100198081A00B2069015E075
:10756000BDF91810CA1701EB92729310019A934259
:1075700006DDBDF91800C21700EB9272921000E010
:10758000019ABDF818309A1A12B20692BDF9180085
:10759000012801DA01200690BDF920004043BDF921
:1075A000221001FB0101BDF918004043814207DDB3
:1075B000A08E20F00100401CA08614F0CEFCA06339
:1075C00000BF94F8340000F0010008B971E7B9E099
:1075D000BDF8200018B9BDF8220000B969E7A08DF8
:1075E0000FFA80FAA08D618D884204DAA08D00F533
:1075F000B4700FFA80FABDF92010BDF9220000F036
:10760000AEFC05B2A08C281A05B2608D281A05B20E
:10761000002D02DA05F5B47005B2608DAAEB00000A
:107620000FFA80FBA08F618D401A00B2059005987B
:10763000281A07B2002F01DD384600E07842B0F585
:107640008C7F08DD94F83400C0F3C00008B1002539
:1076500010E05D460EE00BEBDB71B5EB610F05DA78
:10766000A08E20F008000830A08603E0A08E20F055
:107670000800A0860598281A07B2A06B14F060FCD9
:107680000490E18E049841434FF47A70B1FBF0F01E
:107690000FFA80F94F4501DD4F4606E0C9F10000C1
:1076A000874202DAC9F1000007B20598384405B2F2
:1076B000B4F93200B4F93010401A618DAAEB01011F
:1076C000C90091FBF0F003900398001D0011039096
:1076D0000398284405B2608D284405B2B4F92E0001
:1076E0000290B4F932000090B4F93030618D524606
:1076F00028460AF0F7FE0FFA80F80B9800F04AF9D6
:10770000404513D014F029FCA06341460B9800F0CB
:107710007AFA0298804509D000221C210B9806F0C5
:10772000FDFE0C900C98012800D0C2E6B4F93000A0
:10773000404503D0B4F93200404502D114F00DFCAD
:10774000A06325E1082E01D0032E19D1A08E20F0D0
:107750000100A0860B980DF0FFF88046404607F028
:10776000E5FC054608F094FF814608F0E6FF074671
:10777000042F04D11DB10021404607F07AFD07E136
:107780000D2E31D10E9806F0C0FE0578B4F92E709A
:10779000132D01D0112D0AD10B9800F0FBF8401CDD
:1077A0000FFA80F841460B9800F02DFA0DE0142DE9
:1077B00001D0122D09D10B9800F0ECF8401E0FFA01
:1077C00080F841460B9800F01EFAB4F92E00B8423A
:1077D00009D000221C210B9806F0A0FE0C900C98FA
:1077E000012800D065E6D3E0112E4FD10E9806F0A7
:1077F0008CFE074609AA0AA90B98FCF7A5F80025F4
:107800000B98806818B10B988068B0F9145000216B
:107810000B980DF055FF804608EB0500BDF82410CD
:10782000081A00B20990BDF82A00BDF824100844D7
:1078300000B20090BDF82800084403B2BDF82A0049
:10784000401A02B2BDF82800401A01B207A800F0A1
:1078500073FB47F6FF7207A83968EBF756FE10B1C5
:107860000020387125E608EB450002B208EB450020
:1078700001B207A800F03EFB47F6FF7207A839687F
:10788000EBF743FE387183E0AC7B0308132E7AD10B
:1078900000210B980EF0FDF90A9000210B980EF0D4
:1078A000A1FA099000210B980EF05FFB08900021CF
:1078B0000B980EF011F90790DDE90910884201DDFF
:1078C0000A9A00E0099ADDE90710884201DD08986C
:1078D00000E00798824207DDDDE90910884201DDFA
:1078E0000A9808E0099806E0DDE90710884201DD02
:1078F000089800E0079806904FF440310B980EF07E
:10790000C8F980464FF440310B980EF06BFA81466F
:107910004FF440310B980EF028FB82464FF4403173
:107920000B980EF0D9F80746C84501DD404600E047
:107930004846BA4501DD514600E03946884205DD3A
:10794000C84501DD404606E0484604E0BA4501DD91
:10795000504600E03846801C0FFA80FB0E9806F077
:10796000D4FD0546B5F900100698ABEB0000814246
:1079700003DDB5F9000003E005E00698ABEB00007D
:1079800000B2288004E0152E02D10E98FFF798FC73
:1079900000BF8EE5014600BF00BFB1F92E00704761
:1079A00070B505460E4614462146284600F094F868
:1079B0003146284600F0E1F870BD70B505460E4628
:1079C00014462146284600F005F83146284600F0C6
:1079D00042F870BD2DE9F04180460F4600BF00BF60
:1079E0004646B7F5B47F02DDA7F5B47087B2B08D17
:1079F000718D401A04B2708D381A05B2002C02DA6B
:107A000004F5B47004B2002D02DA05F5B47005B2C5
:107A1000281B002801DD281B00E0601BB42803DDC3
:107A200040460FF038F910E0A54206DAB28D002387
:107A300039464046FEF70AFB07E0AC4205DAB18D55
:107A400000233A464046FEF701FBB78540461BF04F
:107A50003FFEBDE8F0812DE9F04180460F4600BFB2
:107A600000BF4646B7F5B47F02DDA7F5B47087B214
:107A7000B08D718D401A04B2B08DC01B05B2002CC0
:107A800002DA04F5B47004B2002D02DA05F5B47020
:107A900005B2281B002801DD281B00E0601BB4286C
:107AA00003DD40460FF0F7F810E0A54206DA718DCD
:107AB00000233A464046FEF7C9FA07E0AC4205DA31
:107AC000728D002339464046FEF7C0FA778540465E
:107AD0001BF0FEFDBDE8F0812DE9F04180460F4628
:107AE00000BF00BF4646B7F5B47F02DDA7F5B4700E
:107AF00087B2308DF18C401A04B2F08C381A05B27E
:107B0000002C02DA04F5B47004B2002D02DA05F597
:107B1000B47005B2281B002801DD281B00E0601BA3
:107B2000B42803DD40460FF0B6F812E0A54207DAAC
:107B3000328D4FF4003339464046FEF787FA08E0AD
:107B4000AC4206DA318D4FF400333A464046FEF738
:107B50007DFA4046FEF7E0FA37854046FEF7DCFA4C
:107B6000BDE8F08170B504460D4600BF00BF264653
:107B7000B58420460FF08FF870BD2DE9F0418046A6
:107B80000F4600BF00BF4646B7F5B47F02DDA7F53C
:107B9000B47087B2308DF18C401A04B2308DC01BA6
:107BA00005B2002C02DA04F5B47004B2002D02DA3A
:107BB00005F5B47005B2281B002801DD281B00E084
:107BC000601BB42803DD40460FF065F812E0A542C3
:107BD00007DAF18C4FF400333A464046FEF736FAA6
:107BE00008E0AC4206DAF28C4FF4003339464046E6
:107BF000FEF72CFA4046FEF78FFAF7844046FEF770
:107C00008BFABDE8F0812DE9F04107460D4600BF33
:107C100000BF3C46B4F92E00A84201D1BDE8F08176
:107C2000B4F93200A84202DAB4F9320000E0284682
:107C30000646B4F93000B04202DDB4F9300000E08D
:107C400030460646B4F92E00B04200D1E6E7E6859C
:107C500038461BF03DFD00BFE0E70A8802804A88F5
:107C600042808A888280CA88C28070470A880280DF
:107C70004A8842808A888280CA88C28070470A887F
:107C800002804A8842808A888280CA88C28070477F
:107C90000A8802804A8842808A888280CA88C28094
:107CA00070470A8802804A8842808A888280CA880F
:107CB000C28070470A8802804A8842808A8882800F
:107CC000CA88C28070470A8802804A8842808A88AF
:107CD0008280CA88C28070470A8802804A884280AF
:107CE0008A888280CA88C28070470A8802804A884F
:107CF00042808A888280CA88C28070470A8802804F
:107D00004A8842808A888280CA88C28070470A88EE
:107D100002804A8842808A888280CA88C2807047EE
:107D20000146C8884A88801A401C00B27047014644
:107D3000C8884A88801A401C00B270470146C8882B
:107D40004A88801A401C00B270470146C8884A8899
:107D5000801A401C00B270470146C8884A88801AC1
:107D6000401C00B270470146C8884A88801A401CEF
:107D700000B270470146C8884A88801A401C00B289
:107D800070470146C8884A88801A401C00B2704774
:107D90000146C8884A88801A401C00B270470146D4
:107DA000C8884A88801A401C00B270470146C888BB
:107DB0004A88801A401C00B270470146C8884A8829
:107DC000801A401C00B270470146C8884A88801A51
:107DD000401C00B270470146C8884A88801A401C7F
:107DE00000B2704710B50146B1F90420B1F9003076
:107DF000D21A521CB1F90630B1F902401B1B5B1CB0
:107E000002FB03F010BD014688880A88801A401CD6
:107E100000B27047014688880A88801A401C00B268
:107E20007047014688880A88801A401C00B2704753
:107E3000014688880A88801A401C00B270470146B3
:107E400088880A88801A401C00B2704701468888DA
:107E50000A88801A401C00B27047014688880A8848
:107E6000801A401C00B27047014688880A88801A30
:107E7000401C00B27047014688880A88801A401C5E
:107E800000B27047014688880A88801A401C00B2F8
:107E90007047014688880A88801A401C00B27047E3
:107EA000014688880A88801A401C00B27047014643
:107EB00088880A88801A401C00B27047014688886A
:107EC0000A88801A401C00B27047014688880A88D8
:107ED000801A401C00B27047014688880A88801AC0
:107EE000401C00B27047014688880A88801A401CEE
:107EF00000B2704703885B1A1BB2038083880B446F
:107F00001BB2838043889B1A1BB24380C3881344EF
:107F10001BB2C380704703880B441BB20380838865
:107F20000B441BB28380438813441BB24380C38835
:107F300013441BB2C380704710B5029C018042807D
:107F40008380C48010BD42880A44521E12B2C2808F
:107F5000704702880A44521E12B282807047F0B500
:107F600006460D460024002E02DA601CC4B276429A
:107F70003746002D02DAA01CC4B26D42AC466745FC
:107F800009D9CCEB0C1000EB4000B0FBF7F304F187
:107F90001000C4B205E0C7EB071000EB4000B0FBD7
:107FA000FCF30022D9B2162910DD2C2901DC501C6B
:107FB000C2B2292901DC501CC2B2252901DC501CA7
:107FC000C2B2202912DC501CC2B20FE0022901DB30
:107FD000501CC2B2062901DB501CC2B20A2901DBC7
:107FE000501CC2B20F2901DB501CC2B2134404F072
:107FF000100008B1C3F15A0304F0020038B104F0D4
:10800000010008B1B43307E0C3F1B40304E004F0A5
:10801000010008B1C3F5B47398B2F0BD70B5044661
:108020000D462646F56030680EF035FE70BD2DE930
:10803000F0410646346827683D464FF0FF30E06067
:1080400005F13C00844202D1A068686205E005F1B8
:108050004C00844201D1A068286320680EF01BFE0A
:10806000BDE8F08170B506460C4625460020A862A2
:108070006420E862002028636862A88600212987BE
:10808000E986698785F85C0005F13C01204600F02F
:10809000C8F805F14C01204600F0C3F8082120463D
:1080A0000BF020FE102120460BF01CFE0022114692
:1080B000204600F0F3F870BD70B506460C46254624
:1080C000002105F13C00FEF75DFF002105F14C00A9
:1080D000FEF758FF70BD00002DE9F34F83B03C4818
:1080E00004990CF009FB02900298012802D005B017
:1080F000BDE8F08F049806F0AAF90546049806F04A
:1081000007FA0646132D50D14FF4003130460BF0DC
:1081100070FC0190049806F0F8F90446B4F90010D8
:108120000198814202DDB4F9000000E0019820804E
:10813000002130460DF0BAFD8046002130460DF09A
:108140005EFE8146002130460DF01CFF8246002174
:1081500030460DF0CEFC0746C84501DA404600E047
:108160004846BA4501DA514600E03946884205DA08
:10817000C84501DA404606E0484604E0BA4501DA5F
:10818000504600E038468346BBF1000F0CDAB4F9E4
:108190000000CBF10001884202DDB4F9000001E0EB
:1081A000CBF1000000B220800FE0012D01D0082D9E
:1081B00006D1344604F1340130460EF0A6FD04E049
:1081C000152D02D10498F3F731F800BF8FE70000B6
:1081D000C87B0308014600BF00BF0A4692F85C0056
:1081E00000F003007047024600BF00BF114691F83F
:1081F0005C0000F00300022801D0886A7047886D97
:10820000401C08B1486DF9E7086BF7E7024600BF6C
:1082100000BF1146886C401C08B1486C7047486A22
:10822000FCE7086000224A608A60521ECA607047FC
:10823000F8B506460D46174600BF00BF344694F811
:108240005C0000F00300022800D0F8BDD4E90A1059
:10825000A84201DD284600E0E06A814201DDA06A13
:1082600005E0E06AA84201DD284600E0E06A054634
:10827000606AA84201DA606A00E028460546206B81
:10828000A84200D1E1E704F14C0304F13002294691
:108290003046009700F036F800BFD6E7F8B506463E
:1082A0000D46174600BF00BF3446606AA84200D1A1
:1082B000F8BDD4E90A10A84201DD284600E0E06AD2
:1082C000814201DDA06A05E0E06AA84201DD28469E
:1082D00000E0E06A0546206BA84201DD206B00E06B
:1082E00028460546606AA84200D1E1E704F13C0354
:1082F00004F1240229463046009700F003F800BF3D
:10830000D6E700002DE9F04792B007460D46164625
:108310001C46DDF86890B9F1000F04D1356038468D
:108320000EF0B9FC33E0E068401C18B930686060BA
:10833000A56002E0A0686060A5603560002120466D
:10834000FEF720FE02A8FEF765FE00BF029400BF04
:108350001048039000BF00204FF4807109900A90EC
:108360000B9100BF0C48059000BF4FF0000A65223A
:10837000514638460DF06EFE0190DDF8048000BFD6
:10838000CDF8308000BF02A8FEF70EFF00BF12B08C
:10839000BDE8F0871D8001082F8001082DE9F04F0E
:1083A00004460D46C4F5806101FB01F0860A06FB18
:1083B00001F04FEA902C04FB04F0870A07FB04F05D
:1083C0004FEA90280CFB05F04FEA902906EB460097
:1083D000604350434FEA105A01EB41007843584341
:1083E0004FEA105B099808FB00F04FEA902E09EB6A
:1083F0000A0058447044BDE8F08F70B505460C463D
:10840000102120460BF06EFC4FF4806120460AF0EC
:108410004DFF70BD70B5044600BF00BF2146044843
:108420000BF0B1FB054628460BF022FC284670BD38
:10843000E47B03082DE9F04107460C46164600BFD1
:1084400000BF3D46288EA04201DCBDE8F081E86A0D
:1084500030F81400B043E96A21F814002146384688
:10846000FDF76DFE06F4007010B138460FF090F97C
:1084700000BFEAE72DE9F04105460E4600BF00BF08
:108480002F46002406E0324621462846FFF7D2FF59
:10849000601C84B2388EA042F5DCBDE8F08100009B
:1084A00070B506460C4625460020288668864FF69D
:1084B000FF70A8860020A862E862686285F836002E
:1084C0000249204600F022FC70BD00005802002046
:1084D00070B5044600BF00BF214604480BF053FBB3
:1084E000054628460BF0C4FB284670BD007C0308F7
:1084F00070B506460C462546A86A0AF0D5F8E86A23
:108500000AF0D2F80020A862E86270BD2DE9F34FAE
:1085100083B0FB4804990CF0EFF80746012F02D016
:1085200005B0BDE8F08F049805F091FF054604986A
:1085300005F0EEFF80464446132D18D1049805F04F
:10854000E4FF06464046FCF7F7FB68B1608E002862
:1085500006DD40460CF076F9618E90FBF1F000E00C
:10856000002000B2308001E00020308000BF2A2DC2
:1085700004D14046616A00F0C9FB29E3292D04D1EA
:108580004046616A00F0C2FB22E3012D60D10498ED
:1085900005F0BBFF8246A18E4046FDF7D0FD08F0F6
:1085A00077F8064608F0C9F88146B9F1010F02D004
:1085B000B9F1030F1ED102A9504608F083F802A9B1
:1085C0004046FBF7B0F806464FF6FF70864210D0E3
:1085D000E16A31F81600EEF7BBF950B9E16A31F8FB
:1085E0001600EEF7B1F920B9A686A18E4046FDF738
:1085F000A6FD00BFA08E4FF6FF71884227D0A28E45
:10860000E16A31F81200EEF79BF900BBA28EE16A35
:1086100031F81200EEF7A0F9C8B9A28EE16A31F87C
:108620001200EEF795F990B9A28EE16A31F81200C6
:10863000EEF78AF958B9A08E019001AA1C21404694
:1086400005F06CFF0746012F00D069E700BFBFE2CD
:10865000022D59D1049805F058FF82464FF6FF7657
:1086600008F016F88346584608F067F88146B9F1D5
:10867000040F02D0B9F1020F00D151E702A9584608
:1086800008F020F802A94046FBF74DF80646A08EF8
:10869000B04238D0A08E4FF6FF71884203D0A18E31
:1086A0004046FDF74CFDA686504608F049F94FF6C6
:1086B000FF70864227D0E16A31F81600EEF748F9DC
:1086C00008BBE16A31F81600EEF73EF9D8B9314639
:1086D0004046FDF734FDE16A31F81600EEF730F957
:1086E00088B9A28EE16A31F81200EEF735F950B977
:1086F000019601AA1C21404605F010FF0746012FF4
:1087000000D00DE700BF63E2082D69D1A08E4FF6BF
:10871000FF7188425FD0A28EE16A31F81200EEF755
:1087200007F980B3A28EE16A31F81200EEF710F972
:1087300048BBA28EE16A31F81200EEF7F5F878B185
:1087400094F8360000F0010050B9A18EE06A30F8CC
:10875000110020F08000A28EE16A21F8120009E0E9
:10876000A18EE06A30F8110040F08000A28EE16A2C
:1087700021F8120094F8360000F0010018B1A18E23
:10878000404614F007FBA28EE16A31F81200EEF7C2
:10879000D7F830B9A28EE16A31F81200EEF7DCF8B2
:1087A000C8B1A28EE16A31F81200EEF7D1F890B9A3
:1087B000A28EE16A31F81200EEF7C6F858B9A08E21
:1087C000019001AA1C21404605F0A8FE0746012F92
:1087D00000D0A5E600BFA18E4046FDF7B0FCF7E152
:1087E000062D28D1A08E4FF6FF7188428BD0A28E25
:1087F000E16A31F81200EEF7B7F80028EFD1A28E47
:10880000E16A31F81200EEF7A3F80028E7D1A28E52
:10881000E16A31F81200EEF797F80028DFD1A08E58
:10882000019001AA1C21404605F078FE0746012F61
:1088300000D075E6CCE1032D07D1A18E4046FDF7AF
:108840007EFC4FF6FF70A086C2E10E2D5ED104982B
:1088500005F05BFE8246504607F06FFF8346BAF193
:10886000000F07D1002007F019FF8246504607F09D
:1088700064FF834640460CF06FF8064606F056FC4F
:108880008146A08E4FF6FF7188423ED1BBF1020FA8
:1088900005D0BBF1040F35D1B9F1000F32D000265D
:1088A00094F8360000F00100B8B100E0761CE16AEF
:1088B00031F81600EEF748F80028F7D1E16A31F8F0
:1088C0001600EEF745F80028F0D1E16A31F81600FD
:1088D000EEF732F80028E9D00FE000E0761CE16AFC
:1088E00031F81600EEF730F80028F7D1E16A31F8D8
:1088F0001600EEF72DF80028F0D1A68605E000005E
:10890000007C03084FF6FF70A08661E10F2D01D0B7
:10891000102D0CD1A08E4FF6FF71884203D0A18E8E
:108920004046FDF70CFC4FF6FF70A08650E10D2D80
:1089300079D1A18E4046FDF702FC049805F0E5FDD3
:1089400090F80090B9F1130F2BD1A08E4FF6FF7164
:10895000884202D10020A08602E0A08E401CA086A2
:10896000A08E218E884201DB0020A08608E0A08E28
:10897000401CA086A08E218E884201DB0020A086AC
:10898000A28EE16A31F81200EDF7DEFF0028EED189
:10899000A28EE16A31F81200EDF7DAFF0028E6D185
:1089A0000CE1B9F1140F2ED1A08E4FF6FF71884261
:1089B00001D10020A086A08E18B9208E401EA0866E
:1089C00005E0A08E002802DDA08E401EA08609E0F2
:1089D000A08E002803DDA08E401EA08602E0208E1F
:1089E000401EA086A28EE16A31F81200EDF7ACFFBE
:1089F0000028EDD1A28EE16A31F81200EDF7A8FF50
:108A00000028E5D1DAE0B9F1120F6AD10021404621
:108A10000DF0E4F88346A08E4FF6FF7188421DD119
:108A20000020A08609E0CEE0A08E401CA086A08E8B
:108A3000218E884201DB0020A086A28EE16A31F8F7
:108A40001200EDF781FF0028EED1A28EE16A31F825
:108A50001200EDF77DFF0028E6D141E0A28EA16A69
:108A600001EBC200FFF731FAA28EA16A31F8321091
:108A700001EB60000FFA80FAA68E28E0A06A00EBF6
:108A8000C600B0F90200A28EA16A01EBC201B1F9E1
:108A90000210884219DDA06A30F93600504514DC16
:108AA000A06A00EBC600B0F90400584450450CDB46
:108AB000E16A31F81600EDF74BFF30B9E16A31F8A1
:108AC0001600EDF741FF00B904E0701C86B2208E5D
:108AD000B042D3DC00BF208EB04200DDA68600BFCE
:108AE0006CE0B9F1110F69D1002140460DF076F824
:108AF0008346A08E4FF6FF7188421CD10020A086CD
:108B000008E0A08E401CA086A08E218E884201DB4A
:108B10000020A086A28EE16A31F81200EDF714FF62
:108B20000028EED1A28EE16A31F81200EDF710FFB5
:108B30000028E6D141E0A28EA16A01EBC200FFF756
:108B4000C4F9A28EA16A31F8321001EB60000FFA6D
:108B500080FAA08E06B229E0A06A00EBC600B0F948
:108B60000200A28EA16A01EBC201B1F90210884293
:108B70001ADAA06A30F93600A0EB0B00504513DC7E
:108B8000A06A00EBC600B0F9040050450CDBE16AB6
:108B900031F81600EDF7DCFE30B9E16A31F8160065
:108BA000EDF7D2FE00B903E0701E06B2002ED3DA54
:108BB00000BF002E00DBA68600BF00BFA18E40468E
:108BC000FDF7BDFA04E0152D02D10498F3F730FE4D
:108BD00000BFA5E42DE9F04180460E4600BF00BF6E
:108BE0004FF6FF70864202D10020BDE8F081444676
:108BF000208EB04201DA0020F7E7002500270CE0C4
:108C0000781C87B2681C85B2616A51F8250008A1FA
:108C1000E7F75CFB08B9681C85B2B742F0D1208E3B
:108C2000B84201D10020E0E7606A50F82500DCE797
:108C30000A000000014600BF00BF0A46908E704740
:108C400010B5034600BF00BF1C46208E884201DCE1
:108C5000002010BDE06A30F811001040904201D1B0
:108C60000120F6E70020F4E72DE9F04107460D4624
:108C7000164600BF00BF3C46208EA84201DCBDE87E
:108C8000F08194F8360000F0010030B106F0800069
:108C900018B180213846FFF7EDFBE06A30F8150087
:108CA0003043E16A21F8150029463846FDF747FAB6
:108CB00006F4007010B138460EF06AFD00BFDEE722
:108CC0002DE9F04105460E4600BF00BF2F460024A7
:108CD00006E0324621462846FFF7C6FF601C84B2F4
:108CE000388EA042F5DCBDE8F08170B504460E4632
:108CF00000BF00BF2546298E4A003146E86A09F0C8
:108D00005CFD2046696A00F001F870BD2DE9F34F63
:108D100091B0804600BF00BF129810B913B0BDE8F3
:108D2000F08F444640461299EDF79AF8129E66621B
:108D3000002541F26A42294620460DF08BF9089041
:108D40000898C0B21090002140460CF0BCFF0F9074
:108D5000002140460DF023F90E90002140460DF011
:108D6000B6F80D90002140460CF038FF834640468F
:108D70000BF087FD0C9040460BF064FD0B90628E6B
:108D8000521E0D990B9801FB120000B20A900020B0
:108D900009908146129E0027A1E00020089000253E
:108DA0000CE009EB0502E16A31F81200FAF7B9FDAF
:108DB0000899084480B20890681C85B256F82500CE
:108DC00050B156F825004CA1E7F780FA20B156F8CB
:108DD000250000780028E4D11DB9681C06EB800648
:108DE0007CE00A987843618EB0FBF1F10E98014463
:108DF0000D9807FB001000B20790791C0A984843B1
:108E0000618EB0FBF1F10E9801440D9807FB001044
:108E1000401E00B20690691E0C980BFB110000B2B8
:108E200005900598002801DA0020059000200490A4
:108E300082464DE0E16A31F81900FAF772FD0390BD
:108E4000DDE9041048430899B0FBF1F00AFB0B0080
:108E500000B20290DDE903100844059948430899DF
:108E6000B0FBF1F00AFB0B00401E00B2019010981D
:108E700001280ED10298019902910190029A0C9951
:108E8000891A09B202910C990198091A09B2019143
:108E900000BF0F990298084400B202900F99019800
:108EA000084400B2019006980090A16A01EBC90045
:108EB000DDE90131079AFFF73FF8DDE903100844C7
:108EC00004900AF1010A09F101090998401C09906E
:108ED000AA45AFD3681C06EB800600BF7F1C608EDE
:108EE000B8423FF65AAF40460EF052FC40460DF0F5
:108EF000D2FE00BF12E700000A00000070B5044671
:108F00000D4600BF00BF264686F836500021204699
:108F100013F040FF70BD70B506460C4600BF00BFA1
:108F20003546288EA04204DC4FF6FF70844200D004
:108F300070BDA98E3046FDF702F9AC862146304659
:108F4000FDF7FDF800BFF3E72DE9F04781460D4638
:108F50002C4640F2E470208501212A2001552B2067
:108F6000015540F2E470A0852E2001552F200155B7
:108F700000202063A086A82104F58C7009F0ABFDC9
:108F80000027002626E06EB1701CC11700EB51715E
:108F9000C910A0EBC10129B931A104F1380040F892
:108FA000261015E0082E07DA2E4850F8261004F196
:108FB000380040F826100BE0782104F58C7000F89A
:108FC000271000EB8701E03840F82610781CC7B264
:108FD000701CC6B2382ED6DB23A1C4F81411284663
:108FE000FFF776FA606204F13801606AFFF78EFEDF
:108FF0004FF48871606AFFF763FE00231A221B4951
:10900000606A0AF00BF96420002804DAC0F57A716E
:1090100041F4005101E040F400510FFA81F841465B
:10902000606A0FF0DBFA012128460EF063FF012190
:10903000606A0EF071FF94F92E20A18D284600F091
:109040001FF894F92B3094F92A20218D284600F03E
:10905000D9F84FF48041606A0AF028F9BDE8F0873A
:109060000A000000200100200000000079DE000856
:10907000014600BF00BF0A4602F12C007047000005
:109080002DE9F74F82B0064600BF00BF3446039873
:10909000A085049841B22E20015501212F200155B1
:1090A000A08DADF804002E20005D8DF806002F2065
:1090B000005D8DF807002021606AFFF7DBF90025CD
:1090C00006E020222946606AFFF7CEFD681CC5B283
:1090D000072DF6DB9DF90610BDF80400FBF720F91B
:1090E00081469DF90610BDF804000122FAF7A6FC9E
:1090F00007463D464FF001080EE004F58C7101EB88
:10910000850043463EA2042110F0B2FD681CC5B2A2
:1091100008F1010000F0FF0809EB0700A842ECDCB1
:109120009DF90620511EBDF80400FBF7F9F88246B0
:109130000025AAEB0700401C00F0FF0813E004F52F
:109140008C7101EB850043462DA2042110F090FDA7
:109150002022E91D606AFFF787FD681CC5B208F18F
:10916000010000F0FF08BD42E9DB07EB0900C5B2D2
:109170004FF0010813E004F58C7101EB85004346C4
:109180001FA2042110F074FD2022E91D606AFFF780
:109190006BFD681CC5B208F1010000F0FF082A2D24
:1091A000E9DB3046FBF71AFE606AFFF743FD4FF636
:1091B000FF71884203D0F91D606AFFF7ACFE3046AC
:1091C0000DF069FD30460BF0DAFA8346002511E018
:1091D000294630460BF0B5FA0090616A009881424A
:1091E00000D105E032461C21009805F097F900BF38
:1091F000681CC5B25D45EBD305B0BDE8F08F00003B
:10920000256400002DE9F04104460E4617469846B5
:1092100000BF00BF25462E8579B22C462A20415535
:109220004FFA88F12B2041552046FBF7D7FDBDE8CA
:10923000F08170B506460C462546102105F1240044
:10924000EBF7CEFB102105F13000EBF7C9FB002056
:10925000A5F86C00A5F8740000216E20415376201B
:1092600041536420A5F87000A5F8780064217220AD
:1092700041537A20415303207C3568800520A88023
:109280000A20E88047F6FF702880287B20F007003E
:10929000401C2873287B20F0080028734FF480704E
:1092A000288168817C3D70BD2DE9F04180460E46E5
:1092B000344613E004F12400EBF767FB0546287BF6
:1092C000C0F3800010B9686809F0EEF9294604F18E
:1092D0002400EBF7D9FB284609F0E6F9A06A00283C
:1092E000E8D104F12400EBF738FB0CE004F1300086
:1092F000EBF74BFB0746394604F13000EBF7C4FBB4
:10930000384609F0D1F9606B0028EFD104F1300044
:10931000EBF723FBBDE8F0812DE9F84F8846414685
:109320006F480BF0E9F98146B9F1010F01D0BDE8B2
:10933000F88F404605F08BF80546404605F0E8F802
:1093400006463446012D2FD107F0A2F9834669461F
:10935000584607F0B7F9BDF80000B18A401A00B2CC
:10936000ADF8000030460BF0F7FBBDF800100844E4
:109370000FFA80FA51463046FAF730FD0746B4F846
:109380007C00B8420FD0B9B23046FCF761FFB4F8A8
:109390007C103046FCF75CFFA4F87C7000221C2196
:1093A000304605F0BBF898E0082D09D1B4F87C10E0
:1093B0003046FCF74DFF47F6FF70A4F87C008CE0C8
:1093C000292D03D130460EF012FA86E0132D33D149
:1093D000B4F94020B4F94C00824202DDB4F94000F7
:1093E00001E0B4F94C00B4F95830B4F96420934268
:1093F00002DDB4F9582001E0B4F9642090420BDD9D
:10940000B4F94020B4F94C00824202DDB4F94000C6
:109410000DE0B4F94C000AE0B4F95820B4F9640046
:10942000824202DDB4F9580001E0B4F9640001465B
:10943000404605F0A9F850E02C2D16D1404605F025
:1094400064F8074630460BF01CFAB4F88410484321
:10945000001200B2388030460BF0F4F9B4F88610F0
:109460004843001200B2788037E0152D35D14046D0
:1094700004F0F5FF074639463046F1F7A5FA3946BC
:109480003046EFF787FD04F12400EBF7F1FAF8B965
:1094900094F8880000F00700012804D139463046CE
:1094A000F5F7E8FB14E094F8880000F007000228C4
:1094B00004D139463046F5F797FA09E094F8880068
:1094C00000F00700032803D139463046F5F768FE5F
:1094D00039463046F1F768F800BF00BF27E70000C3
:1094E000E43D03082DE9F04F87B081460E4617464C
:1094F0001D4600BFB9F1000F03D100BF00BF00BF80
:10950000FEE700BF00BF1EB900BF00BF00BFFEE7FF
:1095100000BF00BF00BF4C46B4F88200B84207DC71
:1095200000BF00BF00202880688007B0BDE8F08F32
:1095300048460BF0A6F934F8841F484300120FFA8E
:1095400080F848460BF07EF96188484300120FFA14
:1095500080FA2079843C00F00700012809D108FB3B
:1095600007F0B4F88210491E90FBF1F000B2288099
:1095700079E094F8880000F00700032818D1CDF8AE
:109580000080336833F91700337BC3F3C00C04F158
:10959000780333F91C20337BC3F3C00C04F174034C
:1095A00033F91C10002308F09DFF00B228805AE018
:1095B00094F8880000F00700022854D104F1240038
:1095C000EBF7E9F905904FF4A02148460CF0F9FAC1
:1095D00082346188484300120490002148460CF010
:1095E000F0FA61884843001203902188491E0398CD
:1095F00001FB1081208891FBF0F000B202900599E8
:109600000298B0FBF1F000B2019008FB07F034F8CB
:10961000821990FBF1F000B228800020009004F144
:109620002400EBF7D7F900900EE00098B04200D18B
:109630000DE029880198084400B2288004F1240034
:109640000099EBF7C1F9009000980028EDD100BF18
:10965000049A0199881A00EBD0712A8802EB610103
:1096600009B2298000BF002148460CF0DEF883468D
:10967000002148460CF0F3FA58442988084400B207
:10968000288048460BF068FA2988081A00B228801A
:1096900000200690706830F91710307BC0F300127C
:1096A00004F16C0030F91200081A00FB0AF0069071
:1096B000307BC0F3001104F1700030F91110307BE1
:1096C000C0F3001204F16C0030F91200091A069878
:1096D00090FBF1F006900698AAEB000000B26880BB
:1096E000002148460CF027FC58446988084400B221
:1096F000688048460BF02AFB6988081A00B2688027
:1097000000BF12E770B506460C46254608A0686201
:109710000120A8620221204609F0C8FD0821204648
:1097200009F0C4FD4FF48061204609F0BFFD70BD13
:10973000436865636B20626F7800000070B5064671
:109740000C46254695F8280000F0010020B9686A0B
:1097500008F0AAFF0020686270BD00002DE9F14FFB
:10976000BEB03E9804F0D4FE044625463E9804F070
:1097700076FE3D90002120460CF02DFD074600BFEF
:10978000B7F908000646A2464FF0000B41F232023C
:10979000594650460CF05EFC0290029800B280469A
:1097A000002120460CF008FC40440FFA80F900210B
:1097B00020460CF095FA404400B23C90002120462F
:1097C0000CF019FA3B904FF4003120460CF088FA67
:1097D0003A904FF4003120460CF02BFB39904FF4B7
:1097E000003120460CF0E8FB38904FF40031204661
:1097F0000CF099F937904FF4003B40F60A025946B5
:1098000050460CF027FC0290029800B2369000BF40
:1098100040F60B02594650460CF01CFC0290029890
:1098200000B2359027A803F0D9F827AA5946204658
:109830000DF082F8A18A3C98084400B2ADF894007B
:10984000BDF8940081193A98014439980844401EA3
:1098500000B2ADF89800E08A484400B2ADF8960036
:10986000BDF8960081193898014437980844401E85
:1098700000B2ADF89A0000BFBDF89400ADF88C00BE
:10988000BDF89600ADF88E00BDF89800ADF89000D8
:10989000BDF89A00ADF8920000BFBDF88C10369864
:1098A000081A00B2ADF88C00BDF890103698084444
:1098B00000B2ADF89000BDF88E103598081A00B2CD
:1098C000ADF88E00BDF892103598084400B2ADF89E
:1098D000920011A83D990AF0E9FC27A81590374895
:1098E00012900020139023A8149058461E9011AA9D
:1098F0001A21204604F012FE23AA27A93D9803F05E
:1099000051F811AA1B21204604F008FE0021204630
:109910000CF0D0FC1090002120460CF0A4FC0F901D
:10992000002141F6FF721098CDE901210090696A8B
:109930003A460EA80F9B12F001FF06A802F042F86B
:1099400006AA002120460CF01CFF00BFBDF89A10AB
:10995000BDF89620891A491C09B2881B00EBD0710A
:10996000491009B20591BDF898103B98084400B21F
:10997000ADF80C00BDF80C00BDF83810084400B27A
:10998000ADF81000E08A00EB09010598084400B228
:10999000ADF80E00BDF80E00BDF83A10084400B254
:1099A000ADF812000020009003AA06A96B6A3D984A
:1099B00001F054FC3FB0BDE8F08F00001C7C0308B0
:1099C0002DE9F04F8DB00F4639464C480AF094FE11
:1099D0000C900C98012802D00DB0BDE8F08F3846ED
:1099E00004F035FD0446384604F092FD05462C2C63
:1099F00067D1384604F089FD0646AA46002128466C
:109A00000CF0E9FB804600BFB8F908008146002150
:109A100028460CF04FFC8346002128460CF023FC1E
:109A20000B90002041F6FF71CDE900B10290DAF809
:109A3000241042460AA80B9B12F080FE0021284603
:109A40000CF0D9F809904FF4003128460CF048F991
:109A500008904FF4003128460CF0EBF907904FF4D2
:109A6000003128460CF0A8FA06904FF40031284641
:109A70000CF059F80590089809EB00010798084484
:109A800000B2ADF81000069809EB000105980844F3
:109A900000B2ADF81200BDF81000BDF82810014466
:109AA0000998084400B23080BDF91200BDF92A10AF
:109AB000884202DDBDF9120001E0BDF92A00708084
:109AC0001AE0132C13D1384604F01FFD06464FF45C
:109AD0000031284609F08DFF8046B6F90000404568
:109AE00002DDB6F9000000E04046308004E0152CAD
:109AF00002D13846FFF732FE00BF6DE71C7C030839
:109B000030B5044601F4C040B0F5005F01D101203A
:109B100000E0002030B121F4C040B0F5FA6F01DC64
:109B2000012000E0002080B121F4C040B0F57A7F30
:109B300004DD21F4C040C0F57A7001E021F4C0409A
:109B40005843642590FBF5F001B202F4C040B0F533
:109B5000005F01D1012000E0002030B122F4C040BC
:109B6000B0F5FA6F01DC012000E0002080B122F4A2
:109B7000C040B0F57A7F04DD22F4C040C0F57A70B1
:109B800001E022F4C0405843642590FBF5F002B296
:109B9000944201DA204600E01046884201DA084685
:109BA00030BD944201DA2046FAE71046F8E730B5B6
:109BB000044601F4C040B0F5005F01D1012000E08F
:109BC000002030B121F4C040B0F5FA6F01DC012073
:109BD00000E0002080B121F4C040B0F57A7F04DDC0
:109BE00021F4C040C0F57A7001E021F4C040584330
:109BF000642590FBF5F001B202F4C040B0F5005FBF
:109C000001D1012000E0002030B122F4C040B0F5C5
:109C1000FA6F01DC012000E0002080B122F4C04096
:109C2000B0F57A7F04DD22F4C040C0F57A7001E01F
:109C300022F4C0405843642590FBF5F002B29442F0
:109C400001DA204600E01046884201DA084630BDBD
:109C5000944201DA2046FAE71046F8E708B50022F8
:109C60001146104600F073F90090BDF80010084648
:109C700008BD08B500221146104600F080F900909A
:109C8000BDF80010084608BD1CB50020014602467C
:109C9000D408BDF8003064F304038C080093BDF8C9
:109CA000003064F34A13C4080093BDF8003064F335
:109CB000CF230093BDF8004023460193BDF8041064
:109CC00008461CBD08B500221146104600F09FF959
:109CD0000090BDF80010084608BD01B583B0039898
:109CE0000190BDF80400C00AC0EBC00202EB0020E6
:109CF000C01DC0F347108DF80200BDF80400C0F38A
:109D0000451000EB400202EB0020C01CC0F387109E
:109D10008DF80100BDF8040000F01F00C0EBC00288
:109D200002EB0020C01DC0F347108DF80000FF209B
:109D30008DF80300009802909DF808009DF80A2015
:109D4000032303FB02009DF80920042303FB020107
:109D5000C1F3C70004B000BD13B582B00C46FFF7D5
:109D6000B1FF22460190029900F00AFA0090BDF876
:109D70000010084604B010BD37B503461C4604F079
:109D8000030525B1BDF804501D809B1C521EBDF873
:109D9000045005EB0541184610E00160001D01600C
:109DA000001D0160001D0160001D0160001D0160BB
:109DB000001D0160001D0160001D103A102AECD842
:109DC000034604E0BDF804501D809B1C521E002A6F
:109DD000F8D13EBD0160704708B5014601F4780036
:109DE000000A01F47C4240EA5210C1F3C40210435D
:109DF0000090BDF80020104608BD2DE9F04F85B059
:109E0000824689461446CAEB0A204FF4B471B0FB6F
:109E1000F1F01FFA80FAC9EB0920642190FBF1F000
:109E200000F0FF09C4EB042090FBF1F0C4B2B9F1DB
:109E3000000F0BD122462146204600F0E8F80090A2
:109E4000BDF80010084605B0BDE8F08F2B209AFB46
:109E5000F0F0C0B204902B21049800FB11A000EB9D
:109E600040004006000E0390C9F1FF0060434FEA36
:109E70002028039809FB00F0FF21A1EB202060437C
:109E8000001202900398C0F1FF0000FB09F0A1EB63
:109E9000202060434FEA202B0498052818D2DFE8E1
:109EA00000F003070B0F130025465E46474613E0FC
:109EB000029D264647460FE0454626465F460BE094
:109EC0004546029E274607E05D464646274603E094
:109ED00025464646029F00BF00BF3A463146284607
:109EE00000F095F80190BDF804100846ABE718B5EE
:109EF0000346D408BDF8000064F304008C08009009
:109F0000BDF8000064F34A10DC080090BDF80000C2
:109F100064F3CF200090BDF80040204618BD18B56E
:109F20000346D408BDF8000064F304008C080090D8
:109F3000BDF8000064F34A10DC080090BDF8000092
:109F400064F3CF200090BDF80040204618BD18B53E
:109F50000346D408BDF8000064F304008C080090A8
:109F6000BDF8000064F34A10DC080090BDF8000062
:109F700064F3CF200090BDF80040204618BD18B50E
:109F80000346D408BDF8000064F304008C08009078
:109F9000BDF8000064F34A10DC080090BDF8000032
:109FA00064F3CF200090BDF80040204618BD18B5DE
:109FB0000346D408BDF8000064F304008C08009048
:109FC000BDF8000064F34A10DC080090BDF8000002
:109FD00064F3CF200090BDF80040204618BD18B5AE
:109FE0000346D408BDF8000064F304008C08009018
:109FF000BDF8000064F34A10DC080090BDF80000D2
:10A0000064F3CF200090BDF80040204618BD18B57D
:10A010000346D408BDF8000064F304008C080090E7
:10A02000BDF8000064F34A10DC080090BDF80000A1
:10A0300064F3CF200090BDF80040204618BD18B54D
:10A040000346D408BDF8000064F304008C080090B7
:10A05000BDF8000064F34A10DC080090BDF8000071
:10A0600064F3CF200090BDF80040204618BD0000EA
:10A0700037B581B0101DC210BDF8080040EA00409D
:10A080000B4D00EA0501BDF8040040EA004000EA7B
:10A090000503581A504301EB501000EA050444EA46
:10A0A000144080B20090BDF80050284604B030BD86
:10A0B0001FF8E00737B581B0101DC210BDF80800C9
:10A0C00040EA00400B4D00EA0501BDF8040040EAFB
:10A0D000004000EA0503581A504301EB501000EA13
:10A0E000050444EA144080B20090BDF800502846B0
:10A0F00004B030BD1FF8E00737B581B0101DC210A5
:10A10000BDF8080040EA00400B4D00EA0501BDF82B
:10A11000040040EA004000EA0503581A504301EBEE
:10A12000501000EA050444EA144080B20090BDF8E3
:10A130000050284604B030BD1FF8E00737B581B0A5
:10A14000101DC210BDF8080040EA00400B4D00EAA7
:10A150000501BDF8040040EA004000EA0503581A72
:10A16000504301EB501000EA050444EA144080B269
:10A170000090BDF80050284604B030BD1FF8E0073D
:10A1800037B581B0101DC210BDF8080040EA00408C
:10A190000B4D00EA0501BDF8040040EA004000EA6A
:10A1A0000503581A504301EB501000EA050444EA35
:10A1B000144080B20090BDF80050284604B030BD75
:10A1C0001FF8E00707B581B003461888BDF80810EE
:10A1D000C90A01FB0200803000EBC01101EBC03066
:10A1E000C00DBDF8001060F3CF2100915888BDF874
:10A1F0000810C1F3451101FB0200803000EBC011D3
:10A2000001EBC030C00DBDF8001060F34A110091A1
:10A210009888BDF8081001F01F0101FB0200803092
:10A2200000EBC01101EBC030C00DBDF8001060F3B1
:10A230000401009100BF00BFBDF80010084604B043
:10A2400000BD07B581B003461888BDF80810C90ADB
:10A2500001FB0200803000EBC01101EBC030C00DEB
:10A26000BDF8001060F3CF2100915888BDF80810A8
:10A27000C1F3451101FB0200803000EBC01101EB7E
:10A28000C030C00DBDF8001060F34A1100919888ED
:10A29000BDF8081001F01F0101FB0200803000EB47
:10A2A000C01101EBC030C00DBDF8001060F3040117
:10A2B000009100BF00BFBDF80010084604B000BD0B
:10A2C00001B581B0BDF80400C00AC0EBC00101EBCC
:10A2D0000020C01DC0F347108DF80200BDF8040037
:10A2E000C0F3451000EB400101EB0020C01CC0F39F
:10A2F00087108DF80100BDF8040000F01F00C0EBCE
:10A30000C00101EB0020C01DC0F347108DF8000014
:10A31000FF208DF8030000980CBD08B5FF22114600
:10A320001046FFF72CFE0090BDF80010084608BD4F
:10A330001CB5FF2001460246D408BDF8003064F386
:10A3400004038C080093BDF8003064F34A13C4087A
:10A350000093BDF8003064F3CF230093BDF80040B4
:10A3600023460193BDF8041008461CBD70B506468F
:10A370000C4625460020A88464212620415527202C
:10A3800041553035287B20F003002873287B20F0CE
:10A3900004002873002028606860303D0848007879
:10A3A0002C2148554FF48031204608F07FFF4FF4B0
:10A3B0004071204609F096FC204614F027FA70BD43
:10A3C000740100202DE9F34F89B0F9480A990AF089
:10A3D00093F98046B8F1010F02D00BB0BDE8F08FC1
:10A3E0000A9804F034F805460A9804F091F80646F5
:10A3F0003446132D42D14FF4403130460BF03CFC33
:10A4000081464FF4403130460BF0DFFC82464FF47A
:10A41000403130460BF09CFD83464FF440313046CE
:10A420000BF04DFB0890D14501DD494600E0514657
:10A430000898834501DD584600E00898814205DD13
:10A44000D14501DD484607E0504605E008988345C0
:10A4500001DD584600E00898801C00B207900A9879
:10A4600004F053F80746B7F900100798814202DD5F
:10A47000B7F9000000E00798388008E2292D1BD1C9
:10A480000A9804F042F8074630460CF00AF8B988FA
:10A490003A88891A491C09B2884209D130460AF023
:10A4A00065FAF9887A88891A491C09B2884202D06B
:10A4B000304614F0ABF9EAE12A2D03D1304614F00E
:10A4C000A5F9E4E10D2D71D10A9804F01EF8076892
:10A4D000132F01D0112F40D1606A089094F83C00EE
:10A4E00000F0030020B101280ED0022824D117E08B
:10A4F000A08C401C4FF4B47190FBF1F201FB1200F0
:10A5000080B2ADF8200017E02620005D401C6421D9
:10A5100090FBF1F201FB1200C0B28DF822000BE0BB
:10A520002720005D401C642190FBF1F201FB12002A
:10A53000C0B28DF8230000BF00BF3046089900F07C
:10A54000BAF948B100221C21304603F0E7FF8046EB
:10A55000B8F1010F00D040E747E0142F01D0122FCF
:10A5600043D1606A089094F83C0000F0030020B1E9
:10A5700001280ED0022827D119E0A08C002802DD86
:10A58000A08C401E01E04FF4B47080B2ADF8200002
:10A590001AE02620005D002803DD2620005D401E15
:10A5A00000E06420C0B28DF822000DE01EE02720FC
:10A5B000005D002803DD2720005D401E00E06420D0
:10A5C000C0B28DF8230000BF00BF3046089900F0EC
:10A5D00072F948B100221C21304603F09FFF8046EB
:10A5E000B8F1010F00D0F8E600BF50E1012D11D104
:10A5F00011F0B3FC606306F04BF8074604F1380134
:10A6000006F060F83046EEF7E8FB8046B8F1010F3F
:10A61000EBD0E2E6022D7CD106F03AF88246BAF1A0
:10A62000000F00D1D9E6504606F087F88346BBF10B
:10A63000040F02D0BBF1020F18D130460BF031FFEE
:10A64000019000EBD070B18A01EB600000B2ADF870
:10A65000200030460AF08AF9019000EBD0704110DA
:10A66000F08A084400B2ADF8220003E008A9504681
:10A6700006F028F8DAF80000007E0790BDF9200007
:10A68000B4F93810401A002805DDBDF92000B4F9EE
:10A690003810401A04E0B4F93800BDF92010401A0F
:10A6A0000799884214DCBDF92210B4F93A00081A5F
:10A6B000002805DDBDF92210B4F93A00081A04E0BB
:10A6C000B4F93A00BDF92210401A0799884208DD12
:10A6D00011F043FC6063BDF820002087BDF8221014
:10A6E0006187BDF82000B18A401A00B2ADF82000A1
:10A6F000BDF82210F08A081A00B2ADF822003046E8
:10A700000BF0CFFE80B2069000200590002130466D
:10A7100000E098E00AF0C7FF8146069800EBD07190
:10A7200049100FB2BDF82000C01B00B2ADF82000E8
:10A73000BDF82200C01B00B2ADF822000120049039
:10A74000A7EB090007B2412F0ADD494609EBD17298
:10A75000521010B2391A0FB2412F00DA412700BF50
:10A76000BDF920004043BDF9221001FB010107FBA8
:10A7700007F0814201DA00200490606B11F0E0FBE9
:10A7800003900498B0B9DAF80000818B03988142F5
:10A7900010D294F83C00C0F3800058B9304613F052
:10A7A000AFF805F075FF019006F036F915E60000E8
:10A7B000003E0308049800B90FE6BDF92210BDF968
:10A7C0002000FDF7CCFB4FF4B47190FBF1F201FBDC
:10A7D000120000B20590606A029094F83C0000F00C
:10A7E000030020B1012807D002281BD10FE00598F3
:10A7F00080B2ADF8080015E06421059848434FF495
:10A80000B47190FBF1F0C0B28DF80A000AE0642147
:10A81000059848434FF4B47190FBF1F0C0B28DF845
:10A820000B0000BF00BF3046029900F044F848B169
:10A8300000221C21304603F071FE8046B8F1010F62
:10A8400000D0CAE523E0112D0CD10A9803F05DFE7B
:10A85000074647F6FF7206F114003968E8F755FE1F
:10A86000387114E0152D06D10A98EFF7C1FF0A9848
:10A87000F0F7E9FF0BE0122D09D10A9803F045FE2D
:10A8800007463878022801D00120387000BF00BF89
:10A89000A3E538B5044600BF00BF254627235A5D0F
:10A8A0002C462623595DA88CFFF7A7FA0090BDF827
:10A8B0000010084638BD73B50546BDF80400B0F574
:10A8C000B47F0ADDBDF804004FF4B47190FBF1F2DF
:10A8D00001FB120080B2ADF804009DF80600642868
:10A8E00002DD64208DF806009DF80700642802DD73
:10A8F00064208DF8070000BF00BF2C46A08CBDF877
:10A90000041088420DD12620005D9DF80610884273
:10A9100007D12720005D9DF80710884201D1002053
:10A920007CBD01986062284613F070FF28460CF049
:10A93000B2F90120F4E770B505460C460CB90020C9
:10A9400013E0284600F022F960435030A02190FB2C
:10A95000F1F0012808DD284600F018F96043503076
:10A96000A02190FBF1F000E0012000B270BD2DE9C4
:10A97000F04104460F4615461E461C21204608F0AD
:10A98000AAF8276065602068A060E660BDE8F081F5
:10A990001CB504464C21204608F09DF84FF4A070E9
:10A9A0002080F02060804FF0FF30A080E080002009
:10A9B00020816081206920F0080008302061206932
:10A9C00020F0400020618221206961F3D0102061D5
:10A9D0004FF47F40002100F47C4241EA5211C0F361
:10A9E000C40211430091BDF8002011460191BDF849
:10A9F0000400A0860248E0632064382060641CBD27
:10AA000015D50108FEB505465648E9F7F1FF04469D
:10AA100044B900BF1CB900BF00BF00BFFEE700BFC4
:10AA20000020FEBDA86B98B9686C07F06FFD064664
:10AA300000BF1EB900BF00BF00BFFEE700BF0EB9D8
:10AA40000020EEE731462846EA6B9047AE6300BF30
:10AA50004FF4AC71204608F03EF825604248076884
:10AA6000046022461E21414811F0D6FA606000BF02
:10AA7000606818B900BF00BF00BFFEE700BF606894
:10AA800020B9204607F010FE0020CAE7287CC0F35A
:10AA9000400070B1B5F90000B5F902104843E9680B
:10AAA000C968884205D9286920F00200286100BFE2
:10AAB00000BF00BFFF2211461046FFF790FA019039
:10AAC000BDF8041008460290BDF808006085FF201C
:10AAD00084F8290011F00AFA88B900200DF04EFE22
:10AAE000029005200DF04AFE0190214800230090BD
:10AAF0002046DDE9011211F099F9A06002E011F0A1
:10AB00008BF9A060002009F0B3F92061002009F062
:10AB1000AFF9E061002009F0ABF92062E0690CF0C8
:10AB2000C7FF206A0CF0C4FF0221E06909F0DAF8DF
:10AB30000221206A09F0D6F80021E0690DF0F1FA4F
:10AB40000021206A0DF0EDFA20690CF0A4F8064807
:10AB50000760006808B904480460606811F07DFB74
:10AB600020465EE770450020E8010020013700081C
:10AB70005C7903080021C2681161C26851617047A5
:10AB80000148006870470000E801002000B5014658
:10AB900011B9FFF7F5FF014609B9822000BD086829
:10ABA0000069C0F3C910F9E701460868C06870473A
:10ABB00000B5014611B9FFF7E3FF014609B90020CE
:10ABC00000BD0868007CC0F30110012802D00328F2
:10ABD00005D100E000BF0868B0F90200F0E708689E
:10ABE000B0F90000ECE710B5044614B9FFF7C8FF50
:10ABF00004461CB900BF00BF002010BD206AFCE75E
:10AC000010B5044614B9FFF7BBFF04461CB900BFDA
:10AC100000BF002010BDE069FCE7000010B504464D
:10AC20001CB90448E9F7B1FE10BD21460148E9F717
:10AC3000C4FEF9E77045002010B5044614B9FFF7CB
:10AC40009FFF04461CB900BF00BF002010BD206953
:10AC5000FCE710B5044614B9FFF792FF04461CB98F
:10AC600000BF00BF002010BD6069FCE710B50446BE
:10AC700014B9FFF785FF0446A06810BD00B5014672
:10AC800011B9FFF77DFF014609B9002000BD086832
:10AC9000007CC0F30110012802D0032805D100E098
:10ACA00000BF0868B0F90000F0E70868B0F90200DA
:10ACB000ECE72DE9FC4705460C4690469946DDE950
:10ACC0000A67207B022801DCBDE8FC87608800B9A8
:10ACD000FAE7BE4200D1F7E7CDE900674B464246AE
:10ACE00021462846D5F810C0E04700BFECE73EB546
:10ACF00004461021204607F0EEFE01206080FF2070
:10AD0000207300BF002001460246D508BDF8003080
:10AD100065F304038D080093BDF8003065F34A1312
:10AD2000C5080093BDF8003065F3CF230093BDF84C
:10AD300000502B460193BDF8041008460290BDF860
:10AD4000080020803EBD2DE9FF4F83B081468A4632
:10AD50001F46DDF84080139C059806B207F5B470D5
:10AD6000804512D1A9EB060000B22080AAEB0600B4
:10AD700000B2608009EB060000B2A0800AEB06007A
:10AD800000B2E08007B0BDE8F08FB7F5B47F02DD18
:10AD9000A7F5B47087B2B8F5B47F03DDA8F5B47039
:10ADA0001FFA80F811990598401A00B20290129982
:10ADB00029B1119800EBD0714910491C00E0002125
:10ADC0000DB25A2097FBF0F0C0B201905A2098FBC8
:10ADD000F0F0C0B200900198042801D10320019046
:10ADE0000098042801D103200090DDE9001088427A
:10ADF0007CD147457ADC019858BB38B211F0B0FBE2
:10AE0000029948430AEBE030401B00B2608007F132
:10AE10005A0000B211F0A4FB704309EBE030284463
:10AE200000B2A0800FFA88F011F09AFB70430AEB91
:10AE3000E030284400B2E08008F15A0000B211F07E
:10AE40008FFB0299484309EBE030401B00B22080A1
:10AE500096E1019801282BD138B211F081FB7043A3
:10AE60000AEBE030284400B2E08007F15A0000B25B
:10AE700011F076FB0299484309EBE030284400B218
:10AE8000A0800FFA88F011F06BFB029948430AEB9F
:10AE9000E030401B00B2608008F15A0000B211F0AF
:10AEA0005FFB704309EBE030401B00B2208067E19C
:10AEB000019802282DD107F15A0000B211F050FB81
:10AEC000704309EBE030401B00B2208038B211F033
:10AED00047FB029948430AEBE030284400B2E08087
:10AEE0000FFA88F011F03CFB704300E040E00AEB01
:10AEF000E030401B00B2608008F15A0000B211F04F
:10AF00002FFB0299484309EBE030284400B2A080AF
:10AF100036E1019803289BD107F15A0000B211F0E5
:10AF20001FFB0299484309EBE030401B00B2208030
:10AF300038B211F015FB70430AEBE030401B00B251
:10AF4000608008F15A0000B211F00AFB704309EB6F
:10AF5000E030284400B2A0800FFA88F011F000FB26
:10AF6000029948430AEBE030284400B2E08007E150
:10AF70000198B8BB0098012835D108F15A0000B2F9
:10AF800011F0EEFA704309EBE030401B00B2208074
:10AF90000FFA88F011F0E4FA834638B211F0E0FAC3
:10AFA000834504DA0FFA88F011F0DAFA02E038B2D9
:10AFB00011F0D6FA029948430AEBE030401B00B288
:10AFC000608007F15A0000B211F0CAFA704309EB31
:10AFD000E030284400B2A0800AEB0600284400B20A
:10AFE000E080CDE0FFE7019801283AD100980228DF
:10AFF00037D1A9EB0600401B00B220800FFA88F081
:10B0000011F0AEFA70430AEBE030401B00B26080F2
:10B0100007F15A0000B211F0A3FA834608F15A0072
:10B0200000B211F09DFA834505DD07F15A0000B228
:10B0300011F096FA04E008F15A0000B211F090FA0B
:10B040000299484309EBE030284400B2A08038B2AE
:10B0500011F086FA70430AEBE030284400B2E08039
:10B060008EE0019802283DD1009803283AD107F1DB
:10B070005A0000B211F074FA704309EBE030401B43
:10B0800000B22080AAEB0600401B00B2608008F1ED
:10B090005A0000B211F064FA704309EBE030284422
:10B0A00000B2A0800FFA88F011F05AFA029900FB62
:10B0B00001FB38B211F054FA02994843834506DD8A
:10B0C0000FFA88F011F04CFA0299484304E038B2C4
:10B0D00011F046FA029948430AEBE030284400B2E6
:10B0E000E0804DE0019803283AD10098B8BB08F100
:10B0F0005A0000B211F034FA834607F15A0000B248
:10B1000011F02EFA834505DA08F15A0000B211F069
:10B1100027FA04E007F15A0000B211F021FA02996F
:10B12000484309EBE030401B00B2208038B211F0F8
:10B1300017FA70430AEBE030401B00B2608009EB65
:10B140000600284400B2A0800FFA88F011F008FA37
:10B1500070430AEBE030284400B2E08010E0FFE7E3
:10B16000A9EB060000B22080AAEB060000B26080C6
:10B1700009EB060000B2A0800AEB060000B2E080F6
:10B1800000BFFFE52DE9F04105460E4617469846FB
:10B19000B8F1000F08D100BF00BF14A239462846FD
:10B1A00014F06DFBBDE8F081F07A022800DCF9E7CD
:10B1B000A86940B143463A4631462846D5F818C0FA
:10B1C000E047044606E043463A4631462846EDF756
:10B1D0009DF904463CB900BF00BF04A23946284689
:10B1E00014F04DFBDEE700BFDCE700004E6F0A64A1
:10B1F000617461002DE9F84304460D4616461F466A
:10B20000DDF82080606908B9BDE8F883CDF80080DA
:10B210003B46324629462046D4F814C0E04700BFDA
:10B22000F2E71CB504461821204607F054FC00BF85
:10B23000002211461046FEF772FE0090BDF8001085
:10B2400008460190BDF804002081FF20E072401CF8
:10B250006080012020751CBD704700001FB5C0B084
:10B260004198807E022801DC44B010BD41980068FE
:10B2700010B900BF00BFF7E74098C06910B900BF20
:10B2800000BFF1E7202238A84199E4F7EAFF41988E
:10B2900000683790439810B14398007800B9E3E70D
:10B2A0004098806802460D9034A84299E8F716F855
:10B2B0003390339800B9D7E74198007F3290419896
:10B2C000C07E319000BF9DF8C80008B901203290BF
:10B2D00000BF4198407F00F0020020B94298FCF77F
:10B2E000AEFD36901AE04198407F41F6FF724199D9
:10B2F000B1F91210CDE9001202904198B0F9140092
:10B300000C90419800680B9002460DA80C9B439945
:10B3100011F014FABDF93400369000BF00BF379821
:10B32000B0F9080030904198B0F9121030980844F4
:10B330002F9000202E9042980088ADF8B4004298DB
:10B340004088ADF8B60000202C902B904198B0F9C1
:10B3500016002C904198B0F918002B90BDF8B6104B
:10B360002B98084400B2ADF8B60000202A90401E89
:10B370002990469840B32B9830BB4298B0F9020010
:10B38000002821DA469881684298B0F90200081A2C
:10B39000002806DD469881684298B0F90200081A34
:10B3A00005E04298B0F9021046988068081A2F9973
:10B3B0004900C1F58061884203DD4FF0FF314698B6
:10B3C0000160469800682990469860B12998002845
:10B3D00009DB29982A90BDF8B61046988088084461
:10B3E00000B2ADF8B6004198407F0021CDE90010D1
:10B3F0004198B0F914000D902A99439808440C9094
:10B40000369803B2DDE90C023799E9F75BFE2A9919
:10B410000844289040E028982A904198407F0021D5
:10B42000CDE900104198B0F914000D9043992A9885
:10B4300008440C90369803B2DDE90C023799E9F71D
:10B4400041FE0146289808442890BDF8B6102F9870
:10B45000084400B2ADF8B6004698C0B1BDF9B600D8
:10B4600010F5806F13DB4698006800280FDA4699C4
:10B470002A980860BDF9B6104298B0F90200091A7E
:10B48000469841604298B0F90210469881602A9926
:10B490004398405C00B9E7E6BDF9B6103098014426
:10B4A00040988068B0F902008142B4DB9DF8C80082
:10B4B000022823D14198407F00904198B0F91400B0
:10B4C0000D902A992898401A0C90439808440B90A4
:10B4D000DDE90C13379A11F0A3F92E904298FCF78E
:10B4E000AEFC2E99401A0D9000EBD070BDF8B41050
:10B4F00001EB600000B2ADF8B40022E09DF8C80096
:10B5000003281ED14198407F00904198B0F9140063
:10B510000D902A992898401A0C90439808440B9053
:10B52000DDE90C13379A11F07BF92E904298FCF765
:10B5300086FC2E99401ABDF8B410084400B2ADF84C
:10B54000B400419840682790419881682691DDE9D0
:10B550002610884206D927980D90269827900D9896
:10B56000269000BF4198807F00F0010020B94198EB
:10B57000807F00F00200E8B123A800F06FFA419844
:10B580008089ADF88C003798807B18B1379890F996
:10B590000E0000E00120ADF88E004198807E8DF80D
:10B5A00094004198807FC1089DF8950061F30100E7
:10B5B0008DF89500002022902090FEF74FFB1E9002
:10B5C0000FA801F00BFA4198008AADF84000BDF9D0
:10B5D000B4000E90EAE1BDF8B4102C98084400B213
:10B5E000ADF8B4000020229021902A994398084495
:10B5F0000D90FCE000200C904FF6FF7127988842D8
:10B600000CD02698884209D021992A9808440146EE
:10B610000990EA4A4398126890470C9021AB0AAA15
:10B620000BA90D98E9F732FD4198407F00F0010029
:10B6300000287BD0E2A000780B99884212D1229892
:10B6400020B92198209001202290D0E02298012852
:10B6500002D10020229005E02298022802D1002089
:10B660002290C4E02298012867D10B98202863D14A
:10B67000DDE92001081A072859D108A8029020996D
:10B680000D980844039006200490029801900398B6
:10B6900000900CE000980178019801700198401C1E
:10B6A00001900098401C00900498401E049004985B
:10B6B0000028EFD100BF8DF826009DF821000490EE
:10B6C000F9F764FB04469DF820000490F9F75EFB4F
:10B6D00004EB001007909DF823000490F9F756FB47
:10B6E00004469DF822000490F9F750FB04EB00108B
:10B6F00006909DF825000490F9F748FB04469DF854
:10B7000024000490F9F742FB04EB00100590059823
:10B71000C0B204900698C0B203900798C0B20290DD
:10B72000DDE90312FEF713FC1F9003E005E04198EA
:10B7300080891F900220229059E0419880891E90B4
:10B740002298022801D11F981E90DDE90A2137981E
:10B7500003F027F81D904FF6FF71279888422ED0EE
:10B76000269888422BD027990C98884227D326996F
:10B770000C98884223D2BDF8B400ADF82000BDF883
:10B78000B600ADF82200BDF8B4101D9801444198F0
:10B79000808A0844401E00B2ADF82400BDF8B610FF
:10B7A0002F980844401E00B2ADF8260008AA0FA941
:10B7B000409801F0F7F84198C0891E9000BFBDF88D
:10B7C0007800ADF8EC002DAA38A90B9B409800F04A
:10B7D0001FF91D98002809DDBDF8B4104198828A30
:10B7E0001D981044084400B2ADF8B40000BF2A9977
:10B7F0002898401A219988423FF6FCAE4198807FF4
:10B8000000F0020058B30E9800B2ADF83000419835
:10B810000068B0F90800099000EBD070BDF8B610D0
:10B8200001EB6001BDF98E000A9000EBD07001EBD6
:10B83000600000B2ADF83200BDF8B400ADF82C00E5
:10B84000BDF83200ADF82E00BDF87800ADF88C00E0
:10B850000BAB0CAA23A9409800F0E9F800BF41986F
:10B86000807F00F0010038B30E9800B2ADF83000D0
:10B87000BDF8B610419800680089014441980068FD
:10B880004089091A379890F90D00081A00B2ADF8EE
:10B890003200BDF8B400ADF82C00BDF83200ADF8B0
:10B8A0002E00BDF87800ADF88C000BAB0CAA23A9D4
:10B8B000409800F0BCF800BF28982A904198407F3B
:10B8C0000021CDE900104198B0F914000C90439983
:10B8D0002A9808440B90369803B2DDE90B02379999
:10B8E000E9F7F0FB01462898084428904298008820
:10B8F000ADF8B4009DF8C800022823D14198407FDC
:10B9000000904198B0F914000C902A992898401A98
:10B910000B90439808440A90DDE90B13379A10F016
:10B920007FFF2E904298FCF78AFA2E99401A0C90CD
:10B9300000EBD070BDF8B41001EB600000B2ADF8C0
:10B94000B40022E09DF8C80003281ED14198407F32
:10B9500000904198B0F914000C902A992898401A48
:10B960000B90439808440A90DDE90B13379A10F0C6
:10B9700057FF2E904298FCF762FA2E99401ABDF8B4
:10B98000B410084400B2ADF8B400BDF8B6102F985A
:10B99000084400B2ADF8B600BDF9B6104098806812
:10B9A000B0F90600814200DD5EE400BF2A994398A9
:10B9B000405C00287FF40FAE00BF55E45002002029
:10B9C0002300000038B504462021204607F083F804
:10B9D000FF20A076FEF742F90090BDF80000A0819C
:10B9E0000A4820604FF6FF706060A060FEF736F9ED
:10B9F0000090BDF80000E08105200CF0BFFE009033
:10BA0000BDF8000020820020E07638BD5C79030894
:10BA10002DE9F04104460D4616461F463B46324688
:10BA200029462046D4F81CC0E047BDE8F0812DE946
:10BA3000F04105460C4616461F46608808B9BDE829
:10BA4000F081207A022800DCF9E73B4632462146A5
:10BA50002846D5F820C0E04700BFF0E73EB50446D1
:10BA60000A21204607F037F801206080FF2020726D
:10BA700000BF002001460246D508BDF8003065F33E
:10BA800004038D080093BDF8003065F34A13C50820
:10BA90000093BDF8003065F3CF230093BDF800504C
:10BAA0002B460193BDF8041008460290BDF808002B
:10BAB00020803EBD02460B46002106E00C4850F8AF
:10BAC000310000B903E0481CC1B21029F6DB00BF09
:10BAD000102904DB00BF00BF4FF0FF30704704485F
:10BAE00040F8312000EBC10043600846F6E7000053
:10BAF000E04600202DE9F04F87B081468A46164681
:10BB00001D46109CB4F90A00301A0690B4F90800DA
:10BB1000AAEB00000590B4F90C00B4287EDAB4F961
:10BB20000E00B428FADAA089002877D0E08900282E
:10BB3000FBD0B4F90C10B4F90E0081426EDDB4F9FB
:10BB40000A00B04203DD012007B0BDE8F08F606D50
:10BB50000699484380120490A16A0698401C41430C
:10BB60004FEAA128B4F90C00B0F5877F0ADDB4F9DB
:10BB70000C00B0F5B47F05DAB8F1000F02DA4FF02F
:10BB800000081BE0B4F90C00002809DDB4F90C0032
:10BB90005A2805DCB8F1000F02DA4FF000080DE07A
:10BBA000B4F90C005A2809DDB4F90C00B0F5877F10
:10BBB00004DAB8F1000F01DD4FF00008B4F90E000F
:10BBC000B0F5877F0ADDB4F90E00B0F5B47F05DA71
:10BBD000B8F1000F02DA4FF000081BE0B4F90E00D4
:10BBE000002809DDB4F90E005A2805DCB8F1000F71
:10BBF00002DA4FF000080DE0B4F90E005A2809DD12
:10BC0000B4F90E00B0F5877F04DAB8F1000F01DD5A
:10BC10004FF000080498A0EB080000E042E040105C
:10BC200003904FF0010B01200290039808EB0001F4
:10BC300005980F1AAF4200DD2F46002F10DD04F1EA
:10BC400010003BB2324651460090484600F076FA6A
:10BC50008346BBF1000F03D13946484606F03BFF4F
:10BC6000AF4200DD2F46002F00DA002704F13C0030
:10BC7000EA1B13B20AEB070211B2009009EB0700AE
:10BC8000324600F05BFA0290029820B9E91B09EBFA
:10BC9000070006F020FF0298834501D1584653E77C
:10BCA000022051E7B4F90C00B4287DDDB4F90E0090
:10BCB000B428FADDB4F90C10B4F90E008142F4DDB9
:10BCC000B4F90A00B04201DA01203DE7606D06993F
:10BCD000484380120490A16A0698401C41434FEAF1
:10BCE000A128B4F90C00B0F5877F0ADDB4F90C0087
:10BCF000B0F5B47F05DAB8F1000F02DA4FF00008B2
:10BD00001BE0B4F90C00002809DDB4F90C005A2836
:10BD100005DCB8F1000F02DA4FF000080DE0B4F9CD
:10BD20000C005A2809DDB4F90C00B0F5877F04DA5D
:10BD3000B8F1000F01DD4FF00008B4F90E00B0F5C6
:10BD4000877F0ADDB4F90E00B0F5B47F05DAB8F1EB
:10BD5000000F02DA4FF000081BE0B4F90E000028D3
:10BD600009DDB4F90E005A2805DCB8F1000F02DA3B
:10BD70004FF000080DE0B4F90E005A2809DDB4F9BF
:10BD80000E00B0F5877F04DAB8F1000F01DD4FF047
:10BD900000080498A0EB0800401003904FF0010B3E
:10BDA00001200290039800E03BE008EB00010598B9
:10BDB0000F1AAF4200DD2F46002F10DD04F13C00CA
:10BDC0003BB2324651460090484600F0B7F98346F0
:10BDD000BBF1000F03D13946484606F07CFEAF4266
:10BDE00000DD2F46002F00DA002704F11000EA1BC7
:10BDF00013B20AEB070211B2009009EB07003246BA
:10BE000000F09CF90290029820B9E91B09EB0700A9
:10BE100006F061FE0298834501D1584694E602205F
:10BE200092E60127B846B4F90C00B42806D1B4F95B
:10BE30000A00B04200DD27E0032725E0A08938B9D9
:10BE4000B4F90A00B04201DD03271DE001271BE021
:10BE5000B4F90C00B42803DAB4F90A00B04207DCE4
:10BE6000B4F90C00B42805DDB4F90A00B04201DCD5
:10BE7000032709E004F110002B463246514600909A
:10BE8000484600F05BF90746B4F90E00B42809D122
:10BE9000B4F90A00B04202DD4FF003082BE04FF086
:10BEA000010828E0E08948B9B4F90A00B04202DD8F
:10BEB0004FF001081FE04FF003081CE0B4F90E003A
:10BEC000B42803DAB4F90A00B04207DCB4F90E0072
:10BED000B42806DDB4F90A00B04202DC4FF00308D2
:10BEE00009E004F13C002B4632465146009048469A
:10BEF00000F024F9804617B1B8F1000F01D10020FD
:10BF000022E6032F04D1B8F1030F01D100201BE674
:10BF1000012F04D1B8F1010F01D1012014E6022054
:10BF200012E600002DE9F84F0646894692461C4667
:10BF30000A9D002C01DA002404E0B4F5B47F01DB93
:10BF400040F26714002D01DA002504E0B5F5B47F56
:10BF500001DB40F26715A54205DAC4F5B470284448
:10BF6000A6F8680007E0281B002801DD281B00E078
:10BF7000601BA6F86800B481F581A6F80890A6F8C1
:10BF80000AA0264830600120307100BF002C02DB7F
:10BF9000B4F5B47F03DD00BF00BF00BFFEE700BF04
:10BFA000002C03DBB42C01DA002707E0B42C04DBFF
:10BFB000B4F5B47F01DA012700E0012700BF002DAE
:10BFC00002DBB4F5B47F03DD00BF00BF00BFFEE7B6
:10BFD00000BF002D04DBB42D02DA4FF0010809E0A8
:10BFE000B42D05DBB5F5B47F02DA4FF0000801E0AF
:10BFF0004FF0010823465246494606F110000097CB
:10C0000000F032F92B465246494606F13C00CDF885
:10C01000008000F029F9BDE8F88F0000F5BA0108AA
:10C020002DE9F84F0746884691469A464FF0000B97
:10C03000104C15E0256801262068009053464A46BA
:10C0400041463846D5F800C0E047064616B90020FC
:10C05000BDE8F88F022E01D14FF0010B083400BF6C
:10C0600020680028E6D1BBF1000F01D00220EFE7E5
:10C070000120EDE7E046002070B504462646307901
:10C08000022814D12546686980B1686900690028D2
:10C0900007DA6969486806F007FB686906F004FB7F
:10C0A00004E068694069401E6969486107E03079C9
:10C0B000052804D12546A86806F0F6FA00BF70BD31
:10C0C0002DE9F04106463EB91B48006810B1012039
:10C0D000BDE8F0810020FBE7002428E0164850F876
:10C0E000347007B921E0387902281BD1124850F882
:10C0F0003450A87C00F0010048B1B5F9102005F1DA
:10C1000008013046E7F7A6F958B90120E0E7B5F98C
:10C11000102005F108013046E7F721F908B90120A0
:10C12000D6E701E00120D3E700BF601CC4B2102CA9
:10C13000D4DB0020CCE70000E04600202DE9F84FDA
:10C1400082460D4690461E460A9CA08AA8EB000037
:10C150000FFA80F8608A281A05B2206A00286BD18D
:10C1600094F8280000F0010010B3207C00F00300D8
:10C1700020B1207C00F00300012802D10120BDE89D
:10C18000F88F207C00F00300022805D108F101009F
:10C19000002801DA0120F2E7207C00F003000328E8
:10C1A00004D1B8F1000F01DD0120E8E70020E6E747
:10C1B000207C00F00300022804D0207C00F0030063
:10C1C000032801D10120DAE7207C00F003000128D8
:10C1D00002D1002D00DDD2E7207C00F00300A0B9E1
:10C1E000A819002801DA0120C9E76F42002F01DAFF
:10C1F0000020C4E7002F06DBB74204DAF11B0AEB8C
:10C20000070006F068FC0220B9E7A819002801DA47
:10C210000020B4E76F42002F00DA0027B74201DBAD
:10C220000020ACE7002F05DBB74203DA3946504661
:10C2300006F051FC0220A2E794F8280000F001006B
:10C2400040B133464246294650460094FAF7E5FB92
:10C25000814607E033464246294650460094FAF7A5
:10C26000CDFC814648468AE72DE9FC4781460D46CC
:10C2700016461C46DDF828A0B42C02DDA4F1B4005B
:10C2800004B204F15A0000B210F06AF905EB60172D
:10C29000204610F065F906EB60180FFA88F03BB203
:10C2A00032462946CDE9000A484600F003F8BDE8C9
:10C2B000FC8700002DE9F05F04460F4615469846BE
:10C2C000DDE90A6B2C21204606F005FCB54206D1BB
:10C2D000BBF1030F03D1681E05B2701E06B2B54252
:10C2E00006DD4046B846074630462E46054600BFA6
:10C2F00027816581A4F80C80E68184F810B06782FC
:10C30000A582A8EB0700002802DDA8EB070001E0EA
:10C31000A7EB0800711B002901DD711B00E0A91BC0
:10C32000884201DD012000E0002094F8281060F32D
:10C33000000184F828100020E061A06147482060D7
:10C3400000202071A8EB0709A6EB050A94F8280045
:10C3500000F00100C0B1B9F1000F07D04FF4801117
:10C3600091FBF9F000FB0AF18912E161BAF1000FCB
:10C3700007D04FF4801191FBFAF000FB09F189120C
:10C38000A161E169216218E0BAF1000F07D04FF412
:10C39000801191FBFAF000FB09F18912A161B9F15A
:10C3A000000F07D04FF4801191FBF9F000FB0AF168
:10C3B0008912E161A169216200BF207C00F00300C5
:10C3C00030B994F8280020F0020084F8280039E001
:10C3D000207C00F00300012807D194F8280020F009
:10C3E0000200801C84F828002CE0207C00F0030070
:10C3F000022811D1206A002807DD94F8280020F0D7
:10C400000200801C84F828001CE094F8280020F02A
:10C41000020084F8280015E0207C00F003000328C7
:10C4200010D1206A002806DD94F8280020F00200D0
:10C4300084F8280006E094F8280020F00200801C10
:10C4400084F82800206A80106062206A002802DADE
:10C45000606A40426062BDE8F09F00003DC1010893
:10C460002DE9F04F8DB080468B4691461D461698BB
:10C47000807C00F001000C901698B0F910000B9031
:10C480001699083109A8FBF70CFC0C9858B9BDF9AE
:10C490002600484503DCBDF92A0048450DDA002096
:10C4A0000DB0BDE8F08FBDF92600484503DCBDF9AD
:10C4B0002A00484501DA0120F2E7BDF924100B9863
:10C4C0000844584507DC0BEB0501BDF928200B9803
:10C4D000101A81420BDDBDF926100B98084448451F
:10C4E00059DCBDF92A100B98081A484553DB0C9803
:10C4F00058BBBDF92400A0EB0B0001900198A842A5
:10C5000001DD0020CCE70198002803DB40460199BB
:10C5100006F0E1FABDF92800A0EB0B0000F1010ADA
:10C52000BAF1000F01DC0020BAE7AA4505DAA5EB55
:10C530000A0108EB0A0006F0CEFA019818B9AA45DC
:10C5400001D10120ACE70220AAE7BDF92400A0EB4D
:10C550000B0ABAF1000F01DA4FF0000AAA4517DC06
:10C56000BDF92800A0EB0B00A0EB0A00401C0190D5
:10C5700001985044A84202DDA5EB0A000190019801
:10C58000002804DB08EB0A00019906F0A4FA00BFBA
:10C5900000BF022084E7BDF92400A0EB0B00089047
:10C5A00009A8FBF753FC079009A8FBF7CEFB069000
:10C5B000BDF82400ABEB00000FFA80FBBDF82600AD
:10C5C000A9EB00000FFA80F90B98814506DA0B9869
:10C5D000A0EB0900401E00B2039006E00B990698FC
:10C5E000401AA9EB000000B20390169904AB05AA0B
:10C5F00048690399F7F7D6FE0290DDE90710014478
:10C600000B98081ABDF81010084406B20B99089848
:10C610000844BDF81010401A401E07B20C980028BC
:10C6200063D1002425E0BDF91400001B401E0299CF
:10C6300011F800A0301900280BDB3019A84208DAE5
:10C64000301918F80010504610F089FE311908F81A
:10C650000100381B0BD4381BA84208DA381B18F825
:10C660000010504610F07BFE391B08F80100601CDA
:10C6700004B2BDF914008442D5DB3019A84201DAB6
:10C68000301900E02846002801DA002005E03019C2
:10C69000A84201DA301900E0284606B2A91B08EBCF
:10C6A000060006F018FABDF91400381A401CA8421A
:10C6B00004DABDF91400381A401C00E028460028AE
:10C6C00001DA00200BE0BDF91400381A401CA84222
:10C6D00004DABDF91400381A401C00E0284607B2FD
:10C6E0003946404606F0F7F95FE0002427E0BDF93F
:10C6F0001400401E011B0298405CC0F1FF00009036
:10C70000301900280BDB3019A84208DA301918F864
:10C710000010009810F023FE311908F80100381BB2
:10C720000BD4381BA84208DA381B18F80010009800
:10C7300010F015FE391B08F80100601C04B2BDF9A9
:10C7400014008442D3DB781CA84200DA00E02846BB
:10C75000002801DA002004E0781CA84200DA00E09A
:10C7600028460FFA80FAA6EB0A00A5EB0A018842D8
:10C7700002DAA6EB0A0001E0A5EB0A00002801DAC4
:10C7800000200AE0A6EB0A00A5EB0A01884202DAC3
:10C79000A6EB0A0001E0A5EB0A0000B2019008EB4D
:10C7A0000A00019906F097F900BF022078E6000020
:10C7B0002DE9F84F07468846154699464046FBF74F
:10C7C00045FB83464046FBF7C0FA0090009883453E
:10C7D00001DA584600E000988246B5EB6A0F02DDA8
:10C7E0004FEA6A0005B2002D00DA0025414607F144
:10C7F0000800FBF756FA3D8287F8129051483860DE
:10C80000022038711DB900207861BDE8F88F00243E
:10C8100040E0C4EBC4004C4901EB8000B0F91800C3
:10C82000A84236D1C4EBC40001EB80004069401C33
:10C83000C4EBC401444A02EB81014861C4EBC4006B
:10C84000114601EB80000169102D01DA012000E0A2
:10C8500028110844B0F57A7F0CDAC4EBC4003A49D9
:10C8600001EB80000169102D01DA012000E02811A0
:10C87000084401E04FF47A70C4EBC401324A02EB81
:10C8800081010861C4EBC400114601EB80007861AE
:10C89000BBE7641C042CBCD3002600241BE0C4EBC3
:10C8A000C400294901EB8000406998B926B9C4EB5E
:10C8B000C40001EB80060DE0C4EBC400224901EB8B
:10C8C000800000693169884204DAC4EBC4001E4963
:10C8D00001EB8006641C042CE1D396B91C2005F002
:10C8E00015FE064600BF1EB900BF00BF00BFFEE731
:10C8F00000BF1C21304606F0EEF84FF0FF303061EB
:10C9000019E07069401C7061002030613169102DA0
:10C9100001DA012000E028110844B0F57A7F07DA37
:10C920003169102D01DA012000E02811084401E0EE
:10C930004FF47A7030617E6129467869EAF76CFFBE
:10C9400000BF62E761C401087046002070B505466B
:10C95000002600240DE0094800EBC4004068A8420E
:10C9600005D1064850F83460204600F009F8601CF4
:10C97000C4B2102CEFDB304670BD0000E046002052
:10C98000014600204A1C4AB1054A52F831000022F3
:10C99000034B43F8312003EBC1035A60704700009A
:10C9A000E046002070B505460E46144600BFE088FC
:10C9B0006188401A401C00B2012807DB00BFA08834
:10C9C0002188401A401C00B2012800DA70BD2246BE
:10C9D00031462846EB68984700BFF7E738B504466C
:10C9E0003821204606F077F8FDF797FC0090BDF857
:10C9F0000000A080FDF791FC0090BDF80000E080F1
:10CA0000FDF737F90090A01DBDF800106181FF21EE
:10CA100021730221A173FDF72CF90090BDF80000ED
:10CA20000C346082FDF725F90090BDF800002084E9
:10CA30000848A060FF2004F8090CA073A077A07537
:10CA400084F82A00E07D20F03E001E30E0750C3CAA
:10CA500038BD00005C7903082DE9F04FC9B081466C
:10CA60000D4614469846539F529E287B022802DCAE
:10CA700049B0BDE8F08F688800B9F9E7BE4200D13F
:10CA8000F6E7B5F902A0C24501DD0FFA88FA3BA826
:10CA9000FFF7A4FF687B00F003008DF8EE00A868A4
:10CAA00040B100208DF8EF00A8683F90287B8DF8FA
:10CAB000060105E0287B8DF8EF002888ADF8F0002E
:10CAC0002088A0EB080000B2ADF8E4006088A0EB7D
:10CAD000080000B2ADF8E60020884044401E00B2D5
:10CAE000ADF8E80060884044401E00B2ADF8EA00AE
:10CAF00000BFBDF8E400ADF8DC00BDF8E600ADF81D
:10CB0000DE00BDF8E800ADF8E000BDF8EA00ADF8E1
:10CB1000E20000BFBDF8DC006988084400B2ADF84F
:10CB2000DC00BDF8DE006988084400B2ADF8DE0024
:10CB3000BDF8E0006988401A00B2ADF8E000BDF829
:10CB4000E2006988401A00B2ADF8E2004FF0FF3B06
:10CB500000BFBDF8E000BDF8DC10401A401C00B278
:10CB6000002815DD00BFBDF8E200BDF8DE10401A58
:10CB7000401C00B200280BDD012347F6FF7237A9E5
:10CB800031A8FFF715FE002131A8FEF793FF834679
:10CB9000002347F6FF7239A92BA8FFF709FE0021F1
:10CBA0002BA8FEF787FF2A9006F5B470B84203D091
:10CBB00007F5B470864218D147F6FF70ADF8EC0067
:10CBC00039AA3BA94846FFF7EDFE2A98FFF7D8FEA1
:10CBD0000BF1010010B15846FFF7D2FE2BA8FFF76A
:10CBE0004BFA31A8FFF748FA42E702E0A6F5B47025
:10CBF00086B2B6F5B47FF9DA02E0A7F5B47087B271
:10CC0000B7F5B47FF9DA38B20090B4F90220B4F97C
:10CC1000001033B20FA8FFF785F900210FA8FEF727
:10CC200049FF0E90B74204DDB81BC0F5B4700D90FB
:10CC300001E0F01B0D90D9F808000C900D983C28ED
:10CC40002EDDB8F10A0F2BDD05940FFA88F0ADF850
:10CC50001800ADF81A60ADF81C705A2096FBF0F081
:10CC600000F00300ADF81E005A2097FBF0F000F032
:10CC70000300ADF82000ADF822A03BA8099039A828
:10CC80000A90CDF82C9005A8F1F7B1F905A8F1F7B5
:10CC9000D2FA05A8F1F7F8FB05A8F1F723FD04E0A7
:10CCA00039AA3BA94846FFF77DFE0FA8FFF7E4F934
:10CCB0002BA8FFF7E1F931A8FFF7DEF90E98FFF78F
:10CCC0005FFE2A98FFF75CFE0BF1010010B1584699
:10CCD000FFF756FE687BC0F3800000287ED00AF084
:10CCE000FF0204AB0FFA88F130B2F7F7ABFCBDF8E6
:10CCF00010002188084400B2ADF81000BDF81400FF
:10CD00002188084400B2ADF81400BDF81200618813
:10CD1000084400B2ADF81200BDF81600618808445E
:10CD200000B2ADF8160004AA02A80C99E6F7D6FAEC
:10CD3000D0B1002347F6FF7204A906A8FFF738FD1B
:10CD4000002106A8FEF7B6FE019002A8C9F8080067
:10CD500039AA3BA94846FFF725FE0198FFF710FEC8
:10CD600006A8FFF789F900BF0AF0FF0204AB0FFA2B
:10CD700088F138B2F7F766FCBDF810002188084446
:10CD800000B2ADF81000BDF814002188084400B2CC
:10CD9000ADF81400BDF812006188084400B2ADF887
:10CDA0001200BDF816006188084400B2ADF8160004
:10CDB00004AA02A80C99E6F791FAE0B1002347F61D
:10CDC000FF7204A906A8FFF7F3FC002106A8FEF7EE
:10CDD00071FE019002A8C9F8080000E00FE039AA2E
:10CDE0003BA94846FFF7DEFD0198FFF7C9FD06A8FD
:10CDF000FFF742F900BF0C98C9F8080000BF00BF58
:10CE000036E670B504460D4616463246294620469B
:10CE1000ECF7D8F8324629462046ECF7C8FA70BD40
:10CE20007CB504460D46287E022800DC7CBDA26845
:10CE300068462968E6F752FA00B9F7E7E06A10B1E8
:10CE40002046E16A884729462046626B904700BF2A
:10CE5000ECE72DE9F04F89B007460C46E06800B9D1
:10CE60000026E06820B1207C10B909B0BDE8F08F41
:10CE7000207C012801D1002600E0E6687868FAF7F6
:10CE8000ECFF8346BA6807A82168E6F727FA00B9DD
:10CE9000EBE7E8F7B3F8814638680690D9F8000068
:10CEA000C06988B9BDF91C007968B1F90010401A51
:10CEB000BDF91E107A68B2F90220891A0BFB010134
:10CEC000069800EB41000690D4F804A0BAF1000FD8
:10CED00014D02068FAF7C1FF8046BDF91C00216814
:10CEE000B1F90010411ABDF91E002268B2F9022002
:10CEF000821A08FB02100AEB400A01E04FF000081A
:10CF00009EB16069FAF7A9FF05466069B0F90000B3
:10CF1000BDF91C10411A6069B0F90200BDF91E206C
:10CF2000821A05FB0210064400E00025786840885C
:10CF3000404202B278680088404201B207A8FAF77E
:10CF4000EAFFD9F80000C069D0B1606860B9207EFE
:10CF5000CDE901650090208903465A4607A905904E
:10CF60000698F5F7F2FB46E0207E53465A4607A99D
:10CF7000CDE90080CDE90265069810F050F93AE05D
:10CF80006068E8B9607E60B9207ECDE901650090F7
:10CF9000208903465A4607A905900698F5F730FA06
:10CFA00029E0607E217ECDE9016500910390208912
:10CFB00003465A4607A905900698F5F76FF91AE057
:10CFC000607E58B9207E53465A4607A9CDE90080B5
:10CFD000CDE9026506980FF07BFF0CE0607E217EB4
:10CFE00053465A46CDE90081CDE90265049007A970
:10CFF00006980FF0E3FE00BF37E72DE9FF4FB1B011
:10D000000C461746DDF8F880319988680188ADF83C
:10D01000BC104188ADF8BE108188ADF8C010C18841
:10D02000ADF8C21000BF2FA8FFF74AF82E901C21C0
:10D0300027A805F050FDE07A8DF8B400207B00F0C1
:10D040000F008DF8B5002E9890B9208880B96088BF
:10D05000B0F5807F0CD1B8F1040F09D1A07A38B9AE
:10D0600027973498289027A93198FFF7D9FE4EE2E8
:10D07000B8F1050F01D1032000E0022081463846B7
:10D08000FAF7F2FE26904FF47F40002100F47C4234
:10D0900041EA5211C0F3C40211431F91BDF87C2034
:10D0A0001146249100252FA8FAF75DFE23902FA8A2
:10D0B000FAF7DAFE8346BDF8BC00ADF88400BDF88F
:10D0C000C000ADF88800BDF8BE00ADF88600BDF820
:10D0D0008600ADF88A0021A82790208818B96088BA
:10D0E000B0F5807F01D0012000E0002020902E9834
:10D0F00000287ED120980028FBD1B8F1050FF8D187
:10D10000A07A0028F5D1E7F779FF1990FDF750FDD7
:10D110001F902FA8FAF766FE1F99884201D91F9821
:10D1200002E02FA8FAF75EFE1E901E99480005F057
:10D1300027FA1D901E9805F023FA1C901C982A903F
:10D1400021A82C9002208DF8AC001D982890349EC8
:10D15000BDF9BE00B7F90210401A2699484300FBFA
:10D160000966BDF9BC00B7F90010401A00FB09665A
:10D1700000201A903BE0B24600201B9013E09AF882
:10D1800002001C99485548B19AF800109AF80120FD
:10D1900001EB02218AB21D9921F815201B98401C31
:10D1A0001B90CA446D1C1B985845E8DB269800FB71
:10D1B000096605EB0B011E98814206D8BDF88A006E
:10D1C000401C00B2ADF88A000EE027A93198FFF7A5
:10D1D00027FEBDF88A00401C00B2ADF88600BDF8FD
:10D1E0008600ADF88A0000251A98401C1A902399F1
:10D1F00000E019E01A988842BDDBBDF98600BDF950
:10D200008A10884209D0BDF88A00401E00B2ADF8ED
:10D210008A0027A93198FFF703FE1C9805F02CFA25
:10D220001D9805F029FA71E1E7F7E8FE0290FDF795
:10D23000BFFC1F902FA8FAF7D5FD1F99884201D98E
:10D240001F9802E02FA8FAF7CDFD1E901E99480006
:10D2500005F096F91D901E9805F092F906462A965B
:10D2600021A82C9002208DF8AC001D982890002059
:10D270001C904C2109A805F02EFC209828B320888A
:10D2800000B2ADF830006088ADF8320034980990F3
:10D29000269800B2ADF828003846FAF764FDADF8DC
:10D2A0002A008DF83680A088ADF82C00E088ADF813
:10D2B0002E002089ADF83400207D00F001008DF8AB
:10D2C000370009A8E6F7F6FF15E034981C90BDF981
:10D2D000BE00B7F90210411A269841431C9801FB81
:10D2E00009001C90BDF9BC00B7F90010411A1C9848
:10D2F00001FB09001C90002007900890A07AC0F163
:10D30000FF000690A07AB0B122890292A07A07A904
:10D31000BDF80820D20A42430A80BDF80820C2F3B3
:10D32000451242434A80BDF8082002F01F024243E2
:10D330008A8000BF00BFB8F1040F05D1208818B95A
:10D340006088B0F5807F01D0022000E001208DF8D8
:10D35000AC002E9818B130461E9905F0F3FBBDF9CC
:10D360008600B7F90210401A039000200490B1E043
:10D37000DDF870A00295BDF98400B7F90010401ADD
:10D380000190002005904BE02098B8B1DDE903033F
:10D39000184402B2059B0198184401B209A8E6F7A7
:10D3A000FEFC0090009810B90020705533E009A8E9
:10D3B000807D7055BDF8380025901EE0B8F1050F4E
:10D3C00005D19AF80200705500B924E001E0FF2071
:10D3D00070559AF800009AF8011000EB012080B215
:10D3E0002590B8F1060F08D1BDF89400BDF8901053
:10D3F000884202D1002070550DE0A07A28B107A81C
:10D40000069A2599FCF71DFF2590BDF894101D98EC
:10D4100020F8151000BF0598401C05906D1CCA44EB
:10D4200005985845B0DB2E98E8B1BDF8BEC0049B06
:10D4300063441AB2BDF98410029BF0185B46FEF7F4
:10D44000EFFD0090009840B902997018594605F018
:10D4500042FB02208DF8AC0004E00098022801D1C4
:10D460008DF8AC0000BF26991C9801FB09001C90A8
:10D4700005EB0B011E98814206D2BDF88A00401CC4
:10D4800000B2ADF88A0022E027A93198FFF7C8FC66
:10D49000BDF88A00401C00B2ADF88600BDF88600D9
:10D4A000ADF88A000025B8F1040F05D1208818B91D
:10D4B0006088B0F5807F01D0022000E001208DF867
:10D4C000AC002E9818B130461E9905F03BFB04982D
:10D4D000401C0490239904988842FFF649AFBDF997
:10D4E0008600BDF98A10884209D0BDF88A00401E26
:10D4F00000B2ADF88A0027A93198FFF791FC3046B9
:10D5000005F0BAF81D9805F0B7F800BF00BF35B0B8
:10D51000BDE8F08F70B506460C46254638212846F2
:10D5200005F0D9FA094828610948E8600948A86265
:10D530000948E86109486861094828620948686241
:10D540000948E8620948686370BD000059CA0108CB
:10D55000FDDB010803CE010871D50108FBCF0108EE
:10D5600069D601086DD8010839DC010853CE0108DD
:10D570002DE9F04387B005460E4690461C46002331
:10D58000224603A9306801F07AF88146B9F1000F0C
:10D590000ED1202C09D34FF6FF00844205D042F271
:10D5A0000C00844201D000BF00BF07B0BDE8F0838B
:10D5B000BDF8140010B1BDF8120000B9F5E7B8F8D5
:10D5C0000000BDF81610084400B2ADF8080030683D
:10D5D000008931684989401AB8F802100844BDF83A
:10D5E0001410401ABDF81810401A00B2ADF80A0025
:10D5F000BDF90800BDF812100844A968B1F900107F
:10D60000884217DBBDF90800A968B1F90410884207
:10D6100010DCBDF90A00BDF814100844A968B1F97E
:10D620000210884206DBBDF90A00A968B1F90610AC
:10D63000884200DDB9E72146039801F011F807465A
:10D6400017B900BF00BFB0E70398007B00F00300EC
:10D6500008B100BF06E003AB02AA31462846009796
:10D66000EEF7B6FA00BFA0E72DE9F04F93B0804681
:10D670000E4614461D46708810B913B0BDE8F08FF1
:10D68000307A022800DCF8E7B4F90000B5F90010A0
:10D69000884206D1B4F90200B5F90210884200D1DF
:10D6A000EBE7B4F90010B5F90020914202DAB4F9C1
:10D6B000001001E0B5F90010B6F9020000EBD072DD
:10D6C000A1EB620109B2ADF84410B4F90010B5F94C
:10D6D0000020914202DDB4F9001001E0B5F900101C
:10D6E000B6F9020000EBD07201EB620109B2ADF8AD
:10D6F0004810B4F90210B5F90220914202DAB4F9E7
:10D70000021001E0B5F90210B6F9020000EBD07288
:10D71000A1EB620109B2ADF84610B4F90210B5F9F7
:10D720000220914202DDB4F9021001E0B5F90210C5
:10D73000B6F9020000EBD07201EB620109B2ADF85C
:10D740004A1011A911A8D8F80820E5F7C7FD8246AC
:10D75000BAF1000F00D190E7D8F808B011A8C8F8C6
:10D760000800B4F90200B5F90210884206D12B4630
:10D77000224631464046EEF709FC12E0B4F90000BB
:10D78000B5F90010884206D12B4622463146404664
:10D79000EEF716FF05E02B46224631464046EEF7EF
:10D7A000E1FC707AC0F3C00020B9707AC0F3800049
:10D7B000002857D003A8FFF711F93088ADF8100002
:10D7C00047F6FF70ADF80C00307A8DF80F00B6F90F
:10D7D00002004710B07800F0010080F00109707A73
:10D7E000C0F38000E0B12088C01B00B2ADF8040097
:10D7F0006088C01B00B2ADF8060020883844A0EB5A
:10D80000090000B2ADF8080060883844A0EB0900B8
:10D8100000B2ADF80A0001AA03A94046FFF7C2F81A
:10D82000707AC0F3C000E0B12888C01B00B2ADF828
:10D8300004006888C01B00B2ADF806002888384490
:10D84000A0EB090000B2ADF8080068883844A0EBEE
:10D85000090000B2ADF80A0001AA03A94046FFF78B
:10D86000A1F800BFC8F808B000BF06E72DE9FF4FD8
:10D8700093B090461E46032E02DA17B0BDE8F08F33
:10D88000B8F1000F00D1F8E7B00004F079FE0446CB
:10D8900004B9F2E700201290D8F8000020600025BB
:10D8A0001EE038F92510681C38F9200081420AD1A1
:10D8B00008EB8500B0F90210681C08EB8000B0F995
:10D8C000020081420AD0129804EB800008EB850127
:10D8D000096801601298401C80B21290681C85B2E1
:10D8E000701EA842DDDCB8F9001038F92000814232
:10D8F00008D1B8F90210701E08EB8000B0F90200E0
:10D9000081420BD0129804EB8001701E08EB80005E
:10D91000006808601298401C80B21290129E032E7C
:10D9200003DA204604F0A8FEA7E7B34903C9CDE90E
:10D93000100100253DE0BDF9400034F92510884272
:10D9400002DABDF9400001E034F92500ADF84000ED
:10D95000BDF9420004EB8501B1F90210884202DAF8
:10D96000BDF9420003E004EB8500B0F90200ADF818
:10D970004200BDF9440034F92510884202DDBDF9AA
:10D98000440001E034F92500ADF84400BDF946003B
:10D9900004EB8501B1F90210884202DDBDF94600B1
:10D9A00003E004EB8500B0F90200ADF84600681C06
:10D9B00085B2B542BFDB139810A982680DA8E5F7C0
:10D9C0008DFC0F900F9818B9204604F055FE54E7CF
:10D9D000139880680C900DA913988160B4F9020027
:10D9E0000B9000200A9001250FE004EB8500B0F9B0
:10D9F00002100B98814206DA04EB8500B0F90200B0
:10DA00000B9028B20A90681C85B2B542EDDB2C2140
:10DA100006FB01F004F0B4FD099009980890DDF8C8
:10DA200028A0DDF828A0D34600200790DDF828A024
:10DA3000AAF10107002F00DA37440A9800F1010922
:10DA4000701E484501DA4FF0000934F827100A9893
:10DA500034F82000081A01B2069134F829100A9807
:10DA600034F82000081A01B2059104EB87004188C0
:10DA70000A9804EB80004088081A00B2049004EB76
:10DA8000890041880A9804EB80004088081A00B297
:10DA9000039000200290DDE9040100FB01F20699E9
:10DAA00003984843824201DA0120029000BF0298A5
:10DAB00060B9AAF10107002F00DA37440BF1010920
:10DAC000701E48450EDA4FF000090BE00AF101071D
:10DAD000701EB84200DA0027ABF10109B9F1000F5E
:10DAE00000DAB14404EB8700B0F9020004EB8A01CC
:10DAF000B1F9021088422CDB04EB8700B0F9020078
:10DB000004EB8A01B1F9021088421ED034F92700D3
:10DB100034F92A10884218D0012104EB8700B0F9AB
:10DB20000200CDE9000134F9273004EB8A00B0F996
:10DB3000022034F92A100898FEF7BCFBDDE9080141
:10DB4000FDF7B8FF08982C3008900798401C079004
:10DB5000BA460798B04200D13AE004EB8900B0F928
:10DB6000020004EB8B01B1F9021088422CDB04EBBC
:10DB70008900B0F9020004EB8B01B1F90210884270
:10DB80001ED034F9290034F92B10884218D0002116
:10DB900004EB8900B0F90200CDE9000134F9293025
:10DBA00004EB8B00B0F9022034F92B100898FEF733
:10DBB00081FBDDE90801FDF77DFF08982C30089016
:10DBC0000798401C0790CB460798B042FFF46FAF10
:10DBD00000BF10AADDE91301FEF7E4FE0998FEF785
:10DBE000B5FE099804F048FD204604F045FD139960
:10DBF0000C98886000BF40E6703D030870B504468D
:10DC00000D461646324629462046F1F707FD3246B4
:10DC100029462046EBF7D6F9324629462046EBF74F
:10DC2000C6FB324629462046EBF7DDFC3246294644
:10DC30002046F0F7A1F870BD704770B5044600BFEC
:10DC400000BF0121204606F08EF825464FF6FF70F2
:10DC500068870121686A05F029FB002220212046FF
:10DC600000F05CFC70BD00002DE9F04180460C46E0
:10DC70002546002045F8240FE86018A0A860002081
:10DC80006860287E20F0100010302876287E20F072
:10DC900020002030287600206882A8824FF6FF708E
:10DCA000E88200202882287E20F00F0008302876A5
:10DCB0004FF48061204605F0F9FA09A1204600F0F2
:10DCC0004CFB204606F0AAFE074600F047F9286004
:10DCD00055F824697462BDE8F0810000EF81B80056
:10DCE0004F7074696F6E20310A4F7074696F6E20C7
:10DCF000320A4F7074696F6E2033000070B50446AD
:10DD000000BF00BF2146044805F03DFF05462846F8
:10DD100005F0AEFF284670BD387C030870B5064696
:10DD20000D462C46606A20B1606A06F0B1F800200A
:10DD3000606294F83C00C0F3001020B9206B04F03E
:10DD4000B3FC0020206370BD2DE9F84F8946494699
:10DD5000584806F0D1FC8046B8F1010F01D0BDE86B
:10DD6000F88F484600F073FB0546484600F0D0FBAC
:10DD700007463C460E2D1BD1384606F0EDFD834686
:10DD8000584601F0D3F9064602F082FC009002F0FA
:10DD9000D4FC8246BAF1040F09D11EB1384600F016
:10DDA00033F904E0208FE0863846FFF746FF7FE036
:10DDB0000F2D01D0102D03D13846FFF73EFF77E03D
:10DDC000082D07D13846E8F756FD8046B8F1010F17
:10DDD0006ED0C4E72A2D03D1384609F008FD67E06C
:10DDE000292D03D1384609F002FD61E02C2D0DD11B
:10DDF000484600F08AFB06460021384608F0F7F94D
:10DE00008246504600F0E8FC708051E00D2D4AD16A
:10DE1000484600F07AFB0678132E01D0122E13D15B
:10DE2000384600F08EF818B9384600F0EDF839E0C1
:10DE3000E08E401CA18E884234DAE08E401CE086E1
:10DE400038460FF02CFF2DE0142E01D0112E11D1E9
:10DE5000384600F076F818B9384600F0D5F821E0D9
:10DE6000E08E00281EDDE08E401EE08638460FF072
:10DE700016FF17E01B2E05D1208FE0863846FFF7EE
:10DE8000DCFE0FE00A2E0DD102F016FC8246BA45E8
:10DE900007D03846E8F7EFFC8046B8F1010F00D014
:10DEA0005DE700BF04E0152D02D14846EEF7CCFE39
:10DEB00000BF54E7387C0308014600BF00BF0A4694
:10DEC000D08E70472DE9F05F81460F46924600BF25
:10DED00000BF4D464FF0000B286B20B1286BE2F7D6
:10DEE000EEF9804603E000203870BDE8F09F002482
:10DEF00006E0286B005D0A2801D10BF1010B641CC0
:10DF0000444502D2288F5845F3D100260EE0BAF1DD
:10DF1000000F06D0AAF10100B04202D800BF00BF36
:10DF20000AE0286B005DB855761C641C444503D29A
:10DF3000286B005D0A28EAD100BF0020B85500BF59
:10DF4000D3E770B5044600BF00BF25460121686ACB
:10DF500008F004FB80F0010070BD000070B50446BD
:10DF600000BF00BF2146044805F00DFE05462846C7
:10DF700005F07EFE284670BD547C03082DE9F05F55
:10DF800083468846404600F062FA0446182C08D0C2
:10DF900041461C4806F0B0FB0546012D01D0BDE806
:10DFA000F09F404600F0B4FA0646D6F824904F465B
:10DFB000082C09D102F06CFB824602F0AEFBF8B9E6
:10DFC0003046F8F792FF1BE0012C03D13046F8F7FA
:10DFD00067FF15E0092C06D14FF6FF7078873046B1
:10DFE00008F059FE0CE0182C0AD14046EEF7C2FBAF
:10DFF0004146044806F080FB0546012D00D0CEE7DF
:10E0000000BFCCE7547C03082DE9F04F87B00546EC
:10E0100000BF00BF2C460121284605F084F92846A0
:10E0200006F0FCFC83465946606A09F0C1FF4FF0D8
:10E03000FF31606A08F0EEFF0121606A05F052FED0
:10E0400000221F21284600F069FA2846F6F769F8F1
:10E050000690216B069803F0DCFF42F2D171606AF2
:10E060000AF0BCFA06980AF00BFB606A08F019FA8D
:10E070008346284608F015FA834513DC94F83C00E3
:10E0800000F00F00042805D094F83C0000F00F00C9
:10E09000082807D1284608F004FA83465946606AE2
:10E0A0000AF09CFA069806F061FC05900021606A6F
:10E0B00007F0C8FB81460021606A07F08AFF4844E8
:10E0C00001B204910020D4F824B0029041F611026C
:10E0D0005846029907F0BEFF01900198484400B2EB
:10E0E0000390DDE904100144039808440FFA80F816
:10E0F000464694F83C0000F00F0794F83C0000F00E
:10E100000F00082824D1FCF73BFD8346FCF7B6FD41
:10E11000B5F91A10314488423CDAFCF731FD8346E8
:10E12000FCF7ACFDB5F91A10411AB5F91600814299
:10E1300004DA0427E88A401E06B22BE0FCF720FD33
:10E140008346FCF79BFD698B401A401E06B221E016
:10E1500094F83C0000F00F0004281BD1B5F916001C
:10E16000801B17D5FCF70CFD8346FCF787FDB5F93E
:10E170001A10411AB5F91600814209DD0827FCF78B
:10E18000FFFC8346FCF77AFD698B401A06B201E07A
:10E19000B5F91660464500DD46463146606A09F02D
:10E1A000CAFE28460FF07BFD082F08D10020009002
:10E1B00000230D222946606A05F038F91FE0042F7C
:10E1C00008D10020009000230A222946606A05F049
:10E1D0002DF914E0012F08D1002000900023102217
:10E1E0002946606A05F022F909E0022F07D10020D4
:10E1F0000090002313222946606A05F017F9606A2F
:10E200000AF03EFA94F83C0000F00F00012805D017
:10E2100094F83C0000F00F0002281FD1606A08F05B
:10E220006CF90290606A08F08BF98346FCF7A8FC51
:10E230000190FCF723FD58450FDCFCF7A1FC009092
:10E24000FCF71CFDABEB00010298401A401E00B227
:10E250000190606A01990AF0F3F900BF0021226B76
:10E26000069805F061FC82465046BAF1010F04D0D1
:10E27000022810D0032807D000BF00231A4601212E
:10E28000069805F0C1F80DE000231A460321069810
:10E2900005F0BAF806E000231A460921069805F0B1
:10E2A000B3F800BF00BF07B0BDE8F08F2DE9F04123
:10E2B00007460D4600BF00BF00BF1DB900BF00BF2D
:10E2C00000BFFEE700BF3C460020A086002606E017
:10E2D000A85D0A2802D1A08E401CA086761CA85DED
:10E2E0000028F5D1A08E401CA0860020E086208763
:10E2F0002846E1F7E4FF00F10108206B48B194F8EB
:10E300003C00C0F3001020B9206B04F0CDF90020D0
:10E310002063404604F0FAF8206300BF206B18B970
:10E3200000BF00BF00BFFEE700BF206B08B9BDE81B
:10E33000F0812946206BE1F7E4FF94F83C0020F0DF
:10E34000100084F83C00384608F0A5FC606A10B163
:10E35000606A08F0A0FC00BFE9E72DE9F04107463C
:10E360000D4600BF00BF00BF1DB900BF00BF00BF0A
:10E37000FEE700BF3C460020A086002606E0A85D20
:10E380000A2802D1A08E401CA086761CA85D002819
:10E39000F5D1A08E401CA0860020E086208794F84E
:10E3A0003C00C0F3001030B9206B20B1206B04F0AA
:10E3B0007BF90020206394F83C0020F0100010301E
:10E3C00084F83C002563384608F065FC606A10B1AB
:10E3D000606A08F060FCBDE8F08170B506460D4645
:10E3E00000BF00BF3446E08EA84200D170BDA08EB1
:10E3F000A84201DD284601E0A08E401EE086E08EA6
:10E400002087304608F047FC00BFEFE770B50546AF
:10E410000C464FF48061204605F064FC0421204640
:10E4200005F060FC4FF40031204604F03FFF01216D
:10E43000204604F03BFF204602F03CFD70BD30B5A5
:10E4400004460B46586A02460025556230BD014617
:10E45000087A20F08000704701464868704700B590
:10E460000246107A15280ED0107A14280BD0107A94
:10E47000162808D0107A182805D0107A172802D04C
:10E48000107A192803D1104600F03FF800BD00BFF4
:10E4900000BF0020FAE700B50246107A01282CD010
:10E4A000107A022829D0107A032826D0107A04285E
:10E4B00023D0107A052820D0107A06281DD0107A93
:10E4C00007281AD0107A082817D0107A092814D0F3
:10E4D000107A0A2811D0107A0B280ED0107A0C2846
:10E4E0000BD0107A0D2808D0107A0E2805D0107A9B
:10E4F0000F2802D0107A102803D1104600F005F83A
:10E5000000BD00BF00BF0020FAE701460869704760
:10E510000146086870470146C8687047F0B587B083
:10E5200004460D46164614B9012007B0F0BD00BFE1
:10E5300000BF009401948DF80850002003900496C9
:10E540009DF8180020F001008DF818009DF81800C3
:10E5500020F004008DF818009DF8180020F002004B
:10E560008DF818000748006805900649C1F800D0EA
:10E570006846F2F758FE0746024905980860384693
:10E58000D3E700009400002010B503460C46187A2B
:10E5900013280DD11846FFF7B8FF0246B2F9000064
:10E5A000A04202DDB2F9000000E02046108001E048
:10E5B00000BF00BF10BD10B500F006F800F08EFCE3
:10E5C00000F05AF910BD000010B500210D4803F00D
:10E5D0003FFD0D4908600BF047FF0C4908800BF028
:10E5E00043FF40F480500A4908800BF03DFF40F49F
:10E5F0008050084908800BF037FF40F480500649EE
:10E60000088010BDFD2F0108F0000020F40000205C
:10E61000F6000020F8000020FA0000202DE9F0416B
:10E6200006460F46092F00D1202734693946304667
:10E63000F5F79AFA054615B90020BDE8F081606843
:10E6400000EBC508608A800B30B92068D8F800104C
:10E65000C1F313010844F0E700BF00BF0020ECE75E
:10E6600070B504460D4600BF1CB900BF00BF00BF17
:10E67000FEE700BF294620466268904770BD2DE93D
:10E68000F04706460D469046994600BF1EB900BFAA
:10E6900000BF00BFFEE700BF00BF1DB900BF00BF45
:10E6A00000BFFEE700BF00202860344600270FE0CF
:10E6B0004B46424629462046D4F800C0E04707466C
:10E6C0002FB1A87BC0F3001008B92C6002E0646988
:10E6D000002CEDD100BF3846BDE8F0872DE9FF4F93
:10E6E00083B00C4691464FF0000AB9F1090F03D1EF
:10E6F0004FF020094FF0010A039806694946039834
:10E70000F5F732FA07461FB9002007B0BDE8F08FD1
:10E710004FF0000BF06868B106990398F5F724FAFA
:10E720000190019828B13946019A0398F5F7A8FBA2
:10E73000834600BF706800EBC705308A00FB0BF012
:10E740000011029028684FEA1058BAF1000F01D06A
:10E750004FEA48080298804408F108004FEA101870
:10E76000A4F80480687920812879E08095F9060072
:10E77000608195F90700A081708A400AA17B60F34F
:10E780000301A173A07B20F01000A073BAF1000F69
:10E7900005D0E0884FF6FF7101EA4000E0800120DB
:10E7A000B3E72DE9FF4105460E46174600BF1DB9E8
:10E7B00000BF00BF00BFFEE700BF3B4632466946D0
:10E7C0002846FFF75CFF044624B1BDF8040004B0FE
:10E7D000BDE8F0810020FAE70146B1F90800704772
:10E7E0000146B1F9080070470146B1F908007047C9
:10E7F0000146B1F90800704770B50446606808B971
:10E800000B2070BD6068C06808B90920F9E7D4E939
:10E810000010C268904705466068408858B1A068FB
:10E8200048B1A068C06818B1A168C86803F03CFF8F
:10E83000A06803F039FF002020606060A0602846D7
:10E84000DFE710B504463021204604F044F910BD3E
:10E8500070B505460748E6F7CBF8044600BF1CB97B
:10E8600000BF00BF00BFFEE700BF04B970BD256058
:10E8700000BFFBE78845002010B5F4F7AFFE0F4856
:10E88000FFF7DFFF30200D490870002048800C485A
:10E8900088600C48C8600C4808610C4848610C4806
:10E8A00088610C48C8610C4888620C4808620C48B2
:10E8B00048620846FFF7CCFF10BD0000E844002086
:10E8C000DF350108C5350108E5350108FD350108CA
:10E8D000EF350108F7350108CB350108D1350108BE
:10E8E000D735010870B505460948E6F74EF80446E5
:10E8F0000AE020680078A84201D1206870BD214656
:10E900000348E6F75AF80446002CF2D10020F5E758
:10E910008845002070B505462846E1F7D0FC04463E
:10E920000EE0285D2E2802D1601C284470BD285DB1
:10E930002F2802D0285D5C2801D103A0F6E7641ED1
:10E94000002CEED100A0F1E700000000401C01788F
:10E950003A2900D1401C70472DE9F04705460F4683
:10E96000914627B900BF00BF0B20BDE8F08797F89C
:10E9700000804046FFF7B6FF04461CB900BF00BF49
:10E980000320F2E7606838B120466168884718B90B
:10E9900000BF00BF0120E8E7A06818B900BF00BFB2
:10E9A0000920E2E73846FFF7D1FF82464A46514642
:10E9B0002046A368984706460EB1701C08B90C2083
:10E9C000D3E76C602E60608878B1102003F09EFD64
:10E9D000A86000BFA86818B900BF00BF00BFFEE76D
:10E9E00000BF1021A86804F076F80020BDE72DE9EB
:10E9F000FC4104460F4690461D460DB1002028609C
:10EA0000606810B90B20BDE8FC816068006908B936
:10EA10000920F8E7002001906068408838B101AB18
:10EA200042463946204600F011F8064609E001A8A2
:10EA30000090D4E9001043463A46D0F810C0E047B1
:10EA400006460DB1019828603046DCE72DE9F04F0D
:10EA500087B004460F4615469A4600200690A068E7
:10EA6000D0F808B0A06800680590A06840680490DD
:10EA7000A068D0F80C806068B0F8029005985845FE
:10EA80004AD80498834547D20598ABEB000080B282
:10EA900003900398A9EB000086B2B54207D803980B
:10EAA00008EB00012A46384603F087FE33E003985E
:10EAB00008EB00013246384603F07FFE4D450AD987
:10EAC000AB1BBA19CDF800A0D4E90010D0F810C0E3
:10EAD000E04706901FE00020029002A80090D4E9D1
:10EAE00000104B464246D0F810C0E0470690A068A0
:10EAF0004068401CA1680860A0680068029908444A
:10EB0000A1684860A81B80B20190B8194146019ADB
:10EB1000E1F7A7FB00BF39E04D4509D9CDF800A0CA
:10EB2000D4E900102B463A460669B04706902DE01E
:10EB3000B8F1000F10D1484603F0E8FCA168C860A6
:10EB400000BFA068C06818B900BF00BF00BFFEE7E3
:10EB500000BFA068D0F80C800020039003A80090AC
:10EB6000D4E900104B4642460669B0470690A068BB
:10EB7000C0F800B0A068006803990844A168486024
:10EB80002A4641463846E1F76CFB00BF069830B98B
:10EB9000CAF80050A06880682844A1688860069878
:10EBA00007B0BDE8F08FF8B504460D46174660681B
:10EBB00008B90B20F8BD6068806908B90920F9E739
:10EBC00000266068408800284ED027B1012F1AD057
:10EBD000022F48D132E0A0688560A0688068A168F3
:10EBE0000968884205D3A0688068A168496888429E
:10EBF00008D9A3689A68D4E900100023D0F818C097
:10EC0000E04706462FE0A06880682844A168886035
:10EC1000A0688068A1680968884205D3A0688068F8
:10EC2000A1684968884208D9A3689A68D4E90010A5
:10EC30000023D0F818C0E047064614E0D4E90010DD
:10EC40003B462A46D0F818C0E047064656B9D4E9F4
:10EC500000106A46C3699847064616B90098A1682D
:10EC6000886000BF00BF07E0D4E900103B462A4699
:10EC7000D0F818C0E047064630469BE72DE9F04F34
:10EC800087B004460E461746A07870434FEA202A04
:10EC9000574507DC20880690BDF81810084607B0D5
:10ECA000BDE8F08F207A401E04EB8000807870432E
:10ECB0004FEA202B5F4509DB207A401E04EB8000E1
:10ECC00000880690BDF818100846E8E70020039079
:10ECD00001252AE004EB8500807870430012019042
:10ECE000019887421FDC681E04EB800000880090BA
:10ECF000FBF7E6FA059004EB850000880090FBF72F
:10ED0000DFFA0490681E04EB8000807870434FEABD
:10ED1000202A04EB8500807870434FEA202BABEB70
:10ED20000A00039004E0681CC5B2207AA842D1DC36
:10ED300000BFA7EB0A0007B2C7EB0721039891FBBE
:10ED4000F0F000F0FF08C8F1FF099DF8100000FB8B
:10ED500008F09DF8141001FB090000EBC01101EB55
:10ED6000C030800EBDF8081060F3040102919DF8D8
:10ED7000110000FB08F09DF8151001FB090000EBE5
:10ED8000C01101EBC030400EBDF8081060F34A110D
:10ED900002919DF8120000FB08F09DF8161001FB8F
:10EDA000090000EBC01101EBC030800EBDF8081067
:10EDB00060F3CF210291BDF8081008466FE710B547
:10EDC00004466068C00F10B1204603F06DFC10BD12
:10EDD0002DE9FE4305460E461746687A00F0070007
:10EDE00010B90020BDE8FE832848007828B900202B
:10EDF00000F050F8012025490870687A00F00700FB
:10EE0000022801D1304600E038468046324641466D
:10EE10002846E9F722F802900020019001AA02A9F1
:10EE20001B48F7F71FFD01280AD101984068401CD4
:10EE30000199496860F31D01019841600198D1E78B
:10EE40003A4631462846E7F765F80190019818B927
:10EE500000BF00BF0198C5E7002410E00198B0F999
:10EE60000E1022462846FFF709FF0090019880689F
:10EE700000EB4400BDF800100180601C04B2019852
:10EE8000B0F90E00A042E9DC0198ABE7CC0000200D
:10EE90000728010810B504460D48006803F004FC7B
:10EEA000204603F033FB0A4908600A49086000BFA6
:10EEB0000748006818B900BF00BF00BFFEE700BFE9
:10EEC00021460348006803F006FE0348046010BDB5
:10EED00014020020C8000020C400002010B500214A
:10EEE000204803F0B5F8204908600BF0BDFA40F463
:10EEF00080501E4908800BF0B7FA40F480501C493E
:10EF000008800BF0B1FA40F480501A4908800BF0E9
:10EF1000ABFA40F48050184908800BF0A5FA40F491
:10EF20008050164908800BF09FFA40F48050144935
:10EF300008800BF099FA40F48050124908800BF0D9
:10EF400093FA40F48050104908800BF08DFA40F499
:10EF500080500E4908800BF087FA40F480500C492D
:10EF6000088010BD2F4C0108D8000020DC000020D4
:10EF7000E0000020DE000020E2000020EC00002085
:10EF8000EA000020E6000020E4000020E800002065
:10EF9000EE0000202DE9F04107460C460FB9BDE810
:10EFA000F08100BF00BF3846E5F7EFFC06460AE0F7
:10EFB0003068A04202D100BF00BFF0E731463846BA
:10EFC000E5F7FBFC0646002EF2D1204605F0C4FC16
:10EFD0008046B8F1000F0DD0A068806850B1A068DD
:10EFE0008068C0680068A04204D1404600F0B7F8CD
:10EFF00000BF00BFA06810B9204604F051FCA06813
:10F0000087603846E5F714FD054600BF1DB900BF0F
:10F0100000BF00BFFEE700BF05B9C0E72C6038465F
:10F02000E5F7B3FCA84202D1384600F098F800BFDB
:10F0300000BF00BFB3E7000010B50446024A034911
:10F040002046F4F7A9F910BDBB4900088B49000818
:10F050002DE9F04106460EB9BDE8F081304605F0D5
:10F060007BFC044604B9F7E7207E00F0010000B104
:10F07000F2E70021204600F0FCF82046E5F785FC89
:10F0800005463CE02868B04234D1E068B0B1E068A1
:10F090000068B04212D02046F4F773FE8046E16863
:10F0A000424608680F21FFF739FA0746012F00D0C2
:10F0B000D2E7E168086807F0EEFD00BFE560E068B0
:10F0C000B8B1206910B12046216988472046F4F77D
:10F0D00058FE8046E168424608680E21FFF71EFA96
:10F0E0000746012F00D0B7E7E168086807F0D3FDB5
:10F0F00000BF06E029462046E5F75FFC0546002DE7
:10F10000C0D100BF00BFA7E710B50446024A0349BB
:10F110002046F4F741F910BDC9490008D549000857
:10F1200001480068704700009C000020014609B9B2
:10F1300000207047087EC0F34000FAE7014609B995
:10F1400000207047C86808B90020FAE7C86800685E
:10F15000F7E710B504462046E5F71DFC10BD70B575
:10F160000446207EC0F3C005207E20F00800083051
:10F170002076207EC0F3800018B92046FFF75CFFA0
:10F1800006E0207EC0F3800010B12046FFF7BCFFF0
:10F19000207E65F3C300207670BD2DE9F041054661
:10F1A000284605F0D9FB04460CB9BDE8F08100BF44
:10F1B00000BFE06808B3E0680068A84221D1207E63
:10F1C00000F0010018B1207E20F0010020762046DA
:10F1D000E5F7DBFBE168884210D12046E5F7FAFB52
:10F1E000E16888420AD12046F4F7CBFD0746E16882
:10F1F0003A4608680F21FFF791F902E02046FFF731
:10F20000AEFFE06828B1E0680068A84201D10020A4
:10F21000E0602046E5F7B9FB064614E03068A842F6
:10F220000CD131462046E5F72FFC304603F03CFA7E
:10F23000A86810B10020A968886006E03146204621
:10F24000E5F7BBFB0646002EE8D100BF00BF00BFBC
:10F2500000BFAAE773B505462846FFF76FFF0446CF
:10F260000CB901207CBD01AA0D212046FFF756F9FB
:10F27000F8E72DE9F04704460D460CB9BDE8F087E4
:10F280002E46207EC0F340003546A84200D1F5E767
:10F29000207E66F3410020762046FFF74FFF0746A9
:10F2A00097B12046F4F76DFD8146E1684A4608684B
:10F2B0000E21FFF733F98046B8F1010F00D0DDE7EA
:10F2C000384607F0E8FC00BF00BFD7E72DE9FF4351
:10F2D00003469C68187800F01F0005280DD11868B7
:10F2E000C0F38A20504300EB400001EB4106851932
:10F2F000A81C205C04B0BDE8F083187800F01F0063
:10F300000B281BD101F00705C9101868C0F38A202B
:10F31000C01DC01000FB0216A05DC5F107084FF02C
:10F32000010C0CFA08FC00EA0C00C5F1070C40FACD
:10F330000CF70FB10020DDE7FF20DBE7187800F0C5
:10F340001F000C281CD12CA0006803908807450FD3
:10F3500089101868C0F38A20C01C801000FB0216B8
:10F36000A05DC5F106084FF0030C0CFA08FC00EA9A
:10F370000C00C5F1060C40FA0CF703A8C05DB9E714
:10F38000187800F01F000D2826D10FF27009D9E976
:10F3900001C8D9F80000D9F80C90CDE901C8CDF822
:10F3A0000C900090C807450F49101868C0F38A20D8
:10F3B000401C401000FB0216A05DC5F104084FF090
:10F3C0000F0C0CFA08FC00EA0C00C5F1040C40FA22
:10F3D0000CF71DF807008DE7187800F01F000E28C5
:10F3E00006D11868C0F38A2000FB0215605D81E732
:10F3F00000BFFF207EE700000055AAFF0011223366
:10F40000445566778899AABBCCDDEEFF2DE9FF4312
:10F4100083B004460D46174600BF00200146024651
:10F420004FEAD20CBDF800306CF304034FEA910CA4
:10F430000093BDF800306CF34A134FEAD00C0093F0
:10F44000BDF800306CF3CF230093BDF800C06346D5
:10F450000193BDF8041008460290A668207800F0D9
:10F460001F00042809D0207800F01F00062804D0CF
:10F47000207800F01F00052815D1217801F01F0029
:10F4800000F090F84FEAE0082068C0F38A20784343
:10F4900000FB08F005FB080906EB0901022202A89F
:10F4A00003F0C7FA78E0207800F01F00072816D193
:10F4B000083605F00700ED102268C2F38A22D21D3B
:10F4C000D21002FB0751725CC0F1070C012303FA52
:10F4D0000CF31A40C0F107031A4102925CE0207855
:10F4E00000F01F00082816D11036AA07500FAD10E3
:10F4F0002268C2F38A22D21C921002FB0751725C6E
:10F50000C0F1060C032303FA0CF31A40C0F1060302
:10F510001A41029240E0207800F01F00092816D11D
:10F520004036EA07500F6D102268C2F38A22521C3F
:10F53000521002FB0751725CC0F1040C0F2303FA56
:10F540000CF31A40C0F104031A41029224E020781F
:10F5500000F01F000A2809D106F580662168C1F372
:10F560008A2101FB0750315C029115E0207800F000
:10F570001F000B280ED0207800F01F000C2809D0A7
:10F58000207800F01F000D2804D0207800F01F0024
:10F590000E2801D106980290BDF80810084607B061
:10F5A000BDE8F083014600200F291DD2DFE801F0FD
:10F5B00008091C1C0B0E0C101316191114171A0035
:10F5C00000BF002012E000BF10200FE018200DE067
:10F5D00000BF01200AE000BF022007E000BF0420B6
:10F5E00004E000BF082001E0002000BF00BF70471A
:10F5F000014600208A1E0D2A13D2DFE802F008120D
:10F60000120712090A0B0C0D0E0F100000BF00BFED
:10F6100000BF00BF00BF00BF00BF00BF00BF012090
:10F6200001E0002000BF00BF704701460020032911
:10F6300002D0062902D100BF012001E0002000BF56
:10F6400000BF704770B506460C462546002045F8B9
:10F65000240F287D20F00300C01C2875287D20F091
:10F660007C002875204606F01CFF2881204605F006
:10F670007DF968810020A8814FF480706882287D20
:10F6800020F08000803028750020A880243D0021D3
:10F6900069856886A98685F839000221204604F02C
:10F6A00021FB4FF48031204603F000FE70BD0000C6
:10F6B00070B5044600BF00BF2146044804F063FA59
:10F6C0000546284604F0D4FA284670BD707C03082D
:10F6D00070B506460D466C6AA4B1287C012802D19B
:10F6E0002046FFF789F8E06810B1E06802F0DCFF1F
:10F6F000206910B1206902F0D7FF204602F0D4FF44
:10F700000020686270BD00002DE9FF4781460D466C
:10F710001446284600F05AFF0746E7B9287800F05B
:10F720001F01042901DB0E2903DD002004B0BDE820
:10F73000F0872868820A206862F394202060286895
:10F74000420D206862F35F5020602878226860F3E1
:10F750000402226049E0012F30D12846FFF7DAF891
:10F76000804623A1E0F7B2FD08B10020DEE70222C7
:10F77000294601A8FFF7F0F8064696B96B46042221
:10F78000214601A8FFF733F9064601A8FFF734F830
:10F7900016B90098042803D000BF00BF0020C5E7B9
:10F7A00000BF207800F01F00042804DB207800F060
:10F7B0001F000E2801DD0020B8E716E0022F10D14F
:10F7C0000121206861F3942020602068C0F31400B8
:10F7D00000F500102060206820F01F000B30206032
:10F7E00003E000BF00BF0020A0E701209EE700006B
:10F7F00062696E002DE9FF4F8DB004460D469146BB
:10F800006BA000680C906BA000680B906AA30FCBF4
:10F8100007AE0FC620890690002610E0BDF818003C
:10F82000C1B206EB46021A988154BDF81800020ACC
:10F8300006EB4600401C1A990A54701C06B2109838
:10F840008642EBDB00200590217D01F01F00FFF7D1
:10F85000A9FE8246012101FA0AF0401E80B20490FE
:10F8600000274FF0000800200390207D00F01F00CB
:10F870000B2806D00C2816D00D2827D00E2841D1F1
:10F8800037E06069C0F38A20C01DC71007FB09F08C
:10F8900000EBE500804405F00700C0F1070003908D
:10F8A0000CA805902EE06069C0F38A20C01C871068
:10F8B00007FB09F000EBA500804405F003000621DA
:10F8C000A1EB400003900BA805901BE06069C0F31A
:10F8D0008A20401C471007FB09F000EB65008044BC
:10F8E00005F001000421A1EB8000039007A805901A
:10F8F00008E06069C0F38A2707FB095080440020B4
:10F90000039000BF00BF606A0290384602F038FEE4
:10F910008346BBF1000F03D1002011B0BDE8F08F8A
:10F9200000200190207C20B96068816841440191E9
:10F930000DE0002208F104010298FFF734F90023DA
:10F940003A4659460298FFF752F8CDF804B000261F
:10F9500025E001990978039A1141049A01EA02000D
:10F96000217D01F01F010E2901D1024601E0059918
:10F970000A5C06EB4601891C1A9B5A540399A1EBB9
:10F980000A0149B203910399002906DACAF1080174
:10F9900049B203910199491C0191701C06B210985B
:10F9A0008642D6DB584602F067FE0120B5E700002C
:10F9B00000FF00000055AAFF00112233445566776E
:10F9C0008899AABBCCDDEEFF2DE9FF4F85B0044638
:10F9D0000E469146217D01F01F00FFF7E3FD0490E4
:10F9E0000121049801FA00F0401E80B20390002724
:10F9F000002002900025207D00F01F00072806D07F
:10FA0000082815D0092825D00A2840D134E060699B
:10FA1000C0F38A20C01DC71007FB09F000EBE60009
:10FA20000544083506F00700C0F1070002902EE0FB
:10FA30006069C0F38A20C01C871007FB09F000EB47
:10FA4000A6000544103506F003000621A1EB400096
:10FA500002901CE06069C0F38A20401C471007FB3D
:10FA600009F000EB66000544403506F00100042172
:10FA7000A1EB800002900AE06069C0F38A2707FBCF
:10FA80000960054405F580650020029000BF00BFB5
:10FA9000D4F824B0384602F073FD8246BAF1000F64
:10FAA00003D1002009B0BDE8F08F00200190207C38
:10FAB00020B960688168294401910CE00022291D69
:10FAC0005846FFF770F800233A4651465846FEF76D
:10FAD0008EFFCDF804A04FF0000837E001990978B7
:10FAE000029A1141039A01EA0200DBF80C1001EBC3
:10FAF000400109880091BDF80010CAB208EB480324
:10FB00001299CA54BDF800100B0A08EB4801491CB1
:10FB1000129A5354DBF810100B5C08EB4801891C57
:10FB2000129A5354049A0299891A49B2029102997D
:10FB3000002907DA0499C1F1080149B2029101993B
:10FB4000491C019108F101000FFA80F808988045DE
:10FB5000C4DB504602F090FD0120A3E72DE9FC5FD5
:10FB600004460E4617469846606A0190217D01F0D2
:10FB70001F00FFF717FD82466069C0F38A2007FB6C
:10FB8000006000FB0AF04FEAE00B0BF1040B0022CF
:10FB900059460198FFF707F88146B9F1000F04D0E4
:10FBA00000BF00BF0020BDE8FC9F4FEAEA0000FB59
:10FBB00008F5002000906B462A460C990198FEF744
:10FBC00016FF8146B9F1000F02D10098854203D09B
:10FBD00000BF00BF0020E6E70120E4E72DE9FE4F6B
:10FBE00082460C46207C012843D16068FEF792FED5
:10FBF000804680A1E0F76AFB10B10020BDE8FE8FCF
:10FC0000022268466168FEF7A7FE06461EB100BFE5
:10FC100000BF0020F2E7606AC0B9142002F076FC51
:10FC2000606200BF606A18B900BF00BF00BFFEE796
:10FC300000BF606A30B900BF00BF6846FEF7DCFD58
:10FC40000020DBE71421606A02F045FF676A38464E
:10FC50006A460C210346944607E09CF8008083F82E
:10FC600000805B1C0CF1010C491E0029F5D100BF7E
:10FC700006E0207C20B96068806808B90020BDE7F4
:10FC8000207D00F01F05042D03D0052D01D0062D89
:10FC900008D1207C20B960688068A0610120ADE7B0
:10FCA0000120ABE7072D05D0082D03D0092D01D089
:10FCB0000A2D70D12846FFF775FC8346012000FA13
:10FCC0000BF8606AA8B9142002F020FC606200BF43
:10FCD000606A18B900BF00BF00BFFEE700BF606ADE
:10FCE00018B900BF00BF002088E71421606A02F045
:10FCF000F2FE666A4FEA480002F008FCF06000BFBE
:10FD0000F06818B900BF00BF00BFFEE700BF404663
:10FD100002F0FCFB306100BF306918B900BF00BFC2
:10FD200000BFFEE700BFF06808B1306938B900BF16
:10FD300000BF21465046FFF7CBFC00205EE7207C49
:10FD4000012823D1002204213046FEF72CFF002792
:10FD500019E00023042202A93046FEF748FE9DF870
:10FD600008209DF809109DF80A00FAF720F9019083
:10FD7000F06800EB4700BDF8041001809DF80B000F
:10FD80003169C8557F1C4745E3D31FE06068D0F850
:10FD90000890002717E01BE019F8272009EB8703DC
:10FDA000597809EB87039878FAF701F90290F0681F
:10FDB00000EB4700BDF80810018009EB8700C07810
:10FDC0003169C8557F1C4745E6D300BF012015E7C0
:10FDD0000B2D05D00C2D03D00D2D01D00E2D01D1F2
:10FDE00001200BE721465046FFF772FC00BF00BF21
:10FDF000002003E762696E002DE9F84F82460C4649
:10FE000016461F46DDE90A854FF00009207D00F007
:10FE10001F00042809D0207D00F01F00052804D011
:10FE2000207D00F01F0006280BD1207C012847D13F
:10FE300043463A46314620460095FFF78FFE8146FD
:10FE40003EE0207D00F01F000B280ED0207D00F04A
:10FE50001F000C2809D0207D00F01F000D2804D0C1
:10FE6000207D00F01F000E2808D143463A46314657
:10FE700020460095FFF7BEFC814621E0207D00F082
:10FE80001F0007280ED0207D00F01F00082809D091
:10FE9000207D00F01F00092804D0207D00F01F0005
:10FEA0000A2808D143463A46314620460095FFF7D6
:10FEB0008BFD814604E000BF00BF0020BDE8F88F45
:10FEC0004846FBE710B50446206870B12068C0685A
:10FED00018B120682146C2689047207C012804D1CF
:10FEE000606802F0E1FB0020606010BD10B50A48B8
:10FEF000E4F77EFD044600BF1CB900BF00BF00BF91
:10FF0000FEE700BF0CB9002010BD1421204602F00E
:10FF1000E2FD2046F8E70000AC4500202DE9F04165
:10FF200005460E460421304602F0D5FD15B90020E5
:10FF3000BDE8F081284600F049FB07462FB9294665
:10FF4000886808B90020F3E700BF4FF000080D48AB
:10FF5000E4F71BFD044610E0206848B1324629460C
:10FF60002046236898478046B8F1010F00D106E08B
:10FF700021460448E4F721FD0446002CECD100BFE3
:10FF80004046D5E7AC4500202DE9FF4704460E4624
:10FF900099462821204602F09EFD1EB9002004B09B
:10FFA000BDE8F087304600F011FB07462FB9314617
:10FFB000886808B90020F2E700BFBDF8080020817A
:10FFC0002774C4F80C90207C01281BD13046E0F740
:10FFD00076F982460AF1010002F098FA606000BFEB
:10FFE000606818B900BF00BF00BFFEE700BF6068CF
:10FFF00018B900BF00BF0020D1E731466068E0F7C4
:020000040802F0
:1000000080F900E066604FF000081D48E4F7BDFC91
:1000100005462AE0286808B1686800B920E004F1C4
:100020001402314628462B6898478046B8F1010FE4
:1000300000D015E02560214628466A689047804632
:10004000B8F1010F01D14046A9E7042104F11400E1
:1000500002F041FD00202062A0616062E06100BF0B
:1000600029460748E4F7A9FC0546002DD2D1207C9B
:10007000012802D1606802F017FB40468FE70000BC
:10008000AC4500202DE9FC4704460D4616461F46A8
:10009000DDF828804FF000092068806848B1CDE97C
:1000A0000078206833462A462146D0F808C0E04749
:1000B00081464846BDE8FC87C160704701607047D3
:1000C000416070478160704770B506460D462C460A
:1000D00094F8380000F00300012805D094F83800A7
:1000E00000F0030002280BD1606A02F0DDFA002064
:1000F000606294F8380020F00300C01C84F83800D7
:1001000070BD00002DE9F34F85B00698FEF79FF90A
:100110000646152E0CD0182E0AD0A248069904F0D7
:10012000EBFA0546012D02D007B0BDE8F08F00BF05
:100130000698FEF7EDF9804644462A2E0ED194F833
:10014000380000F00300022804D14046616A00F044
:1001500058F925E1404607F01BFB21E1132E7AD127
:100160000698FEF7D2F905460021404606F031F91F
:100170008146E08E00FB09F000120FFA80F90021A1
:10018000404606F0E5F88246208E50440FFA80FA89
:10019000BAF1000F02D1B9F5807F5BD0404606F07E
:1001A00080F98346404604F0E1FB029004F13200FE
:1001B0001FFA89F15346CDE90010594603A8029A67
:1001C000E3F736FCB5F90070B5F90000BDF90C1085
:1001D000791A884202DDB5F9000002E0BDF90C0091
:1001E000381A00B22880B5F90000BDF90E10791A4E
:1001F000884202DDB5F9000002E0BDF90E00381AB0
:1002000000B22880B5F90000BDF910103944A1EB07
:100210000B01884202DDB5F9000004E0BDF91000D1
:100220003844A0EB0B0000B22880B5F90010BDF9EE
:100230001200C2190298101A814203DDB5F90000BC
:1002400005E008E0BDF91200C1190298081A00B2D1
:10025000288000BFA4E0112E75D10698FEF755F94D
:1002600005460021404606F0B4F80746E08E784384
:10027000001207B20021404606F06AF88146208E3F
:1002800048440FFA80F9404606F00BF9B4F92C10F7
:10029000884259D1404604F069FBB4F92E108842D7
:1002A00052D1B7F5807F14D1B9F1000F11D1B4F953
:1002B0002CB00BEBDB704010B4F93210884208D13F
:1002C000B4F92EA00AEBDA704110B4F9340081427F
:1002D0003AD0404606F0E5F88246404604F046FB38
:1002E000834604F13200B9B24B465A46CDE90010BC
:1002F000514603A8E3F79CFBBDF80C00B8F81410B6
:10030000084400B2ADF80C00BDF80E10B8F81600A5
:10031000084400B2ADF80E00BDF81000B8F8141093
:10032000084400B2ADF81000BDF81210B8F816007D
:10033000084400B2ADF81200002203A82968E3F7D0
:10034000E4F828710BE00BE003A9404604F021FA21
:10035000002203A82968E3F7D8F8287100BF1FE03E
:100360002C2E14D10698FEF7D0F8054694F83900E3
:1003700000F00300012805D1404600F015F8049074
:10038000286003E0A08D2880E08D688008E0152EAD
:1003900003D0182E01D0122E02D10698EAF77CFC69
:1003A00000BFC1E6707C0308F0B585B00446254661
:1003B0000021204606F00DF80646E88E704306122E
:1003C0000021204605F0C4FF0746288E074405F1AA
:1003D0003200B1B2CDE90010B5F92E20B5F92C10DC
:1003E0003BB202A8E3F724FB02A8F7F775FDADF8CE
:1003F000100002A8F7F7E8FCADF81200049805B069
:10040000F0BD2DE9F04F85B00546884600BF00BF1E
:10041000284606F040FC404600F0D8F806462C4638
:10042000032E1CD100BF00BF94F8380000F0030079
:10043000022805D094F8380000F00300012802D10A
:10044000606A02F031F90020606294F8380020F010
:100450000300C01C84F8380005B0BDE8F08F04A983
:100460004046FFF75BFD8EB994F8380000F00300BA
:10047000012805D094F8380000F00300022802D1CA
:10048000606A02F011F9C4F8248034E0012E01D032
:10049000022E30D1606A40452DD04FF0000994F80B
:1004A000380000F00300012805D094F8380000F06F
:1004B0000300022801D1D4F824904046DFF7FFFE64
:1004C00000F1010A504602F021F8074600BF1FB9AB
:1004D00000BF00BF00BFFEE700BF07B9BCE7414651
:1004E0003846DFF70EFF6762B9F1000F02D04846C9
:1004F00002F0DAF800BF022E38D1002741F259424B
:100500003946284605F0A6FD02900298814600BFB4
:1005100041F25A423946284605F09CFD0290029865
:1005200000B2824600BF41F25B423946284605F0E0
:1005300091FD0290029800B28346002041F6FF71BF
:1005400053464A46CDE900B10290414603A80CF05B
:10055000F5F8BDF80C10049861F394200490BDF8F0
:100560000E10049861F35F50049000BF2C34207B80
:1005700066F3010020730498C0F38A202080049859
:10058000400D6080217B049860F3860121730499FB
:10059000C1F38A2000EBD0714910E1802C3C049912
:1005A000480D00EBD0714910A186284607F01FF9CD
:1005B000208E18B9E08EB0F5807F02D0284607F073
:1005C000E7F8284606F067FB00BF45E70146032031
:1005D00001B970470A461378202B04DB13787F2B70
:1005E00001DC012005E01378802B01DB022000E014
:1005F0000020032801D100BF00BF00BFE9E710B50C
:1006000004462021204602F066FA002020702820AF
:1006100020760A2060764FF4FA70A0836420E0838D
:100620003220E0760320A07610BD000070B50546AC
:10063000286910B9FAF7A4FA2861286918B900BF27
:1006400000BF002070BD1048E4F7D2F9044644B959
:1006500000BF1CB900BF00BF00BFFEE700BF002005
:10066000F0E75821204602F036FA2560607920F044
:100670000200801C607122461E2104480BF0CCFC55
:10068000216848612046DDE77C45002071070208AB
:100690000148006870470000A000002010B5044623
:1006A0001CB90448E4F771F910BD21460148E4F78C
:1006B00084F9F9E77C450020014800687047000094
:1006C000A400002018B900220A804A8070470268FE
:1006D0001278012A08D002681278032A04D04FF059
:1006E000FF320A804A8003E002890A8042894A80F8
:1006F00000BFEBE7014609B90020704708680078A1
:10070000012805D008680078032801D00020F4E70C
:1007100091F8400000F00F00EFE7014609B9002012
:10072000704708680078012805D008680078032819
:1007300001D00020F4E7C86AF2E7014609B90020B9
:10074000704708680078FBE700220A804A8000B9F9
:10075000704702681278012A03D002681278032ACF
:1007600003D1828A0A80C28A4A8000BFF0E7000073
:100770007FB504464149E0680860084600680068A3
:10078000006900B97FBD3D480068F5F78DFA3B4828
:1007900000684079C0F3800000B1F3E700BF69460C
:1007A00036480068E3F778FE9DF80F50334800683C
:1007B000F5F77AFA0020324908609DF80E002F49BB
:1007C000096808712D4800680079012808D10BF0EC
:1007D000C4FB2A49096809680969C1F8540110E095
:1007E000264800680068007804280AD1BDF80C008B
:1007F00038B10BF0B2FB2149096809680969C1F8F1
:1008000054011E48006800680078012805D1694637
:100810001A480068F5F710F822E0184800680068E8
:100820000078022805D1694614480068F4F7BAFE3A
:1008300016E01248006800680078042805D169466F
:100840000E480068F4F7ECFB0AE00C48006800680A
:100850000078032804D1694608480068F4F70CFBC7
:1008600006480068F5F720FA002D98D100200349CA
:1008700008600349086000BF84E70000A000002072
:10088000A400002070B504460D4634B3607920F012
:100890000200801C607128480068A04202D100203C
:1008A0002649086020680078012803D02068007875
:1008B000022840D115B1206BA84201D1002121634B
:1008C00015B1606AA84201D10021616215B1A06A28
:1008D000A84230D10021A1622DE00020FFF7DEFE0A
:1008E000064622E0707920F00200801C70713068AA
:1008F0000078012803D030680078022811D115B1A2
:10090000306BA84201D10021316315B1706AA84251
:1009100001D10021716215B1B06AA84201D1002154
:10092000B1623046FFF7BAFE0646002EDAD100204B
:100930000249086000BF70BDA0000020A400002094
:1009400010B50446607920F0010161710BF005FBE0
:10095000A0640BF002FB606410BD70B502460C464B
:100960000AB9002070BD032C04D00C2C05D1B2F9BB
:10097000221004E0B2F9201001E00020F2E700BFED
:100980001068457E002308E0581803B2C5F16400E2
:100990004843642690FBF6F001B20029F4D11846D2
:1009A000E0E72DE9F047044688460026012120466D
:1009B00005F0D4FD10B10020BDE8F0874146204687
:1009C00005F0EBFD07460022414604F11400E2F772
:1009D0009CFD28B94FF40021204605F0BFFDB0B1C1
:1009E000204603F0CCFE8146A9F101050CE0A06889
:1009F000006850F825A041465046FFF7D2FF064652
:100A00000EB13046D8E76D1E002DF0DA00BF0FB1F1
:100A10002046D1E70020CFE700B97047417921F0A7
:100A200008010831417100BFF7E70000F8B525481B
:100A3000007810B100BF00BFF8BD00BF00BF01F0DB
:100A400047FEE4F7F1FAE2F7E3FFE2F72DFCE2F705
:100A5000E7FFFAF701FCE4F74BF94FF4AC711A48E1
:100A6000E3F7BEFF58211948E3F7BAFFE4F7CCFAE1
:100A7000E3F7E2FC16A52C462078C32804D1607861
:100A8000812801D1A07808B100BF00BF11480090B3
:100A90006E463078112801D1012000E00020074681
:100AA00027B100BF00BF00BF00BFFEE700BF00BF0F
:100AB000FDF781FD01200349087000BF00BF00BFA2
:100AC000BAE70000AC000020704500207C45002003
:100AD000C38100004433221170B506460C46042140
:100AE000204603F0FFF825460020A86385F83C0067
:100AF00085F83D0000231A460521204602F084FCBB
:100B000000231C220649204602F088FB00221146E1
:100B1000204607F03CFC204600F07CF970BD000048
:100B2000250B02082DE9F04782465046FDF7F0FC00
:100B3000074600BF00BF3C463846F8F77BF806463C
:100B40004FF6FF718E4201D1BDE8F0873846F8F7C5
:100B500071F8804641463846F8F73CF8054605B935
:100B6000F2E77FA12846DFF7B1FB68B9002084F8DF
:100B70003C007C4801683846F8F7C8F87A480168B4
:100B80003846F8F7B2F8DFE778A12846DFF79EFB92
:100B900068B9012084F83C00724841683846F8F78B
:100BA000B5F8714841683846F8F79FF8CCE770A16E
:100BB0002846DFF78BFB68B9022084F83C006948BF
:100BC00081683846F8F7A2F8674881683846F8F730
:100BD0008CF8B9E767A12846DFF778FB20B166A15A
:100BE0002846DFF773FBB0B9002220213846FDF715
:100BF00095FC8046B8F1010F00D0A5E7A06B48B185
:100C000000222021A06BFDF789FC8046B8F1010F7E
:100C100000D099E798E759A12846DFF757FBB0B90C
:100C200000221F213846FDF779FC8046B8F1010FFC
:100C300000D089E7A06B48B100221F21A06BFDF70F
:100C40006DFC8046B8F1010F00D07DE77CE700BF66
:100C5000A06B00B978E74AA12846DFF737FB20B13F
:100C600049A12846DFF732FB98B90A21A06B0AF0A8
:100C70006DFBA06B0AF008FF00286ED000221F2138
:100C8000A06BFDF74BFC8046B8F1010F00D05BE78D
:100C900063E03EA12846DFF719FB18B9A06B0AF004
:100CA00082FD5AE03AA12846DFF710FB18B9A06B85
:100CB0000AF088FD51E037A12846DFF707FB18B995
:100CC000A06B0AF0C5FD48E033A12846DFF7FEFA25
:100CD00080BBA06B0AF0CCFE1FFA80F8A06B0AF074
:100CE000DCFE814699F800002D280FD10121A06B70
:100CF0000AF0F0FEA06B0AF0ABFD2B21A06B0AF00E
:100D000025FB4146A06B0AF0E5FE21E099F80000C2
:100D10002B2810D10121A06B0AF0DCFEA06B0AF099
:100D200097FD2D21A06B0AF011FB4146A06B0AF044
:100D3000D1FE0DE00DE00021A06B0AF0CBFE2D21CD
:100D4000A06B0AF003FB08F10101A06B0AF0C2FEE0
:100D500003E02946A06B0AF0ABFB00BFF4E60000FD
:100D6000616263007C010020A00100204142430039
:100D700031230000EF808D00EF849C00EF808C0019
:100D8000456E746572000000EFA2A200EF8193002F
:100D9000EF819400EF959A002B2F2D002DE9F04163
:100DA0000446264696F83D0000F0010040B196F852
:100DB0003C00174A52F820102046F7F796FF24E02F
:100DC0002746398E480001F0A1FB0546388E4200C7
:100DD00096F83C000E4B53F82010284601F0EDFC2D
:100DE000002007E035F8101021F4007125F81010EC
:100DF000411C88B2398E8142F4DC29462046F7F73F
:100E000074FF284601F050FC00BFBDE8F0810000EF
:100E1000A001002070B50446254695F83C00054A1F
:100E200052F820102046F7F771FF2046FFF7B6FF73
:100E300070BD00007C01002070B506460C462546BA
:100E400000202C3545F8080C287F20F00800287772
:100E5000287F20F0100028774FF0FF302860287F8F
:100E600020F007002877002028832C3D0021462011
:100E70004153481E2863A9636963000CE863286432
:100E80000020A86295F8480020F0400085F848004E
:100E90000221204602F026FF0021204600F0D0FF6C
:100EA00002A1204601F00EF870BD00005465787470
:100EB0000000000070B5044600BF00BF2146044892
:100EC00002F061FE0546284602F0D2FE284670BDBB
:100ED0008C7C030870B506460C462546204600F07B
:100EE0000BF895F84800C0F3C00010B9686A01F02B
:100EF000DBFB0020686270BD70B505462C4694F897
:100F00004800C0F3801020B1A06A10B1A06A01F0BF
:100F1000CBFB94F8480020F0400084F84800002003
:100F2000A06270BD2DE9F04F87B0894649464F4811
:100F300003F0E2FB8246BAF1010F02D007B0BDE830
:100F4000F08F4846FDF783FA05464846FDF7E0FA7C
:100F500006462A2D06D1304600F006FF304600F046
:100F60002DFC81E0132D11D10021304605F04BF905
:100F700080464046FDF734FC04462746E01704EB64
:100F8000907081104846FDF7FFFA6DE0292D06D1DB
:100F9000304600F0E9FE304600F010FC64E02C2DF5
:100FA0005DD137460021304605F02DF9059000212E
:100FB000304605F065F904900021304605F094F9BB
:100FC00003904FF0000897F84800C0F3001008B1F4
:100FD00048F0010897F84800C0F3401008B148F005
:100FE0000208304603F04DFC83460021304605F0F0
:100FF00031FA42F2D171884206D1708CC0F3802060
:1010000010B941F6FF7B03E0304603F03AFC83461B
:101010000398CDE901B80090796A06A8DDE90432A9
:101020000BF08CFB4846FDF770FA0446B4F900005B
:10103000BDF91810884202DDB4F9000001E0BDF9E5
:1010400018002080B4F90200BDF91A10884202DDB0
:10105000B4F9020001E0BDF91A00608004E0152D2A
:1010600002D14846EBF76DFF00BF67E78C7C0308B1
:1010700001460A4692F84800C0F3801008B1906A11
:10108000704702F12800FBE72DE9F04F93B00646C8
:101090008B4600BF00BF00BFBBF1000F03D100BFF4
:1010A00000BF00BFFEE700BF37460020039041F6B7
:1010B00012023046039904F0CDFF02900298BBF86B
:1010C0000010081A00B2ADF848000020039041F665
:1010D00010023046039904F0BDFF02900298BBF85D
:1010E0000210081A00B2ADF84A0010A9304603F009
:1010F00073FB304600F000FA81460025002410A85A
:10110000F6F7F1FE0F900021304605F07CF80E90C6
:101110000021304605F0E8F80D900021304605F03A
:10112000AFF80C900E98FDF75BFB0B9000200A9037
:1011300080463E4697F84800C0F3001008B148F0DA
:10114000010897F84800C0F3401008B148F00208C1
:101150000021304605F07EF942F2D171884205D176
:10116000708CC0F3802008B948F004080021304694
:101170007A6A02F0D9FC079028E00020CDE9000847
:1011800009EB0500DDE90E130C9AE3F79BFF04441D
:10119000BDF94A20DDE90A01084482420EDC0394CD
:1011A00003A94846504A12689047029002980A28BC
:1011B00003D019F8040000B9641C0BE00D990B98DA
:1011C00001440A98084400B20A90254619F805001F
:1011D0000028D2D100BF09EB050008904FF0000AAB
:1011E0000798022819D1611BCDF800800C9B0E9A3C
:1011F00008980BF015FB039010A8F6F774FE019009
:1012000000EBD07041100398029000EBD070A1EB7E
:10121000600050440FFA80FA14E00798032811D1B7
:10122000611BCDF800800C9B0E9A08980BF0F8FA21
:10123000039010A8F6F757FE0399401A50440FFA8E
:1012400080FA00BF00200690059005980490D4B362
:1012500034E005AB02AA03A90898E3F717FF08F0EA
:10126000010038B1059A0898815C06A8E3F7F0FF01
:1012700000B123E0DDE902210E98FDF792FA00B2F9
:101280000190BDF9481001985044814208DB05984F
:101290002844A04204D00498284419F8000010B94A
:1012A000049805900EE0019850440FFA80FA0C98CB
:1012B00050440FFA80FA0598049000BF059828441E
:1012C000A042C6D300BF094A059908981268904702
:1012D000099029464846054A1268904701460998F0
:1012E000084413B0BDE8F08F4802002050020020EF
:1012F0002DE9F74F8EB0164600BF00BF00BF1EB9E4
:1013000000BF00BF00BFFEE700BF0E980D900E9813
:1013100000F0F2F80446224600210E9802F004FC88
:101320008346207800BB00207080BBF1010F06D0FF
:10133000BBF1020F0BD0BBF1030F11D102E0002073
:1013400030800DE00E9803F09CFA308008E00E9893
:1013500003F097FA029000EBD0704010308000BF8D
:1013600000BF11B0BDE8F08F0BA90E9803F034FA5E
:101370004FF0000900270BA8F6F7B5FD0A900021F1
:101380000E9804F040FF099000210E9804F0ACFF85
:10139000089000210E9804F073FF07900998FDF75C
:1013A0001FFA06900020059080460D9890F848009E
:1013B000C0F3001008B148F001080D9890F84800FB
:1013C000C0F3401008B148F0020800210E9805F063
:1013D00041F842F2D171884206D10E98408CC0F398
:1013E000802008B948F004082046424A0F99126844
:1013F0009047054617E00020CDE9000804EB0900FE
:10140000DDE90913079AE3F75DFE0744BD4201D306
:10141000E05D00B90AE0089906980144059808447F
:1014200000B20590B946E05D0028E4D100BF8DB15F
:10143000681E205C0A2803D0681E205C0D2809D194
:10144000605D38B90899069801440598084400B2CF
:101450000590A94604EB09000490A5EB0900039050
:10146000CDF80080079B099ADDE903100BF0D8F94D
:1014700082460F98484503D0079850440FFA80FAE7
:10148000BBF1020F1AD1A7EB0901CDF80080079B31
:10149000099A04980BF0C4F902900BA8F6F723FD03
:1014A000009000EBD07041100298019000EBD070DA
:1014B000A1EB600050440FFA80FA15E0BBF1030F76
:1014C00012D1A7EB0901CDF80080079B099A049877
:1014D0000BF0A6F902900BA8F6F705FD0299401A49
:1014E00050440FFA80FA00BFA6F800A0059870805B
:1014F00000BF36E74C020020014600BF00BF0A468D
:10150000506A7047014600BF00BF0A46106C704722
:10151000014600BF00BF0A46D06B70472DE9F04777
:1015200005460F46164600BF00BF00BF1EB900BFEC
:1015300000BF00BFFEE700BF2C4694F84800C0F390
:10154000C00008B1BDE8F087284605F0A4FB606A3A
:10155000DEF7B5FE80463046DEF7B1FE814609EB88
:10156000080A0AF10101606A01F0F2F8606200BF46
:10157000606A18B900BF00BF00BFFEE700BF606A25
:1015800000B9DFE74FF6FF70874204D10749606A70
:1015900009688847074632463946606AE3F728FEFD
:1015A0000021284600F08EFC00BFCBE7540200204B
:1015B0002DE9F04F93B08346894600BF00BF00BFBE
:1015C000B9F1000F03D100BF00BF00BFFEE700BFAD
:1015D00011A9584603F000F95846FFF78DFF06465B
:1015E000CDF840B00024002711A8F6F77CFC0F903E
:1015F0000021584604F007FE0E900021584604F0E2
:1016000073FE0D900021584604F03AFE82460E9873
:10161000FDF7E6F80C90DDF840B000215846DBF805
:10162000242002F081FA0B9000200A900025DDF8BA
:1016300040B09BF84800C0F3001008B145F0010528
:10164000109890F84800C0F3401008B145F002052A
:101650000021584604F0FEFE42F2D171884206D1C4
:10166000BBF82200C0F3802008B945F0040519E05A
:101670000020CDE9000530195246DDE90E13E3F7ED
:1016800021FD0744B9F902200C990A9808448242C6
:1016900000DC0AE0DDE90C0101440A98084400B2CC
:1016A0000A903C46305D0028E2D100BF4FF00008B0
:1016B000002009900B98022818D1391B3019534685
:1016C00000950E9A0BF0ACF8029011A8F6F70BFCFF
:1016D000009000EBD07041100298019000EBD070A8
:1016E000A1EB600040440FFA80F813E00B98032848
:1016F00010D1391B3019534600950E9A0BF090F813
:10170000029011A8F6F7EFFB0299401A40440FFA35
:1017100080F800BF002008900794079806900020EA
:10172000059004906FB327E007AB04AA05A93046E3
:10173000E3F7ACFC05F0010030B10798315C08A874
:10174000E3F786FD00B117E0CDF82480DDE9042140
:101750000E98FDF726F840440FFA80F8B9F900001A
:10176000404502DA069807900AE008EB0A000FFAF3
:1017700080F80798069000BF781E07998842D3D258
:1017800000BFDDE904210E98FDF70BF85044401C22
:101790000390B9F900100998A0EB0A0081420ADB16
:1017A000B9F90020039909980844824203DC01201A
:1017B00013B0BDE8F08F0020FAE700002DE9F04FEC
:1017C00099B006463446606A10B919B0BDE8F08F8A
:1017D0004FF0FF30206317A9304602F0FDFF17A835
:1017E000F6F781FB16900021304604F00CFD1590B1
:1017F0000021304604F078FD80460021304604F098
:101800003FFD8146002794F84800C0F3001008B15E
:1018100047F0010794F84800C0F3401008B147F0C2
:1018200002070021304604F015FE42F2D1718842D1
:1018300005D1708CC0F3802008B947F004071698D2
:10184000CDE9008002974B46616A14A8159A0AF008
:1018500075FF304605F0CBFF94F8480000F0070014
:1018600002287CD10021304603F003FF80B21390A0
:10187000139850B9304603F02FF80546F9F786F96A
:10188000032190FBF1F080B2139003A8F5F7C2FB9F
:10189000314603A8F5F773FC4FF6FF7103A8F5F77F
:1018A0004EFC4FF496700F9000BF0F98119000BF40
:1018B0000020029017A8F6F716FBBDF950108842D9
:1018C00053DA17A8F6F70FFBBDF95010A0EB010B88
:1018D0005A46002103A8F5F748FCFE4903A8F5F78E
:1018E00020FCFC4903A8F5F71CFCFA493046F5F743
:1018F00075FB05464FF0000A0020019035B1D5F880
:101900002CA095F83E00C0F3400001900D98504582
:1019100015DDCDF838A09DF84A0020F001008DF8C3
:101920004A00019858B19DF84A1021F00201891C23
:101930008DF84A100A980C990A910C9000BF0C9AE5
:101940000A991398F5F71FFC8346594603A8F5F743
:10195000FCFB03A80D99F5F7ECFB03A800E06FE092
:10196000F5F722FC0120029006E0DA493046F5F74F
:1019700009FB0020A4F8440017A8F6F72CFABDF9DB
:101980005210884254DA0298002851D117A8F6F76D
:1019900022FABDF95210A0EB010B1598FCF720FFBD
:1019A000ABEB000002460021009003A8F5F7DDFB39
:1019B000C94903A8F5F7B5FBC7493046F5F70EFB53
:1019C00005464FF0000A0020019035B1D5F82CA053
:1019D00095F83E00C0F3400001900D98504515DD8C
:1019E000CDF838A09DF84A0020F001008DF84A009B
:1019F000019858B19DF84A1021F00201891C8DF818
:101A00004A100A980C990A910C9000BF0C9A0A99F6
:101A10001398F5F7B8FB8346594603A8F5F795FBED
:101A200003A80D99F5F785FB03A8F5F7BDFB06E0C4
:101A3000A9493046F5F7A6FA0021462001538AE16C
:101A400094F8480000F0070003287DD100213046BB
:101A500003F00FFE85B24DB9304602F03DFF8246DD
:101A6000F9F794F8032190FBF1F085B204A8F5F79B
:101A7000D1FA314604A8F5F782FB4FF6FF7104A8AE
:101A8000F5F75DFB0020039017A8F6F72CFABDF9D7
:101A9000501088423CDA202211461598FCF781FE4E
:101AA00000EB4000BDF950104942081A02460021DF
:101AB000029004A8F5F759FB864904A8F5F731FB15
:101AC00028460D9A0B99F5F75EFB0146029004A893
:101AD000F5F73BFB7F493046F5F780FA8246BAF1CD
:101AE000000F02D0DAF82C0000E0002083460E98A8
:101AF000584507DDCDF83CB09DF84E0020F00100C0
:101B00008DF84E0004A8F5F74FFB0120039006E086
:101B100070493046F5F736FA0020A4F8440017A8BB
:101B2000F6F759F9BDF9521088423BDA0398C0BB69
:101B30001598FCF755FEBDF952104942081A0246A5
:101B40000021029004A800E034E0F5F70EFB6249A2
:101B500004A8F5F7E6FA28460D9A0B99F5F713FB5A
:101B60000146029004A8F5F7F0FA5B493046F5F714
:101B700035FA8246BAF1000F02D0DAF82C0000E004
:101B8000002083460E98584507DDCDF83CB09DF8FF
:101B90004E0020F001008DF84E0004A8F5F704FB7C
:101BA00007E0FFE74C493046F5F7ECF90021462005
:101BB0000153D0E094F8480000F00700012875D1E7
:101BC00017A8F6F708F9BDF95210884203DB4FF069
:101BD000FF30E062BFE01598FCF702FEBDF952103D
:101BE000884203DB4FF0FF30E062B4E03B49606ABB
:101BF00009688847032803D84FF0FF30E062AAE065
:101C000017A8F6F770F983462E2211461598FCF7AF
:101C1000C8FD484400EB4000ABEB000000B2ADF85B
:101C20004C0017A8F6F7D7F8ADF84E001598FCF75A
:101C3000D7FD4044BDF94E1091FBF0F200FB1210AD
:101C400012901598FCF7CCFD1299884210DCBDF873
:101C50004E101298081A00B2ADF84E001598FCF715
:101C6000BFFDBDF84E10084400B2ADF84E000DE0C7
:101C7000BDF84E101298081A00B2ADF84E00BDF82B
:101C80004E00A0EB080000B2ADF84E0013A930469C
:101C9000FFF7FAF91190606ADEF711FB1090606AA5
:101CA0000F4A1199126890470F9008E052E00FA96F
:101CB0000C4A606A126890471198401E11900F9864
:101CC000C01C10998842F2D8DDF83CA000200E908C
:101CD000002521E001F5020817F502085402002052
:101CE0004C02002048020020616A0F9A88181C49A3
:101CF000096888470E990844C0B20E900FA9194A86
:101D0000606A126890470E98032803DCDDE90F1023
:101D1000814200D902E06D1C032DE5D900BF606A45
:101D200000EB0A0130460E9A00F056F888B1002503
:101D300005E02E200AEB0502616A88546D1C032D14
:101D4000F7D300210AF10300626A11541198C01CF4
:101D5000E06200E000BF304604F09DFF00BF34E5C4
:101D600038020020440200202DE9F0478046444616
:101D700094F8480000F00700012801D0BDE8F08782
:101D8000E06A401C00B9F9E7E06AA0F1030949469E
:101D9000104A606A12689047064600254046FFF7E1
:101DA00067F9074605E0785D7219616A8854681C16
:101DB000C5B27119606A405C0028F4D1785D72196F
:101DC000616A88544046FFF797F84FF0FF30E062B1
:101DD00000BFD3E74C0200202DE9F04106460F4634
:101DE000154634463046FFF787F8042D1AD9681C8B
:101DF00000F08CFBA062A06A20B900BF00BF0020E9
:101E0000BDE8F0812A463946A06A00F0D6FC0020E1
:101E1000A16A485594F8480020F04000403084F80A
:101E200048000BE094F8480020F0400084F8480097
:101E30002A46394604F1280000F0BFFC0120DFE704
:101E400070B506460D4600BF00BF34461B493046FC
:101E5000F5F798F81A493046F5F794F80020A4F8F9
:101E60004400002146200153022D03D0032D01D050
:101E7000042D07D194F8480020F02000203084F889
:101E8000480005E094F8480020F0200084F848005D
:101E900094F8480000F00700012805D1E06A401CD2
:101EA00010B13046FFF760FF94F8480065F3020078
:101EB00084F848003046FFF781FC70BD01F5020848
:101EC00017F502082DE9F04106460D4600BF00BF98
:101ED0003446304604F0DFFE05B9656A606AA84200
:101EE00019D194F84800C0F3C000A0B9606ADEF7C9
:101EF000E6F9471C3946606A00F02AFC606200BFC0
:101F0000606A18B900BF00BF00BFFEE700BF606A8B
:101F100058BBBDE8F081606A48B194F84800C0F34E
:101F2000C00020B9606A00F0BFFB00206062284654
:101F3000DEF7C5F9471C384600F0E8FA606200BFDA
:101F4000606A18B900BF00BF00BFFEE700BF606A4B
:101F500000B9DEE72946606ADEF7D3F994F8480055
:101F600020F0080084F8480000BF3046FFF726FC48
:101F700000BFCEE70FB438B5054600BF00BF00BFB5
:101F8000059818B900BF00BF00BFFEE700BF284694
:101F900004F081FE2C46059828B92846FFF70EFC70
:101FA00038BC5DF814FB606A48B194F84800C0F38F
:101FB000C00020B9606A00F077FB0020606206A8CC
:101FC000009000990598E3F767F96062002000909F
:101FD00094F8480020F0080084F848002846FFF7ED
:101FE000EDFB00BFDCE770B504460D4600BF00BF47
:101FF00026463564204604F04EFE70BD70B504469A
:102000000D4600BF00BF2646F563204604F043FEA0
:1020100070BD70B505460E4600BF00BF2C4694F853
:102020004800C0F3C00030B9606A20B1606A00F0B7
:102030003BFB002060623EB194F8480020F00800AD
:10204000083084F8480066622846FFF7B7FB70BD89
:1020500070B504460D4614480068401C12490860DB
:1020600008460068C1001148006800F071FB0F4984
:10207000086000BF0846006818B900BF00BF00BF75
:10208000FEE700BF08480068401E0849096841F89B
:10209000304005480068401E0449096801EBC00053
:1020A00045600148006870BDB400002004020020B3
:1020B000F8B506460C462546204609F021FF00905B
:1020C000BDF80000A884FF2085F82600F8BD0000B8
:1020D0002DE9F04FA3B0824688464046FCF7B7F999
:1020E0000746152F0BD0162F09D04146804802F025
:1020F00003FB0646012E02D023B0BDE8F08F404618
:10210000FCF706FA0446152F7ED1254615A8FAF7E6
:1021100065FC15AA0021204604F00EFCBDF85A000B
:102120000090F7F7DAFD8346F7F7AEFD029035F839
:10213000240F5A4600900299F8F700F80190BDF874
:102140000400ADF85A00BDF85E000090F7F7C5FD39
:102150008346F7F799FD029028885A460090029925
:10216000F7F7ECFF019015A8BDF80410ADF85E106C
:102170002098F7F7B2FD8346F7F786FD029028888E
:102180005A4600900299F7F7D9FF0190BDF8040074
:10219000ADF88000BDF872000090F7F79EFD834611
:1021A000F7F772FD029028885A4600900299F7F7D7
:1021B000C5FF0190BDF80400ADF872001E98F7F756
:1021C0008CFD8346F7F760FD029028885A46009000
:1021D0000299F7F7B3FF0190BDF80400ADF878005D
:1021E000F7F752FD0290AA78BDF85A0000900299C4
:1021F000F7F7A4FF0190BDF80400ADF85A00F7F717
:1022000043FD0290AA7800E06FE0BDF85E00009008
:102210000299F7F793FF019015A8BDF80410ADF8E7
:102220005E10F7F731FD0290AA78BDF872000090B9
:102230000299F7F783FF0190BDF80400ADF8720032
:10224000F7F722FD0290AA7801462098F7F776FF6B
:102250000190BDF80400ADF88000F7F715FD02907D
:10226000AA7801461E98F7F769FF0190BDF80400AF
:10227000ADF87800A8785038BDF982104843AF21F6
:1022800090FBF1F000B2ADF88200A878243D503800
:10229000BDF988104843AF2190FBF1F000B2ADF8D2
:1022A00088004046FCF7DBF88146494603A801F068
:1022B000FDFF04F1140006900D48049000200590E5
:1022C00015A807900020109003AA1A212046FCF7B9
:1022D00025F904F1140215A94846FAF763FB03AA8D
:1022E0001B212046FCF71AF900BF00BF04E70000DD
:1022F000B041030870B506460C46254600202885E7
:10230000686285F82A000221204601F0EBFC70BDCE
:102310002DE9F34F89B072480A9902F0EDF908905F
:102320000898012802D00BB0BDE8F08F0A98FCF79E
:102330008EF880460A98FCF7EBF80646B8F1130FC2
:102340000ED10021304603F011FB04460A98FCF739
:10235000DCF80546B5F90000A04200DA2C80BDE0AB
:10236000B8F12C0F3ED134460A98FCF7CEF88346DC
:102370004FF00009CA46208D002832DD00251BE001
:10238000606A30F92500484503DD606A30F92500B0
:1023900000E048468146606A00EB8500B0F9020023
:1023A000504505DD606A00EB8500B0F9020000E0F1
:1023B00050468246681C85B2208DA842E0DC002190
:1023C000304603F0D3FA074609EB07000FFA80F90D
:1023D0000AEB07000FFA80FAABF80090ABF802A006
:1023E00000BF7BE0B8F1150F78D134460A98FCF7AE
:1023F00036F88346208D08B1606A00B993E706A9D4
:10240000304602F05DFA304602F0AAFCBDF8181022
:10241000081A0FFA80F9304602F0ACFCBDF81A1029
:10242000081A07B2304602F0A1FA824601A8F9F76D
:1024300015FB01AA0021304604F00AFA002548E005
:10244000606A30F82500484400B2ADF81400681CFA
:10245000616A31F82000484400B2ADF8100094F8E9
:102460002A0000F0010088B9606A00EB850040880E
:10247000384400B2ADF81600681C616A01EB8000B8
:102480004088384400B2ADF8120014E0606A00EBF6
:1024900085004088AAEB0000384400B2ADF8160071
:1024A000681C616A01EB80004088AAEB0000384498
:1024B00000B2ADF8120004AB05AA01A95846F9F71D
:1024C000B6FA9DF80D0020F004008DF80D00681C90
:1024D00085B2208D401EA842B2DC00BF00BF22E7BB
:1024E000A87C0308F0B50446059D944201DB28460C
:1024F000F0BD8C4201DC1846FAE7571AEE1A601A52
:10250000704390FBF7F01844F2E7000030B587B055
:10251000044614B9094807B030BD21460848006890
:1025200009F053FF05463DB900BF00BF684600F003
:10253000DDF800BF00BF00BF2846ECE71C0200200A
:102540001802002010B5002415E00C4850F83400A3
:1025500078B10A4951F8340000F0A6F80020074984
:1025600041F8340001EBC4018871044901EBC40156
:102570008880601CC4B2102CE7DB10BDF045002041
:102580002DE9F041054615B90020BDE8F0814FF076
:10259000FF3600212CE0374800EBC100807900F0C5
:1025A000010018BB334800EBC1008088A8421DD34E
:1025B000304800EBC1008088A84208D101202D4A94
:1025C00002EBC10290712B4850F83100DDE7002E7C
:1025D00001DA4EB20AE0274800EBC1008088254AA4
:1025E00002EBC6029288904200DA4EB2481CC1B299
:1025F0001029D0DB002E08DB01201E4901EBC601AB
:1026000088711C4850F83600BFE7002428E01948BC
:1026100000EBC400807900F00100F8B9154951F8C9
:102620003400294600F094F8074600BF1FB900BFE8
:1026300000BF00BFFEE700BF0FB90020A5E70120E3
:102640000C4901EBC40188710A4901EBC4018D807A
:10265000084840F8347050F8340096E7601CC4B263
:10266000102CD4DB00BF00BF00BF00BF00BF00BF05
:10267000FEE70000F0450020014600200CE0094A7A
:1026800052F830208A4205D10022064B03EBC003EA
:102690009A717047421CD0B21028F0DB00BF00BF17
:1026A00000BFF6E7F045002010B504460648844216
:1026B00000D110BD04B9FCE721460448006809F0C8
:1026C00056FE00BFF5E700001C02002018020020A3
:1026D00010B54FF40041034809F032FE024908608A
:1026E00010BD0000604700201802002070B50446AD
:1026F0001C220021204600F0B4F91348006809F0BC
:102700005EFE05462246114909F0E6FE4FF4004000
:1027100020606421A06848432168B0FBF1F0C0F15B
:1027200064002076A06858B16421E0684843A1683D
:10273000B0FBF1F06076607EC0F16400607601E08D
:102740000020607670BD0000180200209527020866
:1027500070B505460C4624B92846FFF7A5FF0B487F
:1027600070BD0A48854203D12046FFF7CFFEF7E748
:10277000224629460648006809F03FFE06461EB973
:1027800000BF00BF0020EBE73046E9E71C02002055
:102790001802002030B5044618461AB105696D1CB0
:1027A000056109E045686D1C456085680D448560DC
:1027B000C5688D4200D2C16030BD2DE9F0410F46A1
:1027C000154601463A4601F0030602F0030CB445F3
:1027D0007DD0C2E092F8008081F80080491C521C34
:1027E00092F8008081F80080491C521C92F8008009
:1027F00081F80080491C521C92F8008081F800800A
:10280000491C521C92F8008081F80080491C521C1F
:1028100092F8008081F80080491C521C92F80080D8
:1028200081F80080491C521C92F8008081F80080D9
:10283000491C521C92F8008081F80080491C521CEF
:1028400092F8008081F80080491C521C92F80080A8
:1028500081F80080491C521C92F8008081F80080A9
:10286000491C521C92F8008081F80080491C521CBF
:1028700092F8008081F80080491C521C92F8008078
:1028800081F80080491C521C92F8008081F8008079
:10289000491C521C92F8008081F80080491C521C8F
:1028A00092F8008081F80080491C521C92F8008048
:1028B00081F80080491C521C92F8008081F8008049
:1028C000491C521C92F8008081F8008000E053E01F
:1028D000491C521C92F8008081F80080491C521C4F
:1028E00092F8008081F80080491C521C92F8008008
:1028F00081F80080491C521C92F8008081F8008009
:10290000491C521C92F8008081F80080491C521C1E
:1029100092F8008081F80080491C521C92F80080D7
:1029200081F80080491C521C92F8008081F80080D8
:10293000491C521C92F8008081F80080491C521CEE
:1029400092F8008081F80080491C521C92F80080A7
:1029500081F80080491C521C203D202D3FF63AAFE3
:1029600006E092F8008081F80080491C521C6D1E20
:10297000002DF6D1BDE8F0816EB1C6F1040607E086
:1029800092F8008081F80080491C521C761E6D1E52
:102990000EB1002DF4D10B46144630E0D4F800807F
:1029A000C3F800801B1D241DD4F80080C3F80080EC
:1029B0001B1D241DD4F80080C3F800801B1D241D9E
:1029C000D4F80080C3F800801B1D241DD4F80080BB
:1029D000C3F800801B1D241DD4F80080C3F80080BC
:1029E0001B1D241DD4F80080C3F800801B1D241D6E
:1029F000D4F80080C3F800801B1D241D203D202D2D
:102A0000CCD806E0D4F80080C3F800801B1D241D3C
:102A10002D1F042DF6D81946224606E092F80080B4
:102A200081F80080491C521C6D1E002DF6D100BF9C
:102A3000A0E730B504460B4604E01D782570641C01
:102A40005B1C521E002AF8D130BD30B504460B463F
:102A500004E01D782570641C5B1C521E002AF8D10E
:102A600030BDF0B506460B46344604F003054DB1C3
:102A7000C5F1040503E02370641C521E6D1E0DB1E8
:102A8000002AF8D103EB032707EB034707EB0361A9
:102A9000204610E00160001D0160001D0160001D66
:102AA0000160001D0160001D0160001D0160001D2E
:102AB0000160001D203A202AECD802E00160001DD0
:102AC000121F042AFAD8044602E02370641C521E26
:102AD000002AFAD1F0BD30B50446224602F00303C5
:102AE00053B1C3F1040304E000251570521C491EC4
:102AF0005B1E0BB10029F7D1104611E000250560DF
:102B0000001D0560001D0560001D0560001D0560BD
:102B1000001D0560001D0560001D0560001D2039B9
:102B20002029EBD803E000250560001D091F0429BA
:102B3000F9D8024603E000251570521C491E0029F1
:102B4000F9D130BD30B50446224602F0030353B13B
:102B5000C3F1040304E0FF251570521C491E5B1EDF
:102B60000BB10029F7D1104612E04FF0FF35056098
:102B7000001D0560001D0560001D0560001D05604D
:102B8000001D0560001D0560001D0560001D203949
:102B90002029EAD804E04FF0FF350560001D091F29
:102BA0000429F8D8024603E0FF251570521C491E7F
:102BB0000029F9D130BD024600BF00BF906C8842A9
:102BC00001D101207047506B884205D192F8610015
:102BD000012801DC0120F5E70020F3E72DE9F047AB
:102BE00080464046FBF733FC8146B9F1070F40D1E0
:102BF0004046FBF78DFC06464046FBF78CFC04463E
:102C0000606BB04204D0A06CB04201D0BDE8F08748
:102C100094F8600084F8610031462046FFF7CBFF4E
:102C200000B1F3E704F154073846E1F7AEFE8246FF
:102C300051463846E1F7C1FE0546CDB1514638460A
:102C4000E1F722FF5046FFF72FFD14F8600F401EFA
:102C5000207029463846E1F717FF2078401E04F817
:102C600060092046296800F06CF92846FFF71CFD32
:102C700000BF00BFCAE770B5044600BF00BF2546CD
:102C80002C4605F154063046E1F767FE002085F832
:102C9000600070BD2DE9F05F83460C465048016826
:102CA000204605F061F90021204605F023F925466C
:102CB0006035A87820F00600A870A87820F00800F9
:102CC000A870002028706870A87820F00100A87013
:102CD000603D042105F15400E1F782FE204601F039
:102CE000C7F868620121686A00F0E0FA0020E86332
:102CF0006864A864E864286421463A4800F043FF09
:102D00000646304600F0B4FF42F26401304605F05A
:102D100012F90121304605F0FFF80121304605F097
:102D2000E9F84FF48041304600F0C0FA0221304605
:102D300000F0D8FFAE6231462B4800F024FF074672
:102D4000384600F095FF42F2D17242F264013846F3
:102D500005F001FA0021384605F0CCF802231A46A6
:102D60000021384605F0A6F80221384600F0BAFFE7
:102D70004FF48041384600F099FA2F63286BF5F73D
:102D800049FB80462B4607221849404600F046FA88
:102D90004FF48041404600F089FA0021404605F09A
:102DA000A9F8C5F83480686BFCF782FC824610A154
:102DB0005046FDF726FB286BFEF77CF88146012183
:102DC000484600F073FAC5F838900020E86228659C
:102DD0002B461C220749204600F020FABDE8F09F50
:102DE000F0000020C8420308E4420308DD2B02087B
:102DF000EF8193005530020870B505460C4600215E
:102E0000204605F077F802231A460021204605F0F7
:102E100051F80221204600F065FF70BD2DE9F04118
:102E200007460C46264606F154052846E1F795FD6F
:102E3000BDE8F081014600BF00BF0A46D06A704776
:102E4000014600BF00BF0A46106C704770B50646C9
:102E50000C46204601F0DAFD05462046696A05F079
:102E6000A7F80121204605F045F802231A46002163
:102E7000204605F01FF84FF48041204600F016FA76
:102E800070BD70B506460C462546686A20B1686A72
:102E9000FFF70AFC0020686270BD70B5054600BFF0
:102EA00000BF2C46206B08B1E06A00B970BD94F8F1
:102EB0006200C0F3410020B101280BD002281BD1D1
:102EC00011E00021206B04F0A5F80121E06A05F073
:102ED00023F811E00021206B04F09CF80021E06A47
:102EE00005F01AF808E00121206B04F093F80121A5
:102EF000E06A05F011F800BF00BF206B04F0A5FAEE
:102F0000E06A04F0A2FA206B05F0BAFB206B01F036
:102F100099FC20B90121206B00F0C8F903E00121E0
:102F2000206B00F0DFFE00BFC0E770B505460C4621
:102F30000121204604F0DEFF0221204600F0D2FEEF
:102F400070BD2DE9F04106460D4600BF00BF344676
:102F5000E06A18B1616AE06A05F02AF88DB104F1FF
:102F600054073846E1F744FD8046C8F8005094F80D
:102F70006000401C84F860002846A16A05F018F83B
:102F800002E03046FFF777FEE562206D50B1206C1D
:102F900020B10121206D00F0C6F903E00121206D70
:102FA00000F0E1FE206C80B394F8620000F00100B4
:102FB000A8B194F86200C0F3C00040B10121A06C38
:102FC00000F090FE0221A06C00F070F907E00121F2
:102FD000A06C00F06BF90221A06C00F083FE94F865
:102FE0006000022808DB0121606B00F07BFE0221FB
:102FF000606B00F05BF923E00121606B00F056F993
:103000000221606B00F06EFE1AE0FFE794F86000AA
:10301000022804DA94F86200C0F3C00040B1012134
:10302000606B00F05FFE0221606B00F03FF907E08B
:103030000121606B00F03AF90221606B00F052FE52
:1030400000221C212046FBF769FA3046FFF725FFD6
:10305000BDE8F0812DE9F04180464046FBF75BFA80
:1030600007463C463846FFF7E5FE064686B1A06BAC
:1030700070B1706A40B1716AA06BFEF723FF012145
:10308000A06B00F02FFE03E00121A06B00F00EF911
:103090003846FFF7D5FE054685B1E06C70B1686A29
:1030A00040B1696AE06CFEF70DFF0121E06C00F0B1
:1030B00019FE03E00121E06C00F0F8F8BDE8F081B2
:1030C00070B506460C462546242105F12400E1F79B
:1030D00087FC1C2105F13000E1F782FC70BD70B562
:1030E00006460C4600BF00BF254605F13000E1F75B
:1030F00034FC05F12400E1F730FC70BD2DE9F04F00
:1031000097B00D462946444801F0F6FA16901698F5
:10311000012802D017B0BDE8F08F2846FBF797F9D9
:1031200006462846FBF7F4F90446152E71D12846C9
:10313000FBF795F9159013A9204601F04DFB13AA52
:1031400020461599E5F788FE13AA20461599EDF754
:103150001BF913AA20461599EAF7F6FC13A8F4F711
:103160009FFE824600EBDA704710BDF84C003844F1
:1031700000B2ADF84800BDF84E00384400B2ADF8DA
:103180004A0004A8F9F72AFC04AA4FF400312046AB
:1031900003F0D2FB4FF4003A41F2010251462046BF
:1031A00002F058FF0190019800B2834600EBDB70FB
:1031B0004FEA600800BF41F204025146204602F087
:1031C00049FF0190019800B2834600EBDB704FEAA3
:1031D0006009BDF84800A0EB080000B2ADF8080097
:1031E000BDF84A00A0EB090000B2ADF80A00BDF836
:1031F0004800404400B2ADF80C00BDF84A00484415
:1032000000B2ADF80E0002AA04A91598F9F7CAFB9E
:1032100000BF00BF7EE700001C4303082DE9F0411A
:1032200004460D4616461F4600BF00BF204600F06C
:1032300037FBA068807E401CA1688876A268927ED9
:1032400002EB42029100A268D068FFF781FAA16800
:10325000C86000BFA068C06818B900BF00BF00BF49
:10326000FEE700BFA068C168807E401E00EB400002
:1032700041F82050A068C268807E401E00EB4000EC
:1032800002EB80000672A068C168807E401E00EBE1
:10329000400001EB80004760A068C168807E401E4E
:1032A00000EB400001EB8000BDE8F0812DE9FF411B
:1032B00005460C4600BF00BF284603F069FD0646E0
:1032C00004F0010010B1284603F0E5FCE869204352
:1032D000E86104F0010010B1284603F0DCFC284648
:1032E00003F056FDB04202D104F0C07040B1284650
:1032F00001F08CFB074603F091FD284603F08EFD9C
:1033000004F0100068B16A4602A9284601F03CFDAD
:1033100002A9284603F0F9FC6946284603F0F5FCAB
:1033200000BFBDE8FF8170B504460E4600BF00BF78
:10333000208C40EA0605208CA84203D0294620466E
:1033400004F018FF70BD2DE9F04104468846174689
:1033500000234FF6FF72394620460FF0E5FD0025A9
:1033600011E0E06800EBC5004068C0F3406000B1C8
:1033700008E0E06800EBC5004068C0F3006000B101
:1033800000E005E06D1C608CC0F3C500A842E8D8E1
:1033900000BF608CC008401C618C60F3C801618470
:1033A000628CC2F3C502D100E068FFF7D1F9E0609A
:1033B000608CC0F3C500461E09E0E06800EBC60162
:1033C0000246701E02EBC00205CA05C1761EAE425F
:1033D000F3D8E16801EBC5000821FFF77CFBE0684A
:1033E00040F83580E06800EBC500406867F31700DF
:1033F000E16801EBC50148604FF6FF72394620468F
:1034000004F00EFABDE8F0812DE9F04106460F46C2
:1034100014461D4600223946304604F0ABFF2A46CA
:103420002146304604F045FEBDE8F0812DE9FF4F0E
:1034300087B00E4690469A4600BF00BF079805F039
:103440001FF91EB9079801F0E1FA064600BF00BF58
:103450004FF0000900200690079801F0D7FA0746C0
:103460000021384602F0C7F905900021384602F0E5
:10347000DCFB01460598084400B204900021384660
:1034800002F03FFD01460598084400B20390002178
:10349000304602F0B0F902900021304602F0C5FB40
:1034A00001460298084404B20021304602F029FD8A
:1034B00001460298084405B2B8F1000F0AD1002174
:1034C000304602F00AF9012802D14FF0030801E06A
:1034D0004FF00108B8F1160F32D2DFE808F03132B0
:1034E000354A5866869FB40BD4DDFEFDFCFBFAF925
:1034F000F8F7F6F5304601F0C4F9009000EBD07013
:103500004FEA600B079802F0CCFF019000EBD070FF
:10351000ABEB600020440FFA80F9304601F092F9DD
:10352000009000EBD0704FEA600B079801F01EFA94
:10353000019000EBD070ABEB6000284400B2069025
:1035400070E1A14606956DE1304601F09AF90090D0
:1035500000EBD0704FEA600B079802F0A2FF0190D9
:1035600000EBD070ABEB600020440FFA80F90695B9
:1035700058E1304601F085F98346079802F091FF43
:10358000ABEB000020440FFA80F906954AE1A14612
:10359000304601F057F98346079801F0E7F9ABEBA5
:1035A0000000284400B206903CE1304601F069F981
:1035B000009000EBD0704FEA600B079802F071FFAB
:1035C000019000EBD070ABEB600020440FFA80F963
:1035D000304601F037F98346079801F0C7F9ABEBA5
:1035E0000000284400B206901CE1304601F049F981
:1035F0008346079802F055FFABEB000020440FFA1A
:1036000080F9304601F01EF98346079801F0AEF9C3
:10361000ABEB0000284400B2069003E1A14630461F
:1036200001F010F9009000EBD0704FEA600B0798A2
:1036300001F09CF9019000EBD070ABEB60002844E6
:1036400000B20690EEE0304601F01BF98346079881
:1036500002F027FFABEB000020440FFA80F9304660
:1036600001F0F0F8009000EBD0704FEA600B079883
:1036700001F07CF9019000EBD070ABEB60002844C6
:1036800000B20690CEE04FF00009079801F06EF905
:10369000404200B20690C5E0304602F002FF0090C2
:1036A00000EBD0704FEA600B079802F0FAFE019031
:1036B00000EBD070ABEB60000FFA80F9079801F0D7
:1036C00055F9404200B209E09CE084E07CE069E00A
:1036D0004FE045E034E01CE014E001E00690A1E09A
:1036E000304602F0DEFE8346079802F0DAFEABEBCE
:1036F00000000FFA80F9079801F038F9404200B253
:1037000006908FE04FF00009304601F02FF9069047
:1037100088E0304602F0C5FE009000EBD0704FEA22
:10372000600B079802F0BDFE019000EBD070ABEB90
:1037300060000FFA80F9304601F018F9069071E048
:10374000304602F0AEFE8346079802F0AAFEABEBCD
:1037500000000FFA80F9304601F008F9069061E0A8
:10376000079802F09EFE40420FFA80F90020069072
:1037700058E0079802F095FE40420FFA80F9304673
:1037800001F0F4F8009000EBD0704FEA600B07985E
:1037900001F0ECF8019000EBD070ABEB600000B2F0
:1037A00006903FE0079802F07CFE40420FFA80F955
:1037B000304601F0DBF88346079801F0D7F8ABEB11
:1037C000000000B206902DE0304602F06AFE81460D
:1037D0000020069026E0304602F063FE8146304627
:1037E00001F0C4F8009000EBD0704FEA600B07982E
:1037F00001F0BCF8019000EBD070ABEB600000B2C0
:1038000006900FE0304602F04CFE8146304601F053
:10381000ADF88346079801F0A9F8ABEB000000B2C1
:10382000069000BF00BF0021384601F056FF012876
:103830000DD1384601F008FAB18A5144BA8A891A82
:1038400001440498081A48440FFA80F90CE03846FD
:1038500001F082F9B18A5144BA8A891A0144049864
:10386000081A48440FFA80F9384601F06FFAF28AD4
:1038700014990A44F98A511A01440398091A0698BE
:10388000084400B2069000220121079804F072FD5E
:103890004946DDE9062004F00CFC0BB0BDE8F08FD2
:1038A00010B5044600BF00BFA06808BB11480068FF
:1038B000401C104908601C20FEF728FEA06000BFD5
:1038C000A06818B900BF00BF00BFFEE700BFA06836
:1038D00000B910BD1C21A068FFF7FDF80F20A168FA
:1038E0004876A068007E20F00300C01CA16808761E
:1038F00000BFEEE7B00000202DE9FC4780460F46F0
:103900000121404602F02AFE10B10020BDE8FC87EC
:10391000404601F083F80446204600F0DDFF814672
:103920004846F7F789F9A04210D04846F7F791F9D1
:10393000A0420BD04846F7F763F9A04206D04846AC
:10394000F7F751F9A04201D00020DFE74FF4002142
:10395000404602F003FE48BB4046E1F7F0F8064659
:1039600008F114016846F4F781F9BDF80000801BE6
:1039700000B2ADF80000BDF80200801B00B2ADF847
:103980000200BDF80400304400B2ADF80400BDF8F8
:103990000600304400B2ADF806006A4639463846A3
:1039A000DFF79CFC08B90020B0E700BF404601F0FB
:1039B0002DF8054619E00121284602F0CFFD08B197
:1039C0000020A3E74FF40021284602F0C7FD40B9CC
:1039D00005F1140239463846DFF780FC08B90020AB
:1039E00094E7284601F012F80546002DE3D10120A6
:1039F0008CE72DE9FE4F05460E464FF00008314694
:103A0000284602F0C3FB0446002C46D03146284627
:103A100002F0A2FB0090009802283DDD204604EB56
:103A2000D0714910491C0CB23146284602F0A1FB66
:103A3000204404B23146284602F074FB81463146E8
:103A4000284602F07CFB8246B9F1000F01DD4846B2
:103A500001E0C9F10000BAF1000F01DD514601E0BB
:103A6000CAF10001884207DDB9F1000F01DD4846C7
:103A700009E0C9F1000006E0BAF1000F01DD50468F
:103A800001E0CAF10000204404B2A04501DD404637
:103A900000E02046804600BF00BF3146284601F0C6
:103AA000CDFF0746C7B13146284601F0ADFF82463B
:103AB000BAF1020F0FDD3146284601F0B2FF814610
:103AC00009EB0700404501DA404601E009EB070039
:103AD0000FFA80F800BF00BF00BF40F60A0231466F
:103AE000284602F0B7FA009000980FFA80FB00BF5A
:103AF00000BF40F60B023146284602F0ABFA0090B8
:103B0000009800B202900298834501DD584600E01B
:103B1000029801900198002803DD019840440FFAB3
:103B200080F84046BDE8FE8FFEB504460D461646B9
:103B300000BF41F25D422946204602F08BFA009018
:103B40000098C0B2029000BF41F26A422946204666
:103B500002F080FA00900098C0B2019000BF9DF87A
:103B6000080008B90120029000BF9DF80800FEBDC2
:103B700002460AB9002070471068884201D101202E
:103B8000F9E70020F7E72DE9F04107460C463846F3
:103B9000F0F764F980464046FEF7B8FC054615B9D3
:103BA0000020BDE8F08141462846FEF794FF2F60D3
:103BB0006C60002C30D1F6F7E3FF06461EB900BF5B
:103BC00000BF0020EDE7F06840B90420FEF79EFC3E
:103BD000F060F0680560012070620DE0706A401CC2
:103BE0007062726A9100F068FEF7B2FDF060706A70
:103BF000401EF16841F820500020A8820021E9828F
:103C0000F6F7D6FF401E01B229830020F7F736F8F9
:103C1000401E01B2698329E000BF00BFA06810B94F
:103C20002046FFF73DFEA068006858B90420FEF763
:103C30006DFCA1680860A068006805600120A168AB
:103C4000486013E0A0684068401CA1684860A26812
:103C500052689100A2681068FEF77AFDA1680860BA
:103C6000A068D0E90010401E41F82050284698E78F
:103C700070B50446204603F0D1F8002000F020FB88
:103C8000204608F0B1F8204600F07DF8012000F051
:103C900017FB4FF6FF724FF47021204603F0C0FD72
:103CA000204603F0A4FDFBF73BFA06463EB1204652
:103CB00003F059F818B121463046FBF76BF920465E
:103CC00000F0A4FE054665B1224622212846FAF7F7
:103CD00025FC224623212846FAF720FC204602F044
:103CE000DAFF70BD2DE9FF4105460C4600BF00BF5D
:103CF000284603F04DF8064604F0100068B16A4605
:103D000002A9284601F040F802A9284602F0FDFF6A
:103D10006946284602F0F9FF00BFE869A043E86160
:103D200004F0010078B1284602F0B5FF284603F000
:103D30002FF840B1284600F069FE074603F06EF800
:103D4000284603F06BF8284603F022F8B04202D16F
:103D500004F0C07028B1284600F058FE074603F072
:103D60005DF8BDE8FF8170B504460E4600BF00BF98
:103D7000208C20EA0605208CA84203D02946204644
:103D800004F0F8F970BD70B5044625682068006835
:103D900028B12068006820602046FFF7F4FF256006
:103DA0002068406818B1206821464268904770BD7D
:103DB0002DE9F84381460C4665686DB3284600F04E
:103DC000CBFE0746284600F0C1FF8046002641F69C
:103DD00010023146284602F03DF900900098E98A29
:103DE0000844A0EB080001B2E182E08A401E01B263
:103DF000618300BF41F612023146284602F02AF9DB
:103E000000900098A98A0844C01B00B2A082A08A32
:103E1000401E01B2218300BF0220E061E06940F44E
:103E20008050E0611DB1E06940F40050E0611DB1D7
:103E3000E06940F44070E061E06940F00400E06156
:103E4000E06940F01000E061E06940F02000E061CE
:103E5000E06940F04000E061E06940F40060E0614A
:103E60001DB1E06940F40040E061BDE8F883000066
:103E700070B5044600BF00BF21460448FFF783FE2B
:103E800005462846FFF7F4FE284670BD0C3C0308A3
:103E90002DE9F041064600BF00BF00BF00BF30461D
:103EA00002F0F9FE304600F0B1FD044614B12046A0
:103EB00003F0D2FF0025002754B9304600F00CFD76
:103EC00005460DB9BDE8F0812869B04200D101274F
:103ED000304609F06CFD84B10021204603F0EAF879
:103EE000204603F0B9FF002222212046FAF716FBF4
:103EF000002224212046FAF711FB1FB100BF00BFAA
:103F00000020286100BF00BF00BFDBE770B5064698
:103F10000C462046DFF764FD002000F0D1F900BF19
:103F2000184A0021204603F024FD00BF012000F0C4
:103F3000C7F900212046F3F725F8204600F00CFDD4
:103F4000054615B12046FBF728F9A068C0B1A06866
:103F5000006830B1A1680868FEF7A6FB0020A168E0
:103F60000860A068C06830B1A168C868FEF79CFB13
:103F70000020A168C860A068FEF796FB0020A06042
:103F800070BD0000FFFF0F002DE9F04FA3B0824687
:103F90005046FAF75CFA06465046FAF7B9FA044674
:103FA000122E6AD15046FAF7B0FA05462878022850
:103FB00002D123B0BDE8F08F0021204601F069FC5A
:103FC00010B102202870F4E70021204602F09EF88C
:103FD00083460021204602F0E2F9074600212046F0
:103FE00002F0C3F9804604F1140121A8F3F735FE6D
:103FF000BDF88400C01B00B2ADF88400BDF8880095
:10400000384400B2ADF88800BDF88600A0EB080087
:1040100000B2ADF88600BDF88A00404400B2ADF8A9
:104020008A005A4621A96868DFF799F910B901207A
:104030002870BEE70021204601F0B6FBFD2802DA19
:1040400001202870B5E74FF0000968224946204654
:1040500002F000F820902098C0B210B10120287022
:10406000A7E70021204601F0A8FCFD2802DA012084
:1040700028709EE70020287014E1152E7ED150464E
:10408000FAF7EDF9834615A8F8F7A8FC00212046B9
:1040900001F0A2FB30B19DF8770020F00100401C38
:1040A0008DF8770015AA0021204602F045FC00217A
:1040B000204602F074F905460021204602F055F929
:1040C000074604F1140113A8F3F7C7FDBDF84C002F
:1040D000401B00B2ADF84C00BDF85000284400B2BF
:1040E000ADF85000BDF84E00C01B00B2ADF84E0058
:1040F000BDF85200384400B2ADF85200594601A84C
:1041000000F0D4F8684802900020039015A80590AC
:1041100013A8049000200E9001AA1A212046FAF755
:10412000FDF90021204601F0B4FB20B1BDF8540098
:1041300008B1012000E000208146DDF86480B9F17B
:10414000000F01D00020199013AA15A95846F8F7BE
:1041500029FCB9F1000F26D01820FEF711FA0090C3
:10416000BDF95420002304F114010098F8F720FB56
:1041700004F590710098F7F79DFC00E019E0B8F1A4
:10418000000F0FD000208DF857008DF876008DF8C5
:104190007E008DF88A00CDF8648013AA15A95846D0
:1041A000F8F700FC00BF01AA1B212046FAF7B6F978
:1041B00078E0182E76D15046FAF751F980464146FC
:1041C0002046EAF7B9FB0021204601F062FB60B10E
:1041D00004F59070F8F7BAFB05462DB12846F7F7BD
:1041E0004BFF2846FEF748FA00BF0021204601F0A9
:1041F000F3FA002855D015A8F8F7F0FB00208DF849
:1042000057008DF86E008DF87E008DF88A0015AA93
:104210000021204602F090FB0021204602F0BFF86A
:1042200005460021204602F0A0F8074604F11401DB
:1042300013A8F3F712FDBDF84C00401B00B2ADF817
:104240004C00BDF85000284400B2ADF85000BDF855
:104250004E00C01B00B2ADF84E00BDF8520038440D
:1042600000B2ADF85200414601A800F01FF80E4818
:1042700002900120039015A8059013A80490002037
:104280000E9001AA1A212046FAF748F913AA15A997
:104290004046F8F787FB01AA1B212046FAF73EF9B2
:1042A00000BF00BF00BF84E60C3C030870B50446A5
:1042B0000D4648212046FEF70EFC256070BD00002B
:1042C0000149087070470000B90000202DE9FF5F28
:1042D00088464046FAF7BBF804464046FAF7BCF871
:1042E0000546012C04D120212846FFF71CF801E2E5
:1042F000082C2BD120212846FFF735FD4046FAF740
:1043000004F907463846FCF708FAF0B908212846B0
:1043100002F024F9C8B1284601F08CF900F0010040
:1043200020B901212846FEF7FEFF03E001212846BF
:10433000FFF719FD00221C212846FAF7EFF8064680
:10434000012E01D0BDE8FF9F00BFD3E1032C04D1B3
:1043500020212846FFF707FDCCE12A2C10D1284662
:1043600000F00DFA0746002607E0A868006850F83C
:104370002690484602F052FD761CBE42F5D3B9E1C4
:104380000D2C7CD10821284602F0E8F808B34046FD
:10439000FAF7BBF80678132E01D0112E04D10121B3
:1043A0002846FEF7C0FF07E0142E01D0122E03D1DD
:1043B00001212846FFF7D7FC0A2E09D000221C2134
:1043C0002846FAF7ABF80746012F00D0BAE700BF3E
:1043D00090E14FF40161284602F0C0F8002886D031
:1043E000284602F0ABFC0028AFD10390284600F02D
:1043F000B3FB0746284600F027FC81464046FAF703
:1044000084F80678122E14D1284600F0B3FC8346B7
:10441000284600F0ABFA8246C0170AEB90700BEB0F
:10442000A00000B2029001462846039A03F0F8FC6F
:1044300085E0112E14D1284600F09CFC83462846C6
:1044400000F094FA8246C0170AEB9070ABEBA00024
:1044500000B2029001462846039A03F0E1FC6EE0A8
:10446000132E36D1284600F049FB00F0030020B19E
:10447000002F19DCB9F1000F16DC284600E05FE0E0
:1044800000F078FC8346284600F070FA8246C01798
:104490000AEB90700BEBA00000B202900146284698
:1044A000039A03F0BDFC4AE0284600F059FC83461D
:1044B000284601F0F6FF8246C0170AEB90700BEB1E
:1044C000A00000B2029001462846039A03F08CFC3B
:1044D00035E0142E33D1284600F010FB00F0030025
:1044E00020B1002F17DCB9F1000F14DC284600F0D2
:1044F00041FC8346284600F039FA8246C0170AEB91
:104500009070ABEBA00000B2029001462846039ADF
:1045100003F086FC13E0284600F022FC8346284680
:1045200001F0BFFF8246C0170AEB9070ABEBA00012
:1045300000B2029001462846039A03F055FCD9E0E8
:104540000E2C3AD14FF48061284602F007F818B1DA
:104550000121284603F02BFC4FF0000A284600F00A
:10456000FBF98346FAF7E2FD82460226FCF790F853
:104570008146B9F1000F03D14046F9F78CFF81461F
:104580004846FCF7DAF80746022F01D0042F01D184
:1045900046F00406BAF1000F06D046F00806314690
:1045A0002846FEF7C0FE07E031462846FEF7BBFE70
:1045B00008212846FFF7D7FB9CE0092C04D14021B5
:1045C0002846FEF7B0FE95E00A2C16D14021284679
:1045D000FFF7C9FB284601F003F802280CD16A4610
:1045E00002A9284600F0D0FB02A9284602F08DFB64
:1045F0006946284602F089FB7CE00F2C04D10E218D
:104600002846FFF7B0FB75E0292C23D1002128466E
:1046100001F015F881460021284601F08DF9824607
:10462000BAF1000F02D1B9F1000F02D0284602F012
:10463000F5FB284600F0A3F80746002607E0A86827
:10464000006850F826B0584602F0E8FB761CBE42DF
:10465000F5D34FE0222C2FD1002641F20102314642
:10466000284601F0F7FC0390039800B2074600BF0C
:1046700041F204023146284601F0ECFC0390039815
:1046800000B281460021284600F0D9FF8246002171
:10469000284601F051F98346BBF1000F08D1BAF169
:1046A000000F05D142F2D170874201D0814502D17D
:1046B000284602F0B3FB1DE0132C12D14046F9F757
:1046C00024FF064600212846FFF793F90746B6F96E
:1046D0000000B84202DDB6F9000000E03846308044
:1046E00008E0152C03D0182C01D0122C02D1404622
:1046F000FFF74AFC00BF25E62DE9F04106460D46CE
:1047000016B96868046800E0346800E0246814B1F1
:1047100020690028FAD014B90120BDE8F081206991
:1047200008B90120F9E70020E860294620462269FF
:1047300090470127287E00F0010000B1002738468D
:10474000EBE7024600BF00BF906808B90020704741
:10475000002908DA906840680144002901DA002045
:10476000F5E70B4600E00B4690684068984201D898
:104770000020ECE79068006850F82100E7E7014668
:1047800000BF00BF886808B900207047886840688B
:10479000FBE770B505460C4605F114012046F3F71A
:1047A00065FAA868B8B12088A968898A401A00B259
:1047B0002080A088A968898A084400B2A080608807
:1047C000A968898A401A00B26080E088A968898A4D
:1047D000084400B2E08070BD70B506460C4600BFCC
:1047E00000BF0021304601F006F80546214630465C
:1047F00000F066F8684202B2684201B22046F3F760
:1048000079FB0021304601F010FA2188084400B2FB
:1048100020800021304601F0B1FAA188081A00B2C8
:10482000A0800021304601F06CFB6188084400B292
:1048300060800021304601F01BF9E188081A00B2BF
:10484000E08070BD2DE9F041074600BF00BF0021A8
:10485000384601F056FB04460021384601F008F9BD
:1048600005460021384600F0C6FF0646384600F0EF
:104870007DF8001B401B022101FB160000B2BDE8C1
:10488000F0812DE9F041074600BF00BF0021384606
:1048900001F0CBF904460021384601F06FFA0546D5
:1048A0000021384600F0A7FF0646384601F0F9FD22
:1048B000001B401B022101FB160000B2BDE8F08185
:1048C00070B505460C4600BF00BF05F11401204637
:1048D000F3F7CCF970BD000070B5064600BF00BF0D
:1048E000706808B9354603E0304600F097F8054691
:1048F0000E48E0F74AF8044611E0002107E0E068BE
:1049000050F82100A84201D1204670BD491C606AC0
:104910008842F4D821460548E0F74FF80446002CB9
:10492000EBD100BF00BF0020EFE700007045002082
:10493000024600BF00BF906808B900207047906829
:10494000807E884201D80020F8E79068C06801EBBB
:10495000410300EB8300F1E7014600BF00BF886818
:1049600010B18868806870470020FCE710B50446E5
:1049700000BF00BF04F11400F3F7D9F910BD70B502
:10498000064600BF00BF304600F040F805460DB9AE
:10499000002070BD002400BF08E021462846FFF734
:1049A000D0FEB04201D12046F3E7641C2846FFF751
:1049B000E6FEA042F1D84FF0FF30EAE72DE9F041E2
:1049C00004460F4690461E46002518E0E06800EBBE
:1049D000C5004068C0F3006080B1E06800EBC5002E
:1049E000406820F07F40B04208D1E16851F83500BE
:1049F0004246394605F006FCBDE8F0816D1C608C2E
:104A0000C0F3C500A842E1D80020F5E7014609B986
:104A10000020704700BF00BF4868FAE710B50446A1
:104A200000BF00BF224600BF13461846FFF7EEFF47
:104A30000246002AF8D1184610BD00002DE9F84FB3
:104A4000074600BF00BF2B4C3846FFF798FE804654
:104A5000002514E0B868006850F825B0264958468B
:104A600001F087FD00B109E0BBF91A00A04201DAAC
:104A7000204601E0BBF91A00044600BF6D1C454505
:104A8000E8D30021384601F049FA00900021384669
:104A900000F0FBFF81460021384600F0B9FE0646D3
:104AA0001448844205D0788BA0EB0900801B201AA3
:104AB00004B2384600F09EFD82463846FFF756FFA6
:104AC0000099401AA0EB0900022101FB1600AAEB95
:104AD00000000FFA80FA384600F04CF9AAEB00000B
:104AE0000FFA80FA544502DD2046BDE8F88F5046A3
:104AF000FBE7000001E0FFFF0100040001468868B9
:104B000020B18868407E00F00F0070470F20FCE75E
:104B100070B506460D460E493046F2F75FFA044678
:104B200014B1606A404202E0304600F019F900B268
:104B3000288008493046F2F751FA044614B1606AF9
:104B4000404202E0304600F015F900B2688070BDC6
:104B5000E5F2020801F302082DE9FC5F044600BFFC
:104B600000BF0021204600F0C5FD012809D0A06843
:104B700010B90020BDE8FC9FA068008A404200B246
:104B8000F8E70021204601F006F9019000212046B7
:104B900001F058F807460021204600F039FE804613
:104BA0004FF0000941F6FF752046FFF7E8FD824609
:104BB000002617E0A068006850F826000090204901
:104BC000009801F0D6FC00B10BE00098B0F9140099
:104BD000A84201DD284602E00098B0F9140005461D
:104BE00000BF761C5645E5D341F6FF70854208D0DC
:104BF000A946A08A38444044A0EB09000FFA80F986
:104C000001E0DFF84090204600F004FD8346204696
:104C100001F047FC0199401AC01B022101FB18005A
:104C2000ABEB00000FFA80FB204600F099F85844E7
:104C30000FFA80FBD94501DD48469BE7584699E7C6
:104C40000100040001E0FFFF2DE9F84F044600BF1A
:104C500000BF0021204600F04DFD012808D1A068CA
:104C600010B90020BDE8F88FA068B0F91000F9E78E
:104C70002A4D2046FFF783FD8046002614E0A068F9
:104C8000006850F826B02649584601F072FC00B181
:104C900009E0BBF91800A84201DA284601E0BBF997
:104CA0001800054600BF761C4645E8D30021204683
:104CB00001F071F881460021204600F0C3FF00900A
:104CC0000021204600F0A4FD07461448854205D087
:104CD000208BA0EB0900C01B281A05B2204600F06B
:104CE00099FC8246204601F0DCFBA0EB090100980C
:104CF000081A022101FB1700AAEB00000FFA80FA44
:104D0000204600F02DF8AAEB00000FFA80FA554576
:104D100001DD2846A6E75046A4E7000001E0FFFFBA
:104D2000010004000146886820B18868007EC0F355
:104D3000810070470020FCE70146886820B1886840
:104D4000007EC0F3011070470020FCE70146886830
:104D500008B9002070478868408A404200B2F9E7ED
:104D60000146886808B9002070478868008A404278
:104D700000B2F9E70146886808B9002070478868E2
:104D8000408A404200B2F9E72DE9F04F95B0054660
:104D90000C4616464FF0FF300346002211460090A5
:104DA0002046F3F7C9F84FF0FF30034600221146C2
:104DB00000903046F3F7C0F81021284601F0CEFBF2
:104DC00010B915B0BDE8F08F284600F009FC804608
:104DD000B8F1000F00D1F4E70020FBF75FFC14905E
:104DE000B8F1020F11D109E01498FBF796FCA84224
:104DF00000D106E01498FBF751FC14901498002899
:104E0000F2D100BF149800B9DBE72846FFF79EFFF8
:104E100013902846FFF712FE12902846FFF79CFEDB
:104E200011902846FFF710FF10902846FFF766FE06
:104E30000F9000200E900F9800F00C00A8B1B8F170
:104E4000010F10D0B8F1030F05D1139800280ADC28
:104E50001298002807DCB8F1020F06D11498FBF76E
:104E600049FC0C2801D101200E9000200D900F98D4
:104E700000F00300A8B1B8F1010F10D0B8F1030F92
:104E800005D1119800280ADC1098002807DCB8F139
:104E9000020F06D11498FBF72DFC032801D1012045
:104EA0000D900D9810B90E9800B98AE74FF4803133
:104EB000284600F01FFC012800D100E000200C90E3
:104EC0004FF48031284601F029F883464FF48031B1
:104ED000284600F0DAFD0B904FF48031284600F0B0
:104EE000B1FE07464FF48031284600F054FF81465A
:104EF0004FF48030039041F201022846039901F0FB
:104F0000A9F80290029800B20A902846FFF72EFDF9
:104F10000990284601F0C5FA08900E9808B10A9841
:104F200000E0002082460D9808B10A9800E00020B9
:104F300007904FF48030039021222846039901F016
:104F400089F802900298C0B202280DDA4FF480303E
:104F5000039031222846039901F07CF802900298D0
:104F6000C0B2022800DA2CE713990998014412987C
:104F7000084400B205900E9800287DD005980028BE
:104F8000FBD0E88A7080688BF0800C9850B1A88ABA
:104F9000384400B2308031880A980844401E00B27C
:104FA000B0800AE0288BA0EB090000B2B080B18885
:104FB0000A98081A401C00B230800998A0EB0B0137
:104FC0000B98091A0798081A09994843059990FB04
:104FD000F1F000B203900020F5F7D8FD00EB80005F
:104FE000502101EB4000A02190FBF1F001280BDDE6
:104FF0000020F5F7CBFD00EB8000502101EB4000D5
:10500000A02190FBF1F000E001200399884201DA31
:10501000039819E00020F5F7B9FD00EB800050215E
:1050200001EB4000A02190FBF1F001280BDD0020F6
:10503000F5F7ACFD00EB8000502101EB4000A02112
:1050400090FBF1F000E0012000B203900998A0EB82
:105050000B010B98091A0798091A0398081A00B24D
:10506000069009990598401A00B20290029800280B
:105070000EDCE88A584400E0BFE000B27080698B23
:105080000B98091A0798081A401E00B2F080B3E086
:10509000129906984843029990FBF1F000B20190F2
:1050A00001990698401A00B20190E98A01980844D3
:1050B000584400B27080718803980844401E00B2C2
:1050C000F080B6F90210B5F916005844814242DA70
:1050D000E88A584400B270800020F5F757FD00EBD5
:1050E0008000502101EB4000A02190FBF1F001284D
:1050F0000BDD0020F5F74AFD00EB8000502101EBAD
:105100004000A02190FBF1F000E00120B6F9021070
:105110000844B6F9061088421DDD0020F5F736FD7B
:1051200000EB8000502101EB4000A02190FBF1F04A
:1051300001280BDD0020F5F729FD00EB8000502150
:1051400001EB4000A02190FBF1F000E0012071880C
:10515000084400B2F080B6F90610B5F91A20079895
:10516000121A0B98101A814245DD698B0798091AAB
:105170000B98081A00B2F0800020F5F707FD00EB4D
:105180008000502101EB4000A02190FBF1F00128AC
:105190000BDD0020F5F7FAFC00EB8000502101EB5D
:1051A0004000A02190FBF1F000E00120B6F90610CC
:1051B000081AB6F9021088421DDA0020F5F7E6FC5D
:1051C00000EB8000502101EB4000A02190FBF1F0AA
:1051D00001280BDD0020F5F7D9FC00EB8000502101
:1051E00001EB4000A02190FBF1F000E00120F188EC
:1051F000081A00B2708000BF00BF119908980144DE
:105200001098084400B204900D98002879D00498B2
:105210000028FBD0698B0B98081A00B2E080E18867
:105220000A98081A401C00B26080A88A2080288B47
:10523000A0800898C01BA0EB0900A0EB0A00089909
:105240004843049990FBF1F000B203900020F5F779
:105250009DFC00EB8000502101EB4000A02190FB61
:10526000F1F001280BDD0020F5F790FC00EB800049
:10527000502101EB4000A02190FBF1F000E0012063
:105280000399884201DA039819E00020F5F77EFCC3
:1052900000EB8000502101EB4000A02190FBF1F0D9
:1052A00001280BDD0020F5F771FC00EB8000502198
:1052B00001EB4000A02190FBF1F000E0012000B2E2
:1052C00003900898C01BA0EB0900A0EB0A0103980B
:1052D000081A00B2069008990498401A00B2029089
:1052E000029800281BDC0C9860B1A88A384450440E
:1052F000401E00B22080288BA0EB090000B2A080E5
:105300006BE16BE1A88A384400B22080288BA0EBC7
:105310000900A0EB0A00401E00B2A0805DE11099D8
:1053200006984843029990FBF1F000B20190019970
:105330000698401A00B201900C9800287ED0A98AE5
:10534000019808443844504400B2208021880398D2
:105350000844401E00B2A080B4F90000B5F9141052
:1053600039445144884243DAA88A3844504400B250
:1053700020800020F5F70AFC00EB8000502101EBB3
:105380004000A02190FBF1F001280BDD0020F5F793
:10539000FDFB00EB8000502101EB4000A02190FBC1
:1053A000F1F000E00120B4F900100844B4F9041051
:1053B00088421DDD0020F5F7E9FB00EB800050215D
:1053C00001EB4000A02190FBF1F001280BDD002053
:1053D000F5F7DCFB00EB8000502101EB4000A02141
:1053E00090FBF1F000E001202188084400B2A08089
:1053F000B4F90410B5F91800A0EB0900814244DDAE
:10540000288BA0EB090000B2A0800020F5F7BEFBBE
:1054100000EB8000502101EB4000A02190FBF1F057
:1054200001280CDD0020F5F7B1FB00EB80005021D6
:1054300001EB4000A02190FBF1F001E026E001200B
:10544000B4F90410081AB4F9001088421DDA0020DB
:10545000F5F79CFB00EB8000502101EB4000A02100
:1054600090FBF1F001280BDD0020F5F78FFB00EB3E
:105470008000502101EB4000A02190FBF1F000E002
:105480000120A188081A00B22080A5E0A98A01980D
:105490000844384400B22080218803980844401E04
:1054A00000B2A080B4F90000B5F914103944884264
:1054B00042DAA88A384400B220800020F5F766FB63
:1054C00000EB8000502101EB4000A02190FBF1F0A7
:1054D00001280BDD0020F5F759FB00EB800050217F
:1054E00001EB4000A02190FBF1F000E00120B4F9B5
:1054F00000100844B4F9041088421DDD0020F5F7BF
:1055000045FB00EB8000502101EB4000A02190FB07
:10551000F1F001280BDD0020F5F738FB00EB8000EF
:10552000502101EB4000A02190FBF1F000E00120B0
:105530002188084400B2A080B4F90410B5F918001D
:10554000A0EB0A00A0EB0900814245DD288BA0EB0F
:105550000A00A0EB090000B2A0800020F5F716FBBE
:1055600000EB8000502101EB4000A02190FBF1F006
:1055700001280BDD0020F5F709FB00EB800050212E
:1055800001EB4000A02190FBF1F000E00120B4F914
:105590000410081AB4F9001088421DDA0020F5F74B
:1055A000F5FA00EB8000502101EB4000A02190FBB8
:1055B000F1F001280BDD0020F5F7E8FA00EB8000A0
:1055C000502101EB4000A02190FBF1F000E0012010
:1055D000A188081A00B2208000BF00BF00BF13E4FA
:1055E0000146886820B18868007E00F0030070479B
:1055F0000320FCE738B504460548006800906A4679
:105600002C212046F8F78AFFBDF9020038BD0000C2
:105610002C3C030838B504460548006800906A46EB
:105620002C212046F8F77AFFBDF9000038BD0000B4
:10563000283C0308014600BF00BF088C704738B5FE
:1056400004460D4641F209022946204600F002FDBB
:1056500000900098C0B238BD38B504460D4641F2FE
:1056600009022946204600F0F5FC00900098C0B2DF
:1056700038BD38B504460D4666222946204600F05E
:10568000E9FC0090009838BD38B504460D4651221B
:105690002946204600F0DEFC0090009808B1012069
:1056A00038BD0020FCE738B504460D464FF40562CE
:1056B0002946204600F0CEFC0090009800B238BD8C
:1056C00038B504460D464FF405622946204600F0E1
:1056D000C1FC0090009800B238BD38B504460D46B4
:1056E00041F26A422946204600F0B4FC009000983E
:1056F000C0B238BD38B504460D4641F26A4229466B
:10570000204600F0A7FC00900098C0B238BD38B524
:1057100004460D4641F26A422946204600F09AFCB2
:1057200000900098C0B238BD38B504460D4641F22D
:105730006A422946204600F08DFC00900098C0B2D5
:1057400038BD38B504460D4641F26A422946204626
:1057500000F080FC00900098C0B238BD38B5044617
:105760000D4641F26A422946204600F073FC009043
:105770000098C0B238BD38B504460D4641F26A42C1
:105780002946204600F066FC00900098C0B238BD63
:1057900038B504460D4644F220022946204600F062
:1057A00059FC0090009838BD38B504460D462122BA
:1057B0002946204600F04EFC00900098C0B238BD4B
:1057C00038B504460D4668222946204600F042FCC2
:1057D00000900098C0B238BD38B504460D4634225A
:1057E0002946204600F036FC0090009808B10120C0
:1057F00038BD0020FCE738B504460D4641F23202C0
:105800002946204600F026FC0090009800B238BDE2
:1058100038B504460D4641F232022946204600F0D2
:1058200019FC0090009800B238BD38B504460D460A
:1058300041F232022946204600F00CFC009000980C
:1058400000B238BD38B504460D4641F23202294651
:10585000204600F0FFFB0090009800B238BD38B53C
:1058600004460D4641F232022946204600F0F2FB82
:105870000090009800B238BD38B504460D4641F29C
:1058800032022946204600F0E5FB0090009800B265
:1058900038BD38B504460D4661222946204600F041
:1058A000D9FB0090009808B1012038BD0020FCE72A
:1058B00038B504460D46054802882946204600F0C2
:1058C000C9FB00900098C0B238BD0000FC00002069
:1058D00038B504460D4641F204022946204600F040
:1058E000B9FB0090009800B238BD38B504460D46AB
:1058F00041F204022946204600F0ACFB00900098DB
:1059000000B238BD38B504460D4641F204022946BE
:10591000204600F09FFB0090009800B238BD38B5DB
:1059200004460D4641F204022946204600F092FB4F
:105930000090009800B238BD38B504460D4641F2DB
:1059400069022946204600F085FB0090009880B24D
:1059500038BD38B504460D4641F269022946204655
:1059600000F078FB0090009880B238BD38B504464E
:105970000D4640F649022946204600F06BFB009098
:10598000009800B238BD38B504460D4641F2060213
:105990002946204600F05EFB0090009800B238BD1A
:1059A00038B504460D4641F205022946204600F06E
:1059B00051FB0090009800B238BD38B504460D4642
:1059C00040F262422946204600F044FB00900098D5
:1059D000C0B238BD38B504460D4640F26242294691
:1059E000204600F037FB00900098C0B238BD38B5B3
:1059F00004460D4640F262422946204600F02AFB4A
:105A000000900098C0B238BD38B504460D4640F647
:105A10003C022946204600F01DFB00900098C0B2D1
:105A200038BD38B504460D4640F63D0229462046AD
:105A300000F010FB0090009800B238BD38B5044665
:105A40000D4640F63A022946204600F003FB00903E
:105A5000009800B238BD38B504460D4641F6110233
:105A60002946204600F0F6FA0090009800B238BDB2
:105A700038B504460D4641F611022946204600F08D
:105A8000E9FA0090009800B238BD38B504460D46DA
:105A900041F611022946204600F0DCFA00900098F9
:105AA00000B238BD38B504460D4641F6110229460C
:105AB000204600F0CFFA0090009800B238BD38B50B
:105AC00004460D4641F611022946204600F0C2FA6E
:105AD0000090009800B238BD38B504460D4641F636
:105AE00011022946204600F0B5FA0090009800B255
:105AF00038BD38B504460D4641F611022946204608
:105B000000F0A8FA0090009800B238BD38B50446FD
:105B10000D4641F611022946204600F09BFA0090FE
:105B2000009800B238BD38B504460D4641F6110262
:105B30002946204600F08EFA0090009800B238BD49
:105B400038B504460D4641F611022946204600F0BC
:105B500081FA0090009800B238BD38B504460D4671
:105B600041F611022946204600F074FA0090009890
:105B700000B238BD38B504460D4641F6110229463B
:105B8000204600F067FA0090009800B238BD38B5A2
:105B900004460D4641F615022946204600F05AFA01
:105BA0000090009800B238BD38B504460D4641F665
:105BB00015022946204600F04DFA0090009800B2E8
:105BC00038BD38B504460D4641F615022946204633
:105BD00000F040FA0090009800B238BD38B5044695
:105BE0000D4641F615022946204600F033FA009092
:105BF000009800B238BD38B504460D4641F615028E
:105C00002946204600F026FA0090009800B238BDE0
:105C100038B504460D4641F612022946204600F0EA
:105C200019FA0090009800B238BD38B504460D4608
:105C300041F612022946204600F00CFA0090009826
:105C400000B238BD38B504460D4641F61202294669
:105C5000204600F0FFF90090009800B238BD38B53A
:105C600004460D4641F612022946204600F0F2F99C
:105C70000090009800B238BD38B504460D4641F694
:105C800012022946204600F0E5F90090009800B283
:105C900038BD38B504460D4641F612022946204665
:105CA00000F0D8F90090009800B238BD38B504462D
:105CB0000D4641F612022946204600F0CBF900902D
:105CC000009800B238BD38B504460D4641F61202C0
:105CD0002946204600F0BEF90090009800B238BD79
:105CE00038B504460D4641F612022946204600F01A
:105CF000B1F90090009800B238BD38B504460D46A1
:105D000041F612022946204600F0A4F900900098BE
:105D100000B238BD38B504460D4641F61202294698
:105D2000204600F097F90090009800B238BD38B5D1
:105D300004460D4641F612022946204600F08AF933
:105D40000090009800B238BD38B504460D4641F6C3
:105D500012022946204600F07DF90090009800B21A
:105D600038BD38B504460D4641F613022946204693
:105D700000F070F90090009800B238BD38B50446C4
:105D80000D4641F613022946204600F063F90090C3
:105D9000009800B238BD38B504460D4641F61302EE
:105DA0002946204600F056F90090009800B238BD10
:105DB00038B504460D4641F613022946204600F048
:105DC00049F90090009800B238BD38B504460D4638
:105DD00041F613022946204600F03CF90090009855
:105DE00000B238BD38B504460D4641F613022946C7
:105DF000204600F02FF90090009800B238BD38B569
:105E000004460D4641F613022946204600F022F9C9
:105E10000090009800B238BD38B504460D4641F6F2
:105E200013022946204600F015F90090009800B2B0
:105E300038BD38B504460D4641F6130229462046C2
:105E400000F008F90090009800B238BD38B504465B
:105E50000D4641F613022946204600F0FBF800905B
:105E6000009800B238BD38B504460D4641F613021D
:105E70002946204600F0EEF80090009800B238BDA8
:105E800038B504460D4641F613022946204600F077
:105E9000E1F80090009800B238BD38B504460D46D0
:105EA00041F614022946204600F0D4F800900098EC
:105EB00000B238BD38B504460D4641F614022946F5
:105EC000204600F0C7F80090009800B238BD38B501
:105ED00004460D4641F614022946204600F0BAF861
:105EE0000090009800B238BD38B504460D4641F622
:105EF00010022946204600F0ADF80090009800B24C
:105F000038BD38B504460D4641F6100229462046F4
:105F100000F0A0F80090009800B238BD38B50446F3
:105F20000D4641F610022946204600F093F80090F5
:105F3000009800B238BD38B504460D4641F610024F
:105F40002946204600F086F80090009800B238BD3F
:105F500038B504460D4641F610022946204600F0A9
:105F600079F80090009800B238BD38B504460D4667
:105F700041F610022946204600F06CF80090009887
:105F800000B238BD38B504460D4641F61002294628
:105F9000204600F05FF80090009800B238BD38B598
:105FA00004460D4641F610022946204600F052F8FC
:105FB0000090009800B238BD38B504460D4641F651
:105FC00010022946204600F045F80090009800B2E3
:105FD00038BD38B504460D4641F610022946204624
:105FE00000F038F80090009800B238BD38B504468B
:105FF0000D4641F610022946204600F02BF800908D
:10600000009800B238BD38B504460D4641F610027E
:106010002946204600F01EF80090009800B238BDD6
:1060200038B504460D4641F610022946204600F0D8
:1060300011F80090009800B238BD38B504460D46FE
:1060400041F610022946204600F004F8009000981E
:1060500000B238BD2DE9F84305460E461446C4F398
:106060008029C4F38038B8F1000F01D024F48044B3
:10607000002714E06B46224631462846EEF73DFAEB
:10608000074607B10DE0B9F1000F00D109E00EB1EC
:10609000002604E02846FEF7B9FC054600BF002DA7
:1060A000E8D100BF0FBB0EBB41F20100844202D019
:1060B000C01C84421AD128680AE041F201018C42D6
:1060C00002D1818A19B105E0C18A01B102E00068FC
:1060D0000028F2D100BF41F201018C4202D1B0F997
:1060E000141001E0B0F91610009103E0204604F00E
:1060F00019F90090B8F1000F05D031462846009AF2
:10610000E0F76CF900900098BDE8F88338B50446D4
:106110000D46602229462046FFF79CFF009000981C
:1061200000B238BD38B504460D4640F64102294656
:106130002046FFF78FFF0090009800B238BD38B5B9
:1061400004460D4640F6420229462046FFF782FFEC
:106150000090009800B238BD38B504460D4640F6B0
:10616000450229462046FFF775FF00900098C0B20F
:1061700038BD38B504460D4640F643022946204650
:10618000FFF768FF0090009800B238BD38B50446AC
:106190000D464FF4046229462046FFF75BFF00904E
:1061A000009800B238BD38B504460D4644F2574257
:1061B00029462046FFF74EFF0090009838BD38B5BD
:1061C00004460D4641F2594229462046FFF742FF58
:1061D0000090009838BD38B504460D4641F259424A
:1061E00029462046FFF736FF0090009838BD38B5A5
:1061F00004460D4641F2594229462046FFF72AFF40
:106200000090009838BD38B504460D4641F2594219
:1062100029462046FFF71EFF0090009838BD38B58C
:1062200004460D4641F2594229462046FFF712FF27
:106230000090009838BD38B504460D4641F25942E9
:1062400029462046FFF706FF0090009838BD38B574
:1062500004460D4641F2594229462046FFF7FAFE10
:106260000090009838BD38B504460D4641F25A42B8
:1062700029462046FFF7EEFE0090009800B238BD98
:1062800038B504460D4641F25A4229462046FFF7EA
:10629000E1FE0090009800B238BD38B504460D46C6
:1062A00041F25A4229462046FFF7D4FE009000985A
:1062B00000B238BD38B504460D4641F25B4229466E
:1062C0002046FFF7C7FE0090009800B238BD38B5F1
:1062D00004460D4641F25B4229462046FFF7BAFECE
:1062E0000090009800B238BD38B504460D4641F222
:1062F0005B4229462046FFF7ADFE0090009800B2B1
:1063000038BD38B504460D4641F25B422946204669
:10631000FFF7A0FE0090009800B238BD38B50446E3
:106320000D4641F25B4229462046FFF793FE00905E
:10633000009800B238BD38B504460D4641F25B42C4
:1063400029462046FFF786FE0090009800B238BD2F
:1063500038B504460D4643F60F0229462046FFF79E
:1063600079FE0090009800B238BD38B504460D465D
:1063700040F60B0229462046FFF76CFE009000987D
:1063800000B238BD38B504460D4640F60B0229462A
:106390002046FFF75FFE0090009800B238BD38B588
:1063A00004460D4640F60A0229462046FFF752FEF3
:1063B0000090009800B238BD38B504460D4640F64E
:1063C0000A0229462046FFF745FE0090009800B2D9
:1063D00038BD38B504460D4643F60E022946204620
:1063E000FFF738FE0090009800B238BD38B504467B
:1063F0000D4641F2010229462046FFF72BFE009090
:10640000009800B238BD38B504460D4641F201028D
:1064100029462046FFF71EFE0090009800B238BDC6
:1064200038B504460D4641F2010229462046FFF7E1
:1064300011FE0090009800B238BD38B504460D46F4
:1064400041F2010229462046FFF704FE0090009821
:1064500000B238BD38B504460D4641F20102294666
:106460002046FFF7F7FD0090009800B238BD38B520
:1064700004460D4641F2070229462046FFF7EAFD91
:106480000090009800B238BD38B504460D4641F280
:10649000080229462046FFF7DDFD0090009800B273
:1064A00038BD10B5044600BF00BF04F11400F1F779
:1064B000B1FC10BD70B5064600BF00BF3046FEF708
:1064C000A5FA0546ADB1B08AA98A401A04B2284699
:1064D000FEF746FC204404B200212846FFF7A5FB46
:1064E000201A04B200212846FFF785F9201A04B2C9
:1064F00001E0B6F91440204670BD70B5064600BFF5
:1065000000BF3046FEF782FA0546ADB1F18AE88A4F
:10651000081A04B22846FEF72DFC204404B20021DC
:106520002846FFF7EEFC201A04B200212846FFF7A8
:1065300062F9201A04B201E0B6F91640204670BD97
:1065400070B5044600BF00BF2046FFF7D6FF0546E2
:106550002046FEF70BFA284400B270BD024600BF89
:1065600000BFD0690840884201D101207047002057
:10657000FCE7024600BF00BFD069084008B1012017
:1065800070470020FCE7024600BF00BF108C0840A7
:1065900008B1012070470020FCE77FB506460D4694
:1065A00002213046FFF7DAFF10B9002004B070BDB9
:1065B00080213046FFF7E7FF08B10020F6E702A987
:1065C0003046FEF7E6F80022294602A8DCF79DFFD8
:1065D00004460CB90020E9E74FF480313046FFF75C
:1065E000BDFF58B1009501208DF804006A461121C5
:1065F0003046F7F793FF9DF80400D7E72046D5E72C
:106600002DE9FC4705460E46144600BF4FF40562CF
:1066100031462846FFF71EFD0190019800B26080C8
:10662000608808B9BDE8FC8700BF53223146284680
:10663000FFF710FD01900198C0B22073207B022863
:1066400000DCEFE731462846FFF7C4F90746FD2F87
:1066500003DA207B784300122073207B022800DCC1
:10666000E0E700BF44F2520231462846FFF7F2FC51
:10667000009000980190BDF80400208000BF5422D3
:1066800031462846FFF7E6FC01900198A060A84635
:10669000B146512249464046FFF7DCFC0190019883
:1066A00008B1012000E00020617B60F3820161738A
:1066B00031462846FFF784F8617B60F3010161737E
:1066C00000BFAFE72DE9FC4105460E46144600BF6A
:1066D000462231462846FFF7BDFC01900198C0B222
:1066E000E072E07A022801DCBDE8FC8131462846F0
:1066F000FFF770F90746FD2F03DAE07A78430012BE
:10670000E072E07A022800DCEEE7002020804FF4FF
:106710008070608000BF298BAA8A891A491C09B23F
:10672000084601EBD0714910A18000BF698BEA8A4D
:10673000891A491C09B2084601EBD0714910E18061
:1067400000BF482231462846FFF784FC019001989B
:10675000C0B2A072A07A00280CDD00BF44F247024C
:1067600031462846FFF776FC009000980190BDF86E
:106770000400208131462846FFF722F8207300BF2D
:10678000B2E7F8B505460E46144600BF4FF48B62DB
:1067900031462846FFF75EFC00900098C0B2A07614
:1067A000A07E022800DCF8BD31462846FFF712F92A
:1067B0000746FD2F03DAA07E78430012A076A07E64
:1067C000022800DCEFE731462846FFF7ECFC00909A
:1067D000BDF80000A08100BF41F25A423146284670
:1067E000FFF738FC0090009800B2A08200BF41F291
:1067F0005B4231462846FFF72DFC0090009800B21E
:10680000608200BF40F25C4231462846FFF722FC1E
:1068100000900098A17F60F30201A17731462846DD
:10682000FEF7CEFFA17F60F3C501A1773146284670
:10683000FFF7C5FC206000BF41F25D4231462846AB
:10684000FFF708FC00900098C0B2207700BFAAE7CD
:106850002DE9FC4705460E46144600BF40F64902A6
:1068600031462846FFF7F6FB0190019800B26080A0
:10687000608808B9BDE8FC8700BF4E223146284633
:10688000FFF7E8FB01900198C0B22072207A02283D
:1068900000DCEFE731462846FFF79CF80746FD2F5E
:1068A00003DA207A784300122072207A022800DC72
:1068B000E0E700BF44F24D0231462846FFF7CAFB2D
:1068C000009000980190BDF80400208000BF4A228B
:1068D00031462846FFF7BEFB0190019800B2A08028
:1068E000A08848B100BF4B2231462846FFF7B2FBD3
:1068F0000190019800B2E080A846B1464C2249467A
:106900004046FFF7A7FB0190019808B1012000E085
:106910000020617A60F382016172607A810861F31C
:10692000C300607231462846FEF74AFF617A60F381
:106930000101617200BF9DE72DE9FC4706460D4647
:10694000144600BF602229463046FFF783FB0190C2
:10695000019800B2208025B129463046FFF73AF869
:1069600000E0FF20804629463046FFF733F807460F
:10697000022F02DDB8F1020F09DC0020E07084F87C
:10698000220084F8360084F82A00BDE8FC872946F6
:106990003046FEF715FFA070E078002870D000BFE9
:1069A000212229463046FFF755FB01900198C0B2DD
:1069B000E070E078022863DD29463046FEF7E8FE05
:1069C0000190BDF80400A08000BF26222946304671
:1069D000FFF740FB019001988146B9F1000F0AD002
:1069E00099F8090000F0070028B10A224946A01DC5
:1069F000FBF7E3FE43E000BF232229463046FFF7C2
:106A000029FB01900198E17B60F30201E173E07BD7
:106A100000F0070038B329463046FEF7B9FE019072
:106A2000BDF80400E08000BF44F22202294630464F
:106A3000FFF710FB009000980190A01DBDF8041016
:106A4000618100BF242229463046FFF703FB0190F5
:106A50000198207200BF252229463046FFF7FAFA36
:106A600001900198207300BF272229463046FFF786
:106A7000F1FA01900198E17B60F3C501E17300BF79
:106A800000BF41F2320229463046FFF7E3FA019097
:106A9000019800B22084208C60B394F8220048B39F
:106AA00000BF312229463046FFF7D4FA0190019801
:106AB000C0B284F8220094F8220002281ADD00BF38
:106AC000332229463046FFF7C5FA0190019894F821
:106AD000231060F3450184F8231000BF44F2300214
:106AE00029463046FFF7B6FA009000980190BDF8AD
:106AF0000400E08329463046FEF7A0FFE084E08CE6
:106B0000F0B194F82A00D8B129463046FEF77CFF50
:106B100084F82A0094F82A00022811DD294630461C
:106B2000FEF77FFF208500BF44F23B022946304636
:106B3000FFF790FA009000980190BDF80400A0843F
:106B4000A07E002851D000BF40F6280229463046DA
:106B5000FFF780FA0190019820612069002844D055
:106B600000BF292229463046FFF774FA01900198A8
:106B7000C0B2A076A07E022837DD2069F9F726FD95
:106B800002280DD129463046FFF719FB60612946DE
:106B90003046FFF708FB0190BDF80400208324E095
:106BA00000BF44F22A0229463046FFF753FA00900C
:106BB00000980190BDF80400208300BF2B222946D5
:106BC0003046FFF747FA01900198C0B2E076B1462F
:106BD000AA462C2251464846FFF73CFA01900198FC
:106BE00008B1012000E00020207794F8360080B33F
:106BF00029463046FFF7CAFAE085E08D48B394F89D
:106C00003600022825DD29463046FFF7A5FA84F82C
:106C1000360094F8360002281BDD29463046FFF77F
:106C200081FA208629463046FFF789FA6086294690
:106C30003046FFF79EFAA08600BF44F24402294680
:106C40003046FFF707FA009000980190BDF8040065
:106C5000A085B8F1FD0F02DA08FB07F00712FD2F3F
:106C600017DA173414F8140C7843001204F8140CD3
:106C7000E07878430012E070E07A78430012E07226
:106C8000E07F78430012E077E07C78430012E07404
:106C9000173C00BF79E67CB5054600BF00BF03E0A6
:106CA0002846FDF7B3FE05462846FDF7AFFE30B196
:106CB0004FF400212846FFF751FC0028F0D1284668
:106CC000DDF73DFF044605F114016846F0F7CEFFFD
:106CD000BDF80000001B00B2ADF80000BDF80200D6
:106CE000001B00B2ADF80200BDF80400204400B261
:106CF000ADF80400BDF80600204400B2ADF806006F
:106D00006946284600F001F87CBD2DE9FC410546A6
:106D10000E4600BF00BF31466846F0F7A7FF694640
:106D20002846FCF7E9FD044634B12846FDF7D4FDBA
:106D300007466946DDF795FDBDE8FC81024611680E
:106D400000E0096821B1087E00F003000028F8D0B7
:106D500009B900207047087E00F00300012800D127
:106D6000F8E70020F6E70246116800E0096821B163
:106D7000087EC0F381000028F8D009B900207047D0
:106D8000087EC0F38100012800D1F8E70020F6E773
:106D900070B506460B493046FFF7EBFB08B1002003
:106DA00070BD3046FDF732FE04460CB90020F7E70F
:106DB00000212046FEF7CDFD05460DB10120EFE78D
:106DC0000020EDE7010006007CB5054600BF00BFCE
:106DD0002846DDF7B4FE044605F114016846F0F7D5
:106DE00045FFBDF80000001B00B2ADF80000BDF883
:106DF0000200001B00B2ADF80200BDF80400204400
:106E000000B2ADF80400BDF80600204400B2ADF8B1
:106E1000060069462846FCF76FFD7CBD70B5044648
:106E2000608C20F00100401C60842046FDF7F6FDD8
:106E30000546688C20F00200801C68842846FDF717
:106E40004BFD0646706810B1706805F00FFA70BD12
:106E50002DE9F04780460D46164699464046FDF717
:106E60008EFC8246002726E0D8F80800006850F81B
:106E70002740B9F1000F06D04FF480212046FFF7DC
:106E80006DFB00B116E0A08A284400B2A082E08A1F
:106E9000304401B2E182208B284401B22183608B0F
:106EA000304401B261830023324629462046FFF771
:106EB000CFFF00BF7F1C5745D6D3BDE8F0872DE933
:106EC000F04F85B004460E4617466568002D34D055
:106ED00000212846FEF7A9FE824600212846FFF73A
:106EE00010F883464FF480212046FFF737FB40B16E
:106EF000A88A5044304406B2E88A5844384407B25D
:106F00000FE02846FDF72CFFA98A5144081A3044A7
:106F100006B22846FDF72EFFE98A5944081A38447C
:106F200007B200212846FEF766FC814606EB090001
:106F300006B207EB090007B200BFA08A301A00B200
:106F4000ADF81000E08A381A00B2ADF81200BDF8B2
:106F5000100028B9BDF8120010B905B0BDE8F08FD7
:106F60002046FFF798FE02A92046FDF7A9FC4FF046
:106F700000087DB169462846FDF72EFC00226946CF
:106F800002A8DCF7ECF98046B8F1000F02D12846E0
:106F900000F062FFA08ABDF81010084400B2A08281
:106FA000E08ABDF81210084401B2E182208BBDF8DE
:106FB0001010084401B22183608BBDF81210084400
:106FC00001B26183BDF91220BDF9101000232046E3
:106FD000FFF73EFF25B1224622212846F7F79EFA09
:106FE0002046FFF758FE9DB10022694604F11400C7
:106FF000DCF7B5F98146B8F1000F05D1B8F1000F03
:1070000005D1B9F1000F02D0284600F025FF00BFDE
:1070100000BFA2E72DE9F04180460C4600BF00BF4B
:10702000002C06DA4046FDF7F1FC0246FDF7A7FB0F
:1070300004444046FDF7A3FC07464046FDF7E6FC46
:107040000646002C01DABDE8F0813046FDF797FBDB
:10705000A04200DCF7E7BC4200D1F4E73D46BC4269
:107060000DDA09E0B0680168681E51F82000B168C7
:10707000096841F825006D1EA542F3DC0CE009E02B
:10708000B0680168681C51F82000B168096841F8CF
:1070900025006D1CA542F3DBB068006840F8248031
:1070A000002222213046F7F739FA3046FFF7F3FD88
:1070B00000BFC8E72DE9F04107460E463846FDF708
:1070C0003BFEC8B93846FDF741FE05463846FDF798
:1070D000B5FC0446002C0EDA002D0CDD6042854222
:1070E00001DA284600E0604204B23346224600211D
:1070F000384600F009FD00BF3846FDF713FE88BB97
:107100003846FDF729FD04463846FDF79DFD054646
:1071100000213846FEF7EEFA012811D0002D20DAC2
:10712000002C1EDD6842844201DA204600E06842FD
:1071300005B2334600222946384600F0E5FC10E04F
:10714000002C0EDA002D0CDD6042854201DA284663
:1071500000E0604205B2334600222146384600F086
:10716000D3FC00BFBDE8F0812DE9F14F86B0069851
:10717000FFF70EFE10B107B0BDE8F08F0698FDF7DF
:1071800045FC059000210698FFF771F9054600219E
:107190000698FFF779F90446059828B9224629464A
:1071A0000698FFF78CFEE6E70598FDF76AFB804638
:1071B0000598FDF747FB064605F4C040B0F5005FB3
:1071C00001D1012000E0002030B125F4C040B0F52D
:1071D000FA6F01DC012000E0002088B125F4C040F6
:1071E000B0F57A7F04DD25F4C040C0F57A7001E087
:1071F00025F4C04000FB08F0642190FBF1F005B2DB
:1072000004F4C040B0F5005F01D1012000E000208F
:1072100030B124F4C040B0F5FA6F01DC012000E089
:10722000002080B124F4C040B0F57A7F04DD24F45E
:10723000C040C0F57A7001E024F4C040704364217E
:1072400090FBF1F004B2069802900020039043F204
:107250000C02DDE90201FEF7FDFE019001980FFA34
:1072600080FA00BF069802900020039043F20D02BE
:10727000DDE90201FEF7EEFE019001980FFA80FBB6
:1072800000BF0698FFF70DF981460698FDF76EFBE3
:1072900007460AF4C040B0F5005F01D1012000E0CC
:1072A000002030B12AF4C040B0F5FA6F01DC0120B3
:1072B00000E0002090B12AF4C040B0F57A7F04DDF0
:1072C0002AF4C040C0F57A7001E02AF4C04000FB07
:1072D00009F0642190FBF1F00FFA80FA0BF4C04042
:1072E000B0F5005F01D1012000E0002030B12BF4A7
:1072F000C040B0F5FA6F01DC012000E0002088B149
:107300002BF4C040B0F57A7F04DD2BF4C040C0F50B
:107310007A7001E02BF4C0407843642190FBF1F0D7
:107320000FFA80FB05EB0A0005B204EB0B0004B278
:1073300000210698FEF790F90490049850B90021B6
:107340000598FEF7CAF9012802D10320049001E054
:10735000012004900498012805D122462946069868
:10736000FFF7ADFD6FE00498801E082864D2DFE8C7
:1073700000F00410212534153C4C414608EBD17235
:107380005210484609EBD073A2EB63022A4415B2AF
:1073900053E0A8EB0900284405B24EE0314606EB65
:1073A000D1725210384607EBD073A2EB630222442D
:1073B00014B242E0F01B204404B23EE0414608EB28
:1073C000D1725210484609EBD073A2EB63022A44F3
:1073D00015B2F01B204404B22FE0A8EB09002844AA
:1073E00005B2F01B204404B227E0A8EB09002844B2
:1073F00005B2314606EBD1725210384607EBD07316
:10740000A2EB6302224414B217E0414608EBD172AA
:107410005210484609EBD073A2EB63022A4415B21E
:10742000314606EBD1725210384607EBD073A2EB0F
:107430006302224414B200E000BF00BF2246294686
:107440000698FFF73CFD00BF95E62DE9F04F8DB0A3
:10745000044600BF00BF608CC0F3802038B1608C50
:10746000C0F3402018B100200DB0BDE8F08F2046D9
:10747000FDF7CCFA07460FB90020F5E72046FDF7E7
:107480006BFB0C9000200B900A90608CC0F3802066
:1074900020B12046FFF705F8054680E00021204690
:1074A000FEF7A4FF054642F2D1718D4201D10120C1
:1074B00000E000200B9005F4C040B0F5005F01D162
:1074C000012000E0002030B125F4C040B0F5FA6F93
:1074D00001DC012000E000200A903846FDF7D1F9D8
:1074E00081460B9820B12046DFF746FC054634E084
:1074F0000A98F8B1788CC0F38020E0B900213846B2
:10750000FEF774FF42F2D171884214D10021204667
:10751000FEF771F9019000212046FEF786FB0199E4
:10752000084405B200212046FEF728FC01990844D2
:10753000284405B211E025F4C040B0F57A7F04DD9F
:1075400025F4C040C0F57A7001E025F4C04000FB8E
:1075500009F0642190FBF1F005B20020019041F2A6
:10756000020220460199FEF775FD009000980FFA7F
:1075700080FA00BF0020019041F2030220460199E9
:10758000FEF768FD009000980FFA80FB00BF4B46A5
:107590005A4651462846F2F70AFB054600BF2046E8
:1075A000FDF7D4FB0990002008900790608CC0F391
:1075B000402020B12046FDF7D9F9064680E00021A1
:1075C0002046FEF785F9064642F2D1718E4201D17E
:1075D000012000E00020089006F4C040B0F5005FF4
:1075E00001D1012000E0002030B126F4C040B0F508
:1075F000FA6F01DC012000E0002007903846FDF71B
:1076000021F98146089820B12046DFF719FB06468C
:1076100034E00798F8B1788CC0F34020E0B900213D
:107620003846FEF755F942F2D171884214D1002153
:107630002046FEF7E0F8019000212046FEF761FCAD
:107640000199084406B200212046FEF711FA01997B
:107650000844304406B211E026F4C040B0F57A7F09
:1076600004DD26F4C040C0F57A7001E026F4C04085
:1076700000FB09F0642190FBF1F006B200200190BC
:1076800041F2050220460199FEF7E4FC00900098C3
:107690000FFA80FA00BF0020019041F20602204656
:1076A0000199FEF7D7FC009000980FFA80FB00BF0D
:1076B0004B465A4651463046F2F722FA064600BF7C
:1076C0000B9808B9089828B100232046099A0C990C
:1076D00000F05BFB2046FEF7E4FEA84206D1204600
:1076E000FDF744F9B04201D10020BDE62046FFF786
:1076F000D2FA05A92046FDF7E3F803A93846FDF7BD
:107700006BF8002203A905A8DBF729FE8046B8F133
:10771000000F02D1384600F09FFBE08A3044401E43
:1077200001B2618300212046FDF7D7FF012805D172
:10773000208B401B401C00B2A08204E0A08A284499
:10774000401E01B2218305AA29212046F6F7E6FE54
:10775000224622213846F6F7E1FE2046FFF79BFA43
:1077600000212046FFF7A6FC002203A904F1140023
:10777000DBF7F5FD0290B8F1000F04D1B8F1000F6E
:1077800004D1029810B1384600F066FB01206BE688
:1077900038B5044600BF00BF2046DDF7D0F90546E6
:1077A000002000906A4613212046F6F7B7FEBDF987
:1077B0000000A84202D02046FFF76DFAA06820B171
:1077C000BDF90000A168C88209E0BDF8000030B131
:1077D0002046FCF765F8BDF90000A168C882BDF934
:1077E0000000A84202D02046FFF755FA38BD70B518
:1077F000044600212046FEF7F9FD054600212046FB
:10780000FEF766F8064642F2D170854203D0864202
:1078100001D0002070BD2046FFF700FB0120F9E7F2
:107820002DE9F84306460F46144600BF00BF38480E
:10783000007808B9BDE8F8833046FFF72CFA3846DF
:1078400000F017FF054604F4805040B3B5F5702FE3
:107850001DD0E5B14FF0000841F204024146304628
:10786000FEF7F8FB0090009800B242F2D171884216
:107870000DD000BF41F2010241463046FEF7EAFB5F
:107880000090009800B242F2D171884207D10022E4
:107890002A213046F6F742FE3046FFF7BFFAB5F52B
:1078A000702F00D08DB94FF6FF70844202D004F4DF
:1078B000005050B13046FDF7A9F88046B8F1000FEE
:1078C00002D04046FFF7AAFA00BF4FF6FF7084428D
:1078D00002D004F4006010B13046FFF759FF304683
:1078E000FFF7D9F94FF6FF70844208D004F48060A6
:1078F00058B104F4006010B904F4805028B1B5F513
:10790000803F02D0304607F0ECF800BF92E700005D
:10791000B90000202DE9F04105460F46164600BF8C
:1079200000BF002410E0E86800EBC4004068C0F32A
:10793000006040B1E86800EBC400406820F07F4080
:10794000B04200D105E0641C688CC0F3C500A042C1
:10795000E9D800BF688CC0F3C500A04202D1002066
:10796000BDE8F081E96851F83400394602F086FD3F
:10797000F6E72DE9FE4F04460E469146484600F0D4
:107980007CFE8246484600F074FE80464FF6FF704B
:1079900002901EB1F07908B9002002900025AB4694
:1079A00074E0E16801EBC501496821F07F4000F017
:1079B00064FE0190E16801EBC501496821F07F4058
:1079C00000F057FE00904FF6FF70824502D00198FC
:1079D00050450BD1B8F5702F02D00098404505D125
:1079E00036B1E06850F83500B04201D06D1C4DE072
:1079F000E06800EBC5004068C0F3406030B1002390
:107A00004FF6FF72414620460BF08EFAE06800EB1D
:107A1000C5004068C0F3006030B9E06800EBC50005
:107A20004068C0F3406068B1E16851F8350002F089
:107A3000AAFDE16851F83500FAF736FE0020E1684A
:107A400041F835002F4609E0E06800EBC701024627
:107A5000781C02EBC00205CA05C17F1C608CC0F314
:107A6000C500401EB842EFD8608CC008401E618C33
:107A700060F3C8016184628CC2F3C502D100E06882
:107A8000FAF766FEE0604FF0010B00BF608CC0F3B8
:107A9000C500A84285D8BBF1000F06D0029820B1DE
:107AA00041462046029AFFF7BBFEBDE8FE8F00006C
:107AB00010B50446024A00212046FFF75AFF10BDC8
:107AC000FFFF0F0070B506460E48007800B970BD84
:107AD0000020F3F7A3F8044610E0002506E0E06874
:107AE00050F82510304607F069F96D1C606AA8420D
:107AF000F5D82046F3F792F8044600BF002CECD1ED
:107B000000BFE4E7B90000202DE9F04F91B0054631
:107B10000C4616469A461CB916B911B0BDE8F08F4E
:107B2000BAF1010F7ED12846FCF7D6FE10906846C8
:107B3000EFF770FA00BF009500BF4E48039000BFFA
:107B4000002C38D01098F3F733F840F35D0B224641
:107B500000215846EFF717FB0746C82F00D2C82769
:107B6000B7F5C87F01D94FF4C87739466846EFF7B3
:107B7000E8FA2846FDF7F4F88046C8F1000002193B
:107B8000C8F100016846EFF7E4FA3B496846EFF7B1
:107B9000C2FA3A496846EFF7C8FA6A460921284608
:107BA000F6F7BCFC8146B9F1010F00D0B5E7684695
:107BB000EFF7FAFA00BF002E39D01098F3F75EF80D
:107BC00040F35D0B324600215846EFF7DCFA0746DA
:107BD000C82F00D2C827B7F5C87F01D94FF4C8779E
:107BE00039466846EFF7ADFA2846FDF7C3F88046F8
:107BF000C8F100008219C8F100016846EFF7A9FA40
:107C00001F496846EFF787FA1C496846EFF78DFA77
:107C10006A4609212846F6F781FC8146B9F1010F31
:107C200001D07AE704E06846EFF7BEFA00BF1EE035
:107C300013492846EFF7A6F907460F492846EFF7FC
:107C4000A1F9804632462146284607F0ADFA17B919
:107C5000B8F1000F0AD000220A212846F6F75EFC90
:107C60008146B9F1010F00D057E700BF00BF00BF48
:107C700053E7000017EE0208E5F202088F700108D2
:107C800001F302082DE9FF5F0E46174616B90FB93A
:107C9000BDE8FF9F009800F0F3FC0098FDF760F846
:107CA00040420FFA80F808EB060004B20021009869
:107CB000FDF720FD01281BD0002C00DD0024002C46
:107CC0002EDA0098FCF748FF83460098FCF7BCFFCB
:107CD00058440FFA80FABAF1000F01DA4FF0000AA7
:107CE000CAF10000844202DACAF1000004B217E0CF
:107CF000002C00DA0024002C12DD0098FCF72CFF89
:107D000083460098FCF7A0FF58440FFA80FABAF1B6
:107D1000000F01DA4FF0000A544500DD544600BF61
:107D20000098FDF727F840420FFA80F909EB0700A9
:107D300005B2002D00DD0025002D16DA0098FDF7B4
:107D400005F883460098FCF779FE58440FFA80FA4C
:107D5000BAF1000F01DA4FF0000ACAF100008542C3
:107D600002DACAF1000005B200BFA4EB080006B2B7
:107D7000A5EB090007B206B92FB13A463146039B7D
:107D80000098FFF7C1FE00BF82E72DE9F0410646EB
:107D90000F4614461D462A463946304600F024F860
:107DA0002A462146304600F03BF8BDE8F081F8B5A0
:107DB00004460E46204600F063FC00200090274653
:107DC0003846FCF723FE05460BE033466A46394643
:107DD00004F1140007F032F82F462846FCF716FE8F
:107DE0000546002DF1D1F8BD2DE9F04106460C46BF
:107DF00015460A493046EFF7C5F83046FCF7B0FFA4
:107E00000746604238440FFA80F82B46002241466C
:107E10003046FFF737FFBDE8F0810000E5F20208C9
:107E20002DE9F04106460C4615460A493046EFF763
:107E3000A9F83046FCF79EFF0746604238440FFA27
:107E400080F82B46424600213046FFF71BFFBDE875
:107E5000F081000001F302081FB504466A4602A93A
:107E60002046FCF791FF02A8EFF7BCFF20B9684657
:107E7000EFF7B8FF00B91FBD02A8EFF7B3FF18B1C5
:107E800002A92046FEF741FF6846EFF7ABFF18B1A5
:107E900069462046FEF739FF00BFECE770B504469F
:107EA0000D4600BF00BF2046FBF7FAFCA0688582A4
:107EB00070BD00002DE9F04106460F4614461D46F0
:107EC00000223946304600F0C9FA002221463046E9
:107ED00000F094FA00222946304600F0CFFA044818
:107EE000008881B20022304600F0E5FABDE8F0815A
:107EF000F000002070B504460D46002229462046B9
:107F000000F08CFA0348008881B20022204600F07D
:107F1000D2FA70BDF000002070B504460D46002274
:107F20002946204600F08AFA2046FCF76FFD0646F7
:107F3000FEF774FF70BDF8B506460D4600BF00BFE2
:107F400000236A4641F204013046FCF737FD04463F
:107F5000012C02D10098A84200D124B90022294660
:107F6000304600F09BFAF8BD70B505460C4600BFE0
:107F700000BFA1B20022284600F09DFA2846FEF775
:107F80004DFF70BD2DE9FF4106460C461D462946B2
:107F90003046ECF700F9074621463846029A02F0CF
:107FA00098FC224629463046FFF73AFCBDE8FF819F
:107FB0002DE9F04106460D4600BF00BF00BF00BFDF
:107FC000706818B900BF00BFBDE8F08115B900BFE7
:107FD00000BFF9E73046FEF75EFE2846FBF760FC7F
:107FE00074683046FCF7CBFC074609E0A0680168DE
:107FF000781C51F82000A168096841F827007F1C0F
:108000002046FCF7BCFB801EB842EFDAA06840684F
:10801000401EA1684860A068406848B1A2685268E4
:108020009100A2681068FAF793FBA168086006E067
:10803000A1680868FAF738FB0020A1680860A86802
:108040004068401CA9684860AA6852689100AA6804
:108050001068FAF77DFBA96808602846FCF78FFBDB
:10806000401EA968096841F820607560002120461B
:10807000FFF720F82046FFF7EFFE32462221204688
:10808000F6F74CFA002224212046F6F747FA32464A
:1080900022212846F6F742FA002223212846F6F745
:1080A0003DFA3046FEF7BAFE3046FEF7F4FD00BF5B
:1080B0008AE770B505460E46144600BF00BF31463C
:1080C000284600F0A4FA2146284600F0B9FA70BD0F
:1080D00070B505460C462846FBF7E2FBA868407ED3
:1080E00000F00F00A04201D0A9684C7670BD70B5B9
:1080F00004460D462046FBF7D3FBA068007E65F3DF
:108100008300A168087670BD70B504460D46204610
:10811000FBF7C6FBA068007E65F30510A168087632
:1081200070BD70B504460D4600BF00BF2046FBF78A
:10813000B7FBA068007E00F00300A84200D170BD2C
:10814000A068007E65F30100A16808762046FEF76E
:10815000A2FD00BFF3E770B505460E46144600BF0A
:1081600000BF3146284600F039FA21462846FFF77D
:10817000E2FE70BD2DE9F04F89B007468946388C84
:10818000484502D109B0BDE8F08F00BF00BF388C70
:108190000890A7F820904A4638460899DCF7B0FDC9
:1081A0008246BAF1000F00D1ECE74FF42070FAF7E5
:1081B000E7F905464FF420712846FAF78CFC0024B5
:1081C000002697E0F86800EBC6000790F96801EB1D
:1081D000C601496821F07F4000F04FFA0690F96827
:1081E00001EBC601496821F07F4000F042FA05909A
:1081F000069820EA090000B17BE007984068C0F3C8
:10820000406000B175E0079904AA0868672102F090
:1082100003F800B96DE0DDF810804FF0000B60E06E
:108220000020039026E0039800EB800005EB80001F
:1082300040680290029800F020FA0190029800F045
:1082400018FA0090D8F8000030F81B10039800EBE3
:10825000800005EB80000089814208D105990098D3
:10826000884204D106990198884200DB05E0039812
:10827000401C03900398A042D5D300BF0398A042AE
:108280002DD1B8F80C0004EB840125F82100B8F8D2
:10829000100004EB840105EB8101488004EB8401AC
:1082A00005EB8101D8F80800C860D8F8000030F864
:1082B0001B0004EB840105EB8101088104EB8401C0
:1082C00005EB8101D8F8040008610798406820F0A8
:1082D0007F4004EB840105EB81014860641C0BF1D5
:1082E000010BD8F8000030F81B0008B1202C97D300
:1082F00000BF761C788CC0F3C500B04202D9202C98
:10830000FFF460AF002613E006EB860105EB810168
:10831000486800F0AEF9804606EB860005EB800069
:108320004B46009041463846089ADCF711FC761C13
:10833000A642E9D32846FAF79FF9BAF1010F03D113
:108340003846FEF7A8FC13E0BAF1030F07D14FF649
:10835000FF724FF470213846FFF762FA08E0BAF175
:10836000020F05D13846FEF796FC3846FFF710FAA3
:1083700000BF07E7F8B506460C46154600942B46A5
:1083800041F209013046009AFFF7FCFDF8BDF8B54F
:1083900006460C46154600942B4641F26A4130468B
:1083A000009AFFF7EFFDF8BD37B582B005461446D9
:1083B000BDF80C00ADF80400234620212846019AA0
:1083C000FFF7E0FD05B030BDF8B506460C46154692
:1083D00000942B4640F628013046009AFFF7D2FD64
:1083E000F8BDF8B506460C46154600942B462121EB
:1083F0003046009AFFF7C6FDF8BD0000F8B5064606
:108400000C46154600942B46034801883046009AD6
:10841000FFF7B8FDF8BD0000F8000020F8B50646EB
:108420000C46154600942B46034801883046009AB6
:10843000FFF7A8FDF8BD0000F4000020F8B50646DF
:108440000C46154600942B46034801883046009A96
:10845000FFF798FDF8BD0000FC000020F8B50646C7
:108460000C46154600942B46034801883046009A76
:10847000FFF788FDF8BD0000F6000020F8B50646BD
:108480000C46154600942B46034801883046009A56
:10849000FFF778FDF8BD0000FA000020F8B50646A9
:1084A0000C46154600942B4641F204013046009AD2
:1084B000FFF768FDF8BDF8B506460C461546009472
:1084C0002B4641F269013046009AFFF75BFDF8BD8B
:1084D000F8B506460C46154600942B4641F20201BB
:1084E0003046009AFFF74EFDF8BDF8B506460C463B
:1084F000154600942B4641F611013046009AFFF7CD
:1085000041FDF8BDF8B506460C46154600942B46CD
:1085100041F612013046009AFFF734FDF8BDF8B578
:1085200006460C46154600942B4641F6130130468C
:10853000009AFFF727FDF8BDF8B506460C4615462C
:1085400000942B4641F610013046009AFFF71AFDC1
:10855000F8BDF8B506460C46154600942B4641F288
:108560005D413046009AFFF70DFDF8BD37B582B08A
:1085700005461446BDF80C00ADF80400234640F251
:1085800057412846019AFFF7FDFC05B030BDF8B50C
:1085900006460C46154600942B4641F20101304632
:1085A000009AFFF7EFFCF8BDF8B506460C461546F5
:1085B00000942B4641F207013046009AFFF7E2FC97
:1085C000F8BDF8B506460C46154600942B4641F218
:1085D00008013046009AFFF7D5FCF8BDF8B506460D
:1085E0000D4600BF00BF00236A4641F2010130463C
:1085F000FCF7E4F90446012C02D10098A84200D10E
:1086000024B9002229463046FFF7C1FFF8BDF8B56E
:1086100006460D4600BF00BF00236A4641F207012F
:108620003046FCF7CBF90446012C02D10098A84251
:1086300000D124B9002229463046FFF7B5FFF8BD26
:10864000F8B506460D4600BF00BF00236A4641F25A
:1086500008013046FCF7B2F90446012C02D100981B
:10866000A84200D124B9002229463046FFF7A9FFCD
:10867000F8BD014601F47F007047014688B270479B
:1086800070B505461148007810B100BF00BF70BD3D
:1086900001200E4908702846FCF7C0F904460AE09C
:1086A00000BF00BF608C20F0020060842046EEF71F
:1086B00049F900BF00BF94F82200C0F34000002831
:1086C000EED10249087000BFE1E70000B8000020C9
:1086D0003EB505460C46132D08DB00BF00BFF1F781
:1086E000F1FA0290BDF8081008463EBD0CB1042C0A
:1086F00008DD00BF00BFF1F7E5FA0190BDF80410F6
:108700000846F2E7601EC4B2054800EBC50000EB66
:10871000440000880090BDF800100846E5E700001E
:108720005C7A03083EB505460C46132D08DB00BFF6
:1087300000BFF1F7C7FA0290BDF8081008463EBD29
:108740000CB1052C08DD00BF00BFF1F7BBFA0190AA
:10875000BDF804100846F2E7601EC4B205EB8500C0
:10876000054901EB400000EB440000880090BDF893
:1087700000100846E3E700009E7903081CB5044694
:10878000132C08DB00BF00BFF1F79CFA0190BDF885
:10879000041008461CBD044800EB4400008800900B
:1087A000BDF800100846F5E778790308014600296E
:1087B00004DAC1F57A7040F4005001E041F4005051
:1087C00000B270472DE9F0470246B2F90490B2F9C1
:1087D00000A0A9EB0A0000EBD0794FEA69090FFA73
:1087E00089F31088184405B25088184406B20888E6
:1087F000401B07B24888801B04B203FB03FC07FB45
:1088000007F004FB0408E04502D80120BDE8F0872A
:108810000020FBE710B5E0F7DCFA4FF4C863002254
:108820000A490B48F2F7A3F80A48F2F7B1F84FF4F7
:10883000A07008490880F020488007484861044833
:10884000C8600846F2F7DEF810BD0000E4360020EC
:10885000C836002064430020AD8D000810B50AF032
:10886000C9F90748F7F7CBFE01200549087005480C
:1088700048600846F7F7DAFE0349086010BD0000BB
:10888000B0430020FD2B030888000020F0B503460C
:108890000C460120002113E002F001053DB1054620
:1088A000A5FB037C01FB03C600FB046138465210A4
:1088B0001E46A6FB067C04FB06CC04FB03C43B4619
:1088C000002AE9D1F0BD00002DE9F04F87B0054640
:1088D000734800680068846B714800680068C0686D
:1088E000806820606E4800680068007CC0F340002B
:1088F00038B96B4800680068007C00F0010000286F
:1089000049D067480068F2F7B9F9401E0FFA80FABB
:1089100063480068F2F74CF9401E0FFA80FB5B4693
:108920000022114601A8CDF800A0EFF705FB01A831
:1089300060605B4800680068007CC0F3400090B154
:10894000574800680068C068806920F00200801CF9
:10895000534909680968C968886101A8A060204670
:1089600000F0A0F814E04E4800680068C068806914
:108970004B4909680968C968896960F34101484839
:1089800000680068C0688161A560204600F08AF830
:1089900007B0BDE8F08F2846EFF743FA0690284667
:1089A000EFF7CCF905903E480068F2F767F9B5F9A2
:1089B0000610884205DC3A480068F2F75FF9401E6D
:1089C00001E0B5F9060006B23548DDE90521006889
:1089D000EBF764FC80464FF00009B5F9027033E014
:1089E0002888ADF80C00A888ADF81000ADF80E701E
:1089F00007EB0800401E00B2ADF8120003A860604B
:108A0000A060274800680068C06880682060BDF9E1
:108A10001200B04201DDADF81260BDF912904E4572
:108A20000CD11F4800680068C068806920F002000F
:108A3000801C1B4909680968C9688861204600F0E4
:108A400031F807EB080007B207EB0800401EB04200
:108A5000C6DD4E4522D02888ADF80C00A888ADF8B8
:108A60001000ADF80E70ADF8126003A86060A06051
:108A70000B4800680068C06880682060084800688B
:108A80000068C068806920F00200801C0449096801
:108A90000968C9688861204600F004F800BF77E7DC
:108AA000C00000202DE9F0418EB004466648006801
:108AB000F2F77AF80646306890B1706880B90CE039
:108AC000614800680068806A38B15F4A12681068BF
:108AD0005D4A12681268916A884730690028EFD1B0
:108AE0000027002558480068F2F7A6F8804641465E
:108AF000606800F023F9074653480068406930B1C8
:108B0000514A12685169606800F018F90546002F53
:108B100066D1002D64D1A06AE8B16846F3F75EFF24
:108B200049480068C06A04904748006890F82900E6
:108B30008DF81A0044480068408DADF804004248A2
:108B4000006890F829008DF8030069462046A36A62
:108B50006268984744E03C480068C06A60B33A499C
:108B60000968C86A0DA9F7F7D9F98046B8F1010F6D
:108B70001FD101210D98C1EB505000900D98C0F30A
:108B80008A20431E002211460BA8EFF7D5F905A84D
:108B9000F2F747FB2C48006890F829008DF81F0079
:108BA000294800680BAA05A9C36A2046F2F7EAFA29
:108BB00001E000BF00BF13E06846F3F70FFF224853
:108BC0000068408DADF804001F48006890F8290047
:108BD0008DF80300694620466268F3F7E3FE00BFA4
:108BE00019480068406938B115B9174800684569E7
:108BF0002946204600F0C0F917B9134800680769F4
:108C00003946204600F0B8F90F480068F1F7F8FF40
:108C100080464146204600F0AFF90B480068F1F766
:108C2000E2FF80464146204600F0A6F9064800686B
:108C30000068007CC0F3400018B903480068E1F701
:108C4000B1F90EB0BDE8F081C000002070B5002081
:108C50003849086038480068B0F8500100B970BD64
:108C6000002535480068B0F85001441E08E032483D
:108C7000006800F59870005D08B9254602E0641EA2
:108C8000002CF4DA00BF2C4800680068C0688069D6
:108C900020F00100284909680968C96888612648E8
:108CA00000680068C068806920F0020022490968F5
:108CB0000968C9688861002434E01F48006800F52D
:108CC0009870005D68BBAC420CD11B48006800681E
:108CD000C068806920F00100401C174909680968D4
:108CE000C9688861144800680068C068806920F01D
:108CF0000200114909680968C96888610E49096854
:108D0000303101EBC400FFF7DFFD0B49096830315A
:108D100001EBC400EFF766F8064909680844054905
:108D20000860641C04480068B0F85001A042C4DC2C
:108D300000BF94E7BC000020C00000202DE9FC47E4
:108D400080460C460026002204F114014046DAF762
:108D500006FB80B301212046FDF700FC58BB002034
:108D60008DF80000CDF804806A4612212046F5F700
:108D7000D5FB9DF80000022802D10020BDE8FC8749
:108D80002046FBF7FCFC074600250BE0A0680068C6
:108D900050F8259049464046FFF7D0FF064606B1F9
:108DA00002E06D1CBD42F1D300BF1EB99DF800006A
:108DB00000B9264600BF3046E0E700002DE9FC413F
:108DC00000255AE03148006800F59870405D00B118
:108DD00052E0002449E02D48006800F59870005DDD
:108DE00008B9A54200D13FE0284A1268303202EBB0
:108DF000C401264A1268303202EBC500DAF70DFBD7
:108E000000B931E021480068303000EBC4021F484F
:108E10000068303000EBC5016846DAF73FFC684671
:108E2000EEF7E0FF064619490968303101EBC5004D
:108E3000EEF7D8FF074615490968303101EBC40049
:108E4000EEF7D0FF384486420DD210490968303120
:108E500001EBC5006946EEF712FF01210B480068DF
:108E600000F59870015500BF641C08480068B0F810
:108E70005001A042AFD800BF6D1C04480068B0F894
:108E80005001A8429ED8BDE8FC810000C00000202F
:108E90002DE9F04F87B004460D4601212846FDF725
:108EA0005DFB10B107B0BDE8F08FA66803A92846A6
:108EB000FBF706FD2846DBF742FE83465A46594635
:108EC00003A8EFF717F803AA314605A8DAF706FA60
:108ED00000B9E7E705A8A060224614212846F5F767
:108EE0001DFB224615212846F5F718FB22461621C0
:108EF0002846F5F713FB4FF001084FF400212846F0
:108F0000FDF72CFB20B1306801907068029008E0FA
:108F100005F11402314601A8DAF7E0F908B94FF07B
:108F20000008B8F1000F13D001A8A0602846FBF795
:108F300026FC8146002708E0A868006850F827A0B2
:108F400051462046FFF7A4FF7F1C4F45F4D300BFD6
:108F500005A8A060224617212846F5F7DFFA224629
:108F600018212846F5F7DAFA224619212846F5F79E
:108F7000D5FAA66000BF95E72DE9F05F07460C46DD
:108F800024B923480068F1F757FE04460CB9BDE840
:108F9000F09F21463846FFF77BFFA0462046FBF7AF
:108FA00035FD05462FE04FF0000A2846FBF7E7FBAA
:108FB0008346002610E0A868006850F82690BAF1B1
:108FC000000F04D1C14506D14FF0010A03E0494624
:108FD0003846FFF75DFF761C5E45ECD33A46172115
:108FE0002846F5F79BFA3A4618212846F5F796FAEF
:108FF0003A4619212846F5F791FAA8462846FBF784
:1090000005FD054600BF002DCDD100BFBFE7000024
:10901000C00000202DE9F04107460C46254695F892
:109020002A0020F0010085F82A000020A884E884A6
:10903000288510212046FAF755FE4FF4007120468E
:10904000FAF750FE00BF00BF21460848FAF79BFD23
:1090500006463046FAF70CFE002205A1204600F035
:1090600057F900BF00BFBDE8F0810000E07C0308B5
:109070004F7074696F6E20310A4F7074696F6E2083
:10908000320A4F7074696F6E20330A4F7074696FC3
:109090006E20340A4F7074696F6E20350000000036
:1090A0002DE9F84F884641467248FBF725FB81467B
:1090B000B9F1010F01D0BDE8F88F4046F5F7C7F9C7
:1090C00005464046F5F724FA07463C462C2D08D1C4
:1090D0004046F5F71AFA06463846EBF722FC308090
:1090E000C5E02A2D11D13846EBF727F8064626B100
:1090F00000222A213046F5F711FA3846FEF777FBB1
:109100000021384605F0C0FBB1E0292D04D1002133
:10911000384605F0B9FBAAE0012D0BD1A06A20F476
:109120000030A0623846EBF708F806465249EDF7E2
:1091300029FF9CE0022D20D1F7F7AAFA8246694662
:109140005046F7F701FBBDF80200A8B13846EAF730
:10915000F4FF83465846FDF7D0F9BDF802100844E5
:1091600006B231465846FFF76BFAA06A20F4003089
:1091700000F50030A06200BF79E0082D01D0032D7A
:1091800003D1384605F0CEFC71E00E2D22D13846D1
:10919000FBF7E2FB83465846F5F7C8FF0646F7F7AC
:1091A00077FA0090F7F7C9FA8246BAF1040F0ED1A8
:1091B00056B9E08C218D88420BD0208DE0840121AE
:1091C000384605F061FB04E0E08C208501E0E08C8E
:1091D00020854CE00F2D0AD1E08C218D884246D0AD
:1091E000208DE0840121384605F04EFB3FE00D2D37
:1091F0002CD14046F5F789F90678132E01D0122EAE
:1092000010D1E08C401CA18C88421EDAB4F828A052
:10921000E08C401C81B20122384600F0F6F8A4F838
:1092200028A012E0142E01D0112E0ED1E08C0028BF
:109230000BDDB4F828A0E08C401E81B20122384634
:1092400000F0E3F8A4F828A000BF10E0132D07D128
:109250003846EAF772FF06463046FEF799FA06E00E
:10926000152D01D0182D02D14046E3F7BAFF00BFFB
:1092700021E70000C47C03082DF502082DE9F05F0A
:109280000F463846F5F7E3F80446152C08D0394662
:109290001E48FBF731FA0546012D01D0BDE8F09FCD
:1092A0003846F5F735F98246132C1DD13846F5F7C7
:1092B0002CF906465046FBF7A9FB83465846EBF7C8
:1092C00030FB80465046FDF7ECF88146B6F90000C9
:1092D000A8EB0901884202DDB6F9000001E0A8EB25
:1092E000090000B230800EE0292C07D15046FBF770
:1092F0008DFB0646002105F0C7FA04E0152C02D1CB
:109300003846E2F7E9FB00BFC8E70000E07C03084D
:109310002DE9F84F05460E46934600BF00BF00BF3B
:109320001EB900BF00BF00BFFEE700BF2C462846A5
:10933000EAF703FF00900020E0842085A0848046A7
:1093400008E016F808000A2802D1A08C401CA0846E
:1093500008F1010816F808000028F2D1A08C401C82
:10936000A084BBF1000F0AD194F82A0020F001007C
:1093700084F82A0031460098F8F7A4FD3EE094F8FE
:109380002A0020F00100401C84F82A003046D6F75D
:1093900096FF00F10109C9EBC900F9F7F1F807469A
:1093A0004FF0000A0FE009FB0A703146D6F7A9FF1B
:1093B0000A210AF1010009FB00F0401E39540AF1AC
:1093C000010000F0FF0ABAF1070FECDB0021C9EB46
:1093D000C900401E395439460098F8F773FD3846E5
:1093E000F9F74AF9A08C00EB4000E084A08CC0EBB8
:1093F000C000A0842846ECF78DFC00BFE08C2085DF
:109400000098FEF7C5F9BDE8F88F2DE9F041054653
:109410000E46174600BF00BF2C4694F82A0000F005
:10942000010070B13146E28C072392FBF3F290B257
:1094300010B1C0EBC002891AC0EBC0020A4496B258
:1094400000BFA08CB04201DD304601E0A08C401E80
:10945000E084E08C20853946284605F015FABDE801
:10946000F0812DE9F04107460C462546002045F8DD
:10947000700F287920F001002871287920F002006F
:109480002871703D4FF440712046FAF72BFC1021F3
:109490002046FAF727FC0020F1F778FB502101EB7A
:1094A000C000A02190FBF1F0012809DD0020F1F7B8
:1094B0006DFB502101EBC000A02190FBF1F000E01A
:1094C000012006B231462046FEF7E8FCBDE8F081F7
:1094D0002DE9F34F8BB0FE480C99FBF70DF90A907C
:1094E0000A98012802D00DB0BDE8F08F0C98F4F76F
:1094F000AEFF05460C98F5F70BF8064634463046A5
:1095000000F08DFB8046112D31D10C98F4F7FDFF52
:109510000746B06818B1B068B0F9140000E0002048
:10952000814604F1680108A8EEF7E8FB4A4649467F
:1095300008A8EEF7DFFC002208A83968D9F7E5FF94
:109540003871387990B9B8F1020F0FD104F1600188
:1095500008A8EEF7D3FB4A46494608A8EEF7CAFC2E
:10956000002208A83968D9F7D0FF38714FE3012DE0
:1095700078D13046FDF78FFB94F8740020F001009D
:10958000401C84F87400B8F1000F02D0B8F1010F4C
:1095900003D104F12400206757E1B8F1020FFBD199
:1095A000F7F776F8834609A9F7F78CF83046FCF709
:1095B00078FF83463046FBF7D9F9834501DB01206C
:1095C00000E00020089000213046FCF7C7F807466D
:1095D0000898002876D0012F05D0BDF92410B4F9E1
:1095E0006C00814207DC012F09D1BDF92400B4F9D8
:1095F0006810884203DA04F12400206724E1012F77
:1096000005D0BDF92400B4F96010884207DB012FB2
:1096100009D1BDF92410B4F96400814203DD04F1DD
:109620003000206710E1B4F96430B4F960C0A3EBF6
:109630000C0202EBD2730CEB6303BDF924C0A3EB65
:109640000C03002B0FDDB4F96430B4F960C0A3EB58
:109650000C0101EBD1730CEB6303BDF924C0A3EB48
:109660000C030EE0F2E0B4F96430B4F960C0A3EB8F
:109670000C0000EBD0730CEB6303BDF924C0ACEB22
:1096800003030FFA83F9B4F96C30B4F968C0A3EBA3
:109690000C0202EBD2730CEB6303BDF924C0A3EB05
:1096A0000C03002B0FDDB4F96C30B4F968C0A3EBE8
:1096B0000C0101EBD1730CEB6303BDF924C0A3EBE8
:1096C0000C030EE026E0B4F96C30B4F968C0A3EBEB
:1096D0000C0000EBD0730CEB6303BDF924C0ACEBC2
:1096E00003030FFA83FACA4509DA04F1240020675C
:1096F00094F8740020F0020084F87400A4E004F1EF
:109700003000206794F8740020F00200801C84F878
:10971000740099E0BDF92610B4F96A00814203DAB9
:1097200004F1240020678FE0BDF92610B4F966002B
:10973000814203DD04F13000206785E0B4F966C0A2
:10974000B4F96230ACEB030202EBD2734FEA630C64
:10975000B4F962306344BDF926C0A3EB0C03002BBF
:1097600011DDB4F966C0B4F96230ACEB030101EB72
:10977000D1734FEA630CB4F962306344BDF926C07B
:10978000A3EB0C0310E0B4F966C0B4F96230ACEBA3
:10979000030000EBD0734FEA630CB4F9623063440A
:1097A000BDF926C0ACEB03030FFA83F9B4F96EC020
:1097B000B4F96A30ACEB030202EBD2734FEA630CEC
:1097C000B4F96A306344BDF926C0A3EB0C03002B47
:1097D00011DDB4F96EC0B4F96A30ACEB030101EBF2
:1097E000D1734FEA630CB4F96A306344BDF926C003
:1097F000A3EB0C0310E0B4F96EC0B4F96A30ACEB23
:10980000030000EBD0734FEA630CB4F96A30634491
:10981000BDF926C0ACEB03030FFA83FACA4509DA97
:1098200004F12400206794F8740020F0020084F80A
:10983000740009E004F13000206794F8740020F00F
:109840000200801C84F8740000BFE0E1022D78D192
:10985000206F002875D0F6F71BFF09900998F6F7DE
:109860006CFF012800D03EE608A90998F6F72AFF08
:1098700000213046FBF772FF07903046FCF711FEDF
:1098800082463046FBF772F8834600213046FCF7EB
:1098900034FA069000213046FCF7D8FA05900021F2
:1098A0003046FCF7A3FB049000213046FCF748F952
:1098B0008146D4E90A10401A03900027E06A02901A
:1098C000A06A0190DA4521DB0699AAEB010201E0CA
:1098D000FC7C03080599511A08B20799012907D1A0
:1098E000B6F918200599511ABDF920208F1A06E003
:1098F000BDF92020B6F9143006991944571A039976
:10990000794391FBF0F7A16A0F4412E0ABEB090237
:109910000499511A08B2BDF92220B6F91A10494427
:10992000571A7942039A514391FBF0F7A16A0F4409
:1099300000BF04F13000216F814203D1606A0290C0
:1099400002E01EE0206B01900198874201DA019F3E
:1099500003E00298874200DD029F206F0068B84252
:109960000ED0206F07603046FDF795F900221C21CC
:109970003046F4F7D3FD0A900A98012800D0B2E5EA
:1099800045E1082D01D0032D3ED194F8740020F05C
:10999000010084F87400002020673046FDF77BF951
:1099A0003046FAF7D9FF82465046F5F7BFFB074627
:1099B000F6F76EFE8346F6F7C0FE8146B9F1040F56
:1099C00021D107B3304600F02AF9022817D194F8C4
:1099D0007400C0F3400038B994F8740020F002001D
:1099E000801C84F874000EE094F8740020F00200EB
:1099F00084F8740000215046F5F73BFC03E0002199
:109A00005046F5F736FC02E10E2D10D1F6F740FE78
:109A10008146F6F792FE0746042F01D0022F05D1AA
:109A200094F8740020F0020084F87400EFE0292D0F
:109A300003D13046FDF7ACFEE9E0132D7ED14FF4A3
:109A400040313046FCF759F909904FF44031304627
:109A5000FCF7FCF908904FF440313046FCF7C6FAA9
:109A600082464FF440313046FCF76AF807904FF4D5
:109A7000403B43F60E0259463046FCF7EBFA0390A2
:109A8000039800B2069059463046FCF795FC0590C5
:109A900059463046FCF776FC04903046FCF701FD51
:109AA0000222059902FB010B3046FAF75FFF022202
:109AB000049902FB0100834507DA3046FCF7F1FC0C
:109AC0000222059902FB010006E03046FAF74EFF3C
:109AD0000222049902FB0100401007B20698784365
:109AE000001207B2DDE90810884201DD099900E0A3
:109AF00008990798504501DD079800E050468142DB
:109B000007DDDDE90810884201DD099807E00898C3
:109B100005E00798504501DD079800E050463844BD
:109B200007B2B81C07B24FF440313046F9F761FF75
:109B3000384407B20C98F4F7E8FC00E00BE08146EB
:109B4000B9F90000B84202DDB9F9000000E038467A
:109B5000A9F800005BE00D2D54D10C98F4F7D5FC6A
:109B60000778132F01D0112F23D194F87400C0F37C
:109B7000400050B9304600F061F800F101090122BF
:109B80004946304600F06AF809E0304600F041F8F6
:109B900000F1010901224946304600F055F8002243
:109BA0001C213046F4F7BAFC0A900A98012828D004
:109BB00099E4142F01D0122F23D194F87400C0F32C
:109BC000400050B9304600F039F8A0F101090122F7
:109BD0004946304600F042F809E0304600F019F8F6
:109BE000A0F1010901224946304600F02DF800227B
:109BF0001C213046F4F792FC0A900A98012800D004
:109C000071E404E0152D02D10C98E1F74DFE00BF80
:109C100069E410B504462046EEF7E5FA10BD70B5CC
:109C200005462846EEF7D6FA0446012C00D170BD51
:109C3000022C01D10220FAE70020F8E710B5044613
:109C40002046EEF7E3FA10BD70B504460D46164601
:109C5000324629462046EEF7EBFA70BD70B5044651
:109C60000D461646324629462046EEF717FB70BDD4
:109C70000FB47CB504460D4609A8019001980090E8
:109C80002A4621460548089BDBF79AFD0646002038
:109C9000019030467CBC5DF814FB00008B55000839
:109CA00070B506460C4600BF00BF2546002045F8AB
:109CB000600F288A20F0F0002882288A20F00F0008
:109CC000401D28820120E860104868604042A8607A
:109CD000288A20F480702882288A20F4C06000F549
:109CE00080602882603D0121204601F079FF01213A
:109CF000204601F0E4FE82212046FEF76FFC20465C
:109D000000F08EF900BF00BF70BD00009F8601000B
:109D100070B5054600BF00BF2C46E16E206E401AAC
:109D2000A16E88420EDBE16E206E401A05D5206ED2
:109D3000002802DD206E40422066E16E206E401A4F
:109D400020660DE0B4F87000C0F3002030B1A16EC1
:109D5000206E884202D1606E206601E0A06E20660F
:109D6000284600F05DF970BD2DE9F34F83B0012066
:109D7000029077480499FAF7BFFC029002980128F4
:109D800002D005B0BDE8F08F0498F4F760FB0646FA
:109D90000498F4F7BDFB07463C46082E7ED1F6F743
:109DA00077FC01900198F6F7C8FC042840D13846AA
:109DB000FAF7D2FD0546F5F7B9F9002811D094F865
:109DC000700000F00F0001280BDDB4F87000C0F344
:109DD0004120022814D1E06E012803DD384600F04E
:109DE000E6F87AE094F8700000F00F00821E0A2076
:109DF0000021FEF74BFDE066384600F0EBF86CE022
:109E000094F8700000F00F00421E0A200021FEF7B7
:109E10003DFDE26ED317101A8B4103DA384600F08D
:109E2000D9F85AE00A20E066384600F0C0F854E05D
:109E3000384601F032FE82465046D6F740FA834655
:109E4000206C1AF800002E2803D1384601F0ABFC34
:109E500011E0206C584505D1ABF10101384601F005
:109E600039FE08E0206C30B9A06E002803DA012129
:109E7000384601F02FFE94F8700000F00F00401EED
:109E800000904020005B85B294F87010C1F303117C
:109E9000206C884208D994F8700000E01EE0C0F3FE
:109EA000031008B1681E85B20098A0EB0508A06EEB
:109EB000002801DA08F101080120E0664FF00009EE
:109EC00008E0E06E00EB80004000E06609F1010070
:109ED0001FFA80F9C145F4D300BF36E00D2E34D10E
:109EE000F6F7D6FB8146F6F728FC80460498F4F78F
:109EF0000CFB0568132D0AD1B8F1040F03D13846C5
:109F000000F028F820E0384600F051F81CE0142D4D
:109F10000AD1B8F1040F03D13846FFF7F9FE13E078
:109F2000384600F057F80FE0112D03D1384600F005
:109F300011F809E0122D03D13846FFF7E9FE03E0DE
:109F40002946384601F002FA00BF00BF19E70000B9
:109F50008C43030870B5054600BF00BF2C46E16E78
:109F6000206E0844616E88420FDCE16E206E08446A
:109F7000002805DD206E002802DA206E40422066AF
:109F8000E16E206E084420660DE0B4F87000C0F366
:109F9000002030B1D4E91801884202D1A06E2066B9
:109FA00001E0606E2066284600F03AF870BD70B59A
:109FB000064600BF00BF34460A21E06E90FBF1F573
:109FC000002D01DDE56601E00120E066304600F08D
:109FD00027F870BD2DE9F041054600BF00BF2C46B3
:109FE000D4E91910002802DAA06E404200E0A06E09
:109FF000814201DD606E06E0A06E002802DAA06EEC
:10A00000404200E0A06E0746E06E00EB8000460094
:10A01000BE4200DCE666284600F002F8BDE8F081AA
:10A020002DE9F04F8BB081464D46122106A8F8F776
:10A0300052FD06AE4FF0000BA86E002808DA286E1D
:10A04000002801DB2B2000E02D203070761C03E07F
:10A050000BF1010000F0FF0B286E002801DD286ED7
:10A0600001E0286E404203463EA20E2102A8FFF7FF
:10A07000FFFD02A8D6F723F995F8701001F00F0143
:10A08000A1EB0008B8F1000F15DD02A8D6F717F90B
:10A0900084B206E002A8005D04EB080102AA505455
:10A0A000641E002CF6DA002403E0302002A90855D3
:10A0B000641C4445F9DB95F87000C0F3031020B927
:10A0C00095F8700000F00F0003E095F87000C0F301
:10A0D00003100190002404E002A8005D3070761C9B
:10A0E000641C0198844203DA02A8005D0028F3D1C1
:10A0F00095F87000C0F3031090B12E203070761CDC
:10A1000004E002A8005D3070761C641C95F87000B5
:10A1100000F00F00A04203DD02A8005D0028F0D18E
:10A1200006A9484601F0AEFDD5F86CA095F8700080
:10A1300000F00F0704E00A209AFBF0FA781EC7B27D
:10A14000BAF10A0FF7DA0198874201DD781CC7B22D
:10A15000A7EB0B00C7B23946484601F0BBFC0BB079
:10A16000BDE8F08F2564000030B591B005460C467F
:10A1700002212046F9F7B6FD01A8ECF74BFF00BF1E
:10A18000019400BF1A4901A8ECF7C9FF01A84FF6D6
:10A19000FF71818700BF174908680B9000BF164800
:10A1A000006800F5B4721448016801A8ECF7D9FF03
:10A1B00001A8ECF7F9FF1148079000BF4FF4B47203
:10A1C000002101A8ECF7CDFF0D4901A8ECF7A7FF8E
:10A1D00001A8ECF7E9FF4FF4B47200212046EDF737
:10A1E000ECFB4FF487712046EDF7BCFC11B030BD9D
:10A1F00055640008C4010020C80100204D7001080A
:10A200006564000870B504460D4616463246294678
:10A21000204600F03CF870BDF0B503469888C00BAE
:10A2200068B11C6807E02088884203D1606810602C
:10A230000120F0BD083420880028F4D1F9E7D8794E
:10A2400008B90020F5E7D879012815DDD8791F680D
:10A2500007EB80052E4600240AE036F814008842F9
:10A2600005D11F6857F8240010600120E1E7641C45
:10A27000D879A042F1D808E09888C0F30E0088424F
:10A2800003D1186810600120D3E70020D1E7F0B5B2
:10A2900003469888C00B68B11C6807E02088884294
:10A2A00003D1606810600120F0BD083420880028C8
:10A2B000F4D1F9E7D87908B90020F5E7D879012871
:10A2C00015DDD8791F6807EB80052E4600240AE0CB
:10A2D00036F81400884205D11F6857F82400106032
:10A2E0000120E1E7641CD879A042F1D808E0988801
:10A2F000C0F30E00884203D1186810600120D3E734
:10A300000020D1E710B5044608212046F8F7E3FB0A
:10A3100010BD014600BF00BFC87908B901207047D1
:10A320000020FCE73EB504464E2C75D01EDC332CD5
:10A3300073D00EDC292C78D006DC202C45D0222CC2
:10A3400053D0252C6CD177E0302C4FD0312C67D1F5
:10A3500068E0462C68D004DC3B2C49D0442C79D1F1
:10A3600045E0472C48D04D2C74D143E040F63C01E9
:10A37000601A8C425AD010DC40F25741A4EB010025
:10A380008C4238D004DC522C33D0532C62D150E0B4
:10A39000012848D00B285DD143E040F2CA72811AEF
:10A3A000904253D006DC092841D0A0F2C7700028A3
:10A3B00050D14AE0A1F2534088B3A0F50C50B53813
:10A3C00070BB4FF48070029048E000BFFF2211463E
:10A3D0001046EFF734FE0090BDF8001008460190DB
:10A3E000BDF80400ADF8080038E000BF00BF00BFB2
:10A3F00000BF00BF00BF00BF00BF002211461046D3
:10A40000EFF71DFE0090BDF8001008460190BDF862
:10A410000400ADF8080021E00AE010E005E011E0DA
:10A4200018E000BF00BF00BF00BF00BF00BF00BFFB
:10A4300000BFFF20029011E0FF2002900EE00F20ED
:10A4400002900BE00748029008E000BF41F6FF7061
:10A45000029003E000200290029000BF00BF02982B
:10A460003EBD00005C79030803480088401C024997
:10A470000880084600887047200200202DE9FE4F22
:10A480000446884600BF00BFA088C00B20B100BFB3
:10A4900000BF0020BDE8FE8FE07908B90020F9E791
:10A4A000E07901280ED1A088C0F30E00404507D105
:10A4B000A0886FF30E00A0800020E0710120E9E782
:10A4C0000020E7E7E079216801EB80060296029E12
:10A4D000002553E036F8150040454ED1D4F80090E1
:10A4E000E079022812D10120E0710DB9708800E0F6
:10A4F0003088A18860F30E01A1801DB9D9F804004D
:10A50000206035E0D9F80000206031E0E079401E9D
:10A5100000EB4000400001900198F7F7F7FF8246FA
:10A52000BAF1000F01D10020B4E7C4F800A0E0792F
:10A53000401EE071E0790AEB8000029002980090E2
:10A54000D34600273D460FE036F8170040450AD0B5
:10A5500059F827104BF8251036F8172028466D1C9F
:10A56000009921F810207F1CE079B842ECD200BF9E
:10A570004846F8F799F801208CE76D1CE079A8426D
:10A58000A8D8002086E710B5044600BF00BFA08809
:10A59000C00B10B100BF00BF10BDE079012802DD83
:10A5A0002068F8F781F808212046F8F794FA00BFF0
:10A5B000F2E738B505460C46009465212846009A16
:10A5C00000F087F938BD13B582B00446BDF80C0021
:10A5D000ADF8040052212046019A00F07AF91FBD1F
:10A5E00038B505460C46009451212846009A00F0E3
:10A5F00070F938BD38B505460C4600944FF4056136
:10A600002846009A00F065F938BD13B582B00446BB
:10A61000BDF80C00ADF8040020212046019A00F09E
:10A6200058F91FBD13B582B00446BDF80C00ADF853
:10A63000040022212046019A00F04BF91FBD38B5D5
:10A6400005460C46009440F628012846009A00F082
:10A6500040F938BD38B505460C46009421212846FE
:10A66000009A00F036F938BD13B582B00446BDF843
:10A670000C00ADF8040030212046019A00F029F9C1
:10A680001FBD38B505460C46009431212846009A76
:10A6900000F01FF938BD38B505460C46009434214A
:10A6A0002846009A00F015F938BD38B505460C4625
:10A6B000009433212846009A00F00BF938BD38B5D4
:10A6C00005460C46009441F232012846009A00F0FB
:10A6D00000F938BD38B505460C460094612128467E
:10A6E000009A00F0F6F838BD38B505460C460094DF
:10A6F00063212846009A00F0ECF838BD38B50546CD
:10A700000C46009464212846009A00F0E2F838BD17
:10A7100038B505460C46009441F204012846009ADB
:10A7200000F0D7F838BD13B582B00446BDF80C0070
:10A73000ADF804004D212046019A00F0CAF81FBD73
:10A7400038B505460C46009440F649012846009A63
:10A7500000F0BFF838BD38B505460C46009441F20C
:10A7600006012846009A00F0B4F838BD38B5054611
:10A770000C46009441F203012846009A00F0A9F823
:10A7800038BD13B582B00446BDF80C00ADF8040026
:10A790003B212046019A00F09CF81FBD38B50546C4
:10A7A0000C46009440F63C012846009A00F091F8CF
:10A7B00038BD38B505460C46009440F63D012846A4
:10A7C000009A00F086F838BD38B505460C4600946E
:10A7D00040F63A012846009A00F07BF838BD70B583
:10A7E00004460D462946204600F03BF829462046FF
:10A7F00000F042F82946204600F054F82946204649
:10A8000000F001F870BD38B505460C46009441F6DD
:10A8100011012846009A00F05CF838BD38B50546AD
:10A820000C46009441F615012846009A00F051F8B4
:10A8300038BD70B504460D462946204600F027F87D
:10A8400029462046FFF7EAFF70BD70B504460D4665
:10A850002946204600F005F82946204600F00CF86D
:10A8600070BD38B505460C46009441F612012846E5
:10A87000009A00F02EF838BD38B505460C46009415
:10A8800041F613012846009A00F023F838BD38B588
:10A8900005460C46009441F614012846009A00F043
:10A8A00018F838BD38B505460C46009441F610013D
:10A8B0002846009A00F00DF838BD70B504460D46E4
:10A8C00029462046FFF7EEFF29462046FFF79BFF6B
:10A8D00070BD2DE9F74F82B004460F4600BF00BFA0
:10A8E000A088C00B20B100BF00BF05B0BDE8F08F4D
:10A8F000E079012843DDE079216801EB8008C24658
:10A90000E079451E09E03AF81500B84204D1206804
:10A91000049A40F82520E8E76D1E002DF3DAE0796F
:10A92000401C00EB40004000019020680199F7F7BF
:10A930000FFF064606B9D8E72660E07906EB8008E7
:10A94000C246E079451E05E03AF81510A81C2AF821
:10A9500010106D1E002DF7DAE079401CE071E079EF
:10A9600006EB8008C246B346E079401E2AF8107014
:10A97000E079401E5E4604994BF8201037E0E079FC
:10A9800001282CD1A088C0F30E00B84202D104984F
:10A990002060AAE7E079401C00EB40004FEA400B42
:10A9A0005846F7F7B3FD054605B99EE720680190C4
:10A9B0002560E079401CE071E07905EB8008C24633
:10A9C0002E46A088C0F30E00D046AAF80000AAF8D0
:10A9D00002703546019830600498706007E00120ED
:10A9E000E071A08867F30E00A080049820603846CC
:10A9F000DAF712FB8146A179012202FA09F211432A
:10AA0000A17100BF71E738B505460C46009460217E
:10AA10002846009AFFF75DFF38BD13B582B00446A3
:10AA2000BDF80C00ADF8040044212046019AFFF760
:10AA300050FF1FBD38B505460C46009440F6420154
:10AA40002846009AFFF745FF38BD38B505460C4645
:10AA5000009440F645012846009AFFF73AFF38BDBA
:10AA600038B505460C46009440F643012846009A46
:10AA7000FFF72FFF38BD38B505460C4600944FF45C
:10AA800004612846009AFFF724FF38BD70B50446DC
:10AA90000D462946204600F054F829462046FFF787
:10AAA00037FE70BD38B505460C46009441F25D4155
:10AAB0002846009AFFF70DFF38BD13B582B0044653
:10AAC000BDF80C00ADF8040040F257412046019A51
:10AAD000FFF7FFFE1FBD38B505460C46009441F256
:10AAE00059412846009AFFF7F4FE38BD38B50546AF
:10AAF0000C46009441F25B412846009AFFF7E9FEBC
:10AB000038BD38B505460C46009440F60B01284682
:10AB1000009AFFF7DEFE38BD38B505460C460094B6
:10AB200040F60A012846009AFFF7D3FE38BD38B533
:10AB300005460C46009467212846009AFFF7C9FE97
:10AB400038BD38B505460C46009441F2010128464F
:10AB5000009AFFF7BEFE38BD2DE9F04704460D46CA
:10AB600016461F46DDE9088914212046F7F7B3FF92
:10AB700025600EB9054800E03046A060E760C4F8E3
:10AB80001080C4F80490BDE8F0870000D37001087D
:10AB900070B504460D46264675623046FCF77BF8D4
:10ABA00070BD70B5044625684FF0FF3068622846D6
:10ABB000FCF771F870BD70B506460C4625464FF09F
:10ABC000FF30686210212046F9F78CF808212046F2
:10ABD000F8F76CFB4FF480612046F8F767FB70BD17
:10ABE00070B506460C46254600212846ECF7CAF902
:10ABF00070BD00002DE9FC5F0F4639463D48F9F76E
:10AC00007BFD01900198012801D0BDE8FC9F3846EA
:10AC1000F3F71DFC05463846F3F77AFC0090132D38
:10AC200058D14FF440310098FBF774F880464FF448
:10AC300040310098FBF717F981464FF440310098F6
:10AC4000FBF7E1F982464FF440310098FAF785FFAF
:10AC50008346C84501DD404600E04846D34501DD56
:10AC6000594600E05146884205DDC84501DD4046B1
:10AC700006E0484604E0D34501DD584600E0504672
:10AC80000646B01C06B24FF440310098F8F7B1FE0A
:10AC9000304406B23846F3F738FC0446B4F90000F5
:10ACA000B04202DDB4F9000000E0304620804FF4ED
:10ACB00000310098F8F79DFEB4F90010884202DADE
:10ACC000B4F9000004E04FF400310098F8F791FE69
:10ACD00020800DE01C2D06D1009800F00DF80098A2
:10ACE000FBF7D9FF04E0152D02D13846E2F767FBE8
:10ACF00000BF8AE7187D03082DE9F04790B0804631
:10AD000000BF00BF44460025652229462046FBF7C8
:10AD1000A1F90F900F9F00BF002F47D04046FAF7D0
:10AD200089FC00F0010A606A401C80B9BAF1000F8A
:10AD300001D0002001E04FF480700546BAF1000F09
:10AD400002D04FF4807000E00020064608E0656AFB
:10AD5000BAF1000F02D04FF4807000E000200646E8
:10AD6000A81B002801DDA81B00E0701B78434FEAF8
:10AD7000102900212046ECF705F96846ECF74AF95E
:10AD800000BF009400BF0B48019000BF00BF0795B3
:10AD90000895099600BF0848039000BF00BFCDF892
:10ADA000289000BF6846ECF7FFF900BF10B0BDE87F
:10ADB000F087000091AB0208A3AB020870B506460D
:10ADC0000C4625460120A884E884A98C4800F7F7A2
:10ADD0009DFB2863E98C4800F7F798FBE862822026
:10ADE000296B0880E96A0880EA8CAB8C5A43910091
:10ADF000A86AF7F7ADFCA8620020A96A086070BDD8
:10AE00002DE9F04107460E46344600250EE0A06AC3
:10AE100050F8250040B1A16A51F82500F7F744FC2D
:10AE20000020A16A41F82500681C85B2A08CE18C45
:10AE30004843A842EBDCA06A10B1A06AF7F734FCE3
:10AE4000E06A10B1E06AF7F72FFC206B10B1206BBD
:10AE5000F7F72AFCBDE8F0812DE9F34F83B0834872
:10AE60000499F9F749FC8146B9F1010F02D005B008
:10AE7000BDE8F08F0498F3F7EAFA06460498F3F772
:10AE800047FB824654462A2E04D10021504603F047
:10AE9000B3FDE9E02C2E27D10498F3F736FB80466A
:10AEA0004FF0000B002506E0206B30F815005844E9
:10AEB0000FFA80FB6D1CA08CA842F5D80027002556
:10AEC00005E0E06A30F81500384407B26D1CE08CEC
:10AED000A842F6D8ABF1010000B2A8F80000781E35
:10AEE00000B2A8F80200BFE0012E01D0022E1BD153
:10AEF00002AA01A95046E9F76BFA0546012D12D1C5
:10AF0000A08EBDF80810884204D1E08EBDF8041070
:10AF1000884208D0BDF80800A086BDF80400E0868D
:10AF20005046FBF7B8FE9FE0082E2BD15046FBF7AA
:10AF3000B2FEF5F7ADFB80464046F5F7EEFB07465F
:10AF4000A08E4FF6FF7188420DD0E08E88420AD065
:10AF50004FB900221C215046F3F7E0FA8146B9F1BF
:10AF6000010F00D083E7F5F793FB8346F5F7E5FB88
:10AF70000546012D01D0032D03D14FF6FF70A086A9
:10AF8000E08671E00E2E03D15046FBF784FE6BE0A5
:10AF90000D2E64D10498F3F7B8FAD0F80080A78E8C
:10AFA000E58E4FF6FF70874201D0854206D1002022
:10AFB000A086E0865046FBF76EFE58E7A08CB842AC
:10AFC00000DC0027E08CA84200DC0025B8F1140F5B
:10AFD00001D17F1E0FE0B8F1130F01D17F1C0AE0F1
:10AFE000B8F1110F01D16D1E05E0B8F1120F01D1BA
:10AFF0006D1C00E03BE7A08CB84209DCE08C401EF1
:10B00000A84202DD00276D1C0AE0A08C471E07E065
:10B01000002F05DA1DB1A08C471E6D1E00E0002731
:10B02000E08CA84202DCE08C451E02E0002D00DA34
:10B030000025A08EB84202D1E08EA8420ED0A7868D
:10B04000E5865046FBF727FE00221C215046F3F709
:10B0500065FA8146B9F1010F00D008E704E0152E2A
:10B0600002D10498E2F78EFA00BF00E7347D0308AE
:10B070002DE9F04781460D462C465148007884F86A
:10B080002C0094F82C00012810D0022813D004289A
:10B0900002D0082814D104E001212846FCF72AFF39
:10B0A0000EE009212846FCF725FF09E0002128468B
:10B0B000FCF720FF04E008212846FCF71BFF00BF37
:10B0C00000BF42F2640211462846FDF744F82846C4
:10B0D000EDF7FEF907462846F8F7CAFE804601213B
:10B0E0003846EDF70BFF0420F7F710FA606235A041
:10B0F000616A08603846616AEDF708FE00231C2289
:10B1000031493846F8F78AF84FF480413846F8F765
:10B11000CDF800231A462D494046F8F77FF8002164
:10B120004046FCF7FEFF94F82C00012819D00228B5
:10B1300018D0042802D0082826D100E000BF2448F7
:10B14000B0F9002042F264013846FDF704F842F2FB
:10B1500064014046FDF742FA01214046FCF7DCFE5F
:10B1600012E000BF42F264021948B0F900103846FC
:10B17000FCF7F1FF42F264014046FCF7DCFE0121DE
:10B180004046FCF7C9FE00BF00BFF3F7C9FF064603
:10B190001EB139463046F3F7FDFE00214046FCF76C
:10B1A000A9FE03214046FCF7A2FF80214046F8F7A4
:10B1B0007DF84FF480614046F8F794FDBDE8F087D4
:10B1C000CC01002000000000FD6800086B7E000834
:10B1D000CE0100202DE9F04107460E46344694F892
:10B1E0002C0000F00C0070B1002509E0616A51F8F4
:10B1F0002500F7F759FA0020616A41F825006D1C17
:10B20000208DA842F2D894F82C0000F0030080B101
:10B2100000250BE06A00616A51F82200F7F744FA52
:10B2200000206A00616A41F822006D1C208DA8424E
:10B23000F0D8606AF7F738FA00206062BDE8F08164
:10B240002DE9F04781460C4621460E48F9F754FA9D
:10B250000646012E01D0BDE8F0872046F3F7F7F847
:10B2600005462046F3F754F90746292D08D13846FC
:10B2700000F011F8804600224146384600F018F8E8
:10B2800000BFE8E7C443030810B504460121204687
:10B29000F9F757FA10BD014600BF00BF0A46508DAE
:10B2A000704710B5044600212046F9F74AFA10BD50
:10B2B0002DE9FC5F80460C46934600BF00BF464622
:10B2C000308DA04201D8308D441E4046FDF7D8F99C
:10B2D0004046FFF7D9FF05460DB9BDE8FC9F4FF08A
:10B2E000000A41F6150251462846FAF7B3FE0090CF
:10B2F000009807B200BF2846F9F7C3FA814600213B
:10B300004046FAF71EFA012808D007EB090060430F
:10B3100001B25A462846FCF767FD0BE0C4F1000A6B
:10B3200007EB090000FB0AF001B25A462846FCF779
:10B330005BFD00BF4046FFF7B4FF0190A1B2802241
:10B340000198EDF791FC748500BFC6E72DE9F3473E
:10B3500092B0074600BF00BF3C46139810900020F3
:10B36000119010AD29463846EAF74AFE0646012EEE
:10B3700002D014B0BDE8F08794F85C00C0F3C000C0
:10B3800040B113980A2802D013980D2802D100BFAB
:10B3900000BFEEE7002113A8414A1268904781469A
:10B3A00049463846DBF7F6FE10B900BF00BFE0E7BC
:10B3B00094F85C00C0F3800010B1384603F06EF8DA
:10B3C000A06A50B1606AF6F797F8804698F80000D6
:10B3D00010B93846FBF75FFC00BF2A46216C606A53
:10B3E000F6F79CF8384600F025F994F85C00C0F3B5
:10B3F0008000002844D0E06AD4F761FF82462846E6
:10B40000D4F75DFF504400F101084146E06AF7F7C8
:10B410009FF9E06200BFE06A18B900BF00BF00BF3B
:10B42000FEE700BFE06A00B9A3E72A46216CE06AA4
:10B43000D9F7DEFE208F18B9384603F02FF81FE049
:10B440006846EBF7E7FD21466846EBF79AFE15499B
:10B450006846EBF768FE218F6846EBF778FE01221D
:10B4600000216846EBF785FE0F496846EBF75FFE63
:10B470000E496846EBF761FE6846EBF795FE00BFA4
:10B48000384600F0F5FA00F101084146384600F070
:10B4900021FB00221C213846F3F740F800BF68E783
:10B4A0004402002055E50208FF70010857E5020834
:10B4B0002DE9F04391B006460D4600BF00BF00BF26
:10B4C0001DB900BF00BF00BFFEE700BF344694F8BF
:10B4D0005C00C0F3800010B1304602F0DFFF304660
:10B4E00000F0C0FA18B9304600F0C8FAC8B1002020
:10B4F00010900FE010A92846484A126890478046ED
:10B500004046474909688847814649463046FFF723
:10B510001DFF00BF1098285C0028EBD111B0BDE8DA
:10B52000F08329463046EAF76BFD0746012F00D02D
:10B53000F4E7A06A50B1606AF5F7DEFF804698F83C
:10B54000000010B93046FBF7A6FB00BF2A46216C6D
:10B55000606AF5F7E3FF304600F06CF894F85C00A1
:10B56000C0F38000002844D0E06AD4F7A8FE8146EA
:10B570002846D4F7A4FE484400F101084146E06A99
:10B58000F7F7E6F8E06200BFE06A18B900BF00BF55
:10B5900000BFFEE700BFE06A00B9BFE72A46216CA2
:10B5A000E06AD9F725FE208F18B9304602F076FF01
:10B5B0001FE001A8EBF72EFD214601A8EBF7E1FD06
:10B5C000184901A8EBF7AFFD218F01A8EBF7BFFDEC
:10B5D0000122002101A8EBF7CCFD134901A8EBF7EC
:10B5E000A6FD124901A8EBF7A8FD01A8EBF7DCFDC9
:10B5F00000BF304600F03CFA814628460C490968F5
:10B60000884709EB00084146304600F063FA002203
:10B610001C213046F2F782FF00BF7FE74402002082
:10B620003C02002055E50208FF70010857E50208BA
:10B630005402002070B5054600BF00BF2C46606A6A
:10B64000F5F766FF4FF6FF71884206D1606AF5F79D
:10B6500059FF4FF6FF71884209D04FF6FF71606ABB
:10B66000F6F7CCFC4FF6FF71606AF6F7BCFC70BDD4
:10B670002DE9F04107460C46254695F85C0020F080
:10B68000040085F85C000020E86240F2DC50288766
:10B690000020286368635020405D20F00100401CBA
:10B6A00050214855012129645020405D20F00200BE
:10B6B000801C502148550020A88795F85C0020F098
:10B6C000080085F85C0095F85C0020F0020085F821
:10B6D0005C0000206862A8622046F5F7EBFB686218
:10B6E0006420FDF763F806463146686AFCF776FF8A
:10B6F0000BA1686AF6F7E6FB00231A460949686A57
:10B70000F7F78CFD4FF480612046F7F7CFFD00215D
:10B71000204600F0DFF9204604F0FEF8BDE8F08195
:10B7200000000000076901082DE9F84F054600BF39
:10B7300000BF2C46284600F09BF980466A464146E9
:10B74000606AF5F7D5FD00212846FAF7F4FD0646B4
:10B7500000212846FAF77BFD81464846F3F748F872
:10B760000746BDF80210B819401C084400B2ADF8F5
:10B770000200A08FADF80000606AF9F7F7F8BDF994
:10B78000021088420DDD6946606AF5F77DFC82464D
:10B79000B4F93C805146284600F09CF9A4F83C805E
:10B7A00000BFBDE8F88F70B5054600BF00BF284652
:10B7B00000F05EF9044624B1641E2146284600F0DC
:10B7C00089F970BD70B5054600BF00BF284600F07E
:10B7D0004FF90446641C2146284600F07BF970BDF1
:10B7E0002DE9F84F044600BF00BF2546204600F073
:10B7F0003FF983462C466A465946686AF5F778FD54
:10B8000000212046FAF797FD064600212046FAF768
:10B810001EFD81464846F2F7EBFF0746BDF80210D1
:10B82000B819401E081A00B2ADF80200A88FADF892
:10B8300000006946686AF5F727FC8246B5F93C8046
:10B840005146204600F046F9A5F83C80BDE8F88F47
:10B850002DE9F843054600BF00BF2C46276C0FB901
:10B86000BDE8F8832AA00068009069462846EAF7F8
:10B87000C7FB0646012E00D0F2E7606AF5F73CFEF2
:10B880008146206C411E01224846D9F7D9FB494622
:10B89000606AF6F717FB2846FFF7CCFEA06A50B1A6
:10B8A000606AF5F729FE804698F8000010B928462E
:10B8B000FBF7F1F900BF94F85C00C0F38000D0B151
:10B8C000226C511E0122E06AD9F7BAFBE06AD4F774
:10B8D000F6FC00F101084146E06AF6F739FFE06244
:10B8E00000BFE06A18B900BF00BF00BFFEE700BF9D
:10B8F000E06A00B9B4E7206C411E284600F0EAF87F
:10B9000000221C212846F2F709FE00BFA8E700002C
:10B910007F00000070B5054600BF00BF284600F05C
:10B92000A7F80446611C284600F0D4F8284600F029
:10B930009FF8A04202D02846FFF78AFF70BD70B57D
:10B9400006460D462C46E06A20B1E06AF6F7ACFEEA
:10B950000020E062A06A20B1A06AF6F7A5FE0020F0
:10B96000A06270BD2DE9F04781460E4631463C4845
:10B97000F8F7C2FE0746012F01D0BDE8F087304638
:10B98000F2F765FD05463046F2F7C2FD80460E2D02
:10B9900003D1404603F0C0FF60E00D2D47D1304693
:10B9A000F2F7B3FD0468132C03D14046FFF70AFFFA
:10B9B0003CE0142C03D14046FFF7F5FE36E0112C95
:10B9C00003D14046FFF70CFF30E0122C03D1404674
:10B9D000FFF7AAFE2AE0082C03D14046FFF738FF04
:10B9E00024E07F2C03D14046FFF794FF1EE0022C99
:10B9F00004D10021404600F06DF817E0032C05D17A
:10BA000047F6FF71404600F065F80FE00A2C09D1B7
:10BA1000404600F039F828B100221F214046F2F7D5
:10BA20007DFD03E021464046FFF790FC16E0012D26
:10BA300005D0022D03D0032D01D0082D03D13046AF
:10BA400007F0D3FA0AE0152D03D13046E2F778FA71
:10BA500004E0182D02D13046DEF7FEFC00BF8CE773
:10BA6000507D0308014600BF00BF0A46106B7047B7
:10BA7000014600BF00BF0A46106C7047014600BF78
:10BA800000BF0A46506B7047014600BF00BF0A4620
:10BA900092F85C00C0F3C000704770B5054600BF67
:10BAA00000BF2C4694F85C00C0F3800020B9606AA7
:10BAB000F5F722FD064600E0E66A304670BD10B597
:10BAC00000BF00BF024650239B5C61F3410350243A
:10BAD000A35410BD2DE9FC5F80460C4600BF00BF9B
:10BAE0004546286CA04201D1BDE8FC9F686AF5F785
:10BAF00003FD3A490090096888470646002C00DAA1
:10BB00003444B44203DC47F6FF70844200D134462B
:10BB10002C644046FCF7B4FD00214046FAF797FB41
:10BB2000834601AA2146686AF5F7E2FB5846F2F718
:10BB30005FFE07464046F9F709F9BDF9061088424D
:10BB400005DDBDF9061001224046FCF769F94046C3
:10BB5000F8F778FE81464046F9F7F8F8BDF9061087
:10BB60003944081A484509DDBDF80600A0EB090074
:10BB7000384401B201224046FCF752F94046F8F73A
:10BB8000EBFFBDF90410884205DDBDF90410012268
:10BB90004046FCF729F94046F8F773FE82464046D6
:10BBA000F8F7DAFFBDF904103944081A504509DDE9
:10BBB000BDF80400A0EB0A00384401B2012240465F
:10BBC000FCF712F9BDF80400A887404603F0A4FE74
:10BBD000404602F0D9FC00BF86E700005402002076
:10BBE0002DE9F04105460E4600BF00BF2C4694F8F3
:10BBF0005C00C0F3C000B04201D1BDE8F08106B3E3
:10BC000094F85C0020F00800083084F85C0042F2F0
:10BC1000D171606AFCF7E2FC6420FCF7C7FD0746BF
:10BC200000223946606AFCF753FC42F2D171284683
:10BC3000FCF781F900231A4619462846FCF7A5F8B7
:10BC40001EE094F85C0020F0080084F85C0064209A
:10BC5000FCF7ACFD07463946606AFCF7BFFC0022E2
:10BC60001146606AFCF734FC002241F204012846C8
:10BC7000FBF750FE00231A4619462846FCF785F8C4
:10BC800000BFBAE72DE9F04190B006460D4600BF6F
:10BC900000BF00BF1DB900BF00BF00BFFEE700BF6F
:10BCA00034463046FFF7C6FC3046FFF7DBFE18B9D6
:10BCB0003046FFF7E3FE40B345A1606AF6F702F9AC
:10BCC00047F6FF713046FFF705FF94F85C00C0F3BC
:10BCD000800010B10020E16A087000200F900FE092
:10BCE0000FA928463B4A12689047074638463A490A
:10BCF00009688847804641463046FFF727FB00BF6A
:10BD00000F98285C0028EBD108E02946606AF6F716
:10BD1000D9F847F6FF713046FFF7DCFEA06A48B15C
:10BD2000606AF5F7E9FB0746387810B93046FAF74C
:10BD3000B2FF00BF94F85C00C0F3800000283FD041
:10BD40002846D4F7BCFA471C3946E06AF6F700FDEE
:10BD5000E06200BFE06A18B900BF00BF00BFFEE7A5
:10BD600000BFE06A10B910B0BDE8F0812946E06A72
:10BD7000D4F7C7FA208F18B9304602F08FFB1FE0C6
:10BD80006846EBF747F921466846EBF7FAF913499D
:10BD90006846EBF7C8F9218F6846EBF7D8F901221E
:10BDA00000216846EBF7E5F90D496846EBF7BFF966
:10BDB0000C496846EBF7C1F96846EBF7F5F900BFA7
:10BDC00000221C213046F2F7A9FB00BFCBE70000A0
:10BDD00000000000440200203C02002055E502085B
:10BDE000FF70010857E5020870B50446204600F0D0
:10BDF00099F8054605B970BD00BF064A00212046E6
:10BE0000FBF7B7FD00BF21462846DAF713FB00BF5A
:10BE1000F1E70000FFFF0F0000B500F067F808B978
:10BE2000002000BD0048FCE7184500202DE9FF4137
:10BE300004461E460A9D00F059F860B900202549C5
:10BE400008704FF41270F6F761FB2349086008464A
:10BE5000006822490860EEF793FE0746EEF7A8FE59
:10BE6000B0F5A07F03DC03201D4908700EE0EEF75B
:10BE700087FE0746EEF79CFEB0F5347F03DA02201A
:10BE80001749087002E00120154908701548C46080
:10BE9000BDF804100182BDF808104182456185613A
:10BEA000C56111480F4908600846066203F078FD35
:10BEB0002CB12046EEF7DAFE0A49884202D1002072
:10BEC000FBF700FE012003490870064804B0BDE8F6
:10BED000F08100000E0100200C0200200001002073
:10BEE00004010020184500200919030803480068D0
:10BEF00008B1012070470020FCE700000C02002080
:10BF000038B50546284600F00DF8044614B1208ADD
:10BF1000009003E01120FCF731FC0090BDF8001008
:10BF2000084638BD70B504461CB12046F8F7D4FC6D
:10BF300001E0EEF725FE05462846EEF797FE70BDB8
:10BF400070B5044600F009F80546A54201D32C1B44
:10BF500001E064422C44204670BD10B507F0E8FCB7
:10BF600010BD000070B505460C4642F26402114651
:10BF70002046FCF7F0F800231A4608492046F7F758
:10BF80004DF980212046F7F791F903212046FCF76F
:10BF9000AEF803212046FCF7B7F870BDF52A030878
:10BFA0002DE9F04781460C462046F8F72FFD8046E4
:10BFB00042F2640211462046FCF7CDF82046FCF719
:10BFC0005FFB4046F8F73EFC10490988484306B23B
:10BFD0004046F8F756FC0E490988484307B23246F6
:10BFE00039462046FCF765F825460A48007885F86A
:10BFF00024000748006838B90448006820B905489B
:10C0000001784046FCF764F8BDE8F087D8010020CD
:10C01000D4010020D00100202DE9F04105460E4654
:10C02000174600240F48D8F7E3FC044600BF1CB9AC
:10C0300000BF00BF00BFFEE700BF14B90020BDE88D
:10C04000F0812660A5604FF0FF3020610020606124
:10C05000FFF783FF6060E760012003490870204616
:10C06000EDE70000644500202702002010B50446DB
:10C0700021460548D8F708FD0120044908702046EC
:10C08000F6F712FB10BD00006445002026020020D8
:10C0900001490870704700002402002070B5044672
:10C0A000207D00F0010008B1002070BD0025204671
:10C0B00000F0DFF888B926692069002802DD2069D0
:10C0C000401E2061FFF749FF6060A06818B116B1FB
:10C0D0002046A1688847012500BF0548007820B99F
:10C0E000206910B92046FFF7C1FF2846DDE70000B0
:10C0F0002602002001480078704700002502002039
:10C100002DE9F0414948007810B10120BDE8F081E7
:10C110000120464908704648007818B90020087088
:10C120000120F3E7FFF719FF074667B941480068A8
:10C13000401C4049086008460068642803D9002074
:10C14000086000BF00BF00BF00203B4908703B49AA
:10C1500008703B48D8F719FC3A49086013E03948A1
:10C1600001683748D8F729FC044636480068FFF7CD
:10C1700095FF30B13148007810B92F48007800B1F0
:10C1800005E0304804602F4800680028E7D100BF70
:10C190002C4800680028D7D1461E2948D8F7F5FB5F
:10C1A000044610E0207D00F0010038B9204600F080
:10C1B00060F88046B04500D2464600BF2146204880
:10C1C000D8F7FBFB0446002CECD13846FFF7B8FE4D
:10C1D0001D49096808441C4908601C480068FFF7AD
:10C1E000AFFE0546B5F5FA7F1AD3174800686421FB
:10C1F0004843B0FBF5F016490870084600786428FB
:10C2000001DD002003E012480078C0F1640010490D
:10C21000087000200C490860FFF79FFE0B4908607A
:10C22000002002490870304670E700002802002014
:10C2300024020020340200202602002027020020D1
:10C240006445002008020020300200202C0200205B
:10C250002502002001214161704710B50446FFF717
:10C260007CFE2168401A401E606010BD00214161C3
:10C27000704770B504466068FFF762FE05462068A7
:10C28000A84201D8002070BD2068401BFBE72DE9C3
:10C29000F04707460C46164600F0ADF88046A6EB80
:10C2A00008000421D9F7ADFD0546E11704EB9171B3
:10C2B0008910A4EB810121B100BF00BF0020BDE8BF
:10C2C000F0870C2D02D3B5F5004F03D900BF00BF96
:10C2D0000020F4E76FF00301204601F00FFC8146D7
:10C2E00029464846DAF71BFA4846DAF709FA48467B
:10C2F000DAF710FA49463846DAF7E7F84846DAF747
:10C300000AF9824600215046DAF709FA5046DAF770
:10C310000CFA5046DAF7F9F92046D0E710B5044692
:10C32000E11704EB91718910A4EB810119B100BFF1
:10C3300000BF002010BD2046DBF7EFFD2046F9E7E7
:10C340002DE9F04104460D462046FFF7E7FF06467B
:10C3500000F0BEF82F1A00F0BBF800EB04083A46D4
:10C3600041463046FFF793FF3046BDE8F0812DE9A6
:10C37000F04105460C4604B32F462046DAF7A1F8F3
:10C38000064600BF3046DAF7B2F818B100BF00BF6A
:10C3900000BFFEE700BF3046DAF7F0F83146384616
:10C3A000DAF72DF9064631463846DAF701F906463E
:10C3B00031463846DAF789F800BFBDE8F08100B5AC
:10C3C000014600F085F8084400BD2DE9F04104461F
:10C3D0000D46264604212846D9F7FBFC0746394678
:10C3E0003046DAF7A1F880463A4641463046DAF759
:10C3F0004AF9BDE8F081082070472DE9FE4F8046DC
:10C400000C461546C2464FF000092CB125B921460D
:10C410004046FFF7ACFF58E02CB929464046FFF7ED
:10C42000D4FF814651E02046DAF74BF8029002989B
:10C43000DAF70DF901900298DAF77CF906460198CF
:10C44000DAF778F93044001D009004212846D9F726
:10C45000C0FC074600BF0298DAF749F818B100BFE0
:10C4600000BF00BFFEE700BFB7421ED90198DAF750
:10C470003EF810B10098874217D929464046FFF789
:10C48000A4FF8146B9F1000F1ED0AE4201D2304662
:10C4900000E0284683465A4621464846F6F78DF97D
:10C4A00021464046FFF763FF0EE0B74206D95046EB
:10C4B0000299DAF77DF80298DAF76DF83A465046B5
:10C4C0000299DAF7B0F9A14600BF4846BDE8FE8FF1
:10C4D0004FF49760704700002DE9F05F07460D4666
:10C4E00016460DB1284600E0144880466FF003015F
:10C4F000384601F003FB044617E02046D9F7F7FF62
:10C5000008B9012000E0002081462046DAF712F940
:10C5100082462046DAF75DF9834633464A4651465D
:10C52000C0472046DAF793F8044624B12046D9F7ED
:10C53000E3FF0028E1D0BDE8F09F0000418700083C
:10C5400010B5044604F15A0000B200F009F810BD1D
:10C5500010B5044604F15A0000B200F001F810BD15
:10C56000014600204FF4B47291FBF2F302FB131169
:10C57000002902DA01F5B47211B25A2903DA134A1A
:10C5800032F9110020E05A2908DBB42906DAC1F19A
:10C59000B40211B20D4A32F9110015E0B4290BDBD7
:10C5A000B1F5877F08DAA1F1B40211B2074A32F877
:10C5B0001120524210B207E0C1F5B47211B2034A21
:10C5C00032F81120524210B270470000F47A03088A
:10C5D0002DE9FF4F85B08346139CBBF1000F02D0BD
:10C5E0009BF8000018B9002009B0BDE8F08F06984C
:10C5F00008B90020F8E7129800F0020010B141F6E7
:10C60000FF7008904FF00008002004900390002570
:10C61000814600268246471E019004A95846444A96
:10C620001268904705460498039065E003A95846B0
:10C630003F4A1268904781460AF1010A129800F0B9
:10C64000010050B129461498D8F702FE28B1DDF850
:10C650001080039804904D464EE04A4629460698BD
:10C66000F2F79FF800B202900298304406B20298A6
:10C67000002802DD0798304406B2781C40B90798BC
:10C68000311A0898814203DD4746AAF10100019062
:10C690000A2D1DD00D2D1BD028460022B0F59C4F31
:10C6A00005D349F6A573984201D801230FE0002174
:10C6B00007E020A35B5C834201D1012205E04B1C13
:10C6C000D9B21CA35B5C002BF3D100BF13464BB166
:10C6D000B8F1000F03D1781C08B904B12660AAF1A3
:10C6E000010A0DE014B1781C00B92660DDF8108055
:10C6F000039804904D4600BF1BF80800002895D110
:10C7000000BF781C58B9BAF1000F04D00D2D04D128
:10C71000B9F10A0F01D1DDF81080404664E71598A1
:10C7200008B1384660E70CB10020206000205BE7CC
:10C7300044020020202C2E3B3A2D5F002DE9FF4FB4
:10C7400083B004460E469046DDF848B0DDF84090D0
:10C7500000202080608016B907B0BDE8F08FB8F1E6
:10C76000000F00D1F8E70BF0020010B141F6FF70A6
:10C7700011900025AA4600BFB8F8080087B231E042
:10C780000020CDE9000B70194146119B069AD8F79D
:10C7900099FC8244B4F9020038444844B0F5004F93
:10C7A00002D300BF00BFD7E76088384400B2608082
:10C7B0006088484400B26080AAEB05017019CDF88A
:10C7C00000B04246069B00F02BF80290B4F900102E
:10C7D0000298814201DA029801E0B4F90000208059
:10C7E000554600BF705D0028CAD16DB1681E305C2F
:10C7F0000A2803D0681E305C0D2805D1608807EB3D
:10C800000901084400B26080608810B938B26080C5
:10C8100004E06088A0EB090000B2608000BF9BE7E5
:10C820002DE9FF4705460E4617469846DDF830A02D
:10C830001DB9002004B0BDE8F0870FB90020F9E76A
:10C84000287808B90020F5E7002003900024029022
:10C8500046B31FE003AB6A4601A92846D8F716FC89
:10C860000AF0010028B102A80199D8F7F1FC00B143
:10C8700010E03846DDE90021F1F793FF0FFA80F967
:10C88000B9F1000F05DD04EB090004B204EB080068
:10C8900004B200BF0398B042DCD3002C02DDA4EB4D
:10C8A000080004B22046C5E708B50146802901D238
:10C8B000084608BDB1F5006F11D2C1F3841040F0F5
:10C8C000C0008DF8000001F03F0040F080008DF8BE
:10C8D000010000208DF802008DF8030033E0B1F56F
:10C8E000803F15D2C1F3033040F0E0008DF8000026
:10C8F000C1F3851040F080008DF8010001F03F0089
:10C9000040F080008DF8020000208DF803001AE04E
:10C91000B1F5881F17D2C1F3824040F0F0008DF8C6
:10C920000000C1F3053040F080008DF80100C1F334
:10C93000851040F080008DF8020001F03F0040F0CB
:10C9400080008DF803006A461068B2E731B582B006
:10C95000029800F08000E8B1042202A901A8F6F7CD
:10C9600074F89DF8040000069DF8051000EB0140E6
:10C970009DF8061000EB01209DF8071044180025D3
:10C9800004E0E0B200B9240A681CC5B2042DF8DB4B
:10C99000029400BF02983EBD2DE9F04105460E46C7
:10C9A000002400270CE028190949096888478046B7
:10C9B000B8F1000F01D0404600E0012004447F1C84
:10C9C000B74202D2285D0028EDD12046BDE8F081B3
:10C9D00038020020F8B506460C46002000900025DD
:10C9E00005E069463046044A126890476D1C00987D
:10C9F000A042F6D32846F8BD4402002038B50446CC
:10CA000000250020009005E069462046044A12688F
:10CA100090476D1C0098205C0028F5D1284638BD51
:10CA20004402002008B5024600230020009001B90E
:10CA300069460868105C00F0800028B90868135C3B
:10CA40000868401C08608FE00868105C00F0E00097
:10CA5000C02817D10868105CC006430D0868401C48
:10CA600008600868105C00F0C000802801D0002039
:10CA700008BD0868105C00F03F0003440868401CD3
:10CA8000086071E00868105C00F0F000E02828D130
:10CA90000868105C0007030C0868401C0860086800
:10CAA000105C00F0C000802801D00020E0E708689A
:10CAB000105C00F03F0003EB80130868401C086026
:10CAC0000868105C00F0C000802801D00020CFE78B
:10CAD0000868105C00F03F0003440868401C0860D0
:10CAE00042E00868105C00F0F800F02839D10868CE
:10CAF000105C4007C30A0868401C08600868105CA6
:10CB000000F0C000802801D00020B1E70868105C68
:10CB100000F03F0003EB00330868401C0860086821
:10CB2000105C00F0C000802801D00020A0E7086859
:10CB3000105C00F03F0003EB80130868401C0860A5
:10CB40000868105C00F0C000802801D000208FE74A
:10CB50000868105C00F03F0003440868401C08604F
:10CB600002E00868401C0860184681E72DE9F84398
:10CB700006460C4600272068401E206000BF042F98
:10CB800002DB0020BDE8F883216888190D49096897
:10CB9000884705463DB9206818B12068401E2060CE
:10CBA00001E00020EEE7781CC7B2002DE7D0206836
:10CBB000009069463046044A1268904780464046D5
:10CBC000E0E7000038020020440200200146087817
:10CBD00000F0800008B901207047087800F0E000FC
:10CBE000C02801D10220F7E7087800F0F000E02823
:10CBF00001D10320F0E7087800F0F800F02801D117
:10CC00000420E9E70020E7E77FB582B004460D463F
:10CC10001646059833462A46214600900248D8F722
:10CC2000CFFD06B070BD00008B5500082DE9F04720
:10CC300082460C462046F7F7E9FE05462846F7F7F8
:10CC400095FE80462846F9F72CFC81464246494627
:10CC50002046FBF780FA01212046FBF74BF92046DE
:10CC6000F7F706F906461048B0F9002042F26401D1
:10CC70003046FBF770FA00213046FBF73BF9022300
:10CC80001A4600213046FBF715F92046F7F7F0F871
:10CC9000074601213846FBF73FF942F26401384666
:10CCA000FBF79CFCBDE8F087DC0100201CB54FF4CD
:10CCB0004070D4F74BFFD5F7A5FF19A0D6F7B6FA09
:10CCC000F3F7B4FEFBF7A6FDFBF7C8FDD4F7C6FEED
:10CCD0001AA0D6F7ABFAD5F737FF1F48012100237A
:10CCE0000A02CDE900101DA11F4806F0E1FD1F4812
:10CCF000012100234A02CDE900101DA11F4806F0C2
:10CD0000D7FD1F48012100238A02CDE900101DA193
:10CD10001F4806F0CDFD06F0B9FB00201CBD000049
:10CD2000E7AA97E58FA3E5889DE5A78BE58C96E5B7
:10CD3000AE8CE6AF952E2E0A00000000E5B18FE51F
:10CD4000B995E5889DE5A78BE58C96E5AE8CE6AFB9
:10CD5000952E2E0A000000007003002053746172AB
:10CD60007455705461736B00F52A00087403002039
:10CD70004C76676C5461736B00000000A11A0008C8
:10CD80007803002046617446735461736B000000A1
:10CD90004109000870B504460D4680222946204608
:10CDA000EBF74EFF064680212046EBF763FB26B1EA
:10CDB000802229462046EBF757FF70BD2DE9FF4F33
:10CDC00087B0054692461F46DDF850B0DDF8588022
:10CDD0000898EBF742F806900898EAF7BDFF05902F
:10CDE0001898012804D0022805D0032809D105E0AD
:10CDF000DFF8D0900AE0DFF8D09007E0DFF8CC90C1
:10CE000004E000BF00BF0BB0BDE8F08F00BFB8F179
:10CE1000000F21D100261BE0002411E005EB4400A7
:10CE20000088039007EB440000880290159A03994C
:10CE3000C847049005EB4400BDF810100180641C45
:10CE400006988442EADB05EB4A0507EB4B07761CA4
:10CE500005988642E0DB33E000262EE0002422E045
:10CE600018F8040000B91DE018F80400FD2801DBE3
:10CE7000159804E018F8040015994843001204902E
:10CE800005EB44000088029007EB44000088019005
:10CE9000049A0299C847039005EB4400BDF80C10B2
:10CEA000018000BF641C06988442D9DB05EB4A056B
:10CEB00007EB4B0717988044761C05988642CDDB1C
:10CEC00000BFA0E78D7C0008B97D00082F7D000819
:10CED0002DE9FF4F85B005461F46DDF850900698B6
:10CEE000EAF7BBFF83460698EAF736FF0490B9F1EC
:10CEF000000F3DD11398FD2814DB4FF000080DE022
:10CF00004FEA4B0239462846F5F757FC079805EBE0
:10CF10004005129807EB400708F101080498804586
:10CF2000EEDB79E14FF000081EE0002412E005EB93
:10CF300044000088029007EB440000880190139A97
:10CF40000299EDF7B7F8039005EB4400BDF80C101B
:10CF50000180641C5C45EADB079805EB40051298EC
:10CF600007EB400708F1010804988045DDDB53E139
:10CF70001398FD287DDDABF1040003904FF000080D
:10CF80000EE14E4600241FE03078D8B13078FF28FB
:10CF900006D105EB440007EB44010988018011E04C
:10CFA000327805EB44000088019007EB44000088CC
:10CFB00000900199EDF77EF8029005EB4400BDF872
:10CFC00008100180761C641C5C4503DA06F003003F
:10CFD0000028D9D1B246B1E0DAF8000000281ED00E
:10CFE000DAF80000401CD8B905EB440007EB440117
:10CFF00009880180601C05EB400107EB40000088B8
:10D000000880A01C05EB400107EB40000088088069
:10D01000E01C05EB400107EB4000008808808AE037
:10D0200056463078D8B13078FF2806D105EB440059
:10D0300007EB44010988018011E0327805EB4400D8
:10D040000088019007EB4400008800900199EDF7FB
:10D0500031F8029005EB4400BDF808100180761C01
:10D06000307808B33078FF2809D1601C05EB400107
:10D0700000E09AE007EB40000088088014E0327876
:10D08000601C05EB400000880190601C07EB40002D
:10D09000008800900199EDF70DF80290601C05EBF7
:10D0A0004000BDF808100180761C3078F8B1307867
:10D0B000FF2807D1A01C05EB400107EB40000088CA
:10D0C000088014E03278A01C05EB40000088019035
:10D0D000A01C07EB4000008800900199ECF7EAFFE4
:10D0E0000290A01C05EB4000BDF808100180761CE2
:10D0F0003078F8B13078FF2807D1E01C05EB40010B
:10D1000007EB40000088088014E03278E01C05EB53
:10D11000400000880190E01C07EB40000088009070
:10D120000199ECF7C7FF0290E01C05EB4000BDF849
:10D1300008100180761C0AF1040A241D0398844219
:10D14000FFF64AAF56461FE03078D8B13078FF2856
:10D1500006D105EB440007EB44010988018011E08A
:10D16000327805EB44000088019007EB440000880A
:10D1700000900199ECF79EFF029005EB4400BDF88A
:10D1800008100180761C641C5C45DDDB079805EB0C
:10D190004005129807EB40071598814408F10108F3
:10D1A00004988045FFF6EDAE36E04FF0000830E021
:10D1B000002422E019F80400F0B119F80400FD2859
:10D1C00001DB139804E019F8040013994843001296
:10D1D000064605EB44000088029007EB44000088F7
:10D1E000324601900299ECF765FF039005EB44008D
:10D1F000BDF80C10018000BF641C5C45DADB0798A9
:10D2000005EB4005129807EB40071598814408F19B
:10D21000010804988045CBDB09B0BDE8F08F2DE90B
:10D22000FF4F85B082460E461F46DDF848B0DDF858
:10D230005080D7F7E3FE81463046EAF70EFE0490B1
:10D240003046EAF789FD0390B8F1000F23D100259D
:10D250001DE0002415E01398029007EB44000088BD
:10D26000ADF804007088284400B200903188214451
:10D270000BB2D9F80000D0F81CC05146079AE0471D
:10D28000641C04988442E6DB07EB4B076D1C039893
:10D290008542DEDB2BE0002526E000241CE018F8A8
:10D2A0000400C0B118F8040013994843000A029022
:10D2B00007EB44000088ADF804007088284400B2F1
:10D2C0000090318821440BB2D9F80000D0F81CC07E
:10D2D0005146079AE047641C04988442DFDB1598A6
:10D2E000804407EB4B076D1C03988542D5DB09B0E2
:10D2F000BDE8F08F2DE9F04104460F469046802CA2
:10D3000006D200252046E11704EB91718E1009E04A
:10D31000204605F064FC0546681F24FA00F080F002
:10D320002006AD1F3D60C8F80060BDE8F0812DE922
:10D33000F04104460D461646802C09D3204605F0E0
:10D340004EFC401F012101FA00F0471E3C4400BF83
:10D35000324629462046FFF7CDFFBDE8F081024660
:10D36000FD2901DB10467047022901DC0020FAE7A5
:10D3700002FB01F000EBC01303EBC030C0F3C75059
:10D38000F1E700002DE9F84305462846F1F7C0F81B
:10D3900004462046F7F73AFB80464046F7F736FB4F
:10D3A00081464846EBF764FE06463068009000214F
:10D3B0004046F7F7C6F9A04214D19DF802000128B3
:10D3C00009D10C208DF80200BDF80000401E80B28B
:10D3D000ADF800001AE09DF80200401E40B28DF842
:10D3E000020013E09DF802000C2809D101208DF8FD
:10D3F0000200BDF80000401C80B2ADF8000005E05E
:10D400009DF80200401C40B28DF802009DF90220F8
:10D41000BDF800104846EBF733FE01214046F7F710
:10D4200090F907469DF90200401E054951F8203049
:10D43000BDF8002003A13846F4F79CFDBDE8F88351
:10D440003C01002025642025730000002DE9F843ED
:10D4500004462046F1F75CF807462046F1F75BF8F2
:10D4600080463846F0F728FD05464046EBF700FEBB
:10D47000064630680090681C40B28DF802009DF9A5
:10D480000220BDF800104046EBF7FAFDBDE8F88336
:10D490002DE9F74F84B00021059801600498E6F764
:10D4A00053FE03900398002803DA0B2007B0BDE871
:10D4B000F08F9B49039851F820400CB90C20F5E7F8
:10D4C00005980460069800F0FE000690207878B178
:10D4D0006078DBF709FC074607F0010040B90698C1
:10D4E00020B107F0040008B10A20DFE70020DDE7E3
:10D4F000002020706078DBF758FB074607F001003A
:10D5000008B10320D2E7069820B107F0040008B163
:10D510000A20CBE700212046E5F734FD0546042D1F
:10D5200001D10120C2E7022D01D30D20BEE7D4F8BE
:10D53000309004F13F00E9F76AFAB0F5007F01D0BE
:10D540000D20B3E704F14A00E9F761FA064626B96F
:10D5500004F15800E9F74FFA0646E6614420005D01
:10D56000E070E078012804D0E078022801D00D2096
:10D570009CE7E07846434120005D6081608918B1F6
:10D580006089411E084008B10D208FE704F1450075
:10D59000E9F73DFA2081207A00F00F0008B10D2054
:10D5A00084E704F14700E9F732FA8246BAF1000F46
:10D5B00004D104F15400E9F71EFA824604F1420056
:10D5C000E9F725FA8346BBF1000F01D10D206DE785
:10D5D0000BEB0600218900EB1110029002988245A6
:10D5E00001D20D2062E70298AAEB00006189B0FB2E
:10D5F000F1F8B8F1000F01D10D2057E70025494897
:10D60000804500D803254FF6F570804500D80225E7
:10D6100040F6F570804500D801250DB90D2045E78D
:10D6200008F10200A061C4F8209009EB0B006062D1
:10D6300002984844E062032D13D104F15E00E9F73B
:10D64000E6F908B10D2031E7208908B10D202DE75A
:10D6500004F16000E9F7CFF9A062A06980000190B1
:10D6600014E0208908B90D2020E7606A3044A062E8
:10D67000022D02D1A069400007E0207E00F00100E9
:10D68000A16901EB410100EB51000190E1690198B2
:10D6900000F2FF10B1EB502F01D20D2006E74FF042
:10D6A000FF306061206180206071032D2DD104F175
:10D6B0006400E9F7ACF9012827D109F101012046FE
:10D6C00000F038F808BB0020607104F23220E9F75E
:10D6D0009EF94AF65521884217D104F13400E9F742
:10D6E0008AF91149884210D104F50670E9F783F9E7
:10D6F0000E49884209D104F50770E9F77CF96061A9
:10D7000004F50870E9F777F920612570084800886A
:10D71000401C80B206490880E0800020C6E6000078
:10D7200078020020F5FFFF0F525261417272416191
:10D730007C02002070B504460D460026206BA842EE
:10D7400010D0204604F062F806465EB960780123E6
:10D750002A4604F13401DBF771FA10B14FF0FF35BE
:10D7600001262563304670BD2DE9F04782460D46FF
:10D7700000212846F9F74EFC00212846FAF7BAFBAB
:10D780000023022219462846FAF794FB2846EAF7B6
:10D7900041FE814600222FA14846FAF715FE64207B
:10D7A000002804DAC0F57A7141F4005101E040F438
:10D7B00000510CB221464846FAF7BDFB4846FAF73D
:10D7C0005FFF4846F7F7D2F8064631464846FAF773
:10D7D00005FF0023072220494846F5F71FFD0421D5
:10D7E0004846F6F77FFA2846F3F764FB074603211D
:10D7F0003846F4F725FB002202213846FAF7A9FE45
:10D8000001213846FAF788FB2846EAF703FE8046EE
:10D81000002212A14046FAF7D7FD32463146404673
:10D82000FAF799FC002307220B494046F5F7F6FC6E
:10D8300004214046F6F756FA00231C2208492846E0
:10D84000F5F7ECFC00221C212846F0F767FEBDE846
:10D85000F0870000EF81930085D30208EF819400E8
:10D860002D3603082DE9F04180460C462046F7F797
:10D87000CDF8054600212046F9F7CCFB00212046D3
:10D88000FAF738FB2046F0F739FA064617480168E0
:10D890003046F0F70BFD2B461C2215493046F5F7B4
:10D8A000BDFC01213046FAF737FB2046F0F726FA97
:10D8B0000746104801683846F0F7F8FC2B461C2252
:10D8C0000D493846F5F7AAFC01213846FAF724FB42
:10D8D00000231C2209492046F5F7A0FC00221C2148
:10D8E0002046F0F71BFEBDE8F0810000700100202B
:10D8F000C53B03086C0100204DD402087D360308A7
:10D9000070B50446254615F83C0F00F00300401C96
:10D91000032190FBF1F201FB1200297860F3010171
:10D9200005F83C19204600F071FF2046F9F7B3F9DD
:10D9300070BD000070B504460C48006808B90020AE
:10D9400070BD14B90A480068FAE70CB90020F7E77F
:10D950002046E5F7EEFF054660190649096888424A
:10D9600001D30020ECE76019EAE70000C4000020C2
:10D9700014020020C800002037B5034601B93EBD9F
:10D9800008461D682D1D2844024602AC2568156016
:10D9900000BFF4E737B5034601B93EBD08461D6830
:10D9A0002844024602AC2568156000BFF5E72DE962
:10D9B000F05F0446002221212046F0F7AFFD8246A9
:10D9C000BAF1000F01D1BDE8F09F00212046F6F723
:10D9D000B8FE804607E04046FFF7E9FF00212046F9
:10D9E000F6F7AFFE8046B8F1000FF4D12046F6F707
:10D9F000B3FF81460020F2F751FE07461DE0786A2A
:10DA0000A04202D0B86AA04203D121463846F2F7BC
:10DA100039FF386BA04201D100213963386D484588
:10DA200007D1F2F749FEA04203D121463846F2F76A
:10DA300029FF3846F2F732FE0746002FDFD1204695
:10DA4000D7F76AF8606840BB2046F6F745FF054601
:10DA5000002606E0E86850F82600A04200D103E066
:10DA6000761C686AB042F5D800BFB3465E4606E051
:10DA7000701CE96851F8200041F82600761C686A9D
:10DA8000401EB042F4D8686A401E68626A6A91001B
:10DA9000E868F4F75DFEE8602BE02046F6F76FFFDC
:10DAA000064635460BE0606880680168681C51F8DE
:10DAB000200061688968096841F825006D1C60686C
:10DAC00080684068401EA842EDD860688068406861
:10DAD000401E616889684860626892685268910077
:10DAE000626892681068F4F733FE616889680860BC
:10DAF00000BF2046F4F7D8FD00BF64E70246501887
:10DB0000704700BF18B900BF00BF00BFFEE700BFED
:10DB1000002141600161C160816001604161704725
:10DB2000F0B5DDE90554012B0BDC032805D00428F2
:10DB300002D0052803D100BF00BF022000E000BFD3
:10DB400000BF062842D2DFE800F0410F0333201760
:10DB5000002626808E1A06EBD677B5F800C00CEBAF
:10DB600067073FB22F8034E0002626802E888F1A68
:10DB70003E4436B22E802CE08E1A37B25E1E36B28C
:10DB800097FBF6F636B2268023E08E1A36B296FB65
:10DB9000F3F627883E4436B22680B4F9006006EBDF
:10DBA000D677B5F800C00CEB67073FB22F8010E0C6
:10DBB0008E1A37B25E1C36B297FBF6F636B2268066
:10DBC0002E8827883E4436B22E8002E0002626802A
:10DBD00000BF00BFF0BD2DE9FF4F81B005460C46E8
:10DBE0001646049870B12088A0EB660000B2208031
:10DBF00020883044401E00B2A080E88A6080688B94
:10DC0000E0800DE06088A0EB660000B26080608874
:10DC10003044401E00B2E080A88A2080288BA0807B
:10DC20004FF440312846F8F768F881464FF4403108
:10DC30002846F8F70BF982464FF440312846F8F7AA
:10DC4000D5F983464FF440312846F7F779FF009025
:10DC50004FF440312846F8F7AFFB80464FF440318F
:10DC60002846F8F78FFB0746208809EB0801401A81
:10DC700000B22080A0880AEB0801084400B2A0800E
:10DC800061880BEB0700081A00B26080E2880099F7
:10DC9000C819104400B2E08005B0BDE8F08F2DE94E
:10DCA000F84F05462C462846E6F73BFA06460EB9DD
:10DCB000BDE8F88F3046F6F759FE83462846F6F75A
:10DCC000C1FD834500DCF3E700213046F8F78FFA09
:10DCD00000900098F0F780FD074600213046F8F7E5
:10DCE000F6FA804607EB08000FFA80F9E08E00FB99
:10DCF00009F00FFA80FA00225146606AFAF790F8AC
:10DD0000606AF8F7C8FF00BFD2E700002DE9F041D4
:10DD100005460E461C4807681C480068001D05F0B3
:10DD20005CFA50B91948006890F82C10012088401E
:10DD300017490968814316480160681C38B936B133
:10DD400012480168091D134805F085FA1AE07C198C
:10DD50000E4800684460BC4207D20C480168091DA7
:10DD60000D48006805F05DFA0CE008480168091DDF
:10DD70000A48006805F055FA09480068844201D253
:10DD800007480460BDE8F0813C0000202800002026
:10DD900040000020B4060020300000202C000020AD
:10DDA0005800002010B5044605F062FA23480068C8
:10DDB000401C224908602248006840B9204804609D
:10DDC0000846006801280DD100F036F90AE01D4828
:10DDD000006838B91A480068C06AE16A884201D808
:10DDE0001748046018480068401C1749086094F8F8
:10DDF0002C10012088401549096808431349086020
:10DE0000E16A01EB8101124A02EB8100211D05F05C
:10DE100022FA05F069FA0B48006868B10848006802
:10DE2000C06AE16A884207D24FF080500949086011
:10DE3000BFF34F8FBFF36F8F10BD0000380000207D
:10DE40002800002044000020540000204000002052
:10DE5000E403002004ED00E070B523E005F06AFB68
:10DE60001348006808B9012000E00020054605F0CD
:10DE700017FEBDB905F0FCF90D48C068C468201D47
:10DE800005F0ABF90B480068401E0A4908600A48D3
:10DE90000068401E0849086005F026FA204600F098
:10DEA0000DF800BF044800680028D7D170BD0000FD
:10DEB000A0060020380000203400002010B50446E1
:10DEC000206B05F041FA204605F03EFA10BD000037
:10DED00030B54FF44053174800F007042CB1C01D73
:10DEE00020F00700134C041B1B1B0246124C22603F
:10DEF0000024114D6C60D018083820F007000F4C3A
:10DF0000206000240D4D2D686C600C4D2D682C6038
:10DF10001146441A4C60094C24680C60084D4C684A
:10DF20002C60084D4C682C604FF00044064D2C606E
:10DF300030BD0000C8060020640000206C000020F6
:10DF400074000020700000207800002000BFFFF760
:10DF500083FF064800680128F9D94FF08050044932
:10DF60000860BFF34F8FBFF36F8FF0E7E40300202B
:10DF700004ED00E02DE9FF5F81460E469246DDE9A3
:10DF80000E7B109CAAF10100216B01EB800828F0A8
:10DF9000070808F0070008B9012000E0002028B9B0
:10DFA00040F22B321AA120A0D5F740F9002507E056
:10DFB000715D04F134004155705D00B902E06D1CE3
:10DFC000102DF5D300BF002143200155202F00D391
:10DFD0001F27E762201D05F021F904F1180005F064
:10DFE0001DF92461C7F12000A06164620020606413
:10DFF00084F8480049464046039A00F0B3FA20608E
:10E00000BBF1000F01D0CBF80040BDE8FF9F00003E
:10E010004672656552544F535C7372635C746173EE
:10E020006B732E63000000004572726F723A2573A5
:10E030002C25640D0A00000010B5002407E004EB55
:10E0400084010F4A02EB810005F0DBF8641C202CF0
:10E05000F5D30C4805F0D5F80B4805F0D2F80B487D
:10E0600005F0CFF80A4805F0CCF80A4805F0C9F8E1
:10E0700004480949086004480849086010BD0000C8
:10E08000E403002064060020780600208C060020AF
:10E09000A0060020B40600202C0000203000002044
:10E0A00010B50146164800E0006803688B42FBD3B8
:10E0B0000246436813448B4204D143684C682344AE
:10E0C000436001460A464B6813440468A34211D1D9
:10E0D0000C4C03682468A34208D04B680468646849
:10E0E00023444B6003681B680B6005E0054B1B680D
:10E0F0000B6001E003680B60884200D0016010BD36
:10E10000640000206C0000200A490968096809B908
:10E11000012100E0002121B14FF0FF31064A1160DA
:10E1200006E004490968C968C868034A4168116083
:10E13000704700002C000020580000200B480068A9
:10E14000401C08B9012000E0002020B9F42208A1F9
:10E150000EA0D5F76BF800BF502080F31188BFF3F5
:10E160004F8FBFF36F8F00BF00BFFEE77C00002022
:10E170004672656552544F535C706F727461626C85
:10E18000655C706F72742E63000000004572726FE0
:10E19000723A25732C25640D0A0000002DE9F04722
:10E1A00004460D4616464FF00209022D74D3A069AD
:10E1B000A84271D92078012804D0022849D0032828
:10E1C0000DD15EE02F4607EB5707606A00EB572141
:10E1D0002046FFF7AFFA8146B9F1000F00D075E095
:10E1E00038467F1CC0F3080104F1340001EB00083D
:10E1F00005F0010028B1F1B298F8000061F31F109A
:10E2000000E0304688F8000001202071606A00EBD1
:10E2100057212046FFF78EFA8146B9F1000F00D052
:10E2200054E0C7F3080104F1340001EB000805F0E5
:10E23000010010B1C6F3071006E098F8000000F0E6
:10E24000F000C6F30321084388F800000120207184
:10E250003CE0606A00EB15212046FFF76BFA81462F
:10E26000B9F1000F00D031E0B1B240F2FF1202EA82
:10E27000450304F13402981801F048FB0120207195
:10E2800024E0606A00EBD5112046FFF753FA81467F
:10E29000B9F1000F01D019E019E040F2FF1101EAD5
:10E2A000850204F134015018E8F7A5FB66F31B0062
:10E2B000064640F2FF1101EA850204F134015018CC
:10E2C000314601F017FB0120207100BF00BF484616
:10E2D000BDE8F0872DE9F04707460C4615469846FD
:10E2E00084F80D800F20E07200202073002104F1DB
:10E2F0001A0001F00BFB681E00EB800101EBC00966
:10E3000000200646824600BF4FF6FF70864204D0CA
:10E31000484609F1010937F810600D4911F80A1053
:10E320000819314601F0F2FA0EB94FF6FF760AF1FC
:10E33000010082460D28E7D34FF6FF70864202D0D7
:10E3400037F8190008B945F040052570BDE8F08799
:10E350006C7D03082DE9F04104464FF0000805F0FC
:10E36000E9F83E48006808B9FFF7B2FD3C4800688C
:10E37000204000285FD1A4B1083404F0070080B128
:10E3800004F00700C0F10800044404F0070008B9D5
:10E39000012000E0002020B9BF2232A138A0D4F72C
:10E3A00045FF002C47D03A480068844243D8394E94
:10E3B0003046056801E02E462D686868A04202D20A
:10E3C00028680028F7D125480068854233D0306896
:10E3D00000F10808286830606868001B102813D90D
:10E3E0002F1907F0070008B9012000E0002020B92C
:10E3F000EC221CA122A0D4F719FF6868001B7860EA
:10E400006C603846FFF74CFE214968680968081AB5
:10E410001F490860084600681F490968884203D2FE
:10E420001B4800681C4908600D4968680968084372
:10E4300068600020286005F033FB08F0070008B989
:10E44000012000E0002028B94FF4967205A10CA02D
:10E45000D4F7ECFE4046BDE8F08100006C000020DF
:10E46000780000204672656552544F535C706F729D
:10E470007461626C655C686561705F342E63000076
:10E480004572726F723A25732C25640D0A000000E4
:10E490007000002064000020740000202DE9F04F7F
:10E4A00087B08046C14699F85C00C0F38000002820
:10E4B00047D0D9F82400F3F71FF8069022490698B0
:10E4C000096888478246BAF1000F02D107B0BDE85B
:10E4D000F08F00214046F7F7BAFE0590002342F284
:10E4E000220201A90598F0F7CAF88346BBF1000F94
:10E4F00001D016A700E016A73846D1F7E0FE044683
:10E500000AFB04F1481CF4F73BF80546002606E038
:10E5100006FB045022463946F4F74FF9761C56455F
:10E52000F6DB002106FB04F029542946D9F8240023
:10E53000F3F7C8FC2846F4F79FF8404600F024F8AB
:10E5400000BF00BFC2E7000054020020E280A2002A
:10E550002A000000704770B5044625682846FFF77A
:10E560009DFF70BD001F4FF080730360001F21F0FE
:10E5700001030360001F034B03601438026020385E
:10E58000704700003DE102082DE9F04F8FB00646CC
:10E59000344600213046F7F75AFE0E9000213046EF
:10E5A000F7F7C9FE0D903046FDF762FA0C90606AED
:10E5B000F2F7A2FF81464846914A0C9912689047AB
:10E5C000074609EB070000218E4A1268904705466E
:10E5D0000E98F0F70DF90B901DB10A2D01D00D2DFD
:10E5E00007D1002220210E98F0F7DBF80FFA80FA0D
:10E5F00006E0002229460E98F0F7D3F80FFA80FAC9
:10E600000AAA606A0C99F2F773FE606AF2F774FF67
:10E610000190606A0021019AF5F786FA8346BDF9F8
:10E620002800616AB1F91410084400EB0A01606A1D
:10E63000B0F91800814235DD94F85C00C0F3C000E9
:10E6400040BBBBF1030F2DD00020ADF82800BDF872
:10E650002A200D990B980844104400B2ADF82A0006
:10E6600065B109EB0700684909688847074409EB69
:10E6700007000021634A1268904705461DB10A2D24
:10E6800001D00D2D07D1002220210E98F0F789F836
:10E690000FFA80FA06E0002229460E98F0F781F87A
:10E6A0000FFA80FAE7644FF4E0213046F7F7E4F818
:10E6B00080464FF4E0213046F7F7BFFC404400B2FB
:10E6C00009904FF4E020019041F611023046019983
:10E6D000F7F7C0FC00900098404400B208904FF457
:10E6E000E0213046F7F730FB404400B207904FF48A
:10E6F000E020019041F6130230460199F7F7AAFC99
:10E7000000900098404400B20690BDF82810079889
:10E71000081A00B2ADF81000BDF82A100998081ABE
:10E7200000B2ADF81200BDF8281006980844504415
:10E73000401E00B2ADF81400BDF82A10089801443C
:10E740000B980844401E00B2ADF8160004F14401D5
:10E7500002A8E9F7DCFABDF80800616A898A084472
:10E7600000B2ADF80800BDF80A10606AC08A08441B
:10E7700000B2ADF80A00BDF80C00616A898A08444D
:10E7800000B2ADF80C00BDF80E10606AC08A0844F3
:10E7900000B2ADF80E0002A93046F8F7B6FA04A9A7
:10E7A00004F14400E9F7B3FA04F1440102A8E9F7DF
:10E7B000AEFABDF80800616A898A084400B2ADF873
:10E7C0000800BDF80A10606AC08A084400B2ADF8BB
:10E7D0000A00BDF80C00616A898A084400B2ADF8ED
:10E7E0000C00BDF80E10606AC08A084400B2ADF893
:10E7F0000E0002A93046F8F788FA0FB0BDE8F08F96
:10E800004C02002044020020380200202DE9F0478D
:10E8100004462046E7F711FD25462046F7F741FE5E
:10E82000064600212046F6F73EFF8146A6EB09008A
:10E8300000EBD07149100FB22046E4F74FFF80463D
:10E840000FFA88F0FDF78CFE7843C01300B22885DC
:10E850000FFA88F0FDF774FE7843C01301B26985A2
:10E86000304606EBD0712A8D02EB610109B2298591
:10E8700006EBD0714A10698D11440AB26A852046B0
:10E88000E7F7DBFCBDE8F0872DE9F34F97B00746CB
:10E890003846E5F752FC054615B919B0BDE8F08FCA
:10E8A0002846F2F729FE8246524600212846F5F70F
:10E8B0003BF916901698012828D0022802D0032888
:10E8C00029D113E03846F5F7DCFF82462846F7F7F2
:10E8D000E8FDAAEB0000109000EBD070401000B2F1
:10E8E00001460F902846F9F792FE14E03846F5F7F6
:10E8F000C8FF82462846F7F7D4FDAAEB000000B215
:10E90000014610902846F9F782FE04E000212846CF
:10E91000F9F77DFE00BF00BFBB4600213846F7F780
:10E920007EFC159000213846F7F7EBFC1490159803
:10E93000EFF75AFF80463846F5F784FF81464FF0DF
:10E94000000A652251463846F7F784FB109010986C
:10E9500084B2189800B114B93846E7F7DBF9BBF870
:10E9600026001390149808EB00011398414308B255
:10E970001290494609EBD1725210404608EBD07311
:10E98000A2EB630212B21192DDE91120101A06B255
:10E99000189800B144B915492846E8F7F3FA31460A
:10E9A0002846F9F74DFE1FE001A8E8F733FB00BF4A
:10E9B000019500BF0D48029000BF2846F7F79DFD66
:10E9C0008246CDF820A0CDF824A00A9600BF00BF53
:10E9D0000B9400BF0648049000BF0648079000BF94
:10E9E00001A8E8F7E1FB00BF00BF56E72DF50208DC
:10E9F00027EE02088F7001082DE9F04F8BB0064614
:10EA00000F4635464FF4A0213046F7F790F981467E
:10EA10004FF4A0213046F7F733FA82464FF4A02195
:10EA20003046F7F7FDFA83464FF4A0213046F7F75A
:10EA3000A1F80A904FF4A0213046F7F72EFC099078
:10EA40004FF4A0213046F7F769FC08904FF4A0215D
:10EA50003046F7F7F0FB07904FF4A0213046F6F769
:10EA60009FFF06904FF4A0213046F6F78CFF8046BA
:10EA70003C462DE00A98CDE902ABCDF80490049015
:10EA80000898A1B200903046099B079AE5F73CFE32
:10EA9000E96A21F81400E86A30F91400404503DA05
:10EAA000E86A30F9140000E040460699884201DA2D
:10EAB000069809E0E86A30F91400404503DAE86A8C
:10EAC00030F9140000E04046E96A21F81400641CA3
:10EAD000E88CA042CED83046F8F789FE0BB0BDE8EE
:10EAE000F08F2DE9F04105462846F5F748FE064629
:10EAF000002412E0A868006850F824703846F8F73F
:10EB0000CAF800222A213846EFF708FD3846F8F700
:10EB1000C2F83846FFF7E5FF641CB442EAD3BDE80B
:10EB2000F08100002DE9F04F87B005462846E5F753
:10EB300004FB06461EB9012007B0BDE8F08FF1F7CF
:10EB4000A7FD06902C460698F1F7F7FD0746042F1F
:10EB500001D0022F10D1E08C2085042F0CD1284643
:10EB6000F5F7FAFE80464046F0F7E0FA18B10021CA
:10EB70004046F0F77EFB00BF0698F1F7DEFD012866
:10EB800004D00698F1F7D9FD03287DD14FF0FF3866
:10EB9000A06AC0F34040002838D1804603A90698F7
:10EBA000F1F790FDBDF80E10F08A081A00B2ADF82A
:10EBB0000E00BDF80C00B18A401A00B2ADF80C008E
:10EBC00003A93046F2F760FA81463046F2F794FC2A
:10EBD0008346002002900190824600BF13E002A904
:10EBE0005846324A12689047009000980A2806D189
:10EBF0000198484503D008F101000FFA80F8029807
:10EC000001900AF1010ACA45E9D339E000212846FA
:10EC1000F7F705FB039000212846F7F772FB8246C1
:10EC20000398EFF7E1FD83460BEB0A0000B2029078
:10EC3000B5F91A20B5F91610501A00EBD0714A1028
:10EC4000E98A114409B201910C210698F1F785FE79
:10EC5000F18A084400B20090DDE90010411A0298E0
:10EC600091FBF0F9B9F1000F01DA4FF00009A08C27
:10EC7000484502DCA08CA0F101090FFA89F800BF19
:10EC8000B8F1000F07DB00E006E01FFA88F101226F
:10EC90002846FAF7BAFB00BFE08C059005AA1C21B4
:10ECA0002846EFF73BFC0490049845E74402002017
:10ECB0002DE9F04781460E4617464FF00008D9F877
:10ECC0000040022E02D3A069B04202D80220BDE863
:10ECD000F08767B100BF4FF0FF3239462046FFF79B
:10ECE0005DFA8046B8F1000F01D04046EFE700BF63
:10ECF00031464846E4F7C8FE054605B922E0012D35
:10ED000001D10220E3E7681C08B90120DFE70022F7
:10ED100031462046FFF742FA8046B8F1000F01D095
:10ED20004046D4E7D4E90510801E814206D26069CE
:10ED3000401C6061607940F0010060712E46A0695E
:10ED4000B042D5D800BF0020C1E7F0B50C46E56859
:10ED5000A16800BF1DB900BF00BF00BFFEE700BF34
:10ED600000BF19B900BF00BF00BFFEE700BFCD6004
:10ED7000A96000F1380606EBC21656F82360A642D9
:10ED80001BD100F1380606EBC21646F8231081426B
:10ED900013D100F1140656F8226001279F40BE43AC
:10EDA00000F1140747F822603E4656F8226026B963
:10EDB000012797400669BE430661F0BD2DE9F04189
:10EDC00006460D4600240EE026B1E86850F83400EF
:10EDD000B04207D14FF6FF724FF470212846F8F782
:10EDE0001FFD05E0641C688CC0F3C500A042EBD891
:10EDF00000BF2846F5F7C3FC0746002407E0A868D3
:10EE0000006850F824103046FFF7D8FF641CBC425D
:10EE1000F5D3BDE8F08110B5044600220A21206830
:10EE2000EFF77CFB10BD70B504462068F5F7EEFDEA
:10EE300005462846E6F76EFF70BD00002DE9FF4F3E
:10EE400091B090461298F5F7E1FD0746102138463B
:10EE5000F7F784FB10B915B0BDE8F08F3846F5F729
:10EE60004DFE10904FF00009CA4600253846F5F7D0
:10EE700063FF0F900F9818B1129800F1140400E08E
:10EE8000119C00213846F6F7C3FC0E90002138464D
:10EE9000F7F744F801460E98084400B20D9000219F
:10EEA0003846F6F7F2FD01460E98084400B20C9081
:10EEB000F98A0D9808446188401AB8F80210401A7F
:10EEC00000B20B90798B0C98081AE188401AB8F8B8
:10EED0000210081A00B20A903846F5F747FD0146BD
:10EEE0000D98091A0C98081A00B209900B9800287E
:10EEF00004DB0A98002801DB00251BE00B980028A2
:10EF000008DD0B9D3846F5F721FF0246501B00D562
:10EF100000250FE00A9800280CDD0A98404205B24F
:10EF20003846F5F78BFD019001982844002800DA57
:10EF3000002500BF0F98012804D0022810D0032814
:10EF40003AD11BE0F98A0D9808440FFA80F96088DD
:10EF500028440FFA80FAA9EB0A00284405B22BE0F6
:10EF6000798B0C98081A0FFA80F9E08828440FFA78
:10EF700080FAA9EB0A00284405B21DE0099800EBCD
:10EF8000D0714A10FB8A0D99194411440FFA81F986
:10EF900000BFE1886288891A491C09B2084601EB62
:10EFA000D071628802EB610129440FFA81FAA9EB62
:10EFB0000A00284405B200BF00BF00263846F5F716
:10EFC000B1FE0890089818B1129800F1140400E0FE
:10EFD000119C00213846F6F735FE0E9908440FFAC9
:10EFE00080FB00213846F6F7D6FE0E99084400B2A1
:10EFF0000790B88A58442188401AB8F80010401A7F
:10F0000000B20690398B0798081AA188401AB8F800
:10F010000010081A00B205900698002804DB059835
:10F02000002801DB00261DE0069800280ADD069E68
:10F030003846F5F791FD019001983044002800DD35
:10F0400000260FE0059800280CDD0598404206B226
:10F050003846F5F7F9FD019001983044002800DAB0
:10F06000002600BF3846F7F71CFAA0EB0B01079803
:10F07000081A00B204900898012804D002280FD082
:10F08000032838D11AE0B88A58440FFA80F920884A
:10F0900030440FFA80FAA9EB0A00304406B22AE0A5
:10F0A000398B0798081A0FFA80F9A08830440FFAB4
:10F0B00080FAA9EB0A00304406B21CE0049800EB89
:10F0C000D071BA8A5A4402EB61010FFA81F900BF8C
:10F0D000A1882288891A491C09B2084601EBD0711F
:10F0E000228802EB610131440FFA81FAA9EB0A0090
:10F0F000304406B200BF00BF29493846E7F742FF57
:10F10000039028493846E7F73DFF0290039808B975
:10F11000029850B100220A213846EFF7FFF901901A
:10F120000198012800D096E600BF109800F0010079
:10F1300010B9002E00DA0026109800F0020010B975
:10F14000002E00DD0026109800F0040010B9002DFC
:10F1500000DA0025109800F0080010B9002D00DD3D
:10F160000025B8F90010149808B9002000E03046D6
:10F17000084400B2A8F80000B8F90210149808B9C1
:10F18000002000E02846084400B2A8F802002A4601
:10F1900031463846149BF8F7B7FC00BF5BE6000029
:10F1A00001F30208E5F202082DE9F04104460D469C
:10F1B000164615B90EB9BDE8F0812046F4F770FB8C
:10F1C000A068008A284400B2A1680882A068408A2A
:10F1D000304401B2A06841820123324629462046CC
:10F1E000F7F736FE00220B212046EFF797F9074686
:10F1F000012F00D0DFE72046F7F74DFD00BFDAE72B
:10F2000010B5DAB1B0F91630B2F900401C44B0F9CB
:10F2100032309C4204DA448EC38AE31A1BB2138054
:10F22000B0F91630B2F900401C44B0F936309C42B7
:10F2300004DDC48EC38AE31A1BB21380D9B1B0F9BE
:10F240001430B1F900401C44B0F930309C4204DA6B
:10F25000048E838AE31A1BB20B80B0F91430B1F923
:10F2600000401C44B0F934309C4204DD848E838A13
:10F27000E31A1BB20B8010BD2DE9F0410546B5F92C
:10F2800018400026F1F704FA0746386890F819800C
:10F2900008E0301906B2C8F164006043642190FBB5
:10F2A000F1F004B2002CF4D13046BDE8F0812DE934
:10F2B000F0410546B5F91A400026F1F7E9F907468D
:10F2C000386890F8198008E0301906B2C8F1640077
:10F2D0006043642190FBF1F004B2002CF4D130467D
:10F2E000BDE8F08170B505460C462846F5F738FDB7
:10F2F000204406B2002231462846FFF755FF70BD74
:10F3000070B505460C462846F5F734FD204406B294
:10F31000324600212846FFF747FF70BD2DE9FC412A
:10F3200005460C462046EDF759FB4FF48031284640
:10F33000F6F73AFAE070E07802280CDD4FF48037F7
:10F34000202239462846F6F785FE00900098019065
:10F35000BDF80400A0804FF480373122394628469A
:10F36000F6F778FE01900198C0B284F8220094F874
:10F37000220002281EDD00BF41F232023946284633
:10F38000F6F768FE0190019800B22084B4F92000DD
:10F3900000280CDD00BF302239462846F6F75AFE19
:10F3A000009000980190BDF80400E08302E0002086
:10F3B00084F822004FF4803740F64502394628464B
:10F3C000F6F748FE01900198C0B284F8360094F830
:10F3D0003600022829DD00BF4FF404623946284672
:10F3E000F6F738FE0190019800B2E085B4F92E00DE
:10F3F000002817DD00BF40F6430239462846F6F7DD
:10F4000029FE0190019800B2A08600BF442239462F
:10F410002846F6F71FFE009000980190BDF8040002
:10F42000A08502E0002084F836004FF480312846A1
:10F43000F6F7C3FA0646FD2E0DDAE07870430012A7
:10F44000E070E0787043001284F82200E0787043A6
:10F45000001284F83600E07828B994F8220010B938
:10F4600094F8360040B14FF480312846F6F74EFE4E
:10F4700020800120BDE8FC810020FBE72DE9F0475A
:10F4800004460E4617463568D7F8008004F114008C
:10F4900050F825004FF0FF3101FA08F100EA0109A8
:10F4A000B9F1000F16D1691C4FF0FF328A40206974
:10F4B00000EA020ABAF1000F02D10020BDE8F0878D
:10F4C000504603F081FB0546356004F1140050F806
:10F4D000259000BF00BFB9F1000F03D100BF00BFEE
:10F4E00000BFFEE700BF484603F06EFB8046C7F84A
:10F4F000008004F1380000EBC51050F82800DDE76B
:10F5000070B504460D46264628B2A6F844002046AB
:10F51000F7F7C1FB70BD70B504460D46264629B20B
:10F52000462081532046F7F7B6FB70BD70B50546FF
:10F530000C4621B22846F9F783F870BD2DE9F04F4B
:10F5400085B00446894617464FEA690004904FEAA1
:10F550006900039009F0010010B90498401E04905E
:10F560006000F3F70DF88346B846002631E0601ED0
:10F5700038F8100000FB09F00090651E1FE0009AAB
:10F580002BF815200021039A2A44A24203DA039A99
:10F590002A4438F81210009A521A0092049AAA1AB1
:10F5A000521E002A02D5B8F8000004E0049AAA1AF4
:10F5B000521E38F81200009A024400926D1E002D6F
:10F5C000DDDA620059464046F3F7F7F808EB4408E5
:10F5D000761CA642CBDB4FF47F5002900298B0FB22
:10F5E000F9F001904FF0000A15E037F81A0000B961
:10F5F0000FE037F81A100298814203D1019827F8DA
:10F600001A0005E037F81A0090FBF9F027F81A0005
:10F6100000BF0AF1010A04FB04F05045E5D80025BB
:10F6200042E007EB4508B8F8001001FB09F000269E
:10F630002AE0002801DA002300E083112BF81630BD
:10F64000039BF31A002B02DCB8F8001005E0039BC3
:10F65000F31A03FB045337F81310401A049B334486
:10F660005B1CA34207DA049B33445B1C03FB04537B
:10F6700037F8132004E0631E03FB045337F813200C
:10F680001044761C08EB4408A642D2DB07EB450881
:10F69000002606E03BF81610A8F80010761C08EBD0
:10F6A0004408A642F6DB6D1CA542BADB5846F2F7C9
:10F6B000E3FF05B0BDE8F08F2DE9FF4F8BB00D469D
:10F6C000144627460E983E1809A80B99E8F7F2FA57
:10F6D000204604EBD0714A100E991144491E04F0E3
:10F6E000010282F00102891A09B2ADF8281004EB78
:10F6F000D0714910491C09B2ADF826100B98E8F7F3
:10F70000C1FBBDF82810081A00B2ADF824000B9810
:10F71000E8F730FBBDF82610084400B2ADF82A0027
:10F72000002309A903A80E9AEDF742F8012F01D191
:10F73000012401E0781004B23046F2F721FF81463F
:10F74000A846002002903BE031464846F3F7FAF91C
:10F7500003A8009033B2DDE9020C02B20021484652
:10F76000E0478346BBF1000F04D171004046F3F738
:10F77000B2F920E099F80010890191FBF4F1A8F8A2
:10F780000010012014E019F80020411E19F80110A2
:10F790008A4205D1411E38F8111028F8101006E0F1
:10F7A00019F80010890191FBF4F128F81010401CA1
:10F7B000B042E8DB00BF08EB46080298401C02900C
:10F7C0000298B042C0DB4846F2F756FF03A8ECF7B8
:10F7D00053FC012C0FD12946002005E035F81020FC
:10F7E000C2F387120A54401C06FB06F28242F5DC83
:10F7F0000FB0BDE8F08F2A46214630B2FFF79EFEDB
:10F8000007F00100204404B2012C27DD4FF47F50A3
:10F8100090FBF4F000904FF0000B15E035F81B0062
:10F8200000B90FE035F81B00FF2803D1009825F838
:10F830001B0006E035F81B00800190FBF4F025F872
:10F840001B0000BF0BF1010B06FB06F05845E5D885
:10F850002A46214630B2FFF771FE00BF01954FF0F6
:10F86000000A06E015F81A10019800F80A100AF1CB
:10F87000010A06FB06F05045F4DC00BFB8E770B59E
:10F8800098B006460C4615460AA8EDF7A7F800BF43
:10F89000FF2211461046EAF742FB0090BDF8001027
:10F8A00008460190BDF80400ADF82C0022460AA9D4
:10F8B0003046EDF777F802A8ECF784F800202B46E5
:10F8C000224602A900903046EBF7C8FC18B070BD84
:10F8D00070B506460C461546A9B204F11A0000F0B0
:10F8E00015F83078032804D1290C04F1140000F035
:10F8F0000DF870BD00F8011B090A00F8011B090A88
:10F9000000F8011B090A00F8011B704700F8011BF1
:10F91000091200F8011B7047F0B591B00646354654
:10F920004FF4E027652239463046F6F793FB1090F6
:10F93000109804465CB918493046E7F723FB50207D
:10F94000405D20F00100401C5021485522E001A8F4
:10F95000E7F760FB294601A8E7F713FC0E4901A869
:10F96000E7F7E1FB214601A8E7F7F1FB00BF0E94A2
:10F9700000BF0022012101A8E7F7FBFB074901A80E
:10F98000E7F7D5FB01A84FF6FF71818700BFE7F7C6
:10F990000BFC00BF11B0F0BD3F840008FF700108F0
:10F9A0000EB5FE4890F8200000F0010040B1FC4880
:10F9B000EAF712FA0190FB48BDF80410018008E054
:10F9C00004211220F8F7AEFE0290F648BDF80810A8
:10F9D0000180F24890F8200000F0010048B10521B4
:10F9E0001220F8F79FFE0190EF48BDF80410018047
:10F9F00008E004211220F8F76BFE0290EA48BDF8F7
:10FA000008100180E54890F8200000F0010040B1A6
:10FA1000E648EAF7E1F90190E548BDF804100180F5
:10FA200006E0EAF785FC0290E148BDF80810018085
:10FA3000DA4890F8200000F0010040B1DD48EAF714
:10FA4000CBF90190DC48BDF80410018008E00221E8
:10FA50001220F8F767FE0290D748BDF80810018021
:10FA6000002046215023D54ACDE90010D449D5487D
:10FA7000FBF772F8002000905023D04AD049019043
:10FA8000D148FBF769F8D1480068D03001F058FE42
:10FA9000CC49CE480068D030FBF749F8CB48006825
:10FAA000D83001F04DFEC849C8480068D830FBF78F
:10FAB0003EF8C6480068083001F042FEB74890F8AA
:10FAC000200000F0010028B102211220F8F700FE0A
:10FAD000029003E01220F8F751FE0290BB48029911
:10FAE00000680830FAF791FD47F6FF71B7480068E3
:10FAF0000830FAF788FFA948C06807210190EAF7A3
:10FB00001AFF01460290B14800680830FAF767FE14
:10FB1000A248C06805210190EAF70DFF0146029056
:10FB2000AA4800680830FBF70CF86621A74800686F
:10FB30000830FAF78FFDA449A44800680830FAF7A6
:10FB4000F6FFA2480068103001F0FAFDFF219F483F
:10FB500000681030FAF77EFD9C48006801F0F0FD67
:10FB6000FF219A480068FAF775FD8E480088014623
:10FB7000029096480068FAF748FD8B4800880146D5
:10FB8000029092480068FAF798FF9148007801289F
:10FB900006D18248C0680E210190EAF7CCFE10E041
:10FBA0008B480078022806D17C48C0680C2101905F
:10FBB000EAF7C1FE05E07948C0680A210190EAF73A
:10FBC000BAFE0146029081480068FAF760FE80485C
:10FBD0000078012806D17148C0680E210190EAF72B
:10FBE000AAFE10E07A480078022806D16B48C06867
:10FBF0000C210190EAF79FFE05E06848C0680A21E1
:10FC00000190EAF798FE0146029070480068FAF702
:10FC100005FE6E480068183001F092FD6C480078CF
:10FC2000012806D15D48C0680C210190EAF783FEE7
:10FC300005E05A48C06808210190EAF77CFE0146B9
:10FC40000290624800681830FAF7DDFEFF215F4835
:10FC500000681830FAF7FEFC55480088014602900B
:10FC60005A4800681830FAF7D0FC5348008801461B
:10FC70000290564800681830FAF7F6FC4748C0680A
:10FC800002210190EAF757FE014602904F480068B2
:10FC90001830FAF714FD01214C4800681830FAF7C3
:10FCA000FAFC414800880146029048480068183034
:10FCB000FAF703FF46480078012806D13748C068A4
:10FCC00018210190EAF737FE10E041480078022839
:10FCD00006D13248C06814210190EAF72CFE05E0F5
:10FCE0002E48C06810210190EAF725FE01460290D7
:10FCF000364800681830FAF772FD35480078012858
:10FD000006D12648C0680E210190EAF714FE10E0E3
:10FD10002F480078022806D12048C0680C210190A5
:10FD2000EAF709FE05E01D48C0680A210190EAF7DC
:10FD300002FE01460290254800681830FAF7A7FD38
:10FD400023480078012806D11448C0680E2101908C
:10FD5000EAF7F1FD10E01E480078022806D10F48AE
:10FD6000C0680C210190EAF7E6FD05E00B48C06889
:10FD70000A210190EAF7DFFD01460290134800686E
:10FD80001830FAF74BFD1220F8F7F8FC0146029004
:10FD90000E4800681830FAF7C6FC1BE01845002032
:10FDA0001A1715000601002008010020302B28003A
:10FDB0000A01002037322F000C010020D370010807
:10FDC000783D03083C4500205045002000010020FC
:10FDD00004010020F848C06801210190EAF7ABFD5A
:10FDE00001460290F54800681830FAF7A9FCF3487C
:10FDF0000068A03001F0A4FCEF480169EF480068FA
:10FE0000A030FAF7BEFCEC48C06803210190EAF785
:10FE100092FD01460290E9480068A030FAF7D4FC50
:10FE2000E548C06803210190EAF785FD014602908C
:10FE3000E2480068A030FAF7BCFC7F21DF48006888
:10FE4000A030FAF7ABFCDD480068A83001F078FC80
:10FE5000D948408A01460290D8480068A830FAF78D
:10FE600090FCD548C06803210190EAF764FD014683
:10FE70000290D2480068A830FAF7A6FC7F21CF484C
:10FE80000068A830FAF78AFCCC480068203001F0FE
:10FE900057FCCB480078012806D1C748C06810211C
:10FEA0000190EAF748FD10E0C5480078022806D125
:10FEB000C148C0680C210190EAF73DFD05E0BE484D
:10FEC000C06808210190EAF736FD01460290BB4860
:10FED00000682030FAF797FDFF21B848006820300D
:10FEE000FAF7B8FBB748008801460290B3480068AB
:10FEF0002030FAF78AFBB04890F8200000F00100AB
:10FF0000E8BB1220F8F73AFC01460290AB480068C3
:10FF10002030FAF782FD0020EAF738FE00EB4000BF
:10FF20005030A02190FBF1F0012809DD0020EAF714
:10FF30002DFE00EB40005030A02190FBF1F000E0DE
:10FF4000012000B2014602909C4800682030FAF778
:10FF500092FD7F21994800682030FAF776FD002055
:10FF6000EAF714FE502101EB8000A02190FBF1F094
:10FF700001280BDD0020EAF709FE502100E015E022
:10FF800001EB8000A02190FBF1F000E0012000B225
:10FF900001908948C06800900199EAF7CCFC0146BD
:10FFA0000290864800682030FAF744FD86480088B1
:10FFB00001460290814800682030FAF77EFD8048B3
:10FFC0000078012806D17C48C06818210190EAF722
:10FFD000B2FC10E07A480078022806D17648C06862
:10FFE00014210190EAF7A7FC05E07348C0681021CE
:10FFF0000190EAF7A0FC01460290704800682030AA
:020000040803EF
:10000000FAF723FC6E480078012806D16A48C068D8
:100010000E210190EAF78FFC10E069480078022871
:1000200006D16548C0680C210190EAF784FC05E020
:100030006148C0680A210190EAF77DFC0146029000
:100040005E4800682030FAF738FC5B48C06805213C
:100050000190EAF770FC0146029058480068203091
:10006000FAF7DCFB5448C06805210190EAF763FC0D
:1000700001460290514800682030FAF708FC5349C5
:100080005348E9F7A7FE53495348E9F7A3FE4B4805
:100090000068583001F054FB4D494848006858301A
:1000A000FAF722FB2321454800685830FAF726FB6F
:1000B00042480068603001F043FB47493F48006810
:1000C0006030FAF711FB7F213C4800686030FAF796
:1000D00015FB3A480068C03001F032FB0121374877
:1000E0000068C030FAF7F6FA012134480068C030E1
:1000F000FAF7D1FA31480068803001F021FB30482E
:100100000078012806D12C48C06818210190EAF730
:1001100012FC10E02A480078022806D12648C06860
:1001200014210190EAF707FC05E02348C06810217C
:100130000190EAF700FC01460290204800688030F8
:10014000FAF74DFB1E480078012806D11A48C0680E
:1001500018210190EAF7EFFB10E019480078022817
:1001600006D11548C06814210190EAF7E4FB05E0C8
:100170001148C06810210190EAF7DDFB01460290AA
:100180000E4800688030FAF782FB0D48007801289D
:1001900006D10948C06818210190EAF7CCFB23E09A
:1001A00007480078022819D10348C068142101903B
:1001B000EAF7C1FB18E0000018450020000100200C
:1001C000040100200C01002008010020BD8400086B
:1001D000100100207D4A010818010020FE48C06877
:1001E00010210190EAF7A7FB01460290FB48006846
:1001F0008030FAF713FBF9480068783001F0A0FA74
:10020000F7480078012806D1F348C0680E21019014
:10021000EAF791FB10E0F2480078022806D1EE4898
:10022000C0680C210190EAF786FB05E0EA48C06847
:100230000A210190EAF77FFB01460290E748006837
:100240007830FAF7CCFAE6480078012806D1E2487F
:10025000C0680E210190EAF76EFB10E0E0480078DC
:10026000022806D1DC48C0680C210190EAF763FB44
:1002700005E0D948C0680A210190EAF75CFB014615
:100280000290D64800687830FAF7D3FAD34800686D
:10029000883001F055FAD048C0680A210190EAF789
:1002A0004AFB01460290CD4800688830FAF7EFFA21
:1002B000C948C0680A210190EAF73DFB0146029057
:1002C000C64800688830FAF7A9FAC4480068903038
:1002D00001F036FAC048C06814210190EAF72BFB00
:1002E00001460290BD4800689030FAF7FFFBBB481A
:1002F0000068983001F024FA0221B848006898306C
:10030000FAF7D0FBB5480068683001F019FA00210F
:10031000B24800686830FAF762FA0021AF48006816
:100320006830FAF7B4FA0021AC4800686830FAF790
:1003300075FAAA480068703001F002FAA8480078FF
:10034000012806D1A448C06808210190EAF7F3FA11
:1003500010E0A3480078022806D19F48C068062113
:100360000190EAF7E8FA05E09B48C0680221019095
:10037000EAF7E1FA01460290984800687030FAF70F
:100380002EFA97480078012806D19348C0680821C2
:100390000190EAF7D0FA10E091480078022806D1DF
:1003A0008D48C06806210190EAF7C5FA05E08A4841
:1003B000C06802210190EAF7BEFA01460290874820
:1003C00000687030FAF763FA85480078012806D192
:1003D0008148C06808210190EAF7ADFA10E0804832
:1003E0000078022806D17C48C06806210190EAF70F
:1003F000A2FA05E07848C06802210190EAF79BFA6A
:1004000001460290754800687030FAF707FA7348A1
:100410000068283001F094F96F4801696F4800685E
:100420002830FAF7F2F8E9F783FF014602906B48AB
:1004300000682830FAF741FBFF216848006828303F
:10044000FAF708F965480068303001F079F9624838
:100450000169624800683030FAF7D7F85E480169F0
:100460005E4800683030FAF728FB33215B480068AB
:100470003030FAF7EFF859480068383001F060F989
:100480005548408A01460290544800683830FAF7CF
:10049000BCF8E9F74DFF014602905048006838303B
:1004A000FAF70BFBFF214D4800683830FAF7D2F815
:1004B0004A480068403001F043F94748408A014605
:1004C0000290464800684030FAF79FF84248408A58
:1004D00001460290414800684030FAF7EEFA3321B5
:1004E0003E4800684030FAF7B5F83C4800684830AC
:1004F00001F026F93B480088014602903748006821
:100500004830FAF782F8FF21344800684830FAF79B
:10051000A1F835480088014602903048006848300C
:10052000FAF7CBFA2D480068503001F009F92F484E
:10053000008801460290294800685030FAF765F8B3
:10054000FF21264800685030FAF784F826480088D2
:1005500001460290214800685030FAF7AEFA1F4871
:100560000068B03001F0ECF847F6FF711B480068F6
:10057000B030FAF748FA19480068B83001F0E0F8EE
:10058000002116480068B830FAF73DFA13480068B1
:10059000C83001F0D5F81048C06803210190EAF78F
:1005A000CAF9014602900D480068C830FAF7B4FA5B
:1005B0000948C06803210190EAF7BDF9014602909D
:1005C00006480068C830FAF79CFA04480068F03022
:1005D00001F0B6F800480BE01845002000010020AB
:1005E000040100200C010020080100200A01002065
:1005F0000169FE480068F030FAF707F8FF21FB4870
:100600000068F030FAF726F8F948C0680621019032
:10061000EAF791F901460290F4480068F030FAF7E1
:10062000DEF847F6FF71F1480068F030FAF7EBF9B1
:10063000EE480068E03001F083F8C821EB4800681C
:10064000E030F9F7B6FFE9480068E83001F078F8E3
:100650007821E6480068E830F9F7ABFFE348006826
:1006600000F5807001F06CF8E248008801460290C5
:10067000DE48006800F58070F9F7A5FFDC48C06827
:100680000F210190EAF757F901460290D748006818
:1006900000F58070F9F7AEFF0121D448006800F53D
:1006A0008070F9F79DFFD148006800F5847001F073
:1006B00047F8CF480169CD48006800F58470F9F724
:1006C00082FFCA48006800F5987001F039F84FF4CD
:1006D0008271C648006800F59870FAF73CF8C34884
:1006E000006800F59C7001F02BF8C148C068032138
:1006F0000190EAF720F901460290BC48006800F535
:100700009C70FAF76CF8BA48C06802210190EAF7C9
:1007100012F901460290B548006800F59C70F9F79F
:10072000CEFFB3480169B148006800F59C70F9F745
:100730009BFFB148008801460290AC48006800F574
:100740009C70F9F762FFFF21A848006800F59C70D3
:10075000F9F780FFA9480078012806D1A448C068AD
:100760000C210090EAF7E7F805E0A148C0680821ED
:100770000090EAF7E0F8029000EBD070401000B271
:10078000014601909948006800F59C70FAF73BF922
:100790009648006800F5A07000F0D2FF98A1934839
:1007A000006800F5A070F9F74AFFE9F7C1FD0146BE
:1007B00002908E48006800F5A070FAF77EF98C4828
:1007C0004069014602908948006800F5A070FAF778
:1007D00082F98648006800F5A47000F0B1FF8448F3
:1007E000C06804210190EAF7A6F8404200B2014631
:1007F00002907E48006800F5A470F9F7F0FFE9F771
:1008000097FD014602907948006800F5A470F9F759
:10081000FCFE7648006800F5A87000F091FF012109
:100820007248006800F5A870F9F78AFF75480088DB
:10083000014602906D48006800F5A870F9F773FF53
:100840006A48006800F5947000F07AFF002167485C
:10085000006800F59470F9F71EFF6548C0680A212A
:100860000190EAF768F8014602906048006800F5D8
:100870009470F9F7D3FF5F480088014602905B4807
:10088000006800F59470F9F74EFF5848006800F5CD
:10089000887000F055FF5648C06803210190EAF7C0
:1008A0004AF8014602905148006800F58870F9F74F
:1008B00047FF4F48C06803210190EAF73CF8014622
:1008C00002904A48006800F58870FAF79CF848489A
:1008D000C06808210190EAF72EF8014602904348CB
:1008E000006800F58870FAF7D1F84148C068022125
:1008F0000190EAF720F8014602903C48006800F5B4
:100900008870F9F78BFF3948006800F58C7000F0AB
:1009100017FF47F6FF713548006800F58C70FAF74D
:1009200072F83348C06808210190EAF704F80146DC
:1009300002902E48006800F58C70FAF7A7F82C4852
:1009400001692A48006800F58C70F9F75EFEFF2106
:100950002648006800F58C70F9F77CFE2348006893
:1009600000F5907000F0ECFE2148C0680121019074
:10097000E9F7E1FF014602901C48006800F590701D
:10098000F9F7DEFE1F48008801460290174800680C
:1009900000F59070F9F7C7FE1548C0680221019074
:1009A000E9F7C9FF014602901048006800F5907011
:1009B000F9F715FF1220F7F7E1FE014602900B4808
:1009C000006800F59070FAF778F80848006800F5BC
:1009D000D07000F0B5FE00210448006800F5D0702A
:1009E000F9F7FDFE0021014800680DE0000100203C
:1009F000184500200C0100200A01002004010020FD
:100A0000EF808C000801002000F5D070F9F711FF8D
:100A10000021FE48006800F5D070F9F7F4FF0121CD
:100A2000FA48006800F5D070F9F754FE0021F74845
:100A3000006800F5D070F9F738FEF448006800F55A
:100A4000EC7000F07DFEF2480078012806D1F148F4
:100A5000C0680C210190E9F76EFF05E0ED48C06821
:100A600008210190E9F767FF01460290E748006816
:100A700000F5EC70F9F7C7FF0121E448006800F5C4
:100A8000EC70F9F727FEFF21E048006800F5EC70F4
:100A9000F9F7E0FDE048008801460290DB48006875
:100AA00000F5EC70F9F7B1FDDC48008801460290D2
:100AB000D648006800F5EC70F9F7FFFFD3480068EE
:100AC00000F5D47000F03CFED1480078012806D132
:100AD000D048C0680E210190E9F72DFF10E0CC4806
:100AE0000078022806D1CB48C0680C210190E9F7B4
:100AF00022FF05E0C748C0680A210190E9F71BFF03
:100B000001460290C148006800F5D470F9F79DFED7
:100B1000BF480078012806D1BE48C0680E21019068
:100B2000E9F709FF10E0BA480078022806D1B94871
:100B3000C0680C210190E9F7FEFE05E0B548C068E9
:100B40000A210190E9F7F7FE01460290AF480068DC
:100B500000F5D470F9F7B1FEAD480078012806D150
:100B6000AC48C0680E210190E9F7E5FE10E0A84806
:100B70000078022806D1A748C0680C210190E9F747
:100B8000DAFE05E0A348C0680A210190E9F7D3FE28
:100B9000014602909D48006800F5D470F9F749FEBF
:100BA0009C48C06801210190E9F7C5FE014602900A
:100BB0009648006800F5D470F9F781FD1921934833
:100BC000006800F5D470F9F75CFD94480088014690
:100BD00002908E48006800F5D470F9F745FD0021B9
:100BE0008A48006800F5D470F9F75FFD874800680F
:100BF00000F5D87000F0A4FD00218448006800F5DD
:100C0000D870F9F7ECFD00218048006800F5D87035
:100C1000F9F70FFE7F48C06801210190E9F78BFECC
:100C2000014602907948006800F5D870F9F747FD51
:100C300019217648006800F5D870F9F722FD774849
:100C40000088014602907148006800F5D870F9F7F5
:100C50000BFD08216D48006800F5D870F9F725FDF7
:100C60006A48006800F5DC7000F06AFD0021674802
:100C7000006800F5DC70F9F7B2FD002163480068F8
:100C800000F5DC70F9F7D5FD6048006800F5E47008
:100C900000F056FD5E480078012806D15D48C06826
:100CA0000E210190E9F747FE10E05948007802282C
:100CB00006D15848C0680C210190E9F73CFE05E0D8
:100CC0005448C0680A210190E9F735FE01460290B8
:100CD0004E48006800F5E470F9F7B7FD4C4800781D
:100CE000012806D14B48C06808210190E9F723FE8E
:100CF00010E047480078022806D14648C06806211F
:100D00000190E9F718FE05E04248C0680221019011
:100D1000E9F711FE014602903C48006800F5E470D6
:100D2000F9F7CBFD3A480078012806D13948C06868
:100D30000E210190E9F7FFFD10E035480078022808
:100D400006D13448C0680C210190E9F7F4FD05E0B4
:100D50003048C0680A210190E9F7EDFD0146029094
:100D60002A48006800F5E470F9F763FD2748006839
:100D700000F5E87000F0E4FC25480078012806D171
:100D80002448C06808210190E9F7D5FD10E020480B
:100D90000078022806D11F48C06806210190E9F7B3
:100DA000CAFD05E01B48C06802210190E9F7C3FDB8
:100DB000014602901548006800F5E870F9F745FD16
:100DC00013480078012806D11248C0680821019014
:100DD000E9F7B1FD10E00E480078022806D10D4871
:100DE000C06806210190E9F7A6FD05E00948C06842
:100DF00002210190E9F79FFD014602900348006837
:100E000000F5E870F9F759FD002109E00001002024
:100E100004010020184500200A01002008010020DC
:100E2000FC48006800F5E870F9F70FFE0021F9486A
:100E3000006800F5E870F9F70DFCF74800880146F6
:100E40000290F448006800F5E870F9F736FEF148C2
:100E5000006800F5E07000F073FC0021ED480068C8
:100E600000F5E070F9F7F1FC0021EA48006800F5B0
:100E7000E070F9F7DEFCE748006800F5F07000F07C
:100E80005FFC3321E348006800F5F070F9F7E2FBFE
:100E90001220F7F773FC01460290DE48006800F567
:100EA000F070F9F7B2FBDB48006800F5F47000F071
:100EB00047FC0021D748006800F5F470F9F7CAFB39
:100EC000D6480078012806D1D548C068082101908D
:100ED000E9F731FD10E0D1480078022806D1D0486A
:100EE000C06806210190E9F726FD05E0CC48C068FE
:100EF00002210190E9F71FFD01460290C5480068F4
:100F000000F5F470F9F7D9FCC248006800F5B0703C
:100F100000F016FCC248C06805210190E9F70BFDFE
:100F200001460290BB48006800F5B070F9F708FC74
:100F3000B948008801460290B648006800F5B070D4
:100F4000F9F7F1FBB648C06814210190E9F7F3FC0A
:100F500001460290AF48006800F5B070F9F796FDC1
:100F6000AF48C0680F210190E9F7E5FC0146029007
:100F7000A848006800F5B070F9F773FCA548006850
:100F800000F5B47000F0DCFB47F6FF71A148006883
:100F900000F5B470F9F737FD9F48008801460290CC
:100FA0009C48006800F5B470F9F72FFBFF219948C1
:100FB000006800F5B470F9F74DFB9948C0680F213F
:100FC0000190E9F7B8FC014602909248006800F5EC
:100FD000B470F9F75BFD8F48006800F5AC7000F065
:100FE000AFFB8F48C06801210190E9F7A4FC0146DE
:100FF00002908848006800F5AC70F9F760FB8948FA
:101000000088014602908348006800F5AC70F9F74B
:101010002BFB03217F48006800F5AC70F9F745FB16
:101020007C48006800F5B87000F08AFB7A480088B8
:10103000014602907748006800F5B870F9F714FB94
:101040007748C06802210190E9F775FC01460290DB
:101050007048006800F5B870F9F731FB7048C06857
:1010600001210190E9F767FC404200B2014602907D
:101070006848006800F5B870F9F7F3FB042165488B
:10108000006800F5B870F9F710FB4FF4C8716148BB
:10109000006800F5B870F9F78CFA5E48006800F552
:1010A000BC7000F04DFB5E4890F8200000F001009D
:1010B00028B102211220F7F70BFB029004E0012176
:1010C0001220F7F72FFB029052480299006800F5B2
:1010D000BC70F9F7F2FC4F48006800F5C07000F0F2
:1010E0002FFB4E480078012806D14D48C0680E21DC
:1010F0000190E9F720FC10E048480078022806D16A
:101100004748C0680C210190E9F715FC05E0444808
:10111000C0680A210190E9F70EFC014602903D48A3
:10112000006800F5C070F9F75AFB3C4800780128C8
:1011300006D13B48C0680E210090E9F7FCFB10E0A7
:1011400036480078022806D13548C0680C21009046
:10115000E9F7F1FB05E03248C0680A210090E9F7A1
:10116000EAFB029000EBD070401000B20146019003
:101170002848006800F5C070F9F75BFB2548006857
:1011800000F5C47000F0DCFA2548C0680121019028
:10119000E9F7D1FB014602901E48006800F5C470D3
:1011A000F9F78DFA1F480088014602901948006837
:1011B00000F5C470F9F758FA1B4800880146029000
:1011C0001448006800F5C470F9F71FFA332111487C
:1011D000006800F5C470F9F73DFA0E48006800F5A4
:1011E000C87000F0ADFA0D480078012806D10C480F
:1011F000C0680E210190E9F79EFB1DE007480078CA
:10120000022813D10648C0680C210190E9F793FB2E
:1012100012E000000001002008010020040100206D
:10122000184500200C0100200A010020F848C06881
:101230000A210190E9F77FFB01460290F54800681A
:1012400000F5C870F9F701FBF3480078012806D1D2
:10125000EF48C0680E210190E9F76DFB10E0EE4801
:101260000078022806D1EA48C0680C210190E9F70D
:1012700062FB05E0E648C0680A210190E9F75BFBE4
:1012800001460290E348006800F5C870F9F70AFBD0
:10129000E1480078012806D1DD48C06808210190A6
:1012A000E9F749FB10E0DC480078022806D1D8486D
:1012B000C06806210190E9F73EFB05E0D448C0680C
:1012C00002210190E9F737FB01460290D1480068FE
:1012D00000F5C870F9F797FACF480078012806D1D1
:1012E000CB48C0680E210190E9F725FB10E0CA4801
:1012F0000078022806D1C648C0680C210190E9F7A1
:101300001AFB05E0C248C0680A210190E9F713FB07
:1013100001460290BF48006800F5C870F9F789FAE5
:10132000BC48006800F5CC7000F00AFAB848C06804
:101330000A210190E9F7FFFA01460290B5480068DA
:1013400000F5CC70F9F756F9B248006800F5FC706A
:1013500000F0F6F9AE48C06804210190E9F7EBFA15
:1013600001460290AB48006800F5FC70F9F737FAC7
:10137000A848006800F5F87000F0E2F964200190D8
:101380000198002805DA0198C0F57A7040F4005001
:1013900002E0019840F4005000B2014602909D48DE
:1013A000006800F5F870F9F7E1F99A48006800F56F
:1013B000007000F0C5F91220F7F7E0F9014602903D
:1013C0009448006800F50070F9F71FF97F219148F3
:1013D000006800F50070F9F73DF98E48006800F5E7
:1013E000027000F0ADF900218A48006800F5027033
:1013F000F9F741FB88480078032816D18648007821
:10140000012806D18248C0680C210090E9F793FAC0
:1014100005E07F48C06808210090E9F78CFA029047
:10142000029800EBD070401010E07B480078012853
:1014300006D17748C0680C210090E9F77CFA05E0F6
:101440007348C06808210090E9F775FA00B20146B8
:1014500001907048006800F50270F9F7D4FA6D4801
:10146000006800F50E7000F06BF969480169694881
:10147000006800F50E70F9F7F7F86548C0680221BA
:101480000190E9F758FA400000B201460290614825
:10149000006800F50E70F9F712F901215D48006847
:1014A00000F50E70F9F701F95A48006800F50C7064
:1014B00000F046F95648C06802210190E9F73BFA6E
:1014C000404200B2014602905248006800F50C709C
:1014D000F9F76FF94F48006800F5047000F030F933
:1014E0004D480078012806D14948C068182101906C
:1014F000E9F721FA10E048480078022806D144486C
:10150000C06814210190E9F716FA05E04048C06868
:1015100010210190E9F70FFA014602903D4800685A
:1015200000F50470F9F791F900213A48006800F5D8
:101530000470F9F7C2F900213648006800F504701C
:10154000F9F777F901213348006800F50470F9F7DD
:10155000C1F83048006800F5067000F0F1F82C483A
:10156000C06801210190E9F7E6F901460290294897
:10157000006800F50670F9F7A2F8284800880146CF
:1015800002902448006800F50670F9F76DF8012113
:101590002048006800F50670F9F787F81E480078C3
:1015A000012806D11A48C0680E210190E9F7C3F955
:1015B00010E019480078022806D11548C0680C21AF
:1015C0000190E9F7B8F905E01148C0680A210190D7
:1015D000E9F7B1F9014602900E48006800F506707F
:1015E000F9F7FDF80C480078012806D10848C068D2
:1015F0000E210190E9F79FF918E0074800780228CA
:101600000ED10348C0680C210190E9F794F90DE070
:101610001845002000010020040100200C010020DA
:101620004448C0680A210190E9F785F90146029013
:101630004148006800F50670F9F7F0F83E48006888
:1016400000F5087000F07CF83C480078012806D1CD
:101650003848C06818210190E9F76DF910E0374863
:101660000078022806D13348C06814210190E9F7B8
:1016700062F905E02F48C06810210190E9F75BF995
:10168000014602902C48006800F50870F9F744FA0A
:101690002948006800F5107000F052F8FF21264834
:1016A000006800F51070F8F7D5FFE8F741FE014635
:1016B00002902148006800F51070F8F7A6FF12208C
:1016C000F7F75CF8014602901B48006800F51070BF
:1016D000F8F7A8FF47F6FF711748006800F510708B
:1016E000F9F791F91348C0680F210190E9F723F940
:1016F000014602901048006800F51070F9F7BBF938
:10170000E8F716FE014602900B48006800F51070DD
:10171000F9F783F90748C06805210190E9F70BF94B
:10172000014602900448006800F51070F9F798F936
:101730000EBD00001845002000010020040100201B
:1017400010B504460548007818B12046F8F71BFF8D
:1017500002E02046F8F7D6FD10BD00000E01002083
:1017600030B5014600200B2200BF431003EBC0142C
:1017700011F8015B6319D8B2531E1A1EF5D130BDA2
:1017800070B50446204600F041F80546002D37D1DB
:10179000207803282DD1607901282AD1410204F153
:1017A0003400CEF777FD4AF6552104F23220FEF7D9
:1017B000ADF8144904F13400FEF79CF8124904F521
:1017C0000670FEF797F804F507706169FEF792F866
:1017D00004F508702169FEF78DF8206A401C20632B
:1017E0006078012304F13401226BD7F786FA0020D8
:1017F0006071607800221146D7F7E6F900B1012543
:10180000284670BD525261417272416170B5044602
:1018100000252079E8B16078012304F13401226BBE
:10182000D7F76BFAA0B900202071616A206B401ACB
:10183000E16988420DD2E07802280AD1E369216B80
:10184000CA186078012304F13401D7F756FA00E092
:101850000125284670BD000070B50446226812F8C4
:10186000011B01F08000002847D001F0E000C028F3
:1018700003D101F01F01012312E001F0F000E02884
:1018800003D101F00F0102230AE001F0F800F02873
:1018900003D101F00701032302E04FF0FF3070BDD8
:1018A00000BF12F8015B05F0C000802802D04FF0A5
:1018B000FF30F4E7284661F39F100146581E031ECF
:1018C000EFD1802908D3B1F5584F02D3B1F5604F5D
:1018D00002D3B1F5881F02D34FF0FF30DFE7B1F537
:1018E000803F0AD3A1F58030054E06EA8010054EF0
:1018F0003043C1F3090640EA060122600846CEE7FC
:101900000000FF0300DC00D82DE9F04107460C463B
:101910002046F3F77BF8B0B90022FE480168204664
:10192000F1F711FD4FF48032FA4801680831204682
:10193000F1F709FDF84AF748016810312046F1F740
:1019400002FDBDE8F081F5492046F2F711F90028C3
:1019500076D02046F3F75AF80546F1492846F2F7C3
:1019600007F900B1EDE72846F3F750F80646EC49D1
:10197000F2F7FEF8B0B10022E64801688031204657
:10198000F1F7E1FC4FF48032E2480168083120466B
:10199000F1F7D9FCE04ADF48016810312046F1F741
:1019A000D2FCCEE72046F2F7EAFFB0B92046F3F7C3
:1019B0002DF80646DB49F2F7DBF870B10022D54876
:1019C000016848312046F1F7BEFC0022D148016889
:1019D00070312046F1F7B7FCB3E72046F2F7CFFFAE
:1019E000012824D12046F3F711F80646CD49F2F735
:1019F000BFF8E0B10022C74801682046F1F7A3FC18
:101A00000022C448016880312046F1F79CFC4FF465
:101A10008032C048016808312046F1F794FCBE4A84
:101A2000BC48016810312046F1F78DFC89E720465B
:101A3000F2F7ECFF0646BC49F2F79AF808B180E7E6
:101A400017E00022B348016818312046F1F77BFC0B
:101A50004FF48032AF48016808312046F1F773FC3B
:101A6000AD4AAC48016810312046F1F76CFC01F03A
:101A70002FB8AE492046F2F77BF8002860D000224C
:101A8000A448016820312046F1F75DFC0022A148FE
:101A9000016828312046F1F756FC00229D48016874
:101AA000D0312046F1F74FFC20229A480168583186
:101AB0002046F1F748FC202296480168D83120469C
:101AC000F1F741FC042293480168A0312046F1F768
:101AD0003AFC20228F480168C8312046F1F733FCD8
:101AE00001228C48016838312046F1F72CFC802215
:101AF0008848016860312046F1F725FC2046F2F75E
:101B000085FF05468A49F2F733F840B92046F2F7D7
:101B10007DFF05468749F2F72BF80028A7D0002261
:101B20007C48016801F5E8712046F1F70CFC2022A1
:101B30007848016801F5F0712046F1F704FC96E75A
:101B40007D492046F2F714F840B10022714801683F
:101B500001F5A8712046F1F7F6FB88E777492046A2
:101B6000F2F706F800287DD02046F2F74FFF054631
:101B70007349F1F7FDFFE0B300226648016801F503
:101B8000FC712046F1F7DFFB0022624801688831D2
:101B90002046F1F7D8FB4FF4A0225E4801682031BF
:101BA0002046F1F7D0FB674A5A4801685831204671
:101BB000F1F7C9FB634A603256480168603120463C
:101BC000F1F7C1FB5F4A1F3A5248016828312046AD
:101BD000F1F7B9FB5B4A1C3A4E48016830312046A8
:101BE000F1F7B1FB574A183A4A480168403120469C
:101BF00000E002E0F1F7A7FBA3E62046F2F706FFBC
:101C000005464749F1F7B4FF68B30022414801682F
:101C100050312046F1F797FB04223E480168A0317D
:101C20002046F1F790FB04223A48016801F50C7157
:101C30002046F1F788FB434A364801685831204670
:101C4000F1F781FB3F4A1F3A3248016830312046A4
:101C5000F1F779FB3B4A1F3A2E48016801F50E71F6
:101C6000204601E0C4E01BE0F1F76DFB354A1C3A69
:101C700028480168A0312046F1F765FB314A183A3F
:101C800024480168A8312046F1F75DFB2D4A1C3A33
:101C90002048016801F50C712046F1F754FB50E62D
:101CA0002046F2F7B3FE05461F49F1F761FF78B30E
:101CB00000221848016801F5C0712046F1F743FB86
:101CC000042214480168A0312046F1F73CFB0822A9
:101CD00010480168A8312046F1F735FB4FF4A022E7
:101CE0000C48016801F5C4712046F1F72CFB154A38
:101CF0000848016858312046F1F725FB114A603247
:101D00000448016860312046F1F71DFB0D4A1BE0D5
:101D100029E0000000010020400001000C3C030805
:101D2000C443030818440308903D0308E47B0308F8
:101D300000430308E4420308A87C0308007C03086E
:101D400038430308200005001C3AFE480168A03112
:101D50002046F1F7F8FAFC4AFA480168A831204613
:101D6000F1F7F1FAEDE50022F64801681831204656
:101D7000F1F7E9FA0422F3480168A0312046F1F7AF
:101D8000E2FA0822EF480168A8312046F1F7DBFAB1
:101D90004FF4A022EB48016820312046F1F7D3FA36
:101DA000E94A7832E748016860312046F1F7CBFA1A
:101DB000E54A1832E348016858312046F1F7C3FA82
:101DC000E14AD21FDF48016828312046F1F7BBFA0B
:101DD000DD4A121FDB480168A0312046F1F7B3FA53
:101DE000D94AD8480168A8312046F1F7ACFA3EE656
:101DF000D6492046F1F7BCFE60B30022D148016805
:101E000030312046F1F79FFA0022CE480168B03108
:101E10002046F1F798FA0422CA480168A03120460A
:101E2000F1F791FA0822C7480168A8312046F1F776
:101E30008AFA4FF40032C348016828312046F1F78E
:101E400082FA4FF40032BF480168B0312046F1F702
:101E50007AFA0CE6BE492046F1F78AFEF0B300227A
:101E6000B848016830312046F1F76DFA0022B548D4
:101E70000168B0312046F1F766FA0422B1480168E2
:101E8000A0312046F1F75FFA0822AE480168A83178
:101E90002046F1F758FA4FF40032AA480168283179
:101EA0002046F1F750FA4FF40032A6480168B031ED
:101EB0002046F1F748FA4FF44032A2480168F03169
:101EC0002046F1F740FAA34A9E480168C8312046EF
:101ED000F1F739FA4FF440329A4800E00CE001681B
:101EE000D0312046F1F72FFA9A4A96480168D83146
:101EF0002046F1F728FABAE597492046F1F738FE6F
:101F0000002862D000228F48016818312046F1F77E
:101F10001AFA00228B48016868312046F1F713FA5B
:101F2000002288480168B8312046F1F70CFA0422F3
:101F300084480168A0312046F1F705FA082281485B
:101F40000168A8312046F1F7FEF94FF480327D4850
:101F5000016808312046F1F7F6F9804A79480168AE
:101F600010312046F1F7EFF94FF4A02275480168CF
:101F700050312046F1F7E7F94FF4A022714801688B
:101F800001F5AC712046F1F7DEF94FF4A0226D485F
:101F9000016880312046F1F7D6F96B4A183269485A
:101FA000016858312046F1F7CEF9674A121F65489B
:101FB000016828312046F1F7C6F9634A6148016893
:101FC00038312046F1F7BFF951E565492046F1F770
:101FD000CFFDE8B300225B48016888312046F1F765
:101FE000B2F9042257480168A0312046F1F7ABF955
:101FF0005C4A5448016860312046F1F7A4F94FF477
:1020000000325048016801F59C712046F1F79BF9B8
:10201000544A7F3A4B48016828312046F1F793F93A
:10202000504A7F3A4748016801F5A0712046F1F710
:102030008AF94C4A603A4348016858312046F1F722
:1020400082F9484A603A3F480168C831204600E0BA
:1020500012E0F1F778F9434A603A3A480168D8311A
:102060002046F1F770F94FF4003236480168D0315C
:102070002046F1F768F9FAE43B492046F1F778FD8C
:10208000002873D000222F48016848312046F1F71C
:102090005AF900222B480168B0312046F1F753F974
:1020A000002228480168E8312046F1F74CF98022E7
:1020B0002448016860312046F1F745F9042221489F
:1020C0000168A0312046F1F73EF9264A7F3A1D48C3
:1020D000016828312046F1F736F94FF400321948EB
:1020E0000168B0312046F1F72EF91E4A1548016803
:1020F00060312046F1F727F94FF44032114801686A
:10210000F0312046F1F71FF94FF440320D480168D5
:1021100050312046F1F717F94FF440320948016871
:1021200001F5A4712046F1F70EF90A4A603205481C
:10213000016860312046F1F706F90A4A7F3A014802
:10214000016814E00001002008000500C87B0308B6
:10215000FC7C030820000300347D030840000100DC
:102160001C7C030880000200187D03080CE0D831B5
:102170002046F1F7E8F84FF40032FA480168D83108
:102180002046F1F7E0F872E4F7492046F1F7F0FC59
:10219000F0B30022F348016818312046F1F7D3F874
:1021A0000022F048016878312046F1F7CCF800228F
:1021B000EC48016801F594712046F1F7C4F84FF43A
:1021C0008032E848016808312046F1F7BCF8E74A58
:1021D000E448016810312046F1F7B5F84FF4A02229
:1021E000E048016801F588712046F1F7ACF84FF43A
:1021F0000032DC48016801F58C712046F1F7A3F844
:102200004FF4C022D748016801F59071204600E0E4
:102210000BE0F1F798F84FF4E022D248016801F59D
:1022200088712046F1F78FF821E4D1492046F1F773
:102230009FFC90B30022CB48016818312046F1F78B
:1022400082F80022C7480168E0312046F1F77BF8A8
:102250000022C448016890312046F1F774F800224A
:10226000C048016898312046F1F76DF80422BD4856
:102270000168A0312046F1F766F80822B9480168E4
:10228000A8312046F1F75FF84FF48022B548016885
:1022900028312046F1F757F827E2FFE7B5492046F5
:1022A000F1F766FCC8B30022AE4801681831204639
:1022B000F1F749F80022AB48016878312046F1F780
:1022C00042F80022A7480168D0312046F1F73BF8D8
:1022D0002022A4480168D8312046F1F734F82022A2
:1022E000A048016858312046F1F72DF804229D4896
:1022F0000168A0312046F1F726F8082299480168C4
:10230000A8312046F1F71FF84FF4003295480168D4
:10231000D8312046F1F717F8DAE3FFE7964920466F
:10232000F1F726FCF0B300228E48016818312046F0
:10233000F1F709F800228B480168C0312046F1F717
:1023400002F800228748016890312046F0F7FBFF31
:1023500000228448016801F598712046F0F7F3FFE8
:102360004FF480327F48016808312046F0F7EBFFD8
:102370007E4A7C48016810312046F0F7E4FF4FF4B4
:1023800080227848016850312046F0F7DCFF7B4A14
:102390007448016828312046F0F7D5FF774A1F328C
:1023A000704800E005E0016858312046F0F7CBFFA7
:1023B0008EE373492046F1F7DBFB10B30022694836
:1023C000016801F580712046F0F7BDFF4FF400323F
:1023D0006448016801F580712046F0F7B4FF4FF4BE
:1023E00000326048016801F584712046F0F7ABFFC8
:1023F0004FF440325B480168F0312046F0F7A3FF0C
:1024000066E360492046F1F7B3FBD0B1002255489E
:10241000016801F580712046F0F795FF4FF4003216
:102420005048016801F580712046F0F78CFF4FF4A9
:1024300000324C48016801F584712046F0F783FFB3
:1024400046E351492046F1F793FBB8B100224548D5
:10245000016818312046F0F776FF002241480168F4
:10246000B0312046F0F76FFF4FF400323D4801686D
:1024700001F5B4712046F0F766FF29E34349204691
:10248000F1F776FBE0B300223648016818312046A8
:10249000F0F759FF00223348016878312046F0F701
:1024A00052FF04222F480168A0312046F0F74BFF6D
:1024B00008222C480168A8312046F0F744FF4FF469
:1024C00080322848016808312046F0F73CFF274A4F
:1024D0002448016810312046F0F735FF2C4A214886
:1024E000016801F5B8712046F0F72DFF4FF4002286
:1024F0001C48016801F5BC712046F0F724FFE7E2B3
:10250000FFE724492046F1F733FB70B1002215485C
:10251000016818312046F0F716FF002211480168C3
:1025200068312046F0F70FFFD2E21B492046F1F751
:102530001FFB40B100220B48016801F5C87120461D
:10254000F0F701FFC4E215492046F1F711FB40B155
:1025500000220448016801F5C8712046F0F7F3FE37
:10256000B6E21DE000010020E43D03084000010048
:10257000C47C0308387C0308547C03080100040071
:10258000AC7B0308A84303081C430308507D0308E1
:1025900002000700903D0308AC3D0308C83D030856
:1025A000F6492046F1F7E4FAF0B30022F448016856
:1025B0002046F0F7C8FEF3480078012803D1F04820
:1025C0000068783002E0EE48006870300146002272
:1025D0002046F0F7B8FE0422E9480168A031204601
:1025E000F0F7B1FE0822E6480168A8312046F0F76E
:1025F000AAFE4FF4A022E248016820312046F0F7FD
:10260000A2FEE14ADE48016860312046F0F79BFEF9
:102610004FF4A022DA48016850312046F0F793FECB
:102620004FF4A022D64800E026E0016801F50271CF
:102630002046F0F788FED44A603AD1480168583104
:102640002046F0F780FED04A7F3ACD4801684831F5
:102650002046F0F778FECC4A7C3AC9480168303110
:102660002046F0F770FEC84A783AC5480168403104
:102670002046F0F768FE2BE2C4492046F1F778FACD
:10268000F8B10022BE48016818312046F0F75BFE21
:102690000022BB48016801F504712046F0F753FEA3
:1026A0004FF48032B648016808312046F0F74BFEFF
:1026B000B74AB348016810312046F0F744FEFFF7EF
:1026C00040B9B4492046F1F753FA78B10022AC483A
:1026D000016848312046F0F736FE0022A84801681C
:1026E00001F508712046F0F72EFEF1E1AA492046D7
:1026F000F1F73EFA68B30022A14801685031204644
:10270000F0F721FE00229E48016801F5067120467F
:10271000F0F719FE04229A48016828312046F0F7A4
:1027200012FE04229648016801F508712046F0F770
:102730000AFE20229248016801F508712046F0F750
:1027400002FE20228E48016858312046F0F7FBFD3A
:10275000BEE192492046F1F70BFA78B10022884891
:10276000016818312046F0F7EEFD00228448016828
:1027700001F5D0712046F0F7E6FDA9E18849204631
:10278000F1F7F6F9B8B100227D48016801F5D8717A
:102790002046F0F7D8FD4FF48032794801680831BF
:1027A0002046F0F7D0FD7A4A75480168103120467E
:1027B000F0F7C9FD8CE17B492046F1F7D9F9B8B1B2
:1027C00000226F48016801F5DC712046F0F7BBFD7F
:1027D0004FF480326A48016808312046F0F7B3FDB3
:1027E0006B4A6748016810312046F0F7ACFD6FE195
:1027F0006D492046F1F7BCF9F0B10022604801684C
:1028000001F5D4712046F0F79EFD20225C48016856
:1028100001F5F0712046F0F796FD21225848016835
:1028200030312046F0F78FFD0122554801683031E4
:102830002046F0F788FD4BE15C492046F1F798F916
:1028400020B95B492046F1F793F980B100224C484A
:10285000016801F5E4712046F0F775FD2022484833
:10286000016801F5F0712046F0F76DFD30E1514946
:102870002046F1F77DF9B8B100224148016801F521
:10288000E0712046F0F75FFD4FF480323C4801686C
:1028900008312046F0F757FD3D4A394801681031AC
:1028A0002046F0F750FD13E143492046F1F760F967
:1028B00040B100223248016801F5EC712046F0F782
:1028C00042FD05E13D492046F1F752F940B10022B1
:1028D0002B48016801F5F4712046F0F734FDF7E06C
:1028E00037492046F1F744F978B1002224480168BD
:1028F00018312046F0F727FD00222148016801F534
:10290000F8712046F0F71FFDD9E62E492046F1F771
:102910002FF940B100221A48016801F500712046E4
:10292000F0F711FDD4E028492046F1F721F920B352
:1029300000221348016818312046F0F704FD0022F8
:102940000F48016878312046F0F7FDFC04220C485E
:102950000168A0312046F0F7F6FC0822084801681B
:10296000A8312046F0F7EFFC4FF4E022044801685C
:1029700028312046F0F7E7FCAAE027E01C3E0308D8
:10298000000100200401002080000500CC41030864
:102990004000010004420308E84103082042030804
:1029A000AC420308C8420308584203080043030826
:1029B000E44203083C4203087442030890420308BF
:1029C00038430308704303088C43030841492046F9
:1029D000F1F7CEF8A8B100223F4801682046F0F791
:1029E000B2FC4FF480323C48016808312046F0F7D1
:1029F000AAFC3A4A3848016810312046F0F7A3FC97
:102A000066E037492046F1F7B3F878B14FF48032E9
:102A10003148016808312046F0F795FC2F4A2E48CE
:102A2000016810312046F0F78EFC51E02D49204618
:102A3000F1F79EF868B10022274801682046F0F7B8
:102A400082FC00222448016868312046F0F77BFCB4
:102A50003EE025492046F1F78BF838B100221E48A8
:102A60000168C0312046F0F76EFC31E01F49204676
:102A7000F1F77EF8F8B100221748016801F5CC7132
:102A80002046F0F760FC00221348016880312046A0
:102A9000F0F759FC4FF440320F480168503120469E
:102AA000F0F751FC4FF440320B480168803120466A
:102AB000F0F749FC0CE00E492046F1F759F838B11F
:102AC00000220548016801F510712046F0F73BFC33
:102AD00000BFF4E5E04303080001002040000100CE
:102AE000FC430308C443030818440308003E0308DA
:102AF000B04103082DE9F14F88B00898EBF7A7FC27
:102B000007900898EBF704FD8046CDF818800798E9
:102B10000A2856D14046F1F7B4FE04464046F1F784
:102B200091FE054605A94046F1F7F2FFBDF91400F4
:102B30000490BDF91690204604EBD0714A10049918
:102B4000114491FBF4F161430FFA81FA284605EB39
:102B5000D07109EB610191FBF5F1694309B2039171
:102B60000F200290002721E039464046F1F7E9FDA9
:102B700006463046F3F79EFC01903046F3F7BDFC65
:102B800000900198504510D10399009888420CD1CB
:102B9000B3460698C0F824B09BF8240002900022A7
:102BA0001C214046EBF7BAFC05E07F1C4046F1F7DC
:102BB000E6FDB842D8D800BF40460299F5F788FA3A
:102BC00000BF09B0BDE8F08F0146C843401C01EAD0
:102BD0000002B2FA82F0C0F12003581E704701468D
:102BE00021B1B1FA81F0C0F1200000E000200246DE
:102BF000501E704710B5D0F74BF910BD70B50546A3
:102C00000C46D0F789FA012806D108490848D0F7C0
:102C1000C9F80120A07301E00020A07304480088D7
:102C2000208003484088608070BD00008C02002036
:102C30008C0000202DE9F04786B080460D464446C2
:102C400027680026D7E0F86800EBC6004068C0F3AC
:102C5000406040B1F86800EBC600406820F07F405B
:102C6000A168884200D0C5E0A08847284AD00EDC81
:102C700034281ED006DC20283FD030283ED0332810
:102C80007CD115E03B283CD0442877D138E0682837
:102C900010D004DC63281ED067286FD112E0A0F2A8
:102CA000574060B3A0F580500238002866D10AE092
:102CB00000BF00BFFF2D02DAE068059001E0206947
:102CC00005906CE000BFFF2D02DAE068059001E09E
:102CD0002069059063E0E06810B9206905900BE079
:102CE000206910B9E068059006E0802D02DAE068FE
:102CF000059001E02069059051E000BF00BF00BFD2
:102D000000BF00BF002D03DCA089ADF8140033E044
:102D1000FF2D03DB208AADF814002DE0216901911D
:102D2000E168E8B2029100F1040C4FEAEC00BDF852
:102D300008C04CEA0C4CDFF8D4A00CEA0A01BDF83C
:102D400004C04CEA0C4C0CEA0A02A2EB010C0CFB8E
:102D500000FC01EB5C1C0CEA0A0343EA134C1FFA6B
:102D60008CFCCDF800C0BDF800A0D446CDF80CC056
:102D7000BDF80C00ADF8140011E0FFE715B9E068EC
:102D800005900BE0FF2D02D12069059006E0D4E903
:102D90000310401A684301EB2020059000BF00BFDC
:102DA0004FF00109FA6852F83600A18804AAF7F733
:102DB00029FA78B1DDE9041088420BD1BDF814007E
:102DC000BDF81010884205D1DDE90410884201D118
:102DD0004FF00009FA6852F83600A188059AF7F713
:102DE00078FDB9F1000F04D0A288A1682068F4F73B
:102DF00017FD06E0761C788CC0F3C500B0423FF6A4
:102E000022AF00BF06B0BDE8F08700001FF8E00762
:102E10002DE9F05F8146D9F800402568B4F804A098
:102E20004FF0000B2D48D1F7B0FD064615E0A64245
:102E30000ED03068216888420AD1B068A168884203
:102E400006D1B088A188884202D14FF0010B06E07C
:102E500031462248D1F7B1FD0646002EE7D100BF2A
:102E6000BBF1000F38D100272FE0E86800EBC70066
:102E70004068C0F3406038B3E86800EBC7004068C2
:102E800020F07F40A16888421ED121461348D1F727
:102E9000FBFD2046EFF708FCE86800EBC708514649
:102EA000D8F80000F7F7EAFAE96851F83700F7F7C1
:102EB00030FA40B1D8F8040020F07F422846D8F814
:102EC0000010F4F756FD05E07F1C688CC0F3C500C8
:102ED000B842CAD800BF00BFBDE8F09FB845002087
:102EE0002DE9F04105462C68A068F5F7C2FB804645
:102EF000A28841462068F3F7ADF8E060A68800207C
:102F0000A080234632464146206800F00DF8A68096
:102F1000A1682068E1F74FFD0746A1883868E2689C
:102F2000F7F7D7FCBDE8F0812DE9F05F05460E46C6
:102F300090469A464FF0000B2848D1F74BFD0446C7
:102F400046E0544500D145E021462448D1F73CFDF8
:102F500081462068A8423AD1A068B04202D0B6F5B6
:102F6000702F34D1A088404503D04FF6FF708045C4
:102F70002DD1002725E0E86800EBC7004068C0F3CA
:102F80004060E8B1B6F5702F07D0E86800EBC700E5
:102F9000406820F07F40B04212D1EA6852F8370012
:102FA000A188F7F76BFA00212046E3F7EBFF2146F3
:102FB0000A48D1F769FD2046EFF776FB4FF0010B89
:102FC0007F1C688CC0F3C500B842D4D800BF4C4603
:102FD000002CB6D100BF5846BDE8F09FB845002090
:102FE000024610880B88C01A70472DE9F14F86B051
:102FF000EDF74EFB8346BBF1000F02D107B0BDE8F1
:10300000F08F0698EBF723FA06460698EBF780FA5E
:10301000804644465020005DC0F3400000B9EDE713
:103020005846EDF78AFB022804D05846EDF785FB99
:10303000042800D1E2E704A9606AF1F741FC03A982
:103040005846EDF73FFB02A95846EDF77DFBBDF969
:103050000C00002803DBBDF90E00002800DACDE7E4
:10306000BDF80C00BDF81010401A00B2ADF8040015
:10307000BDF80E00BDF81210401A00B2ADF80600FF
:10308000606AF3F70EFA8246656ABDF9040000280B
:1030900003DA00274FF0010913E0BDF904005045A1
:1030A00004DB47F6FF774FF001090AE001A9606AE7
:1030B000EDF7EAFF87B201A9606AEEF779FA80F0CE
:1030C000010994F85C00C0F3400010B394F85C0070
:1030D00000F00100A8B9B9F1000F12D1012E10D1F2
:1030E00067654FF6FF70A06594F85C0020F0010062
:1030F000401C84F85C004FF440714046F0F7F2FD4C
:1031000016E094F85C0000F0010018B1022E01D125
:10311000A7650DE094F85C0000F0010040B1032EBB
:1031200001D0082E04D14FF440714046F0F7BEF8AC
:1031300094F85C0000F0010008B9012E03D1394673
:103140004046F8F7C7FC94F85C0000F00100E8B3D3
:10315000D4E9150188420FD9E86BA16D884203D1EB
:10316000286C616D88422AD0A06DE863606D286488
:103170004046F3F790FD22E0D4E9150188420FD2D2
:10318000E86B616D884203D1286CA16D884216D02E
:10319000606DE863A06D28644046F3F77CFD0EE0A7
:1031A0004FF6FF71E86B884202D1286C884206D046
:1031B0004FF6FF70E86328644046F3F76CFD032E7A
:1031C00001D0082E07D194F85C0000E003E020F065
:1031D000010084F85C0000BF10E701460A69D1E9EC
:1031E00001309860D1E9010358605068884201D1EC
:1031F00088685060002008611068401E10601068E8
:10320000704700F1080141604FF0FF31816000F12B
:103210000801C16001610021016070470021016166
:10322000704710B502460B685C1C0CB9106907E0CA
:1032300002F1080000E04068446824689C42FAD922
:1032400044684C604C68A160886041600A61146801
:10325000641C146010BD42684A6093688B60936878
:1032600059609160086103685B1C0360704700004F
:1032700010B500BF502080F31188BFF34F8FBFF30C
:103280006F8F00BF0B480068401C0A490860084661
:10329000006801280DD108480068C0B208B90120B3
:1032A00000E0002028B94FF4BD7204A10AA0CFF7B6
:1032B000BDFF10BD7C00002004ED00E04672656596
:1032C00052544F535C706F727461626C655C706FC6
:1032D00072742E63000000004572726F723A25739B
:1032E0002C25640D0A00000010B50B48006828B9B1
:1032F00040F2811209A110A0CFF798FF064800689C
:10330000401E054908600846006820B9002080F387
:10331000118800BF00BF10BD7C00002046726565AB
:1033200052544F535C706F727461626C655C706F65
:1033300072742E63000000004572726F723A25733A
:103340002C25640D0A00000070B506463546002E97
:1033500035D0083D2C461A4960680968084008B114
:10336000012000E0002028B94FF4A07215A11CA094
:10337000CFF75CFF206808B9012000E0002028B9E1
:1033800040F241120FA116A0CFF750FF0C49606820
:103390000968084098B1206888B9094960680968D7
:1033A0008843606000F0C6F8114960680968084405
:1033B0000F4908602046FAF773FE00F071FB70BDFC
:1033C000780000204672656552544F535C706F72EE
:1033D0007461626C655C686561705F342E630000C7
:1033E0004572726F723A25732C25640D0A00000035
:1033F00070000020064800684FF47A71B0FBF1F0CD
:10340000401E4FF0E021486107200861704700002E
:103410001400002070B504460025ACB10F480068C8
:1034200008B9012000E0002028B940F2CF420CA1E9
:1034300011A0CFF7FBFE00F07DF800212046FAF73F
:1034400065FC00F02DFB05463DB94FF080500E495C
:103450000860BFF34F8FBFF36F8F70BD6000002017
:103460004672656552544F535C7372635C7461734A
:103470006B732E63000000004572726F723A257301
:103480002C25640D0A00000004ED00E01CB518486E
:1034900000210B468022CDE9001016A1174800F04C
:1034A00007FA0446012C15D100BF502080F3118883
:1034B000BFF34F8FBFF36F8F00BF4FF0FF30104946
:1034C000086001200F49086000200F49086000F0E3
:1034D00085F90BE0601C08B1012000E0002028B94C
:1034E00040F2847209A10FA0CFF7A0FE1CBD00001E
:1034F0005C00002049444C45000000004DDF0208FC
:1035000058000020440000203C0000204672656501
:1035100052544F535C7372635C7461736B732E63AC
:10352000000000004572726F723A25732C25640DFD
:103530000A00000002480068401C0149086070470A
:103540006000002010B51B48006818B101201A491E
:1035500008602DE000201849086018480068B0FA9B
:1035600080F0C0F11F0404EB8400154951F82000DD
:1035700008B1012000E0002028B940F6F62211A190
:1035800016A0CFF753FE04EB84010D4A02EB810035
:1035900041684968416000F1080142688A4202D1ED
:1035A0004168496841604168C968104A116000BFBC
:1035B00010BD0000600000204C00002040000020F2
:1035C000E40300204672656552544F535C73726386
:1035D0005C7461736B732E63000000004572726F40
:1035E000723A25732C25640D0A0000002800002083
:1035F00070B504460D4609268CB1206878B1206864
:10360000007860B1A0882168C988884207D1216804
:103610004878D5F769FB00F0010000B900260EB923
:10362000206800E000202860304670BD2DE9F041A0
:1036300005462846EAF76CFF06463046F1F7E6F9FC
:1036400007463846E5F714FD044601213046F1F7F8
:1036500078F8804694F90200401E054951F8203060
:10366000228804A14046EEF785FCBDE8F081000009
:103670003C01002025642025730000002DE9F0475F
:1036800005462846EAF744FF06463046F1F7BEF9FC
:1036900007463846E5F7ECFC044600213046F1F7D2
:1036A00050F88046208840F2E772101A81B24046F6
:1036B000EAF793FE01213046F1F743F8814694F989
:1036C0000200401E81B24846EAF787FEBDE8F08757
:1036D0002DE9F843814600BF00BF4C46B4F92E00E7
:1036E00010F5004F01D1BDE8F883A08D07B2A08D81
:1036F000618D884203DAA08D00F5B47007B294F8AA
:103700003400C0F3410000284FD0012802D0022825
:103710005CD139E0618DC81900EBD07149100EB24F
:10372000B4F93010B4F93220881800EBD071491088
:103730000FFA81F8B4F92E00404512DA0096638D35
:10374000B4F93010B4F92E004246EEF7CBFE05B2C4
:10375000A9B24846E4F711FAB1B24846E4F7BCF919
:1037600011E00097B4F93220B4F92E0033464146F7
:10377000EEF7B8FE05B2B1B24846E4F7FEF9A9B2D9
:103780004846E4F7A9F924E00097638DB4F93220A4
:10379000B4F93010B4F92E00EEF7A4FE05B2A28DF4
:1037A000A9B24846E4F7FCF813E00097638DB4F93A
:1037B0003220B4F93010B4F92E00EEF793FE05B2C2
:1037C000AAB2618D4846E4F7EBF802E000BF00BF03
:1037D00089E700BFA58700BF85E700001CB5224828
:1037E000014609780191FF210246117001460978CE
:1037F00000919DF8001001F050011C4A1170072142
:103800001B4A116009E01A490968491E184A1160EB
:103810009DF800104906090E00919DF8001001F076
:1038200080018029EFD0124909680902104A11600D
:103830001146098801F4E06111600B4A0199117089
:103840000C48006840F470000A49086008460068A7
:1038500040F070400860FFF7CDFD00200649086089
:10386000CCF782FC00201CBD00E400E080000020BA
:103870008400002020ED00E07C00002010B500BF97
:10388000502080F31188BFF34F8FBFF36F8F00BFBD
:1038900000F054F818B14FF080500449086000BFA0
:1038A000002080F3118800BF10BD000004ED00E08F
:1038B0002DE9FF4F85B0804689461746DDE912ABFA
:1038C000B800FAF747FD064656B14C20FAF742FD1C
:1038D00004460CB1266304E03046FFF735FD00E0F6
:1038E00000247CB10020CDE900ABCDE902403A468E
:1038F00049464046089BFAF73DFB2046FAF752FA44
:10390000012501E04FF0FF35284609B0BDE8F08FF2
:103910000549096809B9012005E00449096809B9A0
:10392000022000E0002070474400002060000020DA
:1039300001490868704700003C0000202DE9F04173
:103940004FF0000841480068002872D140480068E4
:10395000451C3F480560EDB93E480068006808B95D
:10396000012000E0002028B940F6D9123AA140A079
:10397000CFF75CFC37480768414800683549086064
:103980003F4807603F480068401C3E490860FAF71E
:10399000BBFB00BF3C48006885423CD300BF2D48BC
:1039A0000068006808B9012000E0002020B14FF055
:1039B000FF30354908602DE026480068C068C468BB
:1039C0006668B54202D23048066023E0201DFFF74A
:1039D00004FCA06A18B104F11800FFF7FEFB94F88C
:1039E0002C100120884029490968084327490860AC
:1039F000E16A01EB8101264A02EB8100211DFFF7FC
:103A00002AFC2449E06A0968C96A8842C7D34FF092
:103A10000108C4E700BF1F480068C06A00EB8000CF
:103A20001B4951F82000012801D94FF0010805E099
:103A3000FFE719480068401C1749086017480068EC
:103A400008B14FF001084046BDE8F0816000002059
:103A50003C0000202C0000204672656552544F53F4
:103A60005C7372635C7461736B732E63000000009F
:103A70004572726F723A25732C25640D0A0000009E
:103A8000300000205000002058000020400000209E
:103A9000E403002028000020480000204C00002003
:103AA00070B5002400263448006828B94FF4FD6240
:103AB00032A138A0CFF7BAFBFFF7DAFB2E48006837
:103AC000401E2D4908600846006800284FD135483F
:103AD000006800284BD024E03348C068C46804F173
:103AE0001800FFF77AFB201DFFF777FB94F82C10E6
:103AF000012088402D49096808432C490860E16A83
:103B000001EB81012A4A02EB8100211DFFF7A3FB93
:103B10002849E06A0968C96A884202D30120264917
:103B200008602148006808B9012000E00020002852
:103B3000D2D00CB1FAF7E8FA2048056865B100BFA9
:103B4000FFF7FCFE10B101201B4908606D1E002D1F
:103B5000F6D10020194908601748006838B10126DD
:103B6000300717490860BFF34F8FBFF36F8FFFF720
:103B7000BBFB304670BD00006000002046726565EA
:103B800052544F535C7372635C7461736B732E6336
:103B9000000000004572726F723A25732C25640D87
:103BA0000A000000380000208C06002040000020A1
:103BB000E4030020280000204C00002048000020E2
:103BC00004ED00E02DE9F84304462046EAF7A0FCA6
:103BD00007462046EAF79FFC80463846EAF76CF92C
:103BE00005464046E5F744FA06463068009040F244
:103BF000E770401B80B2ADF800009DF90220BDF8CF
:103C000000104046E5F73CFABDE8F88300000000EC
:103C1000B13D02080D3F020800000000CD4202083D
:103C2000820082004A020000000001E001E0000082
:103C300000FF0055AAFF0024496D92B6DBFF00117A
:103C40002233445566778899AABBCCDDEEFF00018C
:103C500002030405060708090A0B0C0D0E0F1011CC
:103C600012131415161718191A1B1C1D1E1F2021BC
:103C700022232425262728292A2B2C2D2E2F3031AC
:103C800032333435363738393A3B3C3D3E3F40419C
:103C900042434445464748494A4B4C4D4E4F50518C
:103CA00052535455565758595A5B5C5D5E5F60617C
:103CB00062636465666768696A6B6C6D6E6F70716C
:103CC00072737475767778797A7B7C7D7E7F80815C
:103CD00082838485868788898A8B8C8D8E8F90914C
:103CE00092939495969798999A9B9C9D9E9FA0A13C
:103CF000A2A3A4A5A6A7A8A9AAABACADAEAFB0B12C
:103D0000B2B3B4B5B6B7B8B9BABBBCBDBEBFC0C11B
:103D1000C2C3C4C5C6C7C8C9CACBCCCDCECFD0D10B
:103D2000D2D3D4D5D6D7D8D9DADBDCDDDEDFE0E1FB
:103D3000E2E3E4E5E6E7E8E9EAEBECEDEEEFF0F1EB
:103D4000F2F3F4F5F6F7F8F9FAFBFCFDFEFF8080DC
:103D500080818182828384858687898A8C8D8F91F8
:103D6000939597999B9EA0A2A5A7AAADAFB2B500C7
:103D7000FF1FFF1F01E001E0210020000A080B08DF
:103D80000D300C300E380F38640063000000000066
:103D90000C3C0308498F01080000000000000000EF
:103DA00000000000C300C300041C00000C3C03081A
:103DB00069D70208000000000000000000000000B9
:103DC00064202B00000000000C3C030865D80208AA
:103DD0000000000000000000000000006420D12767
:103DE000000000000C3C030833920108A99201086E
:103DF000000000001993010864200401C0080000BD
:103E00000C3C03086DA30108000000000000000046
:103E1000C5A301080401040101040000007C03089B
:103E2000D90A0208000000000000000000000000A5
:103E30006420322001040000846A0408B86B04087E
:103E4000D06B0408906B0408BC6B0408C46B0408B6
:103E5000D86B0408C86B04089C6B0408B06B04089A
:103E6000B46B0408F46B0408746A0408086B040853
:103E70007C6B0408C06B04088C6B0408946B04080A
:103E8000986B040888670408A06B0408A46B0408F6
:103E900090670408FC6B0408746A0408786B0408D3
:103EA000B06A0408DC6B0408D46B0408886B04084F
:103EB000CC6B0408806B0408AC6B0408A86B040886
:103EC000B46A0408A86A0408E46A0408746A040866
:103ED000F86B0408EC6B0408786A0408F06B0408BB
:103EE000E86B0408006C0408950104020402040253
:103EF0000402040204020402040204020402870011
:103F000096010302030203020302030203020302F7
:103F10000302030287008102810201020102010201
:103F20000102010201020102810281028102920169
:103F30008200060082009201846A0408446B04082F
:103F40005C6B0408146B0408486B0408506B04088D
:103F5000646B0408546B0408246B04083C6B04086D
:103F6000406B0408F46B0408746A0408846B04084A
:103F7000006B04084C6B0408106B0408186B0408F1
:103F80001C6B0408206B0408286B04082C6B0408C5
:103F9000306B0408FC6B0408746A0408786B04082E
:103FA000B06A0408686B0408606B04080C6B0408B2
:103FB000586B0408046B0408386B0408346B04085D
:103FC000B46A0408A86A0408E46A0408746A040865
:103FD000F86B0408EC6B0408786A0408F06B0408BA
:103FE000E86B0408006C0408950104020402040252
:103FF0000402040204020402040204020402870010
:1040000096010302030203020302030203020302F6
:104010000302030287008102810201020102010200
:104020000102010201020102810281028102920168
:104030008200060082009201C06A0408C46A040873
:10404000C86A0408CC6A0408D06A0408D46A040860
:10405000D86A0408DC6A0408E06A0408BC6A040838
:10406000F46B0408746A0408846B0408A46A0408E6
:10407000B06A0408B86A0408A06A0408F06A040870
:10408000906A04087C6A0408F86A0408886A0408CC
:10409000EC6A0408F46A0408746A0408706B040883
:1040A000FC6A04088C6A0408986A04089C6A04087C
:1040B000E06B0408E46B04086C6B0408746B040880
:1040C000E86A0408806A0408946A0408746A0408A8
:1040D000F86B0408EC6B0408786A0408F06B0408B9
:1040E000E86B0408006C04080102010201020102ED
:1040F0000102010201020102010201028200920199
:104100000102010201020102010201020102010297
:104110000102010201020102010201020102010287
:1041200001020102010201020102010201029201E7
:104130008200060082009201C06A0408C46A040872
:10414000C86A0408F86B0408746A0408CC6A040896
:10415000D06A0408D46A0408E86B0408746A040886
:10416000D86A0408DC6A0408E06A0408F46B0408EE
:10417000746A0408AC6A0408BC6A0408B46A0408D7
:10418000EC6B0408F06B0408006C040801000100EB
:1041900001009201010001000100920101000100F3
:1041A0000100020001000100010001000100000007
:1041B0000C3C0308B12002080000000000000000D1
:1041C000D12002081A001A00800200000C3C0308EB
:1041D00000000000000000000000000000000000DF
:1041E000C300040100000000E47B0308000000009D
:1041F00000000000000000000000000000000000BF
:10420000000000008C7C030800000000000000009B
:10421000000000000000000000000000000000009E
:104220000C3C0308952C02081D2E0208000000001B
:1042300000000000C3000401400600000C3C03081D
:104240004D2E0208832E020800000000000000002E
:104250006420D127800200000C3C0308F92D0208DD
:104260000000000000000000000000006420D127D2
:10427000000000000C3C03082B2F02080000000087
:1042800000000000000000006420D12700000000B2
:104290000C3C0308000000000000000000000000CB
:1042A00000000000D127D127000000000C3C0308CB
:1042B00000000000000000000000000000000000FE
:1042C00000000000000000000C3C0308000000009B
:1042D00000000000000000000000000000000000DE
:1042E000000000000C3C030800000000000000007B
:1042F00000000000000000000000000000000000BE
:104300000C3C03080000000000000000000000005A
:104310000000000000000000000000000C3C03084A
:10432000C1300208DF30020800000000FD30020842
:1043300000000000C00300000C3C03080000000067
:104340000000000000000000000000000401D12770
:10435000800300000C3C0308000000000000000087
:1043600000000000000000006420D127400200008F
:104370000C3C0308000000000000000000000000EA
:10438000000000006420642040020000507D03080B
:10439000A19C02080000000000000000699D0208C6
:1043A0000000000041070000AC7B030869A102087F
:1043B00000000000000000000000000000000000FD
:1043C000000000000C3C030871B00208D5B10208DF
:1043D0000000000041B202086420642000030000D5
:1043E0000C3C030865BF020800000000000000004C
:1043F0000000000000000000800200000C3C0308E8
:10440000A1BF020800000000000000000000000042
:1044100000000000800200000C3C03082DCC0208C4
:104420000000000000000000000000006420642084
:10443000400200000EA0D90D90C80C80B70A601190
:104440000B80D91F0991F0881F0880F088000000B8
:10445000000D203C00000F0069002FFFFFFFF70157
:104460005C11A610006900C300008800D2009FFF05
:10447000FFFFF012C523E22000D203C00000F004C9
:10448000B0000000700000000E00000000E000001E
:1044900019EFEA300CD6E6A702F40E00001F80E008
:1044A00000006FEF50000016FFE500000E0AF0015B
:1044B00000E05F13F85E6EB005CFFE9100000E00C5
:1044C00000000070000008DD3000A7004B02D0049F
:1044D000C0007700D01D20004B03D0A7000007DCF0
:1044E00034C4CC3000001D2D22D00000A63B00B308
:1044F0000005C03A00A3001D200D00D000A6000456
:10450000CC40004DFC300000F718C00001F205D08F
:104510000000BB6E4000005FF3000007E6DB038095
:104520002F301DBAA05F0001DF401FB448FEC0035A
:10453000BFFC40B200000000001F01F01F00F000AF
:104540000003F10B900F404F007D009B00AA00AAD2
:10455000009B007D004F000F400B9003F15E000EAA
:104560006008C004F001F300F500E600E600F50184
:10457000F304F008C00E605E0000930088A6C20934
:10458000FE404DDDB1429350005200000450000047
:1045900008A0000008A0001FFFFFF30339B330009C
:1045A00008A0000008A0000103F61E60E12C000036
:1045B0000003FFF90333100003F52E4000000E4006
:1045C0000004E000009A00000E400004F000009A91
:1045D00000000E400003F000009A00000E5000039F
:1045E000F000009A00000E500003F00000004CFEA6
:1045F00070004FB68F900DB0005F32F40000E74FAF
:1046000020000CA4F20000CA2F40000E70DB000551
:10461000F204FB68F90004CFE700EFFB44CB00ABEA
:1046200000AB00AB00AB00AB00AB00AB00AB07DFF7
:10463000EA108E857EC0010006F1000006F0000041
:104640000D900000CC00001CC00001DB00001DE547
:1046500044427FFFFFF97FFFFFF024445F9000009A
:10466000BC000009E100003FD81000046DD000003C
:1046700002F4100002F4BD757DD019DFEA100000CD
:104680000DA0000000AC00000007E10000004F405A
:10469000100002F600F5001DA000F5007FFFFFFFEF
:1046A000F3133333F730000000F500000000F5008D
:1046B00009FFFFF00AB444400C8000000E700000B7
:1046C0000FFFFC4003345CF2000000F7100000F71D
:1046D0008E856CF108DFFB30002AEFD5003FD657FE
:1046E000400CC0000002F40000004F5BFFA104FE7C
:1046F000845DD03F80003F30E80003F206F845DCDF
:104700000005DFE9109FFFFFFD9D4444E99C000484
:10471000F200000BB000002F400000AD000001F6D9
:10472000000008E000000E8000006F1000019EFEF7
:104730009100BE636EC00F60006F00CC202BC002E2
:10474000EFFFE200DC424CD05F20001F55F2000278
:10475000F50ED535DE001AEFEA1003BFEA202FA4CC
:104760004BE18E0000E99D0000DD4F7129FF07FF3E
:10477000FC9E000210AC000002F607658FB00AEF45
:10478000D7002E53F50000000000003F52E42E53E6
:10479000F50000000000002E52F60D21D0010000AF
:1047A00000003100006CF2018ED6000FC300000A39
:1047B000FB40000017EE70000005C3000000001F62
:1047C000FFFFF30333333000000000000000001F40
:1047D000FFFFF303333330040000000ED710000056
:1047E0005CF92000002AF20003AFB106DE82001C53
:1047F0006000000000000007DFEA109E746EC00138
:104800000006F0000009C000008E200006F2000043
:1048100008700000000000000B8000000C900000F9
:10482000006CEFDA4000003DA41016D90001E50944
:10483000EE98CA900A80BD43AFC0D30F13F2000CAC
:10484000C0693C06D00007C03B4B06D00007C02C17
:104850003C03F2000CC04A0F10BD439EE3C50A8022
:1048600009EE91CF9001E50000000000003DA4108A
:1048700028000000007CEFD9100000000CF10000BF
:1048800000003FD700000000B96E00000002F20EE9
:1048900050000009A007D000001F3000F400007F86
:1048A000FFFFFB0000E733334F2005F000000C90C2
:1048B0000C90000006F18FFFFEC408E3334BF28E2C
:1048C00000001F58E00018F18FFFFFF808E33337AE
:1048D000F68E000009C8E000009D8E33347F78FF1B
:1048E000FFFD700007CFFB4000CF966AF50AE2009B
:1048F00000301F600000004F200000004F2000002B
:10490000001F600000000AE200003001CF966AF547
:104910000007DFFB408FFFFEA4008E4446CF708E61
:10492000000007F38E000000DA8E0000009D8E006C
:1049300000009D8E000000DA8E000007F38E4446D2
:10494000BF708FFFFEA4008FFFFFF68E4444418EA0
:104950000000008E0000008FFFFFC08E3333208EDA
:104960000000008E0000008E4444428FFFFFF98F4C
:10497000FFFFF68E4444418E0000008E0000008E42
:104980000000008FFFFFC08E3333208E0000008EAA
:104990000000008E0000000007CFFC5000CF966A98
:1049A000F60AE20000201F600000004F2000000017
:1049B0004F200000B91F600000B90AE30000B900F1
:1049C000CF966AF80007DFFC608E000008E8E00080
:1049D000008E8E000008E8E000008E8FFFFFFFE8E9
:1049E000E333339E8E000008E8E000008E8E000066
:1049F00008E8E000008E8E8E8E8E8E8E8E8E8E8ECD
:104A000002FFFFC00444BC000009C000009C00007D
:104A100009C000009C000009C02000BA0EB58F60DC
:104A20003CFE808E00004F508E0004F6008E003F4A
:104A300070008E03F800008E2EC000008EECF60091
:104A4000008FB07F30008E000AE1008E0000CC00A5
:104A50008E00001EA08E0000008E0000008E000060
:104A6000008E0000008E0000008E0000008E00000E
:104A7000008E0000008E4444408FFFFFF28E000045
:104A80000008E8F7000002FE8FF10000BFE8DCA09C
:104A9000004F9E8D2F300D87E8D09C06E07E8D0163
:104AA000E7E507E8D006FC007E8D000A2007E8D085
:104AB0000000007E8E100008E8FC00008E8FF900D8
:104AC00008E8E6F6008E8E09F308E8E00CE18E8E29
:104AD000001EB8E8E0003FEE8E00006FE8E0000046
:104AE000AE0007CFEB500000CF966BF9000AE20052
:104AF000005F601F6000000AD04F20000006F04FEA
:104B000020000006F01F6000000AD00AE200005FEB
:104B10006000CF966BFA000007DFEB50008FFFFDBF
:104B20007008E4458FB08E00005F38E00001F58E1C
:104B300000003F48E0014DD08FFFFFB208E3331083
:104B4000008E00000008E00000000007CFEB5000DE
:104B500000CF966BF9000AE200005F601F60000062
:104B60000AD04F20000006F04F20000005F01F6023
:104B700000000AD00AE200005F6001DF855AFA00F7
:104B80000008DFFC5000000001EC21940000001B35
:104B9000FFC10000000012008FFFFD7008E4458F88
:104BA000B08E00005F38E00001F58E00003F38E075
:104BB000014DD08FFFFFC208E333DA008E0002F60A
:104BC00008E00005F3019EFDA200CE646B702F404B
:104BD000000001F800000006FD950000016AEE509B
:104BE0000000009F00200005F13FA547EB004BEFC0
:104BF000E910FFFFFFFF2444BD44400009C000004E
:104C0000009C00000009C00000009C00000009C0DA
:104C10000000009C00000009C00000009C00009CF7
:104C200000000BA9C00000BA9C00000BA9C0000046
:104C3000BA9C00000BA9C00000BA8E00000D94F4CD
:104C40000003F50CF868FD0009EFE9100CB0000056
:104C50000AC05F200001F500E900008E0008F000A6
:104C60000E70001F6005F10000AD00C9000003F4E4
:104C70003F3000000CBAC00000005FF500000000EB
:104C8000EE00006F10000DB00002F21F60003FF157
:104C90000008D00BB0008BE6000D7006F000E69B1C
:104CA000002F2001F503F14F108D0000CA09B00E4E
:104CB00060D800006F0E6009B2F300001F9F10045F
:104CC000F9D000000CFB0000EF80000007F60000A8
:104CD0009F30003F50000DA008F2009D0000CC0462
:104CE000F300002F9E70000006FC00000009FE107B
:104CF00000004F4DB00001E802F7000BD0007F200C
:104D00007F20000BD00CB000009C002F50002F30F3
:104D1000009E000C900000E805F1000005F3E6009D
:104D200000000CFD000000003F4000000002F30006
:104D30000000002F3000000002F300004FFFFFFFD3
:104D40009144444AF3000003F6000001EA00000029
:104D5000CC0000009E1000006F4000003F7000007B
:104D60001ED4444436FFFFFFFC8FF68D318D008D3D
:104D7000008D008D008D008D008D008D008D008DCB
:104D8000008D318FF65D000000F200000B80000006
:104D90006D000001F200000B8000006D000001F2C8
:104DA00000000B7000006D000001F200000B7000AD
:104DB000006D000001F2BFF325F302F302F302F3EA
:104DC00002F302F302F302F302F302F302F325F318
:104DD000BFF300AD00001EC4000885A000E20E1065
:104DE0005B00970B5002E0EEEEEEE00BC00009B066
:104DF00004CFEA100B745DB0000004F004CEEEF2B4
:104E00001F8214F24F1004F21F703DF204DFD7F23C
:104E1000BA000000BA000000BA000000BA8EFC30F0
:104E2000BFD54BF3BE1000CABA00007EBA00007EA8
:104E3000BE1000CABFD55BF3B98EFC30007DFD60AB
:104E400009F748F42F5000205F0000005F000000C9
:104E50002F50002009F748F4007DFD600000001F7E
:104E600040000001F40000001F4008EFC4F40AF7FE
:104E700048FF42F50007F45F00002F45F00001F401
:104E80002F50006F40AE637EF4008EFC4F40008ECA
:104E9000FC400AD538F42F20008C5FEEEEFF5F2136
:104EA00011112F70001009F846E4007DFE80009E6D
:104EB000E305F44108C000CFFFF029D32008D0005B
:104EC00008D00008D00008D00008D00008D00000AA
:104ED0007EFC4E60AF747FF62F50005F65F00000DF
:104EE000F65F00000F62F60006F609F747FF50076D
:104EF000EFC4F50000003F20CB646EB003AEFD8030
:104F000000BA000000BA000000BA000000BA8EFB30
:104F100020BFC56DD0BE0003F2BA0000F4BA000095
:104F2000F5BA0000F5BA0000F5BA0000F5BAA8001D
:104F3000BABABABABABABABA000AB000990000004E
:104F400000AB000AB000AB000AB000AB000AB00032
:104F5000AB000AB000AA064E71DFA0BA000000BA8A
:104F6000000000BA000000BA001CC0BA01CC00BAB0
:104F70001CD100BBCF6000BFDBE100BD11DC00BA7B
:104F8000003F70BA0007F3BABABABABABABABABA34
:104F9000BABAB99EFA15DFD40BFB45EDE64AF2BE6C
:104FA0000006F6000E7BA0004F2000C9BA0003F1F6
:104FB000000C9BA0003F1000C9BA0003F1000C9B3D
:104FC000A0003F1000C9B99EFB20BFB45DD0BE0059
:104FD00003F2BA0000F4BA0000F5BA0000F5BA0016
:104FE00000F5BA0000F5007DFD60009F748F702F02
:104FF00050007F05F00001F35F00002F32F500073D
:10500000F009F748F70007DFD600B98EFC30BFC4BF
:105010003AF3BE1000CABA00007EBA00007EBE108D
:1050200000CABFD55BF3BA7EFC30BA000000BA00FC
:105030000000BA000000008EFC3F40AF748EF42FD9
:1050400050007F45F00001F45F00002F42F500079B
:10505000F40AF748FF4008EFC4F40000001F4000C6
:105060000001F40000001F40B98E4BFD71BE100B13
:10507000B000BA000BA000BA000BA00005DFEA13D5
:10508000F735A06F000001EE9610016AEF300000C6
:10509000D96C646F62AEFD7008D00008D000CFFFFD
:1050A000F029D32008D00008D00008D00008D00094
:1050B00005F551009FE3C80002F3C80002F3C800E1
:1050C00002F3C80002F3C90003F3AB0007F35F83E8
:1050D0007EF306DFC5F30D90000AA06E0001F30019
:1050E000F5007D0009C00E60003F24F00000C8B943
:1050F000000006FF3000000FC000C80006F1000DE0
:1051000056D000CF6003F01F302F9C009A00B807E4
:10511000B2F10E4005E0D60C74E0000F6F007C99F0
:105120000000AFA001FF400005F4000BE0004F308D
:1051300007E109D02F4000D9D900003FD000004F2F
:10514000E10001E7BB000BB01E707E1005F30D906F
:10515000000AA06F0001F300F6007D0009C00D6099
:10516000002F34F00000C9A9000005FF2000000E48
:10517000C0000000E5000094AD00001BFC20000012
:105180005FFFFFA13337F40001E70000CB00008E82
:1051900010004F40001EA33326FFFFFC006EA00F3F
:1051A0009201F4001F4001F4003F303FC0006F3017
:1051B00001F4001F4001F4001F4000FA2005EA8BB3
:1051C0008B8B8B8B8B8B8B8B8B8B8B8B8BBE5002C0
:1051D000AE0005F0005F0005F0004F1000DF104F3B
:1051E0005005F0005F0005F0005F002AE00BE400CE
:1051F00007EC40B41E25DFC00100000004CC302BBA
:1052000001C05700932B01C005CC3006A10FF60B4F
:10521000E2000000000000000000000000027BFB34
:10522000000000049DFFFFD00003AFFFFFFFFD0063
:1052300000AFFFFFFFDFD0000AFFFFB610ED000058
:10524000AF9400000ED0000AF1000000ED0000AFA6
:105250001000000ED0000AF1000045FD0000AF1064
:1052600001EFFFD0179DF1005FFFFC0EFFFF100064
:10527000AFFD31FFFFE00000010003BDA30000000F
:10528000000050188888888405FABFDDDDDDFDAF99
:10529000E47F100000CA4EE04F100000C80EFEEF81
:1052A000100000CFEFE03FEEEEEEF80EF68F7666E0
:1052B00066EB6FF8AF100000CC8FE03F100000C825
:1052C0000EFCDF655555EECFC25FFFFFFFF92C578F
:1052D000750577777775FFFF1FFFFFFFFFFFFF2F34
:1052E000FFFFFFFFEFFF0EFFFFFFFE011000111198
:1052F0001110EFFE0EFFFFFFFEFFFF2FFFFFFFFF6E
:10530000FFFF1FFFFFFFFF68870788888886688781
:105310000788888886FFFF1FFFFFFFFFFFFF2FFF23
:10532000FFFFFFDFFD0DFFFFFFFD0000000000019C
:105330005000000000001DF80000000001DFFD002B
:105340000000001DFFE22D600001DFFE20DFF700FE
:105350001DFFE2008FFF71DFFE200008FFFEFFE26D
:105360000000008FFFFE2000000008FFE2000000A8
:1053700000007D2000000000000000007F60000BA6
:10538000E2EFF600BFF84FFF6BFFD104FFFFFD1007
:10539000005FFFE10000BFFFF6000BFFDFFF60BF13
:1053A000FD14FFF5CFD1004FF61710000360000089
:1053B0000011000000000000FF000000006F21FF4E
:1053C00012F70006FF61FF16FF601FF901FF109F33
:1053D000F16FE001FF100EF6AF8001FF1008FACF69
:1053E0006001FF1006FCAF8000AA0008FB7FD00020
:1053F00000000DF71FF80000008FF107FF91002A51
:10540000FF70009FFFEEFFF9000005CFFFFD500089
:105410000000024420000000000000000000000026
:105420000AFFA0000000000CFFC0000003D6DFFF51
:10543000FD6D300EFFFFFFFFFFE05FFFFFAAFFFFE4
:10544000F51AFFF4004FFFA103FFD0000DFF300459
:10545000FFF0000FFF404FFFFB22BFFFF42FFFFFC5
:10546000FFFFFFF209FEFFFFFFEF9000505EFFE538
:10547000050000000CFFC0000000000477400000A1
:1054800000000003100341000000009FF50DF5002F
:1054900000001BFDFF8DF5000002DFB12DFFF500C0
:1054A000004FF83EC2BFF50007FF55FFFE39FE4032
:1054B0009FE38FFFFFF56FF6AC2AFFFFFFFF73E658
:1054C000005FFFFFFFFFF100006FFFD77FFFF200DB
:1054D000006FFF900DFFF200006FFF900DFFF200D4
:1054E000004FFF700BFFE1000000003300000000E0
:1054F000000BFFB0000000000CFFC0000000000C1B
:10550000FFC0000000000CFFC0000000000CFFC046
:105510000000008FFFFFFFF800002EFFFFFFE200FA
:105520000002EFFFFE200000002DFFE2000079994D
:1055300082DE289997FFFFFB22BFFFFFFFFFFFFFDF
:10554000FFFFFFFFFFFFFFFAB3CFACCCCCCCCCCC3E
:10555000CA0006BBBBBBBA3000004FFFFFFFFFE134
:105560000000EF30000006FB0009F800000000CF4B
:10557000504FD0000000002FE1DF84420000344B88
:10558000F9FFFFFD0001FFFFFBFFFFFF988BFFFF0F
:10559000FCFFFFFFFFFFFFFFFCFFFFFFFFFFFFFF21
:1055A000FB9FFFFFFFFFFFFFF6000000000000333E
:1055B00000018DFFC600EF004EFFFFFFE4DF04FF98
:1055C000B3004CFFFF0EF90000008FFF6FC0000119
:1055D000FFFFFF8E500001DEEEED00000000000036
:1055E0000022222200000021FFFFFF100008F8FF28
:1055F000FBBC10001EF4FFFC100001DFC0FEEFE852
:10560000448EFE10FE1AFFFFFFC100FD0028BB9470
:105610000000000002700002EF0002EFFDFFFFFF3C
:10562000FFFFFFFFFFFFFFFFFFFFFFFFFFFF34470D
:10563000FFF00005FF000005C00000000000027040
:1056400000000002EF00000002EFF0000DFFFFFF7E
:105650000220FFFFFFF08E1FFFFFFF00E7FFFFFFAD
:10566000F03F5FFFFFFF08903447FFF000000005A8
:10567000FF0000000005C000000000000000000066
:10568000000000077000000002700005FA00000032
:105690002EF000814F600002EFF001DD07F0DFFF28
:1056A000FFF0321E80F6FFFFFFF08E27E0B9FFFF0C
:1056B000FFF00E73F19BFFFFFFF03F54F09AFFFFE6
:1056C000FFF0890AC0D83447FFF0007F43F30000A1
:1056D0005FF002F60CB0000005C00000BF10000033
:1056E00000000009E30000000000000210003788FD
:1056F0008888888873EFFFFFFFFFFFFEFE32DFFF21
:10570000FFFFFFF9007FFFFDFFFFFD10CFFFA07F30
:10571000FFFFFFFFFA0007FFFFF35FA00000CFFFCE
:105720003003000000CFFC0000000000CFFFCCCC15
:10573000CCCCCCFFAFFFFFFFFFFFF9000020000043
:105740000001FA00000006FF1000000DFF700000CD
:105750006FFFF10001EFFFFA000BFFFFFF605FFF3B
:10576000FFFFE0CFFFFFFFF6FEBFFFFFF9FD4FFF9A
:10577000FFF9BF49FFFFF53FE52EFFD006FFFFFD14
:10578000200028BA600004300000311FE00006F954
:105790001FE0007FFA1FE009FFFA1FE0AFFFFA1FCA
:1057A000EBFFFFFA1FFFFFFFFA1FFFFFFFFA1FE6E5
:1057B000FFFFFA1FE05FFFFA1FE004FFFA1FE0009F
:1057C0003EFA0FD00002D7000000000002000000E7
:1057D00000000CFB2000000000FFFF900000000F05
:1057E000FFFFE6000000FFFFFFFC30000FFFFFFFA0
:1057F000FF9100FFFFFFFFFFE60FFFFFFFFFFFF23C
:10580000FFFFFFFFFFFD0FFFFFFFFFF800FFFFFFA0
:10581000FFB2000FFFFFFD400000FFFFF700000098
:105820000FFFA1000000006A4000000000001444C7
:10583000200144420DFFFF10DFFFF1FFFFF30FFFD8
:10584000FF3FFFFF40FFFFF4FFFFF40FFFFF4FFF9D
:10585000FF40FFFFF4FFFFF40FFFFF4FFFFF40FF8C
:10586000FFF4FFFFF40FFFFF4FFFFF40FFFFF4FFC8
:10587000FFF40FFFFF4FFFFF30FFFFF39FFFC00953
:10588000FFFC001444444444420DFFFFFFFFFFF1BE
:10589000FFFFFFFFFFFF3FFFFFFFFFFFF4FFFFFFE3
:1058A000FFFFFF4FFFFFFFFFFFF4FFFFFFFFFFFFC3
:1058B0004FFFFFFFFFFFF4FFFFFFFFFFFF4FFFFF63
:1058C000FFFFFFF4FFFFFFFFFFFF4FFFFFFFFFFFA3
:1058D000F39FFFFFFFFFFC0002100000420FE200F9
:1058E00003FB0FFE3004FB0FFFF404FB0FFFFF541C
:1058F000FB0FFFFFFAFB0FFFFFFFFB0FFFFFFFFB9D
:105900000FFFFFD6FB0FFFFD14FB0FFFC104FB0FC2
:10591000FB0004FB0CA00003FA00000000000000E4
:105920000012000000000003FF60000000002EFFD6
:10593000F500000001EFFFFF4000001DFFFFFFF337
:105940000000CFFFFFFFFE200AFFFFFFFFFFE00E7A
:10595000FFFFFFFFFFF203999999999950058888F5
:10596000888888700FFFFFFFFFFFF30FFFFFFFFF27
:10597000FFF40BFFFFFFFFFFD1000000000000005D
:105980003F9000003FFC00003FFD10003FFD100075
:105990003FFD10001FFD100000CFF4000000CFF409
:1059A000000000CFF4000000CFF4000000CFE000C2
:1059B0000000A4000000000000CD1000001FFD103A
:1059C00000003FFD1000003FFD1000003FFD1000F3
:1059D000003FFD000008FF900008FF900008FF90C6
:1059E0000008FF900002FF90000007800000000008
:1059F0000004500000000002FF60000000003FF7BC
:105A00000000000003FF70000000003FF7000006E8
:105A1000999AFFC99980FFFFFFFFFFFF3DFFFFFF3E
:105A2000FFFFF201113FF71110000003FF700000AB
:105A300000003FF70000000003FF70000000000CB2
:105A4000D30000006999999999980FFFFFFFFFFF14
:105A5000F3DFFFFFFFFFFF20000000000000000059
:105A60000156640000000003BFFEEFF91000007F44
:105A7000FA1003DFE40008FFA009B41EFF504FFF37
:105A8000200BFF26FFE1EFFF09CFFF63FFFABFFF07
:105A900009FFFF54FFF61EFF51DFFB09FFB003EFC4
:105AA000E204305FFC10002CFF956AFF90000000BC
:105AB00049DFFD920000000000000000000000CD62
:105AC00020000000000000008FF500146640000078
:105AD0000004EFACFFEFFF910000001CFFA1004DA0
:105AE000FE300000009FF5AB31EFF40007B105FF79
:105AF000FFE17FFE100FFE302DFFF54FFF900CFFF2
:105B0000E000AFF65FFF6002FFF40006FFEFFB006E
:105B1000004FFD10003EFFC0000002DFE85401BF4F
:105B2000E300000005AEFF6007FF6000000000001A
:105B300000004EF60000000000000001A10000007F
:105B40000000000000000000003ED0000000000047
:105B5000000CFF80000000000006FFFF2000000096
:105B60000000EFFFFB00000000008FFCCFF40000FE
:105B700000002FFB00FFD00000000BFFC00FFF70E4
:105B8000000004FFFD01FFFF100000DFFFE02FFF1A
:105B9000FA00007FFFFF9BFFFFF3001FFFFFB00E27
:105BA000FFFFC00AFFFFFE24FFFFFF60FFFFFFFFB4
:105BB000FFFFFFFA06CCCCCCCCCCCCCB3000000025
:105BC0000000360000000000007F80DDDB00008D5B
:105BD000EFF8FFFFB007FFFFFD556FF46FF8AFE27E
:105BE000000574FF907E2000003FFA0000000002D4
:105BF000EFB2504A00012EFD1DF48FB0FFFFD10B14
:105C0000FFFFFBFFFE2000CFFFFB12210000029FE1
:105C1000C000000000005B00000007A000000000C2
:105C200008FFB000000008FFFFB0000008FF95FF6C
:105C3000B00008FF9005FFB007FF900005FFB09F80
:105C400090000005FD004000000003104C20000003
:105C500000B60BFE200000CFF02EFE2000CFF40097
:105C60002EFE20CFF400002EFECFF40000002EFF09
:105C7000F4000000002EF4000000000013000000FB
:105C800000083000000000000000BFF308BBBBBBF1
:105C900090000BFFFF39FFFFFFF1008FCFCFF00027
:105CA000000AF100382F948000000AF100002F90C4
:105CB0000000000AF100002F900000030AF13000FC
:105CC0002F9000001FCBF8F8002FEBBBBB39FFFF74
:105CD000E2001FFFFFFFB09FFD200000000000005A
:105CE00008D10037888700000000EFFFFFA0000008
:105CF00000FFFFFFFDCCCCB6FFFFFFFFFFFFFFFF64
:105D0000FFFFFFFFFFFFFFFFFFFFFFFFFFFFFFFFA3
:105D1000FFFFFFFFFFFFFFFFFFFFFFFFFFFFFFFF93
:105D2000FFFFFFFFFFFFFFFFFFAFFFFFFFFFFFF9D9
:105D300000000000000000000001DD100000000075
:105D40001DFFD100000001DFFFFD1000001DFFFF5F
:105D5000FFD100009FFFFFFFF90000011CFFC110F1
:105D60000000000CFFC0000000000CFFC00000009D
:105D7000000CFFC0000079993BFFB39997FFFFB279
:105D8000442BFFFFFFFFFEDDEFFFFFFFFFFFFFFAEA
:105D9000B3CFACCCCCCCCCCCCA000000000002000D
:105DA000000000000004FFC70000000000AFFFF08B
:105DB000000000001FFFFD0000000006FFFFC00004
:105DC00000000008FFF700000000000CFF3000009A
:105DD000000004FFC00000000001EFF300004A30A3
:105DE00002DFF80005DFFE15EFFB0000EFFFFFFF0D
:105DF000FA00000BFFFFFFF70000007FFFFFA2008B
:105E0000000002BA850000000000048600000010B7
:105E100006FFFA0002DFD1EF3CF101DFFA0EE0AF3E
:105E200021DFFA009FEFF6DFFA00008DFFFFFB0095
:105E3000000006FFFD00000048EFFFF600006FFFC6
:105E4000FBFFF6000EF3CF23FFF600EE0AF204FF8D
:105E5000F609FEFC0004FFF108DA100002620000FF
:105E6000000000000000006FFFF987000008FFFF3E
:105E700098F708A68FFFF95990FFA8FFFFFCCC0FF9
:105E8000FA8FFFFFFFF1FFA8FFFFFFFF1FFA8FFF51
:105E9000FFFFF1FFA8FFFFFFFF1FFA8FFFFFFFF1DA
:105EA000FFA8FFFFFFFF1FFA7FFFFFFFF0FFE312D6
:105EB0002222210FFFFFFFF90000ACCCCCCB500019
:105EC000004999999995000EFFFFFFFFF600FD220A
:105ED00022224FF60FC0000001FFF3FC0000001F5C
:105EE000FF6FC0000002FFF6FFFFFFFFFFFF6FFF25
:105EF000FFDCFFFFF6FFFFB005FFFF6FFFF6000FAF
:105F0000FFF6FFFFC006FFFF6FFFFFEDFFFFF69FED
:105F1000FFFFFFFFFD10CDDDDDDDDDDD2FFFFFFF2E
:105F2000FFFFF312222222222200000000000000C4
:105F30000000000000000FFFFFFFFFFFF3DEEEEEAA
:105F4000EEEEEE2000000000000000000000000067
:105F50000DEEEEEEEEEEE2FFFFFFFFFFFF30000082
:105F60000000000037888888888873EFFFFFFFFFF4
:105F7000FFFEEFFFFFFFFFFFFE1CFFFFFFFFFFC164
:105F8000D28FFFFFFFF82DFF64EFFFFE45FFFFFA02
:105F90002BFFB2AFFFFFFFD3553DFFFFFFFFFFBB5E
:105FA000FFFFFFFFFFFFFFFFFFFFAFFFFFFFFFFF51
:105FB000F9000000000001FFFFF00004FFFFD00027
:105FC00006FFFF800008FFFF30000AFFFFAAA60CB3
:105FD000FFFFFFF80EFFFFFFE10BDDDFFF600000BA
:105FE0004FFD0000007FF3000000BFA0000000FF95
:105FF00010000003F800000003C0000000002000B3
:1060000000000455EFB5520000FFFD1FFFB0000F68
:10601000FFFFFFFC0000FFFF533320000FFF97FF3F
:10602000FB5700FFF8AFFFC6F80FFF8AFFFC4AA13D
:10603000FFF8AFFFE3220FFF8AFFFFFFF4FFF8AF87
:10604000FFFFFF4FFF8AFFFFFFF43552AFFFFFFF57
:1060500040000AFFFFFFF400007FFFFFFE2000006A
:1060600001100000000000AF00000000018FFA30B6
:10607000000002EFFFFF500000BFFFFFFF10001FF6
:10608000FFFFFFF50003FFFFFFFF70005FFFFFFF53
:10609000F90008FFFFFFFFC000DFFFFFFFFF209FA9
:1060A000FFFFFFFFFD0EFFFFFFFFFFF20222222294
:1060B0002221000008FFC00000000009A20000002B
:1060C0005BBBBBBBBBBBBBA3FFFFFFFFFFFFFFFB7C
:1060D000FC0C30E11D0D11FCFC0B30E01D0D10FC23
:1060E000FFFEFFEFFEFEEFFCFFF15A0870A05FFC21
:1060F000FFF37B2992C27FFCFFBFCBBBBBBFCBFCB6
:10610000FC0B2000000D00FCFFCFCCCCCCCFCCFB97
:106110009FFFFFFFFFFFFFF60000000000000200EE
:10612000000000000005DFB00000000007EFFFD016
:1061300000000018FFFFFF70000029FFFFFFFF00B5
:10614000003BFFFFFFFFF8000AFFFFFFFFFFF1002A
:106150000FFFFFFFFFFFA000049AAAAFFFFF200080
:106160000000000EFFFB00000000000EFFF4000026
:106170000000000EFFC000000000000EFF500000F5
:106180000000000DFD00000000000004B30000004E
:1061900035555502000FFFFFF2F400FFFFFF2FF40B
:1061A0000FFFFFF2FFF3FFFFFF32221FFFFFFFFF92
:1061B000F7FFFFFFFFFF8FFFFFFFFFF8FFFFFFFF6E
:1061C000FF8FFFFFFFFFF8FFFFFFFFFF8FFFFFFFC6
:1061D000FFF8FFFFFFFFFF8FFFFFFFFFF88AAAAA6C
:1061E000AAAA300000002455310000000003AFFFD0
:1061F000FFFFC7000002BFFFFEDEFFFFF6005FFFEC
:10620000B51000038EFFB0DFD300000000008FF553
:10621000180005AEFEC81004600002DFFFFFFFF8A3
:106220000000000CFF95347DFF40000002A200003A
:10623000007700000000000296000000000000004F
:106240000DFF500000000000000EFF600000000085
:10625000000005DA000000005BBBBBBBBBBBBBBAE8
:1062600020FFFFFFFFFFFFFFFF90FC1222222222F0
:10627000220FF7FC5FFFFFFFFFFF2CFAFC5FFFFF21
:10628000FFFFFF21FAFC5FFFFFFFFFFF27FAFC265D
:1062900066666666661FFAFEBBBBBBBBBBBBBFB117
:1062A000AFFFFFFFFFFFFFFF5000000000000000F6
:1062B00000005BBBBBBBBBBBBBBA20FFFFFFFFFF4C
:1062C000FFFFFF90FC1222222221000FF7FC5FFF4C
:1062D000FFFFF8000CFAFC5FFFFFFFF80001FAFC7B
:1062E0005FFFFFFFF80007FAFC2666666663000F93
:1062F000FAFEBBBBBBBBBBBBBFB1AFFFFFFFFFFF2A
:10630000FFFF500000000000000000005BBBBBBBB3
:10631000BBBBBBBA20FFFFFFFFFFFFFFFF90FC12DC
:1063200022221000000FF7FC5FFFFFD000000CFAE4
:10633000FC5FFFFFD0000001FAFC5FFFFFD0000010
:1063400007FAFC2666665000000FFAFEBBBBBBBB1B
:10635000BBBBBFB1AFFFFFFFFFFFFFFF500000005F
:106360000000000000005BBBBBBBBBBBBBBA20FF97
:10637000FFFFFFFFFFFFFF90FC1222000000000F55
:10638000F7FC5FFF300000000CFAFC5FFF300000FC
:106390000001FAFC5FFF3000000007FAFC266610DF
:1063A0000000000FFAFEBBBBBBBBBBBBBFB1AFFF66
:1063B000FFFFFFFFFFFF5000000000000000000093
:1063C0005BBBBBBBBBBBBBBA20FFFFFFFFFFFFFF3D
:1063D000FF90FC0000000000000FF7FC0000000030
:1063E00000000CFAFC00000000000001FAFC0000B4
:1063F0000000000007FAFC0000000000000FFAFE99
:10640000BBBBBBBBBBBBBFB1AFFFFFFFFFFFFFFF12
:10641000500000000000000000000000000007B273
:106420000000000000000ADFFA000000000000A9E0
:106430003DF5000000044002E00010000000AFF84D
:106440000B600000006C30FFFFFFFFFFFFFFFFF459
:10645000AFF9000C5000006D4005500004C0000072
:10646000100000000000C43EE80000000000002E04
:10647000EFFA000000000000004FFA0000000000EA
:106480000000000000000000011000000007EFFF06
:10649000B30000AFFD8FFF2004FFFD09FFB00AFE2F
:1064A000FD12AFF00EF55D2C0EF30FFF33129FF5CA
:1064B0000FFFF307FFF60FFFE206FFF60FFE2413B0
:1064C0007FF50DF57D2C0DF30AFFFD11BFF003FFE5
:1064D000FE0BFFA0007FFEBFFE100003ACDC8100BE
:1064E00000003443000005667FFFF96650FFFFFFA0
:1064F000FFFFFF356666666666501CCCCCCCCCC40C
:1065000002FFFFFFFFFF602FF3FB7F6DF602FF2FFF
:10651000B7F5DF602FF2FB7F5DF602FF2FB7F5DFE7
:10652000602FF2FB7F5DF602FF2FB7F5DF602FF3E0
:10653000FB7F6DF601FFFFFFFFFF5007BCCCCCCC0B
:10654000900000000000000120000000000004FF97
:10655000500000000002FFFF500000000439FFFE61
:1065600000000004FF39FFA0000004FFFF39B00065
:106570000004FFFFFF20000004FFFFFFB000000445
:10658000FFFFFFB0000004FFFFFFB0000004FFFFAB
:10659000FFB0000000BFFFFFB00000000DFFFFB024
:1065A00000000000FFFFB00000000009A86000002C
:1065B0000000000000178888888887400002EFFFED
:1065C000FFFFFFFFF4003EFFFFCFFFCFFFF703EF1A
:1065D000FFF908F809FFF83EFFFFFE20402EFFF804
:1065E000DFFFFFFFE101EFFFF89FFFFFFF80008F5C
:1065F000FFF809FFFFF902C209FFF8009FFFFE4EF6
:10660000FE4EFFF80009FFFFFFFFFFFFF700008FBE
:10661000FFFFFFFFFFC100000000000003EFFFFFCE
:10662000E203FBFBCEBFA4FF1D03A1FAFFF1D03AAA
:106630001FAFFFFFFFFFFAFFFFFFFFFFAFFFFFFFEF
:10664000FFFAFFFFFFFFFFAFFFFFFFFFFAFFFFFFB4
:10665000FFFFAFFFFFFFFFFAFFFFFFFFFFADFFFFF1
:10666000FFFFF829AAAAAAA8000000000000000362
:1066700000000000000004F1000820000001FF10ED
:106680000BF70000002FF10CFF94444445FF1BFF63
:10669000FFFFFFFFFFF18FFFFFFFFFFFFD007FF711
:1066A0000000000000006F600000000000003000EB
:1066B0000000000000000000000000000000C00317
:1066C000000000000000C003030A00000F00800566
:1066D000050500051C00D0090A0A00004E00B0089C
:1066E000090F00FE9200D00B0C0A0000CE00A0099A
:1066F0000A0B00FF0501F002030500050D01B004BF
:10670000040E01FD2901C004040E00FD4501A00591
:106710000606000557012008080700027301300330
:10672000030500FE7B0160050503000383013003C0
:10673000030300008801F004070EFFFFB9015009B0
:10674000090A0000E6013005040A0000FA011008F9
:10675000080A000022020008080A00004A02600934
:106760000A0A00007C021008080A0000A402A0081F
:10677000090A0000D1026008080A0000F9020009B5
:10678000090A00002603A008080A00004E0330038F
:10679000030800005A033003030B00FD6B032008BD
:1067A000080800018B03200808060002A303200844
:1067B00008080001C3030008080A0000EB03800E6C
:1067C0000E0D00FD4604400A0C0AFF008204A00AD8
:1067D000090A0100AF04200A0A0A0000E104900B34
:1067E0000A0A010013056009080A01003B05E008D8
:1067F000080A01006305D00A0A0A00009505600B2B
:10680000090A0100C2055004020A0100CC05300744
:10681000070AFF00EF05100A0A0A010021065008C6
:10682000080A01004906600D0B0A01008006600B92
:10683000090A0100AD06C00B0C0A0000E906200A97
:10684000090A01001607C00B0C0D00FD6407300A91
:10685000090A01009107B008090A0000BE073008C4
:10686000090A0000EB07100B090A01001808F009DB
:106870000B0AFF004F08C00F100A00009F087009A4
:106880000A0A0000D10810090B0AFF0008093009A4
:10689000090A00003509B004040E01FD5109F00495
:1068A000070EFFFF8209B004040E00FD9E093008A8
:1068B00007060102B3090007070100FFB7096008D6
:1068C00005020109BC09600808080000DC099009FC
:1068D000080B0100080A000808080000280A9009AF
:1068E000090B00005A0A9008080800007A0AF00410
:1068F000060B00009B0AB009090B00FDCD0A9009A8
:10690000080B0100F90AE003020B0100040B00046C
:10691000050EFEFD270BA008080B0100530BE0033A
:10692000020B01005E0BD00E0D080100920B9009C6
:1069300008080100B20BE00809080000D60B900916
:10694000080B01FD020C9009090B00FD340CC00579
:1069500005080100480C000707080000640CD0057A
:10696000060A0000820C800908080100A20CD0076A
:106970000908FF00C60C900C0D080000FA0CC007B7
:10698000080800001A0DD007090BFFFD4C0D500739
:1069900007080000680DF004050E00FD8B0D3004A3
:1069A000020E01FD990DF004050E00FDBC0D20083E
:1069B00008030003C80DE00506050006D70D6004B6
:1069C00004030003DD0D000E0F0FFFFE4E0E000E40
:1069D0000E0B00009B0E000E0E0D00FFF60E000EBB
:1069E0000E0B0000430FA0090A0B00007A0F000EE7
:1069F0000E0F00FEE30F000E0E0F00FE4C10C00F36
:106A0000100D00FFB410000E0E0F00FE1D11C00F80
:106A1000100B00007511000E0E0F00FEDE110007B6
:106A2000070C00FF0812800A0B0C00FF4A12C00F6F
:106A3000100E00FEBA12000E0E0B00000713A00984
:106A40000A0F00FE5213400C0A0E01FE9813400C70
:106A50000D0F00FEFA13400C0D0D00FF4F14400CFB
:106A60000D0D00FFA414400C0A0E01FEEA14400CA8
:106A70000E0DFFFF4515C008090D00FF8015C00869
:106A8000090D00FFBB15400C0D0D00FF1016400C4A
:106A90000D0400032A16C00F100B0000821680118F
:106AA000120F00FE0917C00F110FFFFE8917000E0D
:106AB0000E0D00FFE417400C0D0800011818400CE3
:106AC0000D0800014C188011120B0000AF18000EC9
:106AD0000E0B0000FC18000E0E0F00FE6519000ED4
:106AE0000F0FFFFED619400C0D0D00FF2B1A400CA6
:106AF0000D0F00FE8D1A400C0D0D00FFE21A400C28
:106B00000D0C00FF301B000E0E0B00007D1BC0089B
:106B10000A0FFFFEC81B400C0D0F00FE2A1C400C84
:106B20000D0F00FE8C1CC00F100B0000E41C000EAB
:106B3000100FFFFE5C1D800A0B0F00FEAF1D8011C1
:106B4000120D00FF241E8011120A00007E1E80110B
:106B5000120A0000D81E8011120A0000321F801194
:106B6000120A00008C1F8011120A0000E61F80111B
:106B7000120C00FF5220400C0C0F00FEAC20400C09
:106B80000D0F00FE0E21000E0F0FFFFE7F21801162
:106B9000120B0000E221800A0B0F00FE3522100EBE
:106BA0000F0A00000000721F51EF58EF5BEF5CEF1F
:106BB0005DEF61EF63EF65EF69EF6CEF71EF76EF1B
:106BC00077EF78EF8EEF93EF98EF9BEF9CEF9DEFD1
:106BD000A1EFA2EFA3EFA4EFB7EFB8EFBEEFC0EFC6
:106BE000C1EFC4EFC7EFC8EFC9EFCBEFE3EFE5EFBD
:106BF00014F015F017F019F030F037F03AF043F0D8
:106C00006CF074F0ABF03BF190F191F192F193F1F3
:106C100094F1D7F1E3F13DF254F2AAF412F7F2F74E
:106C2000200000005F0001000000000000000000E4
:106C300000000200B0000000F3F76000A46B03083E
:106C4000000000003E0003000000010200030405F4
:106C500002060708090A090A0B0C000D0E0F101195
:106C600012130C14140000001516171819161A1B0D
:106C70001C1D1D1E1F201D1D1621222303241E2541
:106C800025262728292A2B002C002D2E2F303132A3
:106C9000332D343435302D2D2E2E36373839333AC6
:106CA0003A3B3A3C290000093D0900000000000081
:106CB00000000000000000000000000000000000D4
:106CC00000000000000000000000000000000000C4
:106CD00000000000000000000000000000000000B4
:106CE000000000000000000001020003040502068D
:106CF0000708090A090A0B0C0D0E0F10110C1213CC
:106D00001415150000001617181917191919171955
:106D1000191A1919191917191719031B1C1D1D1EEA
:106D20001F2021222300240025262727270027268D
:106D3000282926262A2A272A272A2B2C2D2E2E2FB1
:106D40002E3000002309310900000000000000007F
:106D50000000000000000000000000000000000033
:106D60000000000000000000000000000000000023
:106D70000000000000000000000000000000000013
:106D80000000000000010000000000000001000001
:106D900002000000000200000000000000000000EF
:106DA00000000000000001000000000000000000E2
:106DB0000000000000010A0006FB00000000F4F3E0
:106DC000020B0504F7020B01090207000000000096
:106DD0000000000000000D02FE00000000000000A6
:106DE00000000000000400F90000000000FC0404A2
:106DF0000000FE00FE0200FE00FEFFFC000000009E
:106E0000FE0000FDFD0000FE00FC00000000000090
:106E1000000000FEFE00FD00FA00E50000FC00049A
:106E2000070000FC02020704FC040000F30000005D
:106E30000000000000000000F8000000000000005A
:106E400000000000000000FAFDF500F7FE00000061
:106E500000000900F9FEFF0100FC0000FEEF000049
:106E6000000000000000000000EEFE09000000002D
:106E70000000000000000000F7000000000000001B
:106E80000000000700020000FC00000000000000FD
:106E900000000000000000000000090201000000E6
:106EA00000000000000000000000000000000000E2
:106EB00000000000000000000000000000000000D2
:106EC00000000000F80000000000000000000000CA
:106ED000000000000000000000000002040207FEA5
:106EE000000004FEF9E102060400FD0008000700AE
:106EF0000700EB00FD070007FE0402000001FE0092
:106F000000FC12001200070009030407000000F84B
:106F10000000000001FE0002FCFDFC0200FE00007B
:106F200000F70000000000000000000000F1000079
:106F30000000000000000000000000000001F4005C
:106F4000F200000000FE0016FDFD0202FE00FD0240
:106F50000000F40000000000000000000000EA0053
:106F600002000000000000000000000000F2000D20
:106F70000000F8000700F1EAF1FC070000F100034F
:106F8000FB00FD0000000000000000000000000603
:106F900007E50000000000000000000000000B00FA
:106FA0000200000000000202FDFC00FFFFFE0000E6
:106FB000FE000000FC00FE00FBFC00FAF9F9FC00FA
:106FC000FC00FC00000000FE0000020002FE0001C8
:106FD00000000002FE000000FE0202FF000000FCB4
:106FE00000FF0000000000010003FE00FD00FC00A7
:106FF00000FE00070000FE0000000000FF01FEFE92
:107000000000FE00FE000000000000000000FFFF86
:1070100000FEFD0000000000010000FE00FEFEFE7C
:10702000000000000000000000FF00000000FEFD66
:1070300000FD00F9FEF9040000FC02040600FAFF5E
:10704000FD00FFF502FE02F402000001F400F4FE70
:10705000EDFE00F50004060003000000000000FC47
:10706000FD00F9000000FE000000FE00000000002E
:10707000FFFF00FFFD00000000000000FEFE00FE1C
:10708000FDFE0000FE000000000000000000000007
:10709000FEFE00FD00FE00FC020000FD01020200F9
:1070A0000000000000FE0000000000020000FE00E2
:1070B000FEFEFD000000000000000200FE000000D7
:1070C00000FEFD00FC0007FE01F9000006F5F4F7E4
:1070D000FC0200FEF1FC00FC00FC03FCF200FA00E4
:1070E0000001FF02FE000200F9F700F5FBFBFBF9CF
:1070F000FDFA00FCFA01000100FE0000000200029F
:107100000000000000000000000000FE00FF00FF83
:10711000FE00FCFBFBFF00F9000000000000FE0089
:1071200000000001FF00000002000000000000005D
:10713000000B00000000000002000000FE00000044
:107140000000000000000000FC0002000000000041
:107150000000000000000000FE000000FC00000035
:1071600000F5F9000000FDF50000FE0200FA000045
:107170000000000000000000FC0000FC0000000017
:1071800000000000000000000200FC0000000003FE
:107190000002FCFC00FEFEFD000000000000F90003
:1071A000FE00FDFE00FBFAF9FE00FC00F900000005
:1071B00000120000010000FD000200F600000000C7
:1071C00000EBFC0707FEF70002FD00F5FFFD02F0F3
:1071D000FE030003F8FDF8F9F70000F3000D0000CE
:1071E000FF000000FFFFFEFAF900EB0000000000C6
:1071F000000000000100000000000000000000008E
:107200000000000000FE00FFFEFD0000FC00FE008C
:107210000000000000000000000000000000FF006F
:10722000FC000004FF0300FB02FEFFFAFE00FDFE6F
:10723000FE00FDFC0000FEFFFEFCFD0000FE000263
:10724000FE00FB000000FC00FC00FCFC0200000053
:107250000000000000FC0200FD00FEFDF9FEFEFE45
:10726000FFFEFDFF0000000000FEFEFE000000002B
:1072700003FE00FE000000FEFDFEFEFDFE00020912
:10728000FF00FA00FE0400FEF7FD030000F5FC021B
:10729000FC0200FEFEF900FD010000FC00000002FF
:1072A00002FCFC00FCFEFDFEFE00FC01FCFC0700F5
:1072B00000000000000000000200000000000000CC
:1072C00000000000000000000000000000000000BE
:1072D000FC000000000000000000000000000000B2
:1072E000000000000000000000000000000000009E
:1072F000000000000000000000000000FE00000090
:10730000000000000000000000000000000000007D
:1073100000000000000000000000FEFE0000000071
:107320000000000000000000FD0000FD0000FEFE67
:1073300000000000FE00000000FF0000000000FE52
:1073400000000000FD00FC000000F90002FB04004A
:10735000FEF50000FBFE00F7FAFA0000F6FEF7F774
:10736000F500FA00020FFD00FBFEFFFEFCFAFCF840
:10737000F7FBFE0000FE00010000F0FE0705FBF831
:107380000001F900F5FEFE04EBFD010000F1FDF443
:10739000FEF00000F0000D0100FE00000000FFFE06
:1073A000F7FE00F100000000F900FE00FFFAF50012
:1073B00000FFFDF9FE00FE00000000F6FEF9F9FEF8
:1073C000FCFAFEFC00FCFEF9FD00FDFCFEFC0001E9
:1073D00000FEF9000400FC00000000030002FC09AC
:1073E00000FEFEFD000000000000F900FE00FDFEB2
:1073F00000FBFAF9FE00FC02090000000012000088
:10740000010000FD0002000000000000000000007C
:1074100000000000FEFC0000000000FF000000FE75
:10742000FE0000FCFE0000FC0004FF000000000065
:10743000000100000000030402FE00F9FC0007F94F
:10744000F9FCFC090402EDFE04FE00FE02FEF80059
:10745000FE02FDFEF9FE0000070400FA00F4FD063E
:10746000FDF701FDF9F9FE090200FD00FA0002072F
:10747000FBF8F7FA070001F0FE02FCFEFB00FBF848
:10748000FDFDFE0000FBFBFE000705FEF400F4FD21
:1074900000F8F3FFF9FCF9FA060000FD00FCFE001D
:1074A000FEFC0004F9020000F400FEFBFCFEF9FA09
:1074B000F9FB00F9FEFBFCF9FE0000010BFC00F9F2
:1074C000FE00FEFCFBFAFAF7FDFC0400FD00F5FDF2
:1074D0000104F9F8FCF907FE01EBFC04FBFCF800E1
:1074E000F9F7FDFEFEFEFBF9FF00000706FEF100C6
:1074F000F3FB05F7F1FCF8F7F5F90400000000FDD7
:10750000000002FD0402FC040000F9FF00FF00017E
:1075100001FE000000000000FE0000000002070065
:1075200000FD00000000FEFEFD0000000102000062
:1075300000000200FE000900040101FD000400003B
:10754000000200000000000000000000000700062C
:107550000000000000000000000000000000F30038
:10756000FE04000700001603FCFC0202FE01F50009
:10757000000BF30000000000000000000000F10913
:107580001F000000000000000000000000F30000E9
:1075900000000000000000000000000000000000EB
:1075A0000000000000000000FC0000FCFE000000E5
:1075B00000000000000000000000000000000000CB
:1075C000FE00FA0000010000021DFCFE0706FA02A0
:1075D00000000202FD0000000000000000000000AA
:1075E000E3060000000000000000000000000000B2
:1075F000000000FA000000FA00000000FBFF00009D
:1076000000FB00FD00F5000000000000000000008D
:1076100000F10000000001000000000000FE00007A
:10762000FC00FD00FA000000FC02FD0000FAFEFB79
:107630000000FA00FE00F500FE0000EEFCF7FEF888
:107640000000F100FAFF0000000000000000FDFC57
:10765000FEFC00000000FB00FB03FE0400FEFBFE3E
:10766000FCFC00FDFFFE02FAFF000000ECFEFD0046
:10767000FB00FEF5FE0000FEFE000000000200FE22
:10768000FCFE0400000000000000000000000000FC
:1076900000000000000000000000000000000000EA
:1076A00000000000000000000000000000000300D7
:1076B0000000000000FB00FE000000FC02000000D3
:1076C000FAFEFC0000FA00FE00F500000000EA00EF
:1076D000FCF8F50000F100FEFD00000000000000D5
:1076E00000FEFDFFFD01000004FD00070BFEFEF99A
:1076F000030B0405FA030903060506000000000059
:107700000000000000000E0BFCFE00FE120A12003A
:107710000000020000080000FC0000000000000063
:107720000000FE0000000000000000030000000058
:10773000EDFDFEF7F50000F1000000000000000084
:10774000000000000000000000FC0000000000003D
:10775000000000FE00000000000000000300000028
:1077600000EDFDFEF7F50000F7000000000000004E
:10777000000000000000000000000000FE0000000B
:10778000FB0200FE020402F90000FE0200020000FB
:107790000000FA00FEFEFC00FEF7000EFE00FBFEFD
:1077A00000FEFC00FEFAFCFD000000FC00000000F2
:1077B0000000000000FE00000000000000000300C8
:1077C000000000EDFDFEF7F50000F10000000000F4
:1077D000000B00000000000000000000FC00F9FDAC
:1077E000FE07FEFEF701FF01FEFA0005000201029E
:1077F000FBF7FD00F7FCFAF7F700FCFCFDFDFEFED1
:10780000FDFE00FEFF030003FE0007000000000075
:1078100000000000000000FEFEFE0000FA00FF0075
:10782000FC0000000000000000000000F300000069
:107830000000000000000000FEFE00FD000000004F
:10784000FE0000FCFE0200FCFCFE00FAFEFBFEFD5A
:1078500000FC0000000000000000000000F1000734
:107860000000FC00000000FD00FE0000FF0000FE24
:1078700000FB000009FDF9F902020200FA0203020E
:10788000070207FEFA0000F70000F9FA0000FC000A
:10789000FDFC00FD00FD00FE0300FEF9FE080000F7
:1078A000FE00FC000003FB0002FE020000F900FEE7
:1078B000FF00FE02FE000000F7FDFB00F90000F5EE
:1078C0000008FE00FC000100FE00FEF900FE0200C0
:1078D000000000FE000002FD010000FDFE00FD00B2
:1078E0000000000000000000000000000000000098
:1078F000F200050000FE000000000000FEFE000097
:10790000000400050000000000F2F3010A0704F77C
:107910000209000800040000000000000000000050
:10792000000C00000000000000000000000000004B
:1079300000000000846D0308486C0308E66C03082F
:107940003D31000034440308B4660308206C03088A
:107950003479030810000228E0010020DDE6010868
:107960001DE601081000030000FF01004479030830
:10797000000000000000000006F2ECE83699D66135
:10798000963ABE245E05FA05B1046A4D098EE7CE2B
:1079900047FF00FEC0FCA4FAA97AF163F39C8AEACF
:1079A0008EE3D3EC7AFE5DFF0FEA12F376F4DAFD94
:1079B0003DFF37AA59BB9BCCFCE53EF7B87AB9939B
:1079C000FBB43DD63EEF585B397C5B9D5DC65EEFF8
:1079D0003E45BE655F96FFBE9FE7BE2D1E4EBF862D
:1079E0003FB7BFE73B269C4EFD865EB7BFE733251A
:1079F000B54D5886FBB69EE7CD653086B4A639CF27
:107A0000BDEF6C9EB0AE14C779DFDDF70AD72EDF6D
:107A100073E7B8F7DCFF6BFF8EFFB3FFD8FFFCFF07
:107A200045FEA9FE10FF76FFDCFF24FDA9FD70FED8
:107A300016FF9CFF88FB4CFC52FD77FE5CFF6C8BB5
:107A40004FA454BD79D65DEF937C3595F8B5DBCE68
:107A50007EEFF7BD1CE77DEFBEF7DFFFC6E165D126
:107A600045C1E3B0CCD8CBC0AAA869883589F478E1
:107A7000D368B148B65975513441D230553AF331D3
:107A8000B2290F195C1CBA1B3813340ADC045A04DF
:107A9000B703B3027805B40411040C034F04CD03FB
:107AA0004B0368020845673CE62BE41A887DE76CC7
:107AB0004554433346C6A5ADE49CA283C6FE05FEED
:107AC00044FDE2F380FD00FD60FC60FB60FCE0F340
:107AD00060EB80E283F243E202DAA1B9686A065AF7
:107AE000A54924396F53CC4229328721AE730C63E8
:107AF0000842042100003C027804B306EE08280B7B
:107B0000610D990FD01106143A166C189D1ACB1CF2
:107B1000F71E212148236C258E27AC29C72BDF2D8A
:107B2000F32F0332103418361C381C3A173C0E3E23
:107B3000FF3FEC41D443B64593476A493C4B084D5F
:107B4000CD4E8D504652F953A5554B57EA58825A9F
:107B5000135C9C5D1F5F9A600D627963DD6439661A
:107B60008D67D9681D6A596B8C6CB76DD96EF36FD0
:107B700004710C720B730174EE74D275AD767F775D
:107B800047780679BB79677A0A7BA27B327CB77C1F
:107B9000337DA57D0D7E6C7EC07E0B7F4B7F827F0B
:107BA000AF7FD27FEB7FFA7FFF7F00000C3C0308A2
:107BB0004D72010800000000000000009D740108E3
:107BC00000000000010400000C3C0308658001086F
:107BD000B980010800000000D980010804010D00EF
:107BE000000600000C3C0308FB83010800000000B5
:107BF0000000000000000000D127D127440200004F
:107C00000C3C0308A1840108F18401080000000075
:107C10000D85010804018200850300000C3C030867
:107C2000059701083D97010800000000C19901086F
:107C3000D127D127C40200000C3C030869DC0108ED
:107C40001DDD01080000000049DD01088200D12788
:107C5000050400000C3C03080DE401083FE40108A2
:107C6000000000007DDF010800000000800200002D
:107C70000C3C030845F60108C9000208000000009A
:107C800005010208D127D127C00300000C3C0308DE
:107C9000390E0208D50E020800000000250F020868
:107CA000D127D127C00400000C3C0308F5220208AC
:107CB000000000000000000011230208D127D12796
:107CC000C00200000C3C03081590020800000000F0
:107CD00000000000A1900208D1278200C502000028
:107CE0008C7C030800000000000000000000000081
:107CF0007D92020800000000C0040000C87B030859
:107D0000639402080000000000000000D194020803
:107D100000000000850700000C3C0308B7AB020818
:107D2000E1AB020800000000F5AB020834001E00C1
:107D3000840200000C3C0308BDAD020801AE02083D
:107D40000000000059AE0208D127D12785030000AA
:107D50000C3C030871B602083FB90208000000009D
:107D600065B902080401820004060000010305074A
:107D7000090E10121416181C1E819FE0FC407E8014
:107D8000FC0000000100040010004000000100029F
:107D900000000100020004000800100020000000A4
:107DA00007000000000000000000000000000000CC
:107DB000A7009881A8004E81B0008B81B1007D8121
:107DC000B4004C81B600F781D7007E81F700808136
:107DD00091039F839203A0839303A1839403A283BF
:107DE0009503A3839603A4839703A5839803A6838F
:107DF0009903A7839A03A8839B03A9839C03AA835F
:107E00009D03AB839E03AC839F03AD83A003AE832E
:107E1000A103AF83A303B083A403B183A503B283FB
:107E2000A603B383A703B483A803B583A903B683CA
:107E3000B103BF83B203C083B303C183B403C2835E
:107E4000B503C383B603C483B703C583B803C6832E
:107E5000B903C783BA03C883BB03C983BC03CA83FE
:107E6000BD03CB83BE03CC83BF03CD83C003CE83CE
:107E7000C103CF83C303D083C403D183C503D2839B
:107E8000C603D383C703D483C803D583C903D6836A
:107E90000104468410044084110441841204428485
:107EA000130443841404448415044584160447844D
:107EB000170448841804498419044A841A044B841A
:107EC0001B044C841C044D841D044E841E044F84EA
:107ED0001F045084200451842104528422045384BA
:107EE000230454842404558425045684260457848A
:107EF000270458842804598429045A842A045B845A
:107F00002B045C842C045D842D045E842E045F8429
:107F10002F046084300470843104718432047284CC
:107F2000330473843404748435047584360477848C
:107F3000370478843804798439047A843A047B8459
:107F40003B047C843C047D843D047E843E04808428
:107F50003F048184400482844104838442048484F5
:107F600043048584440486844504878446048884C5
:107F70004704898448048A8449048B844A048C8495
:107F80004B048D844C048E844D048F844E04908465
:107F90004F0491845104768410205D8115205C810A
:107FA00018206581192066811C2067811D20688149
:107FB0002020F5812120F6812520648126206381FF
:107FC0003020F18132208C8133208D813B20A681AD
:107FD00003218E8116218287212184872B21F08124
:107FE0006021548761215587622156876321578715
:107FF000642158876521598766215A8767215B87E5
:1080000068215C8769215D87702140FA712141FAFE
:10801000722142FA732143FA742144FA752145FA18
:10802000762146FA772147FA782148FA792149FAE8
:108030009021A9819121AA819221A8819321AB81CC
:10804000D221CB81D421CC810022CD810222DD81BD
:108050000322CE810722DE810822B8810B22B9815A
:10806000112294871A22E3811D22E5811E22878135
:108070001F2298872022DA81252261812722C88148
:108080002822C9812922BF812A22BE812B22E78191
:108090002C22E8812E229387342288813522E681A2
:1080A0003D22E4815222E081602282816122DF81CF
:1080B00066228581672286816A22E1816B22E281C4
:1080C0008222BC818322BD818622BA818722BB8124
:1080D000A522DB81BF2299871223DC81602440879F
:1080E0006124418762244287632443876424448750
:1080F0006524458766244687672447876824488720
:10810000692449876A244A876B244B876C244C87EF
:108110006D244D876E244E876F244F8770245087BF
:1081200071245187722452877324538700259F84BA
:108130000125AA840225A0840325AB840C25A184F3
:108140000F25AC841025A2841325AD841425A484A6
:108150001725AF841825A3841B25AE841C25A58470
:108160001D25BA842025B5842325B0842425A78421
:108170002525BC842825B7842B25B2842C25A684EC
:108180002F25B6843025BB843325B1843425A884BB
:108190003725B8843825BD843B25B3843C25A98484
:1081A0003F25B9844225BE844B25B484A025A181F6
:1081B000A125A081B225A381B325A281BC25A581DB
:1081C000BD25A481C6259F81C7259E81CB259B8186
:1081D000CE259D81CF259C81EF25FC8105269A81A6
:1081E0000626998140268A81422689816A26F48161
:1081F0006D26F3816F26F28100304081013041818C
:108200000230428103305681053058810630598151
:1082100007305A8108307181093072810A307381C8
:108220000B3074810C3075810D3076810E30778182
:108230000F3078811030798111307A811230A78126
:108240001330AC8114306B8115306C811D30808708
:108250001F30818741309F824230A0824330A1820B
:108260004430A2824530A3824630A4824730A582A2
:108270004830A6824930A7824A30A8824B30A98272
:108280004C30AA824D30AB824E30AC824F30AD8242
:108290005030AE825130AF825230B0825330B18212
:1082A0005430B2825530B3825630B4825730B582E2
:1082B0005830B6825930B7825A30B8825B30B982B2
:1082C0005C30BA825D30BB825E30BC825F30BD8282
:1082D0006030BE826130BF826230C0826330C18252
:1082E0006430C2826530C3826630C4826730C58222
:1082F0006830C6826930C7826A30C8826B30C982F2
:108300006C30CA826D30CB826E30CC826F30CD82C1
:108310007030CE827130CF827230D0827330D18291
:108320007430D2827530D3827630D4827730D58261
:108330007830D6827930D7827A30D8827B30D98231
:108340007C30DA827D30DB827E30DC827F30DD8201
:108350008030DE828130DF828230E0828330E182D1
:108360008430E2828530E3828630E4828730E582A1
:108370008830E6828930E7828A30E8828B30E98271
:108380008C30EA828D30EB828E30EC828F30ED8241
:108390009030EE829130EF829230F0829330F18211
:1083A0009B304A819C304B819D3054819E30558159
:1083B000A1304083A2304183A3304283A430438361
:1083C000A5304483A6304583A7304683A830478331
:1083D000A9304883AA304983AB304A83AC304B8301
:1083E000AD304C83AE304D83AF304E83B0304F83D1
:1083F000B1305083B2305183B3305283B4305383A1
:10840000B5305483B6305583B7305683B830578370
:10841000B9305883BA305983BB305A83BC305B8340
:10842000BD305C83BE305D83BF305E83C0305F8310
:10843000C1306083C2306183C3306283C4306383E0
:10844000C5306483C6306583C7306683C8306783B0
:10845000C9306883CA306983CB306A83CC306B8380
:10846000CD306C83CE306D83CF306E83D0306F8350
:10847000D1307083D2307183D3307283D430738320
:10848000D5307483D6307583D7307683D8307783F0
:10849000D9307883DA307983DB307A83DC307B83C0
:1084A000DD307C83DE307D83DF307E83E03080838F
:1084B000E1308183E2308283E3308383E43084835C
:1084C000E5308583E6308683E7308783E83088832C
:1084D000E9308983EA308A83EB308B83EC308C83FC
:1084E000ED308D83EE308E83EF308F83F0309083CC
:1084F000F1309183F2309283F3309383F43094839C
:10850000F5309583F6309683FB304581FC305B81F6
:10851000FD305281FE30538131328A8732328B876F
:1085200039328C87A4328587A5328687A632878721
:10853000A7328887A8328987033365870D33698717
:1085400014336087183363872233618723336B8743
:1085500026336A87273364872B336C8736336687E5
:108560003B336E8749335F874A336D874D3362876C
:1085700051336787573368877B337E877C338F8798
:108580007D338E877E338D878E3372878F337387EB
:108590009C336F879D3370879E337187A1337587B6
:1085A000C4337487CD338387004EEA88014E9A9294
:1085B000034EB58E074E9C96084EE48F094E4F8EA3
:1085C0000A4EE38F0B4EBA890D4E73950E4E5E9791
:1085D000104EA098114E4E89144E8E8A154EA198B9
:1085E000164EA290174EC099184E758B194EB8951D
:1085F0001E4EE58F214EBC97264EC095284E68FA38
:108600002A4EA2982D4E8692314EA398324EF88B68
:10861000364EA498384EDB8A394E4F923B4EE58E4B
:108620003C4EA5983F4EA698424EA798434E549470
:10863000454E768B4B4E56944D4EE1934E4EC18C2B
:108640004F4E5296554E68E5564EA898574EE68FB7
:10865000584EA998594EB3895D4EE38B5E4EEE8C11
:108660005F4EE796624EA49B714E9097734EFB93BC
:108670007E4EA38A804E548B824EAA98854EAB982C
:10868000864EB997884E5C97894E88918A4EAD98F0
:108690008B4E968E8C4EF1938E4EB098914E5D8996
:1086A000924EDD8C944EDC8C954EE488984E6A9800
:1086B000994E69989B4EB18D9C4E9F889E4EB19865
:1086C0009F4EB298A04EB398A14E5396A24EB49826
:1086D000A44EF08CA54EE588A64E9296A84E9C8B93
:1086E000AB4E9D8BAC4E9E8BAD4EE092AE4EBA978C
:1086F000B04EB598B34EB698B64EB798BA4E6C9089
:10870000C04E598FC14E6D90C24EBC98C44EBA989F
:10871000C64EBB98C74E778BCA4EA18DCB4EEE8905
:10872000CD4EB998CE4EB898CF4EA795D44E658E03
:10873000D54E648ED64EBC91D74EBD98D84E74950A
:10874000D94EE590DD4E5781DE4EBE98DF4EC09883
:10875000E14E69FAE34EE391E44EDF97E54EC888B7
:10876000ED4EBF98EE4EBC89F04EC28BF24E879212
:10877000F64E8F8CF74EC198FB4E4394FC4E6AFA2E
:10878000004F6BFA014FE98A034F6CFA094FC29808
:108790000A4FC9880D4FDE8C0E4FEA8A0F4F9A950B
:1087A000104FB094114F788B1A4FEF891C4FE598FA
:1087B0001D4F60932F4F8C94304FC498344FBA9410
:1087C000364FE097384F4C90394F6DFA3A4F668EDE
:1087D0003C4F978E3D4FBE89434FCF92464F4192BB
:1087E000474FC8984D4FCA884E4FE1924F4F5A8F0E
:1087F000504FB28D514F4397534FCC91554FBD8938
:10880000564F6EFA574FC798594F5D975A4FC398B6
:108810005B4FC5985C4FEC8D5D4FC6985E4F439B98
:10882000694FCE986F4FD198704FCF98734FC089D2
:10883000754FB995764FC9987B4FCD987C4FF18C89
:108840007F4F678E834FA48A864FD298884FCA98ED
:108850008A4F70FA8B4FE1978D4F988E8F4FCB9840
:10886000914FD098924F6FFA944F72FA964FD398D7
:10887000984FCC989A4F71FA9B4F9F8B9D4FCB8806
:10888000A04FA08BA14FBF89AB4F449BAD4F999692
:10889000AE4F8E95AF4FF28CB54F4E90B64FB59709
:1088A000BF4FD695C24F578CC34FA391C44FE28997
:1088B000C94F61FACA4F728FCD4F73FACE4FD79816
:1088C000D04FDC98D14FDA98D44FD598D74FAD918F
:1088D000D84FD898DA4FDB98DB4FD998DD4FDB952E
:1088E000DF4FD698E14F4D90E34F9396E44FDD98DC
:1088F000E54FDE98EE4F438FEF4FEB98F34F6F94B9
:10890000F54F5595F64FE698F84FEE95FA4FB48926
:10891000FE4FEA98FF4F76FA0550E4980650ED981E
:10892000095071910B50C28C0D507B940F50C5E0D3
:108930001150EC9812507C931450E1981650F48C1E
:108940001950F38C1A50DF981E5077FA1F50D88EAA
:108950002150E798225075FA2350ED9524506C92DF
:108960002550E3982650918C2850E0982950E8989B
:108970002A50E2982B50CF972C50E9982D506098B0
:108980003650E48B3950908C405074FA42507AFA49
:108990004350EE98465078FA4750EF984850F39875
:1089A0004950CC884F50CE955050F2985550F19880
:1089B0005650F5985A50F4985C50E2926550928C5B
:1089C0006C50F698705079FA7250C38E7450A4911E
:1089D0007550E3927650F48B7850F7987D50558B14
:1089E0008050F8988550FA988D5054969150868C06
:1089F00094507BFA9850508E9950F5949A50F9986B
:108A0000AC50C38DAD506297B250FC98B3504299B0
:108A1000B450FB98B550C28DB7509D8FBE50588C46
:108A2000C2504399C550CD8BC9504099CA50419905
:108A3000CD50AD93CF509C91D150A18BD5506C9619
:108A4000D6504499D8507DFADA50BB97DE504599FC
:108A5000E3504899E5504699E7506D91ED5047999C
:108A6000EE504999F4507CFAF5504B99F9504A99D7
:108A7000FB50C6950051568B01514D9902514E99AC
:108A80000451AD8909514C991251F28E14515199EA
:108A90001551509916514F991851D4981A5152990D
:108AA0001F519E8F215153992A5144973251D79685
:108AB000375155993A5154993B5157993C515699D0
:108AC0003F515899405159994151F2884351B38CC3
:108AD00044515A8C45515B8F46519B924751A28B12
:108AE0004851E6904951F58C4A517EFA4B518E8D92
:108AF0004C515B994D51C6964E5165935051998E8C
:108B000052515A9954515C995A517D935C51958AAE
:108B100062515D99645180FA6551FC93685153919B
:108B200069515F996A5160996B51AA946C51F68CA6
:108B30006D515A986E5161997151A48B7551BA95C6
:108B40007651B4917751EF8B785154937C51938C3B
:108B500080516299825163998551E09386517E8953
:108B6000895166998A51FB8D8C5165998D51C48DBF
:108B70008F5167999051ECE39151689992516096A9
:108B80009351699995516A9996516B999751E78FCD
:108B90009951CA8E9D5181FAA051A58AA2516E9910
:108BA000A4516C99A551BB96A6516D99A851799580
:108BB000A9516F99AA517099AB517199AC517E939B
:108BC000B0517599B1517399B2517499B351729969
:108BD000B451E18DB5517699B651E896B751E29707
:108BE000BD517799BE5182FAC451A690C55178996A
:108BF000C651798FC9517999CB519C92CC51BD976F
:108C0000CD518093D651C399DB517A99DC51A3EAB7
:108C1000DD51C38BE0517B99E1517D96E651888F00
:108C2000E751FA91E9517D99EA51E293EC5183FAC7
:108C3000ED517E99F0518099F1514D8AF55181990C
:108C4000F651A58BF851CA93F9519A89FA516F8F51
:108C5000FD519F94FE5182990052819303526E9070
:108C6000045283990652AA950752D8900852A08AB6
:108C70000A52A78A0B5284990E5286991152598C26
:108C800014528599155284FA1752F1971D52898F03
:108C90002452BB942552CA952752879929529897F6
:108CA0002A5288992E52899930529E9333528A992A
:108CB0003652A7903752FC8D3852948C39528B998A
:108CC0003A52688E3B528F8D4352E49244528D99B2
:108CD0004752A5914A52ED8D4B528E994C528F9925
:108CE0004D524F914F528C995452919956525596DC
:108CF0005B52848D5E5290996352958C6452DC8DE8
:108D000065528D94695294996A5292996F529B95CB
:108D10007052E88F71529B997252848A735295995E
:108D20007452939975526E917D5297997F5296998C
:108D30008352638A8752808C88529C998952AB9760
:108D40008D52989991529D9992529A9994529999CB
:108D50009B52CD979C5285FA9F52F78CA052C189A5
:108D6000A352F297A65286FAA952958FAA527793E8
:108D7000AB52858DAC52A099AD52A199AF5277FB01
:108D8000B152E397B4524A98B552A399B952F88CAC
:108D9000BC52A299BE524E8AC05287FAC152A499BF
:108DA000C3527596C552BA92C7524597C952D795C4
:108DB000CD52A599D252D3E8D552AE93D752A699A7
:108DC000D852A88AD952B196DB5288FADD529F8FC9
:108DD000DE52A799DF52E595E052AB99E252A89096
:108DE000E352A899E452CE8BE652A999E752A98A98
:108DF000F2524D8CF352AC99F552AD99F852AE99AE
:108E0000F952AF99FA52D98EFE52F98CFF52DC9684
:108E1000005389FA0153E6960253F5930553EF95F3
:108E20000653B09907538AFA0853B1990D53B39971
:108E30000F53B5991053B4991553B6991653BB896E
:108E400017536B961953FA8D1A53B7991D5378918E
:108E50002053A08F2153A78B2353B89924538BFA07
:108E60002A53D9942F53B9993153BA993353BB9993
:108E70003853BC99395343953A53E68B3B53E388B7
:108E80003F53BD934053BD9941535C8F4353E7908B
:108E90004553BF994653BE994753A18F4853DF8C22
:108EA0004953C1994A53BC944D53C2995153DA94D2
:108EB0005253B2915353EC915453A68B5753EC93A6
:108EC000585350925A538E945C536D965E53C49986
:108ED0006053E8906653548C6953C5996E53C69994
:108EE0006F534B897053F3887153EB8A72538CFA2A
:108EF0007353A6917453708B755391977753C99997
:108F00007853B5897B53C8997F53A88B8253CA99EC
:108F10008453EF9693538DFA9653CB999853D097E9
:108F20009A53FA8C9F53B48CA053CC99A553CE99E5
:108F3000A653CD99A8537E90A9535889AD537D89E6
:108F4000AE53CF99B053D099B2538EFAB353B58C78
:108F5000B653D199BB538E8BC253518EC353D29902
:108F6000C8539496C953B38DCA53798BCB53469744
:108F7000CC536F91CD53BD94CE53FB8ED453668F9B
:108F8000D653E68ED753F38ED953968FDB53BE94C8
:108F9000DD538FFADF53D599E1536289E253709123
:108FA000E353FB8CE453C38CE553E58BE853D99929
:108FB000E9534092EA53FC91EB53A98BEC53A28FF7
:108FC000ED53DA99EE53D899EF53C289F053E491F7
:108FD000F153B68EF2536A8EF3534589F653908A55
:108FE000F753868DF853698EFA53DB990154DC9957
:108FF0000354688B0454658A0854878D0954678B21
:109000000A54DD920B5444890C54AF930D54BC9612
:109010000E54408D0F549997105466931154FC8C44
:109020001B544E8C1D54E5991F54E18B20546996B6
:109030002654DB942954E4992B54DC8A2C54DF9970
:109040002D54E0992E54E2993654E39938547A8B92
:10905000395481903B54AB953C54E1993D54DD9992
:109060003E54E18C4054DE99425443984654F09566
:109070004854E6924954E08C4A54908D4E54E699F7
:109080005154DB935F54EA996854FC8E6A54F48E11
:109090007054ED997154EB997354A1967554E899F5
:1090A0007654F1997754EC997B54EF997C54C48CA5
:1090B0007D54BD968054F0998454F2998654F49965
:1090C0008A5492FA8B54EE8D8C5461988E54E9999F
:1090D0008F54E7999054F3999254EE999C5491FAD5
:1090E000A254F699A454429AA554F899A854FC990C
:1090F000A95493FAAB54409AAC54F999AF545D9A81
:10910000B254E78DB354508AB854F799BC54449A7A
:10911000BD54F488BE54439AC054A388C154699581
:10912000C254419AC454FA99C754F599C854FB994A
:10913000C954C68DD854459AE154F588E2544E9AE4
:10914000E554469AE654479AE854A38FE954899621
:10915000ED544C9AEE544B9AF2544E93FA544D9A65
:10916000FD544A9AFF5494FA045553890655B48D18
:1091700007554F900F55489A105582931455499AA8
:109180001655A0882E55539A2F5542973155A58FC5
:109190003355599A3855589A39554F9A3E55C19179
:1091A0004055509A4455ED914555559A4655A48FD2
:1091B0004C55529A4F55E29653555B8C5655569ADC
:1091C0005755579A5C55549A5D555A9A6355519A1A
:1091D0007B55609A7C55659A7E55619A80555C9A5C
:1091E0008355669A84555091865595FA8755689AA5
:1091F0008955418D8A555E9A8B559D929855629AF4
:1092000099555B9A9A55AB8A9C55EC8A9D55858AEF
:109210009E55639A9F555F9AA755968CA855699A53
:10922000A955679AAA557291AB55698BAC55AA8B13
:10923000AE55649AB055F28BB6556389C4556D9A94
:10924000C5556B9AC755A59AD455709ADA556A9A3E
:10925000DC556E9ADF556C9AE3556B8EE4556F9A28
:10926000F755729AF955779AFD55759AFE55749A85
:10927000065651920956C3891456719A1656739A16
:109280001756A68F185652891B56769A2956DC898E
:109290002F56829A3156FA8F32567D9A34567B9ADF
:1092A00036567C9A38567E9A42565C894C5658916E
:1092B0004E56789A5056799A5B569A8A6456819A95
:1092C0006856ED8A6A56849A6B56809A6C56839AD1
:1092D0007456AC957856D3937A56B6948056869A3F
:1092E0008656859A8756648A8A56879A8F568A9AAE
:1092F0009456899AA056889AA2565894A5568B9A45
:10930000AE568C9AB4568E9AB6568D9ABC56909A92
:10931000C056939AC156919AC2568F9AC356929A42
:10932000C856949ACE56959AD156969AD356979AED
:10933000D756989AD8566499DA56FA8EDB566C8EC0
:10934000DE56F189E056F688E3566392EE56999A16
:10935000F056A28DF256CD88F3567D90F9569A9A22
:10936000FA56C58CFD56918DFF569C9A00579B9AD4
:109370000357DE9504579D9A08579F9A09579E9A5E
:109380000B57A09A0D57A19A0F57978C12578089A7
:109390001357A29A1657A49A1857A39A1C57A69A1D
:1093A0001F5779932657A79A2757B3882857DD8DDB
:1093B0002D575C8C30576E923757A89A3857A99A18
:1093C0003B57AB9A4057AC9A4257E28D4757CF8BE9
:1093D0004A5756964E57AA9A4F57AD9A5057BF8D37
:1093E0005157428D595796FA6157B19A6457A38DD8
:1093F000655797FA665752926957AE9A6A57D8924C
:109400007F57B29A825782908857B09A8957B39AF9
:109410008B575E8C9357B49AA057B59AA257438D39
:10942000A3575F8AA457B79AAA57B89AAC5798FA25
:10943000B057B99AB357B69AC057AF9AC357BA9AAA
:10944000C657BB9AC7579AFAC85799FACB5784960A
:10945000CE57E98FD257BD9AD357BE9AD457BC9AEC
:10946000D657C09ADC575794DF57E688E057759572
:10947000E357C19AF457FB8FF757B78EF9577C948F
:10948000FA57EE8AFC57E98D005878960258B09347
:109490000558988C0658CD910A58BF9A0B58C29A15
:1094A0001558C2911958C39A1D58C49A2158C69A82
:1094B0002458E7922A58AC8A2F589FEA305881895D
:1094C0003158F1953458EA8F355867933A58E48DFE
:1094D0003D58CC9A4058BB954158DB974A58F28981
:1094E0004B58C89A515859915258CB9A5458839313
:1094F00057586893585884935958B7945A58CB92F0
:109500005E58C78D6258C79A695896896B585593AB
:109510007058C99A7258C59A75586F907958CD9AF3
:109520007E586D8F8358AB8B8558CE9A9358E695AD
:1095300097589D919C58C4929E589DFA9F58D09AD6
:10954000A8586E96AB58D19AAE58D69AB2589EFA91
:10955000B358AD95B858D59AB958CF9ABA58D29A47
:10956000BB58D49ABE58A48DC158C795C558D79A30
:10957000C7586492CA58F389CC58EB8FD158D99AFE
:10958000D358D89AD558888DD758DA9AD858DC9AB3
:10959000D958DB9ADC58DE9ADE58D39ADF58E09A25
:1095A000E458DF9AE558DD9AEB586D8EEC587090D0
:1095B000EE587391EF58E19AF058BA90F158EB8851
:1095C000F2588494F758D992F958E39AFA58E29AE3
:1095D000FB58E49AFC58E59AFD58E69A0259E79A36
:1095E0000959CF950A59E89A0B599FFA0F59C4891E
:1095F0001059E99A15595B9716594F8A1859C79906
:109600001959678F1A59BD911B59EA9A1C59E99645
:109610002259B2962559EC9A2759E5912959569322
:109620002A59BE912B5976952C59ED9A2D59EE9ABF
:109630002E599B893159B88E3259EF9A3759CE88B5
:109640003859F09A3E59F19A445982894759EF8A1C
:109650004859DE934959F2954E59F59A4F597491EC
:109660005059F49A51595F8C5359A0FA54597A962B
:109670005559F39A575985935859F79A5A59F69A62
:109680005B59A1FA5D59A2FA6059F99A6259F89AA0
:109690006359A3FA65599C896759FA9A6859A78F43
:1096A0006959FC9A6A5944926C59FB9A6E59B19562
:1096B0007359978F74597A937859409B7D59448D8B
:1096C0008159419B825940948359DC948459CF96A7
:1096D0008A5944948D594A9B9359578B965964974C
:1096E0009959AD969B59AA9B9D59429BA359459B5D
:1096F000A459A4FAA559C391A8595796AC5969938E
:10970000B259469BB9598596BA59A5FABB59C88D25
:10971000BE59A88FC659479BC9596F8ECB596E8EBB
:10972000D059B788D159C68CD359A990D459CF886C
:10973000D9594B9BDA594C9BDC59499BE5595789C0
:10974000E659AD8AE859489BEA59C396EB595095BA
:10975000F659A688FB59F788FF59708E015AD088B0
:10976000035AA188095A519B115A4F9B185ABA960D
:109770001A5A529B1C5A509B1F5A4E9B205A50906B
:10978000255A4D9B295AD8952F5AE28C355A569B0B
:10979000365A579B3C5AA98F405A539B415A4B9873
:1097A000465A6B94495A559B5A5AA58D625A589BF2
:1097B000665A77956A5A599B6C5A549B7F5AB99648
:1097C000925A7D949A5A5A9B9B5A5195BC5A5B9BCC
:1097D000BD5A5F9BBE5A5C9BC15AC589C25A5E9BEB
:1097E000C95AB98ECB5A5D9BCC5A998CD05A6B9B77
:1097F000D65A649BD75A619BE15A8492E35A609B84
:10980000E65A629BE95A639BFA5A659BFB5A669B30
:10981000095BF08A0B5B689B0C5B679B165B699B23
:10982000225BEC8F2A5B6C9B2C5BDA92305B648949
:10983000325B6A9B365B6D9B3E5B6E9B405B719BB4
:10984000435B6F9B455B709B505B718E515B729B62
:10985000545B458D555B739B565BA6FA575B9A8E9E
:10986000585BB6915A5B749B5B5B759B5C5B798EB6
:109870005D5B468D5F5BD096635B478B645BC78C9B
:10988000655B769B665B778A695B779B6B5BB79161
:10989000705B789B715BA19B735B799B755B7A9B1B
:1098A000785B7B9B7A5B7D9B805B7E9B835B809BF5
:1098B000855BEE91875B4689885BE78E895BC08814
:1098C0008B5B76918C5BAE8A8D5BB38E8F5B478DA5
:1098D000955B8693975B408F985BAF8A995B889284
:1098E0009A5BE8929B5BB6889C5B588B9D5BF3957B
:1098F0009F5BC08EA25B718BA35BE990A45BBA8E69
:10990000A55B4797A65B819BAE5B7B8BB05BC98DEC
:10991000B35B518AB45B8389B55BAA8FB65BC6899A
:10992000B85B829BB95B6597BF5B688FC05BA7FA2A
:10993000C25BE28EC35B839BC45BF18AC55BD09341
:10994000C65BA796C75B849BC95B859BCC5B789500
:10995000D05B879BD25BA68AD35BF58BD45B869B5F
:10996000D85BA9FADB5BB08ADD5B5190DE5B8B9B39
:10997000DF5B408EE15BC789E25B8A9BE45B889B8F
:10998000E55B8C9BE65B899BE75B4A94E85BCB9E3F
:10999000E95B5290EB5B8D9BEC5BAAFAEE5BBE97AA
:1099A000F05B8E9BF35B909BF55B9E92F65B8F9BCF
:1099B000F85BA190FA5B9B8EFE5BCE91FF5BF58E10
:1099C000015C9595025CEA90045CCB8E055C919BF2
:1099D000065CAB8F075C929B085C939B095CD1880B
:1099E0000A5CB8910B5C71900D5C949B0E5CB1931A
:1099F0000F5CAC8F115CAD8F135C959B165CEB908C
:109A00001A5CAE8F1E5CABFA205C969B225C979B27
:109A1000245CDE96285C989B2D5CC48B315C418F66
:109A2000385C999B395C9A9B3A5CDA8E3B5C4B9034
:109A30003C5CF2933D5C73903E5CF6943F5C4194D9
:109A4000405CC78B415C9B9B455C8F8B465C9C9BC1
:109A5000485CFC8B4A5CCD934B5CAE894D5C728E4E
:109A60004E5C9D9B4F5CA09B505C9F9B515CFB8B15
:109A7000535C9E9B555C57935E5CAE91605C6A93B1
:109A8000615CC68E645C7791655C9A976C5CA29B06
:109A90006E5CA39B6F5CD493715C528E765CA59BCD
:109AA000795CA69B8C5CA79B905CF28A915CA89BDE
:109AB000945CA99BA15CAA89A65CACFAA85C5A91AB
:109AC000A95CE28AAB5CAB9BAC5CA696B15CD09126
:109AD000B35C788AB65CAD9BB75CAF9BB85CDD8A43
:109AE000BA5CADFABB5CAC9BBC5CAE9BBE5CB19B94
:109AF000C55CB09BC75CB29BD95CB39BE05CBB937D
:109B0000E15CAC8BE85CE389E95CB49BEA5CB99B03
:109B1000ED5CB79BEF5CF595F05CF495F55CAEFA07
:109B2000F65C8793FA5CB69BFB5C738FFD5CB59B20
:109B3000075D92900B5DBA9B0E5DE88D115DC09B39
:109B4000145DC19B155DBB9B165D528A175DBC9B66
:109B5000185DC59B195DC49B1A5DC39B1B5DBF9BB4
:109B60001F5DBE9B225DC29B275DAFFA295DF69506
:109B7000425DB2FA4B5DC99B4C5DC69B4E5DC89B76
:109B8000505D9297525DC79B535DB0FA5C5DBD9B83
:109B9000695D93906C5DCA9B6D5DB3FA6F5DB58D29
:109BA000735DCB9B765DCC9B825DCF9B845DCE9BB2
:109BB000875DCD9B8B5D88938C5DB89B905DD59BBD
:109BC0009D5DD19BA25DD09BAC5DD29BAE5DD39BD6
:109BD000B75DD69BB85DB4FAB95DB5FABA5DE497E6
:109BE000BC5DD79BBD5DD49BC95DD89BCC5DDE8A37
:109BF000CD5DD99BD05DB6FAD25DDB9BD35DDA9BA0
:109C0000D65DDC9BDB5DDD9BDD5DEC90DE5D428F38
:109C1000E15D848FE35D8391E55D488DE65DB68D02
:109C2000E75D498DE85D908BEB5DDE9BEE5DB78D6A
:109C3000F15DC88CF25DDF9BF35DA496F45D6294E8
:109C4000F55DE09BF75D4A8DFB5DAA8AFD5D46925E
:109C5000FE5DD08B025E738E035E7A95065EBF94C6
:109C60000B5EE19B0C5EF38A115EE49B165E9F9295
:109C7000195EE39B1A5EE29B1B5EE59B1D5EE9920B
:109C8000255E83902B5E748E2D5EC8902F5ED191E1
:109C9000305E418B335EA092365EE69B375EE79B7B
:109CA000385EED8F3D5E5896405EEA9B435EE99BD1
:109CB000445EE89B455E9D95475EF19B4C5E7996C0
:109CC0004E5EEB9B545EED9B555E8B96575EEC9B18
:109CD0005F5EEE9B615EA694625EEF9B635EBC95E9
:109CE000645EF09B725EB18A735EBD95745E4E9445
:109CF000755EF29B765EF39B785E4B8D795EB28AE1
:109D00007A5EF49B7B5EB68C7C5E63977D5E489743
:109D10007E5EF48A7F5EF69B815EA192835E4C8DAF
:109D2000845EAF8F875EDD948A5EB08F8F5E988F82
:109D3000955EEA92965EF795975E58939A5E4D8D82
:109D40009C5E7B95A05EF79BA65E7893A75EC08D18
:109D5000AB5EC98CAD5EEB92B55EC188B65E8E8F90
:109D6000B75E4E8DB85E6697C15EF89BC25EF99B8A
:109D7000C35E7094C85EFA9BC95EF597CA5E4C9844
:109D8000CF5EFC9BD05EFB9BD35E668AD65E409C1A
:109D9000DA5E439CDB5E449CDD5E429CDF5E5F9549
:109DA000E05EB18FE15E469CE25E459CE35E419CD5
:109DB000E85E479CE95E489CEC5E499CF05E4C9CEA
:109DC000F15E4A9CF35E4B9CF45E4D9CF65E84898A
:109DD000F75EEC92F85E4E9CFA5E9A8CFB5EF4891C
:109DE000FC5E5594FE5E4F9CFF5EF993015FD99532
:109DF000035F509C045F4D98095F519C0A5FBE95BC
:109E00000B5F549C0C5F9F980D5FAF980F5FAE8EF9
:109E1000105FF393115F559C135F7C8B145FA292CC
:109E2000155FF888165F569C175FA495185F4F8DD5
:109E30001B5F6F921F5FED92215FB7FA255FED9672
:109E4000265FB78C275FCA8C295F579C2D5F589C73
:109E50002F5F5E9C315FE38E345FB8FA355FA3926B
:109E6000375FAD8B385F599C3C5F4A953E5F65928A
:109E7000415F5A9C455F67FA485F5B9C4A5FAE8BC7
:109E80004C5F5C9C4E5F5D9C515F5F9C535F969303
:109E9000565F609C575F619C595F629C5C5F539CFE
:109EA0005D5F529C615F639C625F608C665F4695FC
:109EB000675FB9FA695FCA8D6A5F56956B5FA49256
:109EC0006C5F6A956D5F649C705FB28F715F65892E
:109ED000735F659C775F669C795FF0967C5FDE942C
:109EE0007F5F699C805F9D89815FAA90825F689C8B
:109EF000835F679C845F618C855FD291875F6D9C77
:109F0000885F6B9C8A5F6A9C8B5FA5978C5FE38CF4
:109F1000905F998F915F6C9C925F6B93935F5D8F65
:109F2000975FBE93985F709C995F6F9C9E5F6E9CDD
:109F3000A05F719CA15FE48CA85F729CA95F9C9557
:109F4000AA5F7A8FAD5F739CAE5FF794B35FBF93E8
:109F5000B45FA592B75FBAFAB95F4F93BC5F749CC8
:109F6000BD5F4A8BC35F5390C55F4B95CC5FF58A4D
:109F7000CD5F4594D65F759CD75F758ED85F599637
:109F8000D95F5A96DC5F9E89DD5F7A9CDE5FBBFA03
:109F9000E05F8992E45F779CEB5FF589F05FAB9CB3
:109FA000F15F799CF55F4F94F85F789CFB5F769C3E
:109FB000FD5F9A8DFF5F7C9C0E60839C0F60899C87
:109FC0001060819C12607B931560869C16607C9566
:109FD0001960809C1B60859C1C60E5971D60768ED7
:109FE0002060D39121607D9C25607D8B2660889CBC
:109FF0002760AB90286085892960829C2A60F68959
:10A000002B60879C2F60AF8B3160849C3A608A9C68
:10A0100041608C9C4260969C4360949C4660919CFD
:10A020004A60909C4B60F6974D60929C5060B08B5C
:10A030005260508D55609A8F5960999C5A608B9CE4
:10A040005D60BCFA5F608F9C60607E9C6260F88996
:10A050006360939C6460959C656070926860A68D57
:10A060006960B6896A608D9C6B60989C6C60979CF7
:10A070006D60B18B6F60A7917060868A7560628C2D
:10A0800077608E9C81609A9C83609D9C84609F9C7D
:10A090008560BDFA8960BB8E8A60BEFA8B60A59C24
:10A0A0008C60EE928D609B9C9260A39C9460F7897B
:10A0B0009660A19C9760A29C9A609E9C9B60A09CCD
:10A0C0009F60E58CA0604997A360B38AA6607889F9
:10A0D000A760A49CA9605994AA60AB88B260DF9481
:10A0E000B3607B9CB460AA9CB560AE9CB660E396FE
:10A0F000B860A79CBC608993BD60AC9CC560EE8FC6
:10A10000C660AD9CC760D593D1606698D360A99CAA
:10A11000D560C0FAD860AF9CDA609B8DDC60C990D6
:10A12000DE60BFFADF60D288E060A89CE160A69C98
:10A13000E3607991E7609C9CE860538EF060C49185
:10A14000F160BB9CF260C2FAF3607A91F460B69C55
:10A15000F660B39CF760B49CF960E48EFA60B79C3B
:10A16000FB60BA9C0061B59C0161448F0361B89C9F
:10A170000661B29C0861FA960961F9960D61BC9C72
:10A180000E61BD9C0F61D3881161C3FA1561B19C4A
:10A190001A61F08B1B61A4881F61B48A2061C1FA27
:10A1A0002161B99C2761C19C2861C09C2C61C59C20
:10A1B0003061C5FA3461C69C3761C4FA3C61C49C05
:10A1C0003D61C79C3E61BF9C3F61C39C4261C89C8E
:10A1D0004461C99C4761BE9C48619C8E4A61C29C97
:10A1E0004B61D4914C61518D4D61B09C4E61549046
:10A1F0005361D69C5561E7955861CC9C5961CD9CC3
:10A200005A61CE9C5D61D59C5F61D49C62619D96D4
:10A210006361B58A6561D29C6761648C6861538AA9
:10A220006B61CF9C6E61B6976F61D19C7061D48871
:10A230007161D39C7361CA9C7461D09C7561D79C19
:10A240007661638C7761CB9C7E617C9782614A9753
:10A250008761DA9C8A61DE9C8E619E919061F7979E
:10A260009161DF9C9461DC9C9661D99C9861C6FAEF
:10A270009961D89C9A61DD9CA461AE95A761B29367
:10A28000A961658CAB61E09CAC61DB9CAE61E19C3B
:10A29000B2619B8CB661AF89BA61E99CBE61B68A36
:10A2A000C361E79CC661E89CC761A78DC861E69C55
:10A2B000C961E49CCA61E39CCB61EA9CCC61E29CED
:10A2C000CD61EC9CD061F989E361EE9CE661ED9C87
:10A2D000F261A692F461F19CF661EF9CF761E59C56
:10A2E000F8619C8CFA61F09CFC61F49CFD61F39C2C
:10A2F000FE61F59CFF61F29C0062F69C0862F79C8F
:10A300000962F89C0A62E8950C62FA9C0D62F99C5D
:10A310000E625E8F1062AC901162E4891262FA895B
:10A320001362C7FA1462FB9C1662BD881A62CA9057
:10A330001B62FC9C1D62C1E61E62409D1F62818CF7
:10A340002162419D2662ED902A62429D2E62439DCC
:10A350002F62598B3062449D3262459D3362469D27
:10A360003462D5913862CB8C3B62DF963F625B965C
:10A3700040628A8F4162479D4762EE904862BBE728
:10A380004962E0944B62E88E4D62CB8D4E62489DEF
:10A390005362C5915562A5955862EF915B624B9DE2
:10A3A0005E62499D60624C9D63624A9D68624D9DFC
:10A3B0006E62AF957162B58876627D957962E1943F
:10A3C0007C624E9D7E62519D7F62B38F80625A8B0C
:10A3D00082624F9D8362569D8462B48F8962509DD4
:10A3E0008A62639491627D979262529D9362539DBB
:10A3F0009462579D95628A939662549D9762528D9E
:10A400009862DC909B62659D9C62B2949E62F09122
:10A41000A662C8FAAB62E294AC62AB9DB162F895F9
:10A42000B562EF92B9629596BB625A9DBC629F89F4
:10A43000BD628A92C262639DC5625392C6625D9D8F
:10A44000C762649DC8625F9DC962669DCA62629D63
:10A45000CC62619DCD628F94CF625B9DD062FB899F
:10A46000D162599DD262918BD362F191D462559D94
:10A47000D762589DD862538DD962D990DB62B58F6F
:10A48000DC62609DDD627194E062928BE162678ABA
:10A49000EC62878AED624090EE62689DEF626D9D8E
:10A4A000F162699DF3629D8CF5626E9DF662418E4C
:10A4B000F762898DFE62458FFF625C9D01639D8E10
:10A4C00002636B9D0763778E08636C9D0963C28886
:10A4D0000C63679D1163A7921963938B1F63B28B03
:10A4E00027636A9D2863A5882B63C18D2F635590D0
:10A4F0003A63F0923D63D2943E63709D3F637D91D9
:10A500004963A8914C634A8E4D63719D4F63739D5F
:10A5100050636F9D5563DF955763BB925C637B917E
:10A520006763F9956863CC8E6963809D6B637E9DDC
:10A530006E63989072639E8C7663789D7763B78F15
:10A540007A63E6937B6350948063769D83637C910A
:10A550008863F68E89637B9D8C63B68F8E63759D51
:10A560008F637A9D926372949663749D9863408C16
:10A570009B637C8A9F637C9DA063A997A163CC8D1C
:10A58000A2635492A363799DA563DA90A763548D67
:10A59000A8638490A9638689AA635B91AB63779D66
:10A5A000AC63648BB263668CB463CD92B5637D9DFE
:10A5B000BB637E91BE63819DC063839DC363B59180
:10A5C000C463899DC663849DC963869DCF6360957E
:10A5D000D063F192D263879DD6634B97DA63679716
:10A5E000DB63B78AE163AC88E363859DE963829DA1
:10A5F000EE63F68AF4638789F563C9FAF663889D8A
:10A60000FA63689706648C9D0D64B9910F64939DFD
:10A6100013648D9D16648A9D1764919D1C64729DC0
:10A6200026648E9D2864929D2C64C0942D648B9327
:10A6300034648B9D36648F9D3A64678C3E64EF8DE5
:10A640004264DB904E64979D586445936064CAFAF7
:10A650006764949D696480966F64959D7664969D09
:10A660007864CC967A64A0908364828C88649D9D83
:10A670009264548E93649A9D9564999D9A645194C2
:10A680009D64CBFA9E64B393A4645093A5649B9D90
:10A69000A9649C9DAB648F95AD646494AE64428E56
:10A6A000B064EF90B2646F96B964688ABB64A39D8E
:10A6B000BC649E9DC1646997C264A59DC564A19D4B
:10A6C000C764A29DCD648091CE64CCFAD264A09D73
:10A6D000D4645E9DD864A49DDA649F9DE064A99DC6
:10A6E000E164AA9DE2644693E364AC9DE664438E14
:10A6F000E764A79DEC645B8BEF64AD9DF164A69D60
:10A70000F264B19DF464B09DF664AF9DFA64B29DAD
:10A71000FD64B49DFE64EF8F0065B39D0565B79D34
:10A720001865B59D1C65B69D1D65909D2365B99DF9
:10A730002465B89D2A65989D2B65BA9D2C65AE9DB4
:10A740002F65788E3465BB9D3565BC9D3665BE9D95
:10A750003765BD9D3865BF9D3965FC893B65558D65
:10A760003E65FA953F65AD904565CC8C4865C19DC9
:10A770004D65C49D4E65CDFA4F65719551657E8BD3
:10A780005565C39D5665C29D576573945865C59DB3
:10A790005965B38B5D65C79D5E65C69D6265B88A68
:10A7A0006365558E6665D6936C65688C706594900C
:10A7B0007265C89D7465AE907565479377657E95A3
:10A7C0007865C99D8265CA9D8365CB9D8765B69571
:10A7D00088657C9B8965C4908C656B958E65D68DEC
:10A7E0009065E3949165C19497656C939965BF9763
:10A7F0009B65CD9D9C65CE8E9F65CE9DA165B488E1
:10A80000A465D28BA565CB90A7658095AB65CF9DE0
:10A81000AC65618EAD656692AF657A8EB065569017
:10A82000B765D09DB965FB95BC659789BD657B8E85
:10A83000C165D39DC365D19DC465D49DC565B797DA
:10A84000C665D29DCB65F990CC65D59DCF65B0919D
:10A85000D265D69DD765F88AD965D89DDB65D79D29
:10A86000E065D99DE165DA9DE265F98AE565FA93CF
:10A87000E6655592E7658C8BE8657C8EE96581918C
:10A88000EC657B8FED65AE88F165DB9DFA65A0898F
:10A89000FB65DF9D0066CEFA0266568D0366DE9D7F
:10A8A0000666A98D0766B88F0966D1FA0A66DD9D2E
:10A8B0000C66B98F0E66BE960F66A88D1366D58896
:10A8C0001466CC901566CFFA1C66E49D1E66D3FA1A
:10A8D0001F66AF90206666892466D4FA2566748F59
:10A8E000276686962866F08D2D66BA8F2E66D2FA78
:10A8F0002F66A590316663FA3466E39D3566E19D67
:10A900003666E29D3B66D0FA3C668B923F66459E7A
:10A910004166E89D42669E8E4366578D4466E69D7D
:10A920004966E79D4B6657904F66E59D52664E8E91
:10A930005766D6FA5966D7FA5D66EA9D5E66E99D66
:10A940005F66EE9D6266EF9D6466EB9D6566D5FA77
:10A950006666418A6766EC9D6866ED9D6966D3947C
:10A960006E6681956F66698C7066F09D7366D9FA24
:10A970007466B0907666BB8F7A6671928166C58B7D
:10A980008366F19D8466F59D8766C9898866F29D18
:10A990008966F49D8E66F39D91668B8F96666792AD
:10A9A0009766C3889866F69D9966DAFA9D66F79D64
:10A9B000A066DBFAA266A892A666EF97AB66628EE7
:10A9C000AE66E995B266DCFAB4665C96B866419EFE
:10A9D000B966F99DBC66FC9DBE66FB9DBF66DDFA4F
:10A9E000C166F89DC466409EC766DC93C966FA9D41
:10A9F000D666429ED9668C8FDA66439EDC666A977D
:10AA0000DD669894E066449EE666469EE966479E4B
:10AA1000F066489EF266C88BF3666789F466588DC7
:10AA2000F566499EF7664A9EF866918FF9668291AF
:10AA3000FA66DEFAFB6666FAFC66D699FD665D91FB
:10AA4000FE665C91FF66D6910067C58D0367F0983E
:10AA500008678E8C09674C970B67FC950D679E9570
:10AA60000E67DFFA0F674B9E1467F18D1567BD9275
:10AA700016674C9E17674E981B675D961D67A992D7
:10AA80001E674D9E1F67FA8A26674E9E27674F9E58
:10AA90002867D8962A67A2962B6796962C677B968E
:10AAA0002D67448E2E67519E3167E98E346770960C
:10AAB0003667539E3767569E3867559E3A67F78AC2
:10AAC0003D67808B3F67529E4167549E4667579E05
:10AAD000496799904E679B974F67C7885067DE8D8F
:10AAE0005167BA915367DB8E5667F18F59675A9E4B
:10AAF0005C676D935E67589E5F67A9916067599E1A
:10AB00006167F08F6267DB9663675B9E64675C9E3C
:10AB1000656788976667E1FA6A67619E6D67598D18
:10AB20006F67749470675E9E71678C937267DC9D2B
:10AB30007367E09D75676E8B776766947C67609E30
:10AB40007E67BC8F7F67C2948567669E8767F8942F
:10AB500089675D9E8B67639E8C67629E9067CD90D0
:10AB600095678D969767D1979A6787969C67CA89EC
:10AB70009D677D8EA0676798A167659EA267959087
:10AB8000A667649EA9675F9EAF67CD8CB3676B9E17
:10AB9000B467699EB667CB89B767679EB8676D9ED5
:10ABA000B967739EBB67E2FAC067E4FAC167C691F2
:10ABB000C467BF95C667759ECA674195CE67749E88
:10ABC000CF679094D0675E96D167B98AD367F590C6
:10ABD000D4675F8FD867D192DA674D97DD67709E33
:10ABE000DE676F9EE267719EE4676E9EE767769E02
:10ABF000E9676C9EEC676A9EEE67729EEF67689EDF
:10AC0000F1678C92F367F696F467C48EF567F28D60
:10AC1000FB67B88DFE678F96FF67608A0168E5FA6B
:10AC20000268CC920368C893046868891368F0903E
:10AC30001668B2901768498C1E68789E21685A8DF4
:10AC400022689C8A29687A9E2A68948A2B68819E49
:10AC500032687D9E3468F19038686A8A3968AA8DB6
:10AC60003C68698A3D68CD8D40687B9E4168858CD3
:10AC700042686A8C43688D934468E6FA4668799E18
:10AC80004868C4884D687C9E4E687E9E5068CB8B19
:10AC900051684B8C5268E3FA5368BA8A54686A8BDD
:10ACA0005968829E5C68F78D5D6891965F68568EE4
:10ACB0006368839E67684F9574688F9E7668B189D4
:10ACC0007768849E7E68959E7F68859E8168C09720
:10ACD00083688C9E85687E948D68949E8F68879E1D
:10ACE0009368B2889468899E97685B8D9B688B9EF9
:10ACF0009D688A9E9F68869EA068919EA268BD8F6F
:10AD0000A668EB9AA768E68CA8689C97AD68889EB1
:10AD1000AF68F292B068428AB168AB8DB368809E2A
:10AD2000B568909EB668818AB9688E9EBA68929E10
:10AD3000BC688E93C468FC8AC668B09EC86864FA12
:10AD4000C968C796CA68979ECB68FB8ACD689E9EE5
:10AD5000CF68E7FAD2685F96D4689F9ED568A19EB7
:10AD6000D768A59ED868999EDA684992DF688F9364
:10AD7000E068A99EE1689C9EE368A69EE768A09EA5
:10AD8000EE685890EF68AA9EF268B190F968A89EA4
:10AD9000FA68BB8A00696F980169969E0469A49E4F
:10ADA0000569D6880869989E0B69B8960C699D9EBE
:10ADB0000D6941900E69C5920F69939E1269A39E19
:10ADC00019699A901A69AD9E1B69918A1C699F8CBA
:10ADD0002169AF9E22699A9E2369AE9E2569A79E2E
:10ADE00026699B9E2869AB9E2A69AC9E3069BD9EF0
:10ADF0003469CC933669A29E3969B99E3D69BB9E80
:10AE00003F69D6924A696B97536996955469B69E85
:10AE10005569C8915969BC9E5A695E915C69B39E37
:10AE20005D69C09E5E69BF9E6069ED936169BE9E6B
:10AE30006269E8936869E9FA6A69C29E6B69B59EBE
:10AE40006D69C68B6E69B89E6F697C8F73698094DB
:10AE50007469BA9E7569C98B7769B29E7869B49E28
:10AE60007969B19E7C694F987D69798A7E69B79EC0
:10AE70008169C19E8269548A8A69E58D8E697C895F
:10AE80009169D29E946950989569D59E9869EBFA1C
:10AE90009B6959909C69D49EA069D39EA769D09E56
:10AEA000AE69C49EB169E19EB269C39EB469D69E83
:10AEB000BB69CE9EBE69C99EBF69C69EC169C79E59
:10AEC000C369CF9EC769A0EACA69CC9ECB695C8D75
:10AED000CC69C692CD698491CE69CA9ED069C59E5F
:10AEE000D369C89ED8696C97D9698A96DD69CD9E69
:10AEF000DE69D79EE269ECFAE769DF9EE869D89ED1
:10AF0000EB69E59EED69E39EF269DE9EF969DD9EDF
:10AF1000FB69CE92FD698591FF69DB9E026AD99E2D
:10AF2000056AE09E0A6AE69E0B6AF3940C6AEC9E40
:10AF3000126AE79E136AEA9E146AE49E176A949264
:10AF4000196A57951B6ADA9E1E6AE29E1F6ABE8FB7
:10AF5000216ACD96226AF69E236AE99E296AA08C10
:10AF60002A6AA1892B6A7E8A2E6AD19E306AEDFAFE
:10AF7000356ABF8F366AEE9E386AF59E396AF78E5B
:10AF80003A6A928A3D6A4D92446AEB9E466AEFFAAB
:10AF9000476AF09E486AF49E4B6AB48B586A6B8B82
:10AFA000596AF29E5F6A408B616AC993626AF19E38
:10AFB000666AF39E6B6AEEFA726AED9E736AF0FA45
:10AFC000786AEF9E7E6AF1FA7F6A808A806A689268
:10AFD000846AFA9E8D6AF89E8E6AE78C906AF79E64
:10AFE000976A409F9C6A779EA06AF99EA26AFB9E20
:10AFF000A36AFC9EAA6A4B9FAC6A479FAE6A8D9E6D
:10B00000B36A469FB86A459FBB6A429FC16AE89E81
:10B01000C26A449FC36A439FD16A499FD36A4598D5
:10B02000DA6A4C9FDB6AF98BDE6A489FDF6A4A9FC7
:10B03000E26AF2FAE46AF3FAE86AA594EA6A4D9FD2
:10B04000FA6A519FFB6A4E9F046B9397056B4F9F63
:10B050000A6BDC9E126B529F166B539F1D6B5489BB
:10B060001F6B559F206B878C216B9F8E236BD38B1F
:10B07000276BA289326B7E97376B579F386B569F31
:10B08000396B599F3A6B5C8B3D6BD48B3E6BBC8AA2
:10B09000436B5C9F476B5B9F496B5D9F4C6BCC899F
:10B0A0004E6B5692506B5E9F536BBD8A546B609F84
:10B0B000596B5F9F5B6B619F5F6B629F616B639F6F
:10B0C000626B7E8E636BB390646B9F8D666B9095A5
:10B0D000696BE0956A6B63986F6B958E736BCE8D21
:10B0E000746BF097786B649F796B659F7B6B808E38
:10B0F0007F6B669F806B679F836B699F846B689F84
:10B10000866B7796896B7D8F8A6BEA8E8B6B638EED
:10B110008D6B6A9F956B6C9F966B4290986B6B9F43
:10B120009E6B6D9FA46B6E9FAA6B6F9FAB6B709FA6
:10B13000AF6B719FB16B739FB26B729FB36B749F58
:10B14000B46BA389B56B6992B76B759FBA6B458E6B
:10B15000BB6B6B8ABC6B769FBF6B6193C06BCA9AEB
:10B16000C56B428BC66B779FCB6B789FCD6BEA9597
:10B17000CE6B8896D26BC593D36B799FD46BE494D6
:10B18000D66BF4FAD86BF994DB6BD196DF6B7A9FB0
:10B19000EB6B7C9FEC6B7B9FEF6B7E9FF36B7D9FDC
:10B1A000086C819F0F6C818E116CAF96136C829F1F
:10B1B000146C839F176C438B1B6C849F236C869F3E
:10B1C000246C859F346C8590376C5895386C6989F0
:10B1D0003E6CC3943F6CF5FA406CF392416C608F07
:10B1E000426C818B4E6CC494506CAC8E556C889FB5
:10B1F000576CBE8A5A6C98895C6CF6FA5D6CF09359
:10B200005E6C879F5F6C5D8D606C7292626C899FD3
:10B21000686C919F6A6C8A9F6F6CF8FA706CBF9132
:10B22000726C828B736C929F7A6C888C7D6C448B71
:10B230007E6C909F816C8E9F826C8B9F836C8097BD
:10B24000866CF7FA886CBE928C6CD7938D6C8C9F51
:10B25000906C949F926C939F936C428C966CAB898C
:10B26000996CB98D9A6C8D9F9B6C8F9FA16C769613
:10B27000A26CF291AB6C9796AE6C9C9FB16C9D9F4B
:10B28000B36CCD89B86CA695B96CFB96BA6C9F9FD0
:10B29000BB6CA18EBC6CC08FBD6C989FBE6C9E9F1A
:10B2A000BF6C8889C16CB58BC46C959FC56C9A9F27
:10B2B000C96CF290CA6C9194CC6CE594D36C979F56
:10B2C000D56C4096D76C999FD96CA29FDA6CF9FA2D
:10B2D000DB6CA09FDD6C9B9FE16C4196E26C6794F8
:10B2E000E36C838BE56C4493E86C8D92EA6CA39FCE
:10B2F000EF6CA19FF06CD791F16C969FF36C6A890B
:10B30000046DFAFA0B6D6D970C6DAE9F126DAD9FCB
:10B31000176DF490196DAA9F1B6D8C971E6DB493D9
:10B320001F6DA49F256DC392296D6B892A6D5E8D5B
:10B330002B6DA79F326D468F336DAC9F356DAB9FE4
:10B34000366DA69F386DA99F3B6D888A3D6DA89F7D
:10B350003E6D6894416DAC97446DF28F456DF390EE
:10B36000596DB49F5A6DB29F5C6D6C95636DAF9FC4
:10B37000646DB19F666D5989696D5F8D6A6D519875
:10B380006C6D5C8A6E6D82956F6DFCFA746D819741
:10B39000776D438A786D5A90796DB39F856DB89FAC
:10B3A000876DFBFA886DC18F8C6D4F978E6DB59F41
:10B3B000936DB09F956DB69F966D40FB996DDC9730
:10B3C0009B6D93939C6DC093AC6D41FBAF6D558AA3
:10B3D000B26D7489B56DBC9FB86DBF9FBC6DC197D0
:10B3E000C06D8497C56DC69FC66DC09FC76DBD9F5C
:10B3F000CB6DD297CC6DC39FCF6D42FBD16D698F62
:10B40000D26DC59FD56DCA9FD86D9193D96DC89FD8
:10B41000DE6DC29FE16D5792E46DC99FE66DBE9FE0
:10B42000E86DC49FEA6DCB9FEB6DFA88EC6DC19F10
:10B43000EE6DCC9FF16D5B90F26D44FBF36D7E8FF2
:10B44000F56DA395F76DAC8DF86D43FBF96DB99F64
:10B45000FA6DC79FFB6D5993FC6D45FB056EB4906B
:10B46000076E898A086ECF8D096EC28F0A6EBB9FE8
:10B470000B6E618F136E6B8C156EBA9F196ED09F19
:10B480001A6E8D8F1B6EB88C1D6EDF9F1F6ED99F3D
:10B49000206E948B216E6E93236ED49F246EDD9F5D
:10B4A000256EAD88266E5189276E48FB296EB789B7
:10B4B0002B6ED69F2C6EAA912D6ECD9F2E6ECF9F98
:10B4C0002F6E608D386EE09F396E46FB3A6EDB9FC3
:10B4D0003C6E49FB3E6ED39F436EDA9F4A6EA9963F
:10B4E0004D6ED89F4E6EDC9F566ECE8C586EC38FBD
:10B4F0005B6E58925C6E47FB5F6ED29F676E4E9795
:10B500006B6ED59F6E6ECE9F6F6E9293726ED19F53
:10B51000766ED79F7E6E70987F6EBC8E806E9E9684
:10B52000826EE19F8C6EAC948F6EED9F906EB98CA5
:10B53000966E808F986EE39F9C6EAD979D6E618D29
:10B540009F6EF09FA26EEC88A56EEE9FAA6EE29FA2
:10B55000AF6EE89FB26EEA9FB66E6E97B76EE59FCC
:10B56000BA6E4D93BD6EE79FBF6E4AFBC26EEF9FF2
:10B57000C46EE99FC56EC596C96EE49FCB6EA08E62
:10B58000CC6EFC9FD16E8A8AD36EE69FD46EEB9F01
:10B59000D56EEC9FDD6EEA91DE6ED891EC6EF49F75
:10B5A000EF6EFA9FF26EF89FF46E4893F76E42E0EA
:10B5B000F86EF59FFE6EF69FFF6EDE9F016F998B12
:10B5C000026F5995066FBD8E096F978D0F6F529858
:10B5D000116FF29F136F41E0146F8989156F869187
:10B5E000206F9994226FBF8A236FF8972B6F9F96D5
:10B5F0002C6FD092316FF99F326FFB9F386F519152
:10B600003E6F40E03F6FF79F416FF19F456FC18AEA
:10B61000546F898C586F4EE05B6F49E05C6FF69019
:10B620005F6F838A646F818F666F52E06D6F4BE04E
:10B630006E6FAA926F6F48E0706FD792746F6BE075
:10B64000786F45E07A6F44E07C6F4DE0806F47E0B3
:10B65000816F46E0826F4CE0846F9F90866F43E07D
:10B66000886F4BFB8E6F4FE0916F50E0976FC08AF1
:10B67000A16F55E0A36F54E0A46F56E0AA6F59E0A4
:10B68000B16F6293B36F53E0B56F4CFBB96F57E086
:10B69000C06F838CC16FF791C26F51E0C36F5A9432
:10B6A000C66F58E0D46F5DE0D56F5BE0D86F5EE0A9
:10B6B000DB6F61E0DF6F5AE0E06F8A8DE16F4794E6
:10B6C000E46FB79FEB6F9497EC6F5CE0EE6F60E018
:10B6D000EF6FF391F16F5FE0F36F4AE0F56F4DFBB1
:10B6E000F66F89E8FA6F64E0FE6F68E0017066E06B
:10B6F00005704EFB07704FFB097062E00B7063E052
:10B700000F7067E0117065E015706D9518706DE051
:10B710001A706AE01B7069E01D706CE01E70D293B5
:10B720001F706EE0267095922770EB91287050FB89
:10B730002C70A39030706FE0327071E03E7070E05A
:10B740004C70F39F517072E05870E593637073E032
:10B750006B70CE896F7094937070448A7870848B0C
:10B760007C70DC8E7D70D08D857051FB8970469821
:10B770008A7086908E708A89927075E0997074E0F4
:10B78000AB7052FBAC7078E0AD705992AE707BE05C
:10B79000AF7076E0B3707AE0B87079E0B9705F931B
:10B7A000BA70D788BB7062FAC870F397CB707DE02F
:10B7B000CF704789D97080E0DD707EE0DF707CE07B
:10B7C000F17077E0F9704296FD7082E0047154FBED
:10B7D000097181E00F7153FB14718B89197184E039
:10B7E0001A71B0951C7183E02171B3962671C58FD3
:10B7F000367152913C71C48F467156FB477157FBAD
:10B800004971F9974C718AE04E71F790557186E055
:10B8100056718BE059718C895C7155FB627189E0BE
:10B8200064718194657185E0667188E06771C68F87
:10B830006971CF946C718CE06E71CF8E7D71F890D0
:10B8400084718FE0887187E08A71468C8F718DE0FA
:10B8500094716F97957190E09971A4EA9F716E8FC2
:10B86000A87191E0AC7192E0B1714D94B97194E01E
:10B87000BE7195E0C17159FBC3715294C871959323
:10B88000C97197E0CE7199E0D071D397D27196E0EB
:10B89000D47198E0D5718D89D77193E0DF717A9A70
:10B8A000E0719AE0E5718791E671578EE7719CE04F
:10B8B000EC719BE0ED714390EE71D799F5719DE0CD
:10B8C000F9719FE0FB718EE0FC719EE0FE715AFB06
:10B8D000FF71A0E006729A940D72A1E01072A2E0CE
:10B8E0001B72A3E02872A4E02A72DC922C72A6E0FC
:10B8F0002D72A5E03072A7E03272A8E03572DD8EBD
:10B90000367283953A72EA963B72A9E03C72AAE0DD
:10B910003D7275913E72A28E3F72ABE04072ACE018
:10B920004672ADE04772D0954872C5944B72AEE056
:10B930004C7276945272AB925872AFE05972E589AC
:10B940005B728D8B5D72C4965F72B4966172B289C0
:10B9500062725398677271966972A8957272B59007
:10B960007472B0E07972C1937D72A18C7E72B1E085
:10B970008072D28D8172B3E08272B2E08772B4E0DD
:10B980009272B5E09672B6E0A0725D8BA272B7E0DB
:10B99000A772B8E0AC72A28CAF72C694B1725BFBB6
:10B9A000B272BAE0B672F38FB972B9E0BE725CFBE4
:10B9B000C272B68BC372BBE0C472BDE0C672BCE09B
:10B9C000CE72BEE0D072CF8CD272BFE0D772E78B5E
:10B9D000D9725F91DB729D8DE072C1E0E172C2E0CD
:10B9E000E272C0E0E972EB8EEC72C693ED72B78B37
:10B9F000F772C4E0F8724B92F972C3E0FC7254988B
:10BA0000FD7282940A73C7E01673C9E01773C6E02B
:10BA10001B73D2961C73C8E01D73CAE01F73C297D4
:10BA200024735DFB2573CEE02973CDE02A739692D3
:10BA30002B734C942E73A38C2F73CCE03473CBE018
:10BA400036735097377351973E73CFE03F738E89AB
:10BA50004473968D4573828E4E73D0E04F73D1E060
:10BA60005773D3E06373628F6873D5E06A73D4E071
:10BA70007073D6E072736C8A7573D8E077735FFB6E
:10BA80007873D7E07A73DAE07B73D9E08473BA8C89
:10BA90008773A6978973CA8B8B73A4899673E88B77
:10BAA000A973DF8AB273E697B373DCE0BB73DEE0A1
:10BAB000BD7360FBC073DFE0C273CF89C873DBE086
:10BAC000C97361FBCA73588ECD73BF92CE73DDE02C
:10BAD000D27364FBD67362FBDE73E2E0E073EC8E3C
:10BAE000E37363FBE573E0E0EA735D8CED73C79489
:10BAF000EE73E1E0F173FCE0F57366FBF873E7E0E9
:10BB0000FE73BB8C0374858B0574E4E006749D970B
:10BB1000077465FB0974AE972274F4912574E6E00E
:10BB2000267467FB297469FB2A7468FB2E746AFB10
:10BB30003274E8E03374D4973474D58B3574FA9446
:10BB4000367469943A74E9E03F74EBE04174EEE0D6
:10BB50005574EAE05974EDE05A74E88C5B746C89B2
:10BB60005C74EFE05E7490905F74ECE06074DA9760
:10BB700062746BFB6374F2E06474A2EA6974F0E0CF
:10BB80006A74F3E06F74E5E07074F1E07374BA8D79
:10BB90007674F4E07E74F5E083749E9789746CFB90
:10BBA0008B74F6E09E74F7E09F746DFBA274E3E083
:10BBB000A774F8E0B074C28ABD74A38ECA74F9E0A9
:10BBC000CF74FAE0D474FBE0DC745A89E07440E18D
:10BBD000E2745A95E37441E1E674A28AE77442E1A3
:10BBE000E97443E1EE7444E1F07446E1F17447E135
:10BBF000F27445E1F6747295F77449E1F87448E11E
:10BC000001756EFB03754BE104754AE105754CE166
:10BC10000C754DE10D754FE10E754EE11175998D65
:10BC2000137551E1157550E11875C38A1A75729034
:10BC30001C755B931E7552E11F75B6902375598E66
:10BC400025759989267553E1287570972B75E195AF
:10BC50002C7554E12F75A8FA30756393317552979E
:10BC60003275628D33755C9037756A923875B2990A
:10BC70003A75AC923B75E6893C7555E1447556E1E1
:10BC800046755BE1497559E14A7558E14B75C09DB0
:10BC90004C75458A4D7557E14F75D8885175A894F4
:10BCA0005475C8945975AF975A755CE15B755AE144
:10BCB0005C757B925D75A4906075A99462754C95D6
:10BCC00064755EE16575AA9766756C8C67755FE152
:10BCD00069755DE16A75D4946B7560E16D7561E1BC
:10BCE0006F756FFB7075D9887375F48F747566E125
:10BCF000767563E17775EB93787562E17F75458BB7
:10BD0000827569E1867564E1877565E1897568E129
:10BD10008A7567E18B7544958E7561918F75609119
:10BD200091755E8B94756AE19A756BE19D756CE116
:10BD3000A3756EE1A5756DE1AB757589B17576E199
:10BD4000B275E694B37570E1B57572E1B87574E1DA
:10BD5000B9755D90BC7575E1BD7573E1BE75BE8E3C
:10BD6000C2756FE1C37571E1C5756195C775C78F00
:10BD7000CA7578E1CD7577E1D27579E1D475A48E75
:10BD8000D575AD8DD8759793D9757AE1DB75C99264
:10BD9000DE757CE1E2759F97E3757BE1E97589913A
:10BDA000F07582E1F27584E1F37585E1F4757392C3
:10BDB000FA7583E1FC7580E1FE757DE1FF757EE13A
:10BDC000017681E1097688E10B7686E10D7687E1DF
:10BDD0001F7689E120768BE121768CE122768DE158
:10BDE00024768EE127768AE1307690E134768FE111
:10BDF0003B7691E14276C397467694E1477692E1AD
:10BE0000487693E14C76E08A5276FC965676C89551
:10BE1000587696E15C7695E1617697E1627698E1F5
:10BE200067769CE1687699E169769AE16A769BE1AA
:10BE30006C769DE170769EE172769FE17676A0E168
:10BE40007876A1E17A76AD947B766F937C76A2E1E9
:10BE50007D7692947E7653958076A3E1827670FB10
:10BE60008376A4E1847649938676468A8776638DC5
:10BE70008876A5E18B76A6E18E76A7E19076488E4E
:10BE80009376A9E19676A8E19976AAE19A76ABE154
:10BE90009B7673FB9C7671FB9E7672FBA67674FB99
:10BEA000AE76E794B076ACE1B476ADE1B77689EAE8
:10BEB000B876AEE1B976AFE1BA76B0E1BF764D8E35
:10BEC000C276B1E1C3767594C6767E96C8766D89E2
:10BED000CA767689CD76B2E1D276B4E1D676B3E190
:10BEE000D7769093DB76B790DC76589FDE76B5E117
:10BEF000DF76BF96E176B6E1E376C48AE476D59440
:10BF0000E576B7E1E776B8E1EA76B9E1EE76DA967A
:10BF1000F276D396F476BC92F8768A91FB76BBE102
:10BF2000FE76828F0177C88F0477BEE10777BDE187
:10BF30000877BCE10977FB940B77C58A0C77A78C4F
:10BF40001B77C4E11E77C1E11F775E902077B09622
:10BF50002477C0E12577C2E12677C3E12977BFE1E5
:10BF60003777C5E13877C6E13A77AD923C77E18A19
:10BF700040778592467776FB4777C7E15A77C8E1E5
:10BF80005B77CBE1617787906377C2936577CCE18C
:10BF9000667772966877C9E16B77CAE17977CFE106
:10BFA0007E77CEE17F77CDE18B77D1E18E77D0E1DF
:10BFB0009177D2E19E77D4E1A077D3E1A577CB95B5
:10BFC000AC77758FAD77C497B077D5E1B377B5937C
:10BFD000B677D6E1B977D7E1BB77DBE1BC77D9E1BA
:10BFE000BD77DAE1BF77D8E1C777DCE1CD77DDE176
:10BFF000D777DEE1DA77DFE1DB77B596DC77E0E172
:10C00000E277EE96E377E1E1E5776D92E7778A9460
:10C01000E977E98BED775A92EE77E2E1EF77B88B2B
:10C02000F377CE90FC77E3E10278BB8D0C78E4E106
:10C030001278E5E11478A48C1578D38D2078E7E1A7
:10C04000217878FB257875932678D48D27786D8BA9
:10C050003278439634786A943A7876933F787B8D39
:10C060004578E9E14E7879FB5D78C98F64787AFB91
:10C070006B78B0976C78648D6F78A58C7278A1948A
:10C080007478EBE17A787BFB7C78EDE18178E98C60
:10C090008678ECE18778F4928C78EFE18D78568A97
:10C0A0008E78EAE19178E89493784F899578EA8DD3
:10C0B000977871989A78EEE1A378F0E1A778C9951E
:10C0C000A978D790AA78F2E1AF78F3E1B578F1E1F9
:10C0D000BA786D8ABC78F9E1BE78F8E1C178A58EAE
:10C0E000C578FAE1C678F5E1CA78FBE1CB78F6E1EC
:10C0F000D078D694D178F4E1D478F7E1DA7841E2D7
:10C10000E77840E2E8788196EC78FCE1EF78E9881E
:10C11000F47843E2FD7842E20179CA8F077944E27C
:10C120000E796291117946E2127945E2197947E276
:10C130002679E6E12A79E8E12B7949E22C7948E28F
:10C1400030797CFB3A79A68E3C79E7973E79D08EA0
:10C1500040794AE24179568C47795F8B4879468B22
:10C160004979838E50795397537950E255794FE24C
:10C170005679639157794CE25A794EE25D796A8F2C
:10C180005E795F905F794DE260794BE26279499424
:10C190006579CB8F68795B956D79D58D7779989333
:10C1A0007A7951E27F7952E2807968E28179D68B9F
:10C1B00084795C98857954918A7953E28D79D08914
:10C1C0008E79F5928F799F95947981FB9B7983FB8A
:10C1D0009D7954E2A6799A8BA77955E2AA7957E21C
:10C1E000AE7958E2B0794894B37959E2B9795AE214
:10C1F000BA795BE2BD79D78BBE79D189BF79C39318
:10C20000C079478FC179848EC9795CE2CB79488F38
:10C21000D179C889D2796295D5795DE2D879E994E6
:10C22000DF796491E17960E2E37961E2E47989940C
:10C23000E6796090E7795EE2E9798192EC795FE2F4
:10C24000F079CC8FFB79DA88007A488B087A62E241
:10C250000B7AF6920D7A63E20E7AC590147AAB9659
:10C26000177A4295187A64E2197A65E21A7A74921A
:10C270001C7AC5971F7A67E2207A66E22E7AED8EE5
:10C28000317A69E2327AEE88377A6CE23B7A6AE296
:10C290003C7AD2893D7A6D8C3E7A6BE23F7A658D2D
:10C2A000407A928D427AE495437A6DE2467A7396AB
:10C2B000497A6FE24D7ACF904E7A6E894F7AB8897B
:10C2C000507AAA88577A6EE2617A70E2627A71E2F5
:10C2D000637AF58F697A72E26B7A6E8A707A74E2A9
:10C2E000747A8A8C767A868B797A75E27A7AF38B8D
:10C2F0007D7A76E27F7AFA90817ACB93837ADE90A8
:10C30000847AF38D887A77E2927A8292937A8B910B
:10C31000957A79E2967A7BE2977A78E2987A7AE26D
:10C320009F7A418CA97A7CE2AA7A458CAE7A878B77
:10C33000AF7A7197B07A7EE2B67A80E2BA7A4D89A6
:10C34000BF7A83E2C37A968AC47A82E2C57A81E2AE
:10C35000C77A85E2C87A7DE2CA7A86E2CB7AA79765
:10C36000CD7A87E2CF7A88E2D17A84FBD27AF29AC8
:10C37000D37A8AE2D57A89E2D97A8BE2DA7A8CE2C8
:10C38000DC7AB397DD7A8DE2DF7AEDE8E07ACD8F63
:10C39000E17A8EE2E27A8FE2E37A768FE57AB693FB
:10C3A000E67A90E2E77A85FBEA7A4792EB7A87FBB6
:10C3B000ED7A91E2EF7A5B92F07A92E2F67AA38BD1
:10C3C000F87A5E99F97A7C92FA7AB18EFF7AC68A07
:10C3D000027B93E2047BA0E2067B96E2087B888BDB
:10C3E0000A7B95E20B7BA2E20F7B94E2117BCE8F5E
:10C3F000187B98E2197B99E21B7B4A931E7B9AE299
:10C40000207B7D8A257B7990267B8495287B9CE206
:10C410002C7BE691337B97E2357B9BE2367B9DE27A
:10C42000397BF98D457BA4E2467B4D95487BA494EE
:10C43000497B99934B7BD88B4C7BA3E24D7BA1E24C
:10C440004F7BB394507B9EE2517B7D92527B9B93BA
:10C45000547B9A93567BF48D5D7BB6E2657BA6E2B6
:10C46000677BA8E26C7BABE26E7BACE2707BA9E2FF
:10C47000717BAAE2747BA7E2757BA5E27A7B9FE2DF
:10C48000867BCD95877BD3898B7BB3E28D7BB0E2B6
:10C490008F7BB5E2927BB4E2947B9394957BA596D7
:10C4A000977B5A8E987BAEE2997BB7E29A7BB2E299
:10C4B0009C7BB1E29D7BADE29E7B88FB9F7BAFE2E4
:10C4C000A17BC78AAA7B5C92AD7BFB90B17BA094D9
:10C4D000B47BBCE2B87BA294C07BDF90C17BB9E2A5
:10C4E000C47BCD94C67BBDE2C77BD195C97B7A92D4
:10C4F000CB7BB8E2CC7BBAE2CF7BBBE2DD7BBEE29A
:10C50000E07BC28EE47BC493E57BC3E2E67BC2E2C0
:10C51000E97BBFE2ED7B5598F37BC8E2F67BCCE28A
:10C52000F77BC9E2007CC5E2077CC6E20D7CCBE26A
:10C53000117CC0E2127CD399137CC7E2147CC1E267
:10C54000177CCAE21F7CD0E2217CC88A237CCDE222
:10C55000277CCEE22A7CCFE22B7CD2E2377CD1E270
:10C56000387CF4943D7CD3E23E7CFA973F7CEB959B
:10C57000407CD8E2437CD5E24C7CD4E24D7CD09028
:10C580004F7CD7E2507CD9E2547CD6E2567CDDE287
:10C59000587CDAE25F7CDBE2607CC4E2647CDCE253
:10C5A000657CDEE26C7CDFE2737CC495757CE0E246
:10C5B0007E7CE096817CCC8B827C488C837CE1E223
:10C5C000897CB2958B7C88908D7CAE96907CE2E2E3
:10C5D000927CB197957C9494977C6591987C5394C8
:10C5E0009B7C6C8F9F7CBE88A17CE7E2A27CE5E20D
:10C5F000A47CE3E2A57C9F8AA77CCF8FA87CE8E29D
:10C60000AB7CE6E2AD7CE4E2AE7CECE2B17CEBE25A
:10C61000B27CEAE2B37CE9E2B97CEDE2BD7CEEE219
:10C62000BE7CB890C07CEFE2C27CF1E2C57CF0E257
:10C63000CA7CD08CCE7C5791D27CF3E2D67C9C9382
:10C64000D87CF2E2DC7CF4E2DE7CB395DF7C8C917A
:10C65000E07C668DE27CF5E2E77CC697EF7CF7E252
:10C66000F27CF8E2F47CF9E2F67CFAE2F87C858E62
:10C67000FA7CFBE2FB7C6E8CFE7C8A8B007D498B16
:10C68000027D40E3047DF196057D678D067DFCE229
:10C690000A7D43E30B7DE4960D7D5B94107D5295FE
:10C6A000147D838F157D42E3177DD18E187D688DB3
:10C6B000197D868E1A7D898B1B7DB4951C7D41E387
:10C6C000207D6691217D6196227DF58D2B7D878E63
:10C6D0002C7DDB922E7D46E32F7DDD97307DD78D3F
:10C6E000327D47E3337D6190357D49E3397DD08FDD
:10C6F0003A7DAE8D3F7D48E3427D498F437DBC8CC2
:10C70000447D6791457D44E3467D4AE3487D8AFB4D
:10C710004B7D45E34C7D6F8C4E7D4DE34F7D51E36A
:10C72000507D8B8C567D4CE35B7D55E35C7D8BFBB4
:10C730005E7D698D617D8D97627DBA88637D52E3F0
:10C74000667D8B8B687D4FE36E7D50E3717D9D939D
:10C75000727D4EE3737D4BE3757D478A767DE29073
:10C76000797DA68C7D7D57E3897D54E38F7D56E3EB
:10C77000937D53E3997D708C9A7DB1919B7D58E3B5
:10C780009C7D8E919F7D65E3A07D8DFBA27D61E305
:10C79000A37D5BE3AB7D5FE3AC7DF88EAD7DDB8895
:10C7A000AE7D5AE3AF7D62E3B07D66E3B17D6A8D15
:10C7B000B27DD496B47DD492B57D5CE3B77D8CFB1D
:10C7C000B87D64E3BA7D59E3BB7D5D92BD7D5EE3D8
:10C7D000BE7DBB88BF7DC896C77D5DE3CA7DD98B12
:10C7E000CB7DEA94CF7D8D91D17DCE97D27D8F8FF9
:10C7F000D57D8EE3D67D8EFBD87D67E3DA7DFC9018
:10C80000DC7D63E3DD7D68E3DE7D6AE3E07DF79256
:10C81000E17D6DE3E47D69E3E87DD295E97DC98A38
:10C82000EC7DC996EF7DDC88F27D6CE3F47DFB97AF
:10C83000FB7D6BE3017E8F89047EEA93057E6EE3C8
:10C84000097E75E30A7E6FE30B7E76E3127E72E368
:10C850001B7E9B941E7EC88E1F7E74E3217E71E337
:10C86000227E77E3237E70E3267E638F2B7E4496C1
:10C870002E7E6B8F317E73E3327E80E3357E7BE3E9
:10C88000377E7EE3397E7CE33A7E81E33B7E7AE34A
:10C890003D7E60E33E7ED190417EC994437E7DE340
:10C8A000467E78E34A7E40914B7E718C4D7E4A8F66
:10C8B000527E8FFB547E4490557E5591567E84E384
:10C8C000597E86E35A7E87E35D7E83E35E7E85E361
:10C8D000667E79E3677E82E3697E8AE36A7E89E326
:10C8E0006D7E9A96707E4A8C797E88E37B7E8CE39F
:10C8F0007C7E8BE37D7E8FE37F7E91E3827E5B8E09
:10C90000837E8DE3887E92E3897E93E38A7E5CFA60
:10C910008C7E94E38E7E9AE38F7E5A93907E96E38C
:10C92000927E95E3937E97E3947E98E3967E99E3D7
:10C930009B7E9BE39C7E9CE3367FCA8A387F9DE387
:10C940003A7F9EE3457F9FE3477F90FB4C7FA0E3C8
:10C950004D7FA1E34E7FA2E3507FA3E3517FA4E389
:10C96000547FA6E3557FA5E3587FA7E35F7FA8E345
:10C97000607FA9E3677FACE3687FAAE3697FABE3ED
:10C980006A7FDF8D6B7F728C6E7F7592707FB19442
:10C99000727F908F757F6C94777FEB94787FADE397
:10C9A000797FEB9C827FAEE3837FB0E3857F8597C1
:10C9B000867FAFE3877FB2E3887FB1E38A7F729798
:10C9C0008C7FB3E38E7FFC94947FB4E39A7FB7E3CC
:10C9D0009D7FB6E39E7FB5E3A17F91FBA37FB8E384
:10C9E000A47F518CA87F4191A97F608BAE7FBCE36F
:10C9F000AF7FB9E3B27FBAE3B67FBDE3B87FBEE3F2
:10CA0000B97FBBE3BD7F4889C17FA589C57FC0E3EE
:10CA1000C67FC1E3CA7FC2E3CC7F8297D27F4B8FB0
:10CA2000D47FC4E3D57FC3E3E07F8990E17FC5E392
:10CA3000E67FC6E3E97FC7E3EB7FE38AF07FCB8A3B
:10CA4000F37FC8E3F97FC9E3FB7F7C96FC7F839784
:10CA5000008073970180569803806C8D0480CCE32E
:10CA60000580D28E0680CBE30B80CDE30C80A78EB1
:10CA70001080CF911280CEE315806B8D1780D596F4
:10CA80001880CFE31980D0E31C80D1E32180D2E36A
:10CA90002880D3E33380A88E3680EB963B80D5E3A5
:10CAA0003D805E923F80D4E34680D7E34A80D6E360
:10CAB0005280D8E35680B9905880D9E35A80DAE39F
:10CAC0005E80B7955F80DBE361808F916280DCE3FD
:10CAD0006880DDE36F80FC977080E0E37280DFE3C5
:10CAE0007380DEE37480AE927680E1E377804590D8
:10CAF0007980E2E37D80E3E37E8057987F80E4E302
:10CB00008480E5E38580E7E38680E6E38780A3947D
:10CB10008980F7938B805D988C80A7949380E9E35C
:10CB20009680D18F988049959A80EAE39B80E8E3CC
:10CB30009D80CC8AA180D28CA280888EA580EC9426
:10CB4000A980A88CAA806296AC80EDE3AD80EBE36F
:10CB5000AF806D8DB1806E8DB280E788B480E68D38
:10CB6000BA807894C380DD88C480F2E3C6805F9287
:10CB7000CC807794CE80D991D680F4E3D980F0E34D
:10CB8000DA80F3E3DB80EEE3DD80F1E3DE804596DF
:10CB9000E180D38CE480FB88E580EFE3EF80F6E36F
:10CBA000F180F7E3F480B793F880B98BFC8045E41B
:10CBB000FD805C940281898E0581BA8B0681C690C6
:10CBC000078165980881AC960981F5E30A81D290C6
:10CBD0001A81728B1B81F8E32381FAE32981F9E33F
:10CBE0002F81FBE33181459233815D943981AF928E
:10CBF0003E8142E4468141E44B81FCE34E817490E6
:10CC000050818595518144E4538143E454816F8D73
:10CC1000558172985F8154E4658148E4668149E4F6
:10CC20006B81EE8E6E8147E47081988D718146E450
:10CC300074814AE47881B0927981A0957A81429199
:10CC40007F81DA9180814EE482814FE483814BE4DD
:10CC500088814CE48A814DE48F81708D938155E405
:10CC6000958151E49A8186959C818C969D8147950A
:10CC7000A08150E4A38153E4A48152E4A881639687
:10CC8000A98156E4B08157E4B3815691B58158E447
:10CC9000B8815AE4BA815EE4BD815BE4BE8159E4A7
:10CCA000BF815E94C0815CE4C2815DE4C681B089CD
:10CCB000C88164E4C9815FE4CD8160E4D18161E42D
:10CCC000D3819F91D88163E4D98162E4DA8165E4FC
:10CCD000DF8166E4E08167E4E3816290E581E789D2
:10CCE000E78168E4E881D597EA81A98EED814C8FD0
:10CCF000F3818A8EF4817692FA8169E4FB816AE499
:10CD0000FC815089FE816BE401826CE402826DE457
:10CD100005826EE407826FE40882BB8B0982A89DBE
:10CD20000A8270E40C82E3900D8271E40E82C98E57
:10CD3000108272E41282AE98168273E41782DC9538
:10CD40001882DA8A1B8243911C82778F1E8291950A
:10CD50001F824D8F298274E42A82718D2B8275E4A3
:10CD60002C82CA942E8284E4338277E43582C79180
:10CD7000368295943782BD8C388276E4398244912C
:10CD8000408278E44782F89258827AE4598279E4C2
:10CD90005A827CE45D827BE45F827DE4628280E48F
:10CDA00064827EE46682CD8A688281E46A8282E45B
:10CDB0006B8283E46E82AF8D6F82C797718285E448
:10CDC0007282469076829089778286E4788287E4C0
:10CDD0007E8288E48B82F0888D8289E492828AE464
:10CDE000998287959D82C58E9F828CE4A582488A10
:10CDF000A682B088AB828BE4AC828EE4AD826D9467
:10CE0000AF826390B182D489B3824696B8827C8C1B
:10CE1000B982DA8BBB828DE4BD82E889C582A18AA2
:10CE2000D1829189D28292E4D382E897D482DB9135
:10CE3000D7826395D9829EE4DB82D589DC829CE42B
:10CE4000DE829AE4DF8291E4E1828FE4E38290E47F
:10CE5000E582E18EE682EA8BE7829792EB82CF93BE
:10CE6000F1827089F38294E4F48293E4F98299E484
:10CE7000FA8295E4FB8298E4018393FB0283CE96C9
:10CE8000038397E40483D68905839D8A06839BE404
:10CE900009839DE40E83738C1683A1E41783AAE4AF
:10CEA0001883ABE41C83A9882383B2E42883EF882A
:10CEB0002B83A9E42F83A8E43183A3E43283A2E483
:10CEC0003483A0E435839FE4368383923883F991D9
:10CED0003983A5E44083A4E44583A7E44983909182
:10CEE0004A83748C4F8360895083A6E45283728D89
:10CEF00058839191628394FB7383B8E47583B9E49A
:10CF00007783D7897B83AC897C83B6E47F8395FB69
:10CF10008583ACE48783B4E48983BBE48A83B5E486
:10CF20008E83B3E4938396E49683B1E49A83ADE46D
:10CF30009E83CE8A9F83AFE4A083BAE4A283B0E449
:10CF4000A883BCE4AA83AEE4AB839C94B1838997A5
:10CF5000B583B7E4BD83CDE4C183C5E4C5839B90AD
:10CF6000C78396FBCA83658BCC83DB8BCE83C0E4FF
:10CF7000D383D989D683D28FD883C3E4DC83D88D79
:10CF8000DF837093E083C8E4E983EC95EB83BFE42F
:10CF9000EF83D889F083D48CF1834895F283C9E478
:10CFA000F483BDE4F68397FBF783C6E4FB83D0E408
:10CFB000FD83C1E40384C2E40484B8930784C7E416
:10CFC0000B84C4E40C8447960D84CAE40E84DE8886
:10CFD0001384BEE42084CCE42284CBE429848B94A3
:10CFE0002A84D2E42C84DDE431849E8A3584E0E412
:10CFF0003884CEE43C84D3E43D848E974684DCE4DC
:10D00000488498FB498474974E84A89757849892D3
:10D010005B848B8A618492956284E2E463849F934B
:10D020006684AF886984DBE46B84D7E46C84929176
:10D030006D84D1E46E84D9E46F84DEE471844B9412
:10D040007584A8887784D6E47984DFE47A84989517
:10D050008284DAE48484D5E48B84D38F90844E8FE9
:10D060009484AA8E9984D6969C8466959F84E5E4E0
:10D07000A184EEE4AD84D8E4B284978AB48499FBA9
:10D08000B884F68FB984E3E4BB84E8E4BC8493916C
:10D09000BF84E4E4C184EBE4C4847E92C684ECE4FF
:10D0A000C9847597CA84E1E4CB84578ACD84E7E4C8
:10D0B000D084EAE4D184AA96D684EDE4D984E6E467
:10D0C000DA84E9E4DC8460FAEC844896EE844098E3
:10D0D000F484F1E4FC84F8E4FF84F0E40085C18E7C
:10D0E0000685CFE41185CC951385A0961485F7E4C9
:10D0F0001585F6E41785F2E41885F3E41A85558959
:10D100001F85F5E42185EFE42685D3922C85F4E490
:10D110002D85FC883585A0913D85C1954085F9E434
:10D12000418540E54385D7944885FCE44985D48F03
:10D130004A85C78E4B8542E54E85BC8B53859AFB4D
:10D14000558543E5578599955885FBE459859BFBA3
:10D150005A85D4E46385FAE468856E986985A0935E
:10D160006A8593956B859CFB6D854AE5778550E5CF
:10D170007E8551E5808544E58485969487854EE5D6
:10D18000888546E58A8548E5908552E5918547E59D
:10D1900094854BE5978592899985E3939B854CE52A
:10D1A0009C854FE5A48545E5A6854591A88549E57B
:10D1B000A985468EAA856490AB854F8CAC85F29686
:10D1C000AE85F796AF85928FB0859EFBB98556E503
:10D1D000BA8554E5C1856D98C98553E5CD85959788
:10D1E000CF8555E5D08557E5D58558E5DC855BE5E8
:10D1F000DD8559E5E485A193E5855AE5E985CB947C
:10D20000EA854DE5F785938FF9855CE5FA8561E55B
:10D21000FB859491FE8560E5028641E5068662E520
:10D22000078668910A865DE50B865FE513865EE5F5
:10D230001686509F1786419F1A8664E5228663E50D
:10D240002D8696972F86BAE1308665E53F8666E59E
:10D250004D8667E54E86D58C5086738B548669E57E
:10D2600055867C995A86958B5C86B8975E86F18B3D
:10D270005F866AE567866BE56B868E9271866CE5E4
:10D280007986F8937B86B8888A86E1898B8671E5F2
:10D290008C8672E593866DE595865C8EA3866EE539
:10D2A000A4866194A9866FE5AA8670E5AB867AE5C7
:10D2B000AF8674E5B08677E5B68673E5C48675E516
:10D2C000C68676E5C786D68EC98678E5CB86609217
:10D2D000CD86758CCE86618AD4867BE5D9865E8ABA
:10D2E000DB8681E5DE867CE5DF8680E5E486B89432
:10D2F000E9867DE5EC867EE5ED866795EE86D89439
:10D30000EF8682E5F886FB91F9868CE5FB8688E559
:10D31000FE86E989008786E502874996038787E5C7
:10D32000068784E5088785E509878AE50A878DE50C
:10D330000D878BE5118789E5128783E5188777923A
:10D340001A8794E51C87A896258792E5298793E597
:10D3500034878EE5378790E53B8791E53F878FE5FA
:10D360004987E4904B8758984C8798E54E8799E514
:10D3700053879FE55587499057879BE559879EE5D9
:10D380005F8796E5608795E56387A0E56687DA891C
:10D3900068879CE56A87A1E56E879DE574879AE5B5
:10D3A0007687B192788797E57F8788948287A5E50D
:10D3B0008D875A979F87A4E5A287A3E5AB87ACE545
:10D3C000AF87A6E5B387AEE5BA878697BB87B1E599
:10D3D000BD87A8E5C087A9E5C487ADE5C687B0E5E8
:10D3E000C787AFE5CB87A7E5D087AAE5D287BBE59E
:10D3F000E087B4E5EF87B2E5F287B3E5F687B8E5F5
:10D40000F787B9E5F987498AFB87618BFE87B7E51E
:10D410000588A2E50788A1FB0D88B6E50E88BAE568
:10D420000F88B5E51188BCE51588BEE51688BDE511
:10D430002188C0E52288BFE5238879E52788C4E5EF
:10D440003188C1E53688C2E53988C3E53B88C5E542
:10D4500040888C8C4288C7E54488C6E546884F8F53
:10D460004C88738D4D88A59F5288C8E55388708F6E
:10D470005788588A5988C9E55B8871895D88D58F36
:10D480005E88CAE56188748D6288CBE56388DF8831
:10D4900068885C956B88CCE570888A907288D3E543
:10D4A0007588D0E577888F927D88D1E57E88CEE536
:10D4B0007F88DC8B8188CDE58288D4E58888558C8F
:10D4C0008B88DC918D88DAE59288D6E59688B391D1
:10D4D0009788D5E59988D8E59E88CFE5A288D9E5D3
:10D4E000A488DBE5AB88ED94AE88D7E5B088DCE5B1
:10D4F000B188DEE5B488D18CB588D2E5B788BF881D
:10D50000BF88DDE5C188D98DC288F497C388DFE57F
:10D51000C488E0E5C5889591CF88A097D488E1E5D7
:10D52000D5885497D888E2E5D988E3E5DC88E29588
:10D53000DD88E4E5DF88BE8DE188A197E888E9E52C
:10D54000F288EAE5F388D68FF488E8E5F588A2FB4F
:10D55000F8888797F988E5E5FC88E7E5FD88BB90C2
:10D56000FE889E900289E6E50489EBE50789A1958E
:10D570000A89EDE50C89ECE510898C8A12894A96B6
:10D580001389EEE51C895DFA1D89FAE51E89F0E52F
:10D590002589F1E52A89F2E52B89F3E53689F7E556
:10D5A0003889F8E53B89F6E54189F4E54389EFE5FB
:10D5B0004489F5E54C89F9E54D89B5E85689A68990
:10D5C0005E89FCE55F89DD8B6089FBE5648941E666
:10D5D000668940E66A8943E66D8942E66F8944E6DA
:10D5E0007289508F748945E6778946E67E8947E6D9
:10D5F0007F89BC9081897697838948E68689A29540
:10D6000087896594888949E68A894AE68B89A98C45
:10D610008F894B8B93894BE696898B8E9789609483
:10D6200098894CE69A896F8AA1894DE6A6894FE6CA
:10D63000A7899797A9894EE6AA896590AC8950E693
:10D64000AF8951E6B28952E6B389CF8ABA8953E6E7
:10D65000BD8954E6BF8955E6C08956E6D289708AED
:10D66000DA8957E6DC8958E6DD8959E6E389F089ED
:10D67000E6894790E7895AE6F4895BE6F8895CE633
:10D68000008ABE8C028AF992038A5DE6088A768C4B
:10D690000A8A75900C8A60E60E8AA293108A5FE669
:10D6A000128AA3FB138A508C168A5EE6178AF591BC
:10D6B000188A4C8B1B8A61E61D8A62E61F8AD78F07
:10D6C000238A8D8C258A63E62A8A4B962D8ADD90E3
:10D6D000318A968B338AF396348A6991368A64E666
:10D6E000378AA4FB3A8A66903B8A90923C8AD88F0C
:10D6F000418A65E6468A68E6488A69E6508ABC8DB2
:10D70000518AC091528A67E6548AD98F558A5D95AD
:10D710005B8A66E65E8A8C8E608A7289628A6DE6B2
:10D72000638A778C668A8E8E698A8D8E6B8A6C98F6
:10D730006C8A6CE66D8A6BE66E8A4691708A6C8B99
:10D74000718A6298728A598A738ADA8F798AA5FBFC
:10D750007C8A6AE6828A6FE6848A70E6858A6EE64B
:10D76000878AD68C898A5F978C8A8F8E8D8A469419
:10D77000918A73E6938ABE90958A6192988A5597AA
:10D780009A8A76E69E8AEA8CA08ABD90A18A72E681
:10D79000A38A77E6A48AEB8CA58A74E6A68A75E646
:10D7A000A78AA6FBA88A71E6AC8AE090AD8AC793E7
:10D7B000B08A4E92B28ADB89B98AEE94BC8A628BB7
:10D7C000BE8AA7FBBF8AB292C28A7AE6C48A78E68A
:10D7D000C78A6B92CB8ABF90CC8AD08ACD8A79E6F1
:10D7E000CF8A7A90D28AC897D68A5F98DA8A7BE6FF
:10D7F000DB8A87E6DC8AB392DE8A86E6DF8AA8FBCC
:10D80000E08A83E6E18A8BE6E28A84E6E48A80E6BF
:10D81000E68AFA92E78A7EE6EB8A7CE6ED8A409712
:10D82000EE8A908EF18A81E6F38A7DE6F68AAAFB7B
:10D83000F78A85E6F88A948FFA8ABF8CFE8AF89177
:10D84000008B6496018B7989028BE088048BA3930B
:10D85000078B89E60C8B88E60E8BE493108B8DE6A4
:10D86000148B82E6168B8CE6178B8EE6198BAA8CAE
:10D870001A8B8AE61B8B758D1D8BD38E208B8FE6C2
:10D88000218B7797268B92E6288B95E62B8B93E658
:10D890002C8B5495338B90E6398BDE8B3E8B94E644
:10D8A000418B96E6498B9AE64C8B97E64E8B99E630
:10D8B0004F8B98E6538BABFB568B9BE6588BAF8E0A
:10D8C0005A8B9DE65B8B9CE65C8B88955F8B9FE615
:10D8D000668B788C6B8B9EE66C8BA0E66F8BA1E6DB
:10D8E000708B638B718BBFE3728BF78F748BA2E6A7
:10D8F000778BEC8C7D8BA3E67F8BACFB808BA4E6D7
:10D90000838B5D8E8A8BCC9D8C8BA5E68E8BA6E659
:10D91000908B518F928BA7E6938BA8E6968BA9E606
:10D92000998BAAE69A8BABE6378C4A923A8CACE696
:10D930003F8CAEE6418CADE6468CA493488CAFE6B6
:10D940004A8C4C964C8CB0E64E8CB1E6508CB2E6CC
:10D95000558CB3E65A8CD893618CDB8F628CB4E61D
:10D960006A8C8B8D6B8CAC986C8CB5E6788CB6E63B
:10D97000798C5E957A8CB7E67C8CBFE6828CB8E6B3
:10D98000858CBAE6898CB9E68A8CBBE68C8C659668
:10D990008D8CBCE68E8CBDE6948CBEE6988CC0E681
:10D9A0009D8C4C8A9E8CE592A08C8995A18CE08DF3
:10D9B000A28C768DA78C6E95A88CDD89A98CCC94D1
:10D9C000AA8CC3E6AB8CD18AAC8CD390AD8CC2E66A
:10D9D000AE8CC7E6AF8C9992B08CE196B28CC5E65E
:10D9E000B38CC6E6B48C4D8BB68CC8E6B78C8394EA
:10D9F000B88CDD91BB8CEF94BC8C5C93BD8CC4E681
:10DA0000BF8C6696C08CEA89C18CCAE6C28C4798E6
:10DA1000C38CC092C48C6498C78C918EC88CC9E6A4
:10DA2000CA8CAF91CD8CDAE6CE8C4791D18CF6932F
:10DA3000D38C6F95DA8CCDE6DB8C5E8EDC8C928E8F
:10DA4000DE8CDC8FE08C8594E28CAB8CE38CCCE6B6
:10DA5000E48CCBE6E68C8A95EA8CBF8EED8C7193D4
:10DA6000F08CADFBF48CAEFBFA8CCFE6FB8CD0E6F1
:10DA7000FC8C778DFD8CCEE6048DD1E6058DD2E64B
:10DA8000078DD4E6088DA1910A8DD3E60B8DE48A2B
:10DA90000D8DD6E60F8DD5E6108DD7E6128DAFFB36
:10DAA000138DD9E6148DDBE6168DDCE6648DD490FB
:10DAB000668DCD8E678DDDE66B8D718A6D8DDEE6B0
:10DAC000708D9691718DDFE6738DE0E6748D8B9588
:10DAD000768DB0FB778D4E8B818DE1E6858DB4928E
:10DAE0008A8D7A89998DE2E6A38DEF8EA88D969026
:10DAF000B38DAB91BA8DE5E6BE8DE4E6C28DE3E66B
:10DB0000CB8DEBE6CC8DE9E6CF8DE6E6D68DE8E66B
:10DB1000DA8DE7E6DB8DEAE6DD8D978BDF8DEEE6CD
:10DB2000E18DD590E38DEFE6E88DD78CEA8DECE6BC
:10DB3000EB8DEDE6EF8D4898F38DB592F58D48911C
:10DB4000FC8DF0E6FF8DF3E6088EF1E6098EF2E635
:10DB50000A8E78970F8EA593108EF6E61D8EF4E64A
:10DB60001E8EF5E61F8EF7E62A8E48E7308EFAE61F
:10DB7000348EFBE6358EF9E6428EF8E6448EFB9253
:10DB8000478E40E7488E44E7498E41E74A8EFCE6DF
:10DB90004C8E42E7508E43E7558E4AE7598E45E753
:10DBA0005F8ED690608E47E7638E49E7648E46E7C6
:10DBB000728E4CE7748E528F768E4BE77C8E4DE7DB
:10DBC000818E4EE7848E51E7858E50E7878E4FE732
:10DBD0008A8E53E78B8E52E78D8EF496918E55E7A1
:10DBE000938E54E7948E56E7998E57E7A18E59E7A6
:10DBF000AA8E58E7AB8E6790AC8E5AE7AF8EEB8B50
:10DC0000B08E5BE7B18E5DE7BE8E5EE7C58E5FE7E7
:10DC1000C68E5CE7C88E60E7CA8ED48ECB8E61E775
:10DC2000CC8E4F8BCD8E528CCF8EB2FBD28EAC8CE5
:10DC3000DB8E62E7DF8EEE93E28E5D93E38E63E729
:10DC4000EB8E66E7F88EB28EFB8E65E7FC8E64E79E
:10DC5000FD8E798CFE8E67E7038F728A058F69E7E8
:10DC6000098FDA8D0A8F68E70C8F71E7128F6BE7E7
:10DC7000138F6DE7148FE395158F6AE7198F6CE7A3
:10DC80001B8F70E71C8F6EE71D8F508B1F8F6FE708
:10DC9000268F72E7298F79942A8FD6972F8F538FEB
:10DCA000338F73E7388F4197398F75E73B8F74E770
:10DCB0003E8F78E73F8F6097428F77E7448F8D8A5A
:10DCC000458F76E7468F7BE7498F7AE74C8F79E778
:10DCD0004D8F51934E8F7CE7578F7DE75C8F7EE7AA
:10DCE0005F8F8C8D618F448C628F80E7638F81E7BB
:10DCF000648F82E79B8F68909C8F83E79E8FAB8EAB
:10DD00009F8F84E7A38F85E7A78F9F99A88F9E9900
:10DD1000AD8F86E7AE8F90E3AF8F87E7B08F4392EA
:10DD2000B18F4A90B28F5F94B78F88E7BA8FD3953F
:10DD3000BB8FD292BC8F9E8DBF8F4892C28F498974
:10DD4000C48F9896C58F7690CE8F7D8CD18FDF8BC8
:10DD5000D48FD495DA8F89E7E28F8BE7E58F8AE756
:10DD6000E68FDE89E98FF493EA8F8CE7EB8F979447
:10DD7000ED8F5293EF8F8DE7F08F718FF48F8FE7D8
:10DD8000F78FC096F88F9EE7F98F91E7FA8F92E7A9
:10DD9000FD8FC7920090DE91019097910390A6931A
:10DDA000059090E70690748B0B9099E70D9096E79D
:10DDB0000E90A3E70F90A79310908092119093E795
:10DDC0001390FC9214907293159094E7169098E734
:10DDD00017908090199087941A90CA921D90C090C5
:10DDE0001E9097E71F90AC912090A291219095E70B
:10DDF0002290A7882390419827909AE72E90DF9150
:10DE00003190548F3290699035909CE736909BE723
:10DE10003890ED8839909DE73C904E953E90A5E76F
:10DE20004190D99342908B90459078924790F68B91
:10DE30004990A4E74A9056974B905E894D90D595AE
:10DE40004E90DF894F909FE75090A0E75190A1E757
:10DE50005290A2E75390B993549042925590E18822
:10DE60005690A6E75890A7E75990A1EA5C90BB911D
:10DE70005E90A8E76090938961906B916390AD8C00
:10DE8000659079976790B5FB6890A9E769904B9387
:10DE90006D9098916E90D58E6F90AAE77290ADE7D5
:10DEA0007590858F7690ABE777904A9178904991FD
:10DEB0007A90E2887C90C9977D90AFE77F90F0944C
:10DEC0008090B1E78190B0E78290AEE7839084E2E2
:10DED0008490D28A87908EE78990B3E78A90B2E7E0
:10DEE0008F90B4E791905797A390DF93A6904D96AB
:10DEF000A890B5E7AA90D78EAF90B6E7B190B7E7F4
:10DF0000B590B8E7B8904093C190E888CA90788DF2
:10DF1000CE905998DB90BCE7DE90B6FBE190538C35
:10DF2000E290B9E7E490BAE7E8909495ED90738AAF
:10DF3000F5905897F790BD8BFD9073930291BDE7D4
:10DF40001291BEE71591B8FB1991BFE72791B9FB74
:10DF50002D9141933091C1E73291C0E74991D1931E
:10DF60004A91C2E74B91558F4C91DE8E4D917A9438
:10DF70004E9191925291F08E54918C905691C3E7AC
:10DF80005891C4E762917C906391C5E76591C6E7BB
:10DF90006991C7E76A918F976C91568F7291C9E723
:10DFA0007391C8E77591798D7791938D78915F8E94
:10DFB0008291CCE78791868F8991CBE78B91CAE7D5
:10DFC0008D91E7919091ED8C9291C1909791AE9443
:10DFD0009C91588FA291CDE7A491DD8FAA91D0E7B3
:10DFE000AB91CEE7AF91CFE7B491D2E7B591D1E74E
:10DFF000B891F88FBA91D3E7C091D4E7C191D5E732
:10E00000C691CE94C791D18DC891DF8EC991D6E7C4
:10E01000CB91D7E7CC91A297CD91648FCE91EC961E
:10E02000CF91CA97D091D8E7D191E08BD691D9E71B
:10E03000D791BBFBD8914293DA91BAFBDB91DCE735
:10E04000DC91988ADD916A90DE91BCFBDF91DAE782
:10E05000E191DBE7E391DE92E491BFFBE591C0FB48
:10E06000E6917496E791FA8BED91BDFBEE91BEFBC4
:10E07000F591DEE7F691DFE7FC91DDE7FF91E1E75F
:10E080000692C1FB0A92C3FB0D92DD930E92628A47
:10E090001092C2FB1192E5E71492E2E71592E4E7D1
:10E0A0001E92E0E729926EE82C92E3E73492E9971A
:10E0B0003792D88C3992CAFB3A92C4FB3C92C6FB89
:10E0C0003F92EDE74092C5FB449253934592E8E7B7
:10E0D0004892EBE74992E9E74B92EEE74E92C7FB95
:10E0E0005092EFE75192C9FB5792E7E75992C8FB6C
:10E0F0005A92F4E75B9294895E92E6E76292AB945F
:10E100006492EAE76692DE8F6792CBFB71927A8D1A
:10E110007792CDFB7892CEFB7E9267968092E28BCF
:10E120008392658F8592BA9388925FFA91924C910F
:10E130009392F2E79592ECE79692F1E79892C19666
:10E140009A92B6929B92F3E79C92F0E7A792CCFB4F
:10E15000AD924B91B792F7E7B992F6E7CF92F5E718
:10E16000D092D2FBD2924E96D392D6FBD592D4FBCC
:10E17000D792D0FBD992D1FBE092D5FBE4929B8F52
:10E18000E792CFFBE992F8E7EA92DD95ED92738989
:10E19000F2926595F3929292F892988BF99265FAC1
:10E1A000FA92FAE7FB92D9FBFC927C8DFF92DCFBA2
:10E1B0000293DEFB06934B8E0F93F9E710938D903D
:10E1C00018938E90199340E81A9342E81D93DDFB53
:10E1D0001E93DBFB2093F98F2193D8FB229341E818
:10E1E000239343E82593D7FB2693D18B28936495FB
:10E1F0002B93E08E2C9342982E93FCE72F93F68D71
:10E2000032935E98359345E83A9344E83B9346E869
:10E210004493FBE748935EFA4B93E7934D937493D3
:10E220005493D59256934BE85793E0FB5B936292DD
:10E230005C9347E8609348E86C934C8C6E934AE893
:10E240007093DFFB7593AE8C7C9349E87E93DF8FF0
:10E250008C93998A94934FE89693BD8D9793999157
:10E260009A93C892A493E1FBA7935A8AAC934DE882
:10E27000AD934EE8AE93C192B0934CE8B99350E899
:10E28000C39356E8C693E2FBC89359E8D09358E885
:10E29000D1934C93D69351E8D79352E8D89355E84D
:10E2A000DD9357E8DE93E3FBE193BE8BE4935AE8FA
:10E2B000E59354E8E89353E8F893E4FB03945EE8AD
:10E2C00007945FE8109460E813945DE814945CE8A8
:10E2D0001894E08F1994A8931A945BE8219464E849
:10E2E0002B9462E83194E5FB359463E8369461E859
:10E2F0003894F6913A9465E8419466E8449468E865
:10E300004594E6FB4894E7FB5194D38A529467E81E
:10E310005394F8965A9473E85B9469E85E946CE8B9
:10E3200060946AE862946BE86A946DE870946FE8B0
:10E33000759470E8779471E87C9474E87D9472E841
:10E340007E9475E87F9477E8819476E87795B79224
:10E350008095E596829578E883954D91879579E843
:10E360008995C2958A957AE88B954A8A8F955B89BB
:10E370009195D58A9295E8FB9395D48A94957BE8FC
:10E3800096957CE898957DE899957EE8A09580E83B
:10E39000A295D68AA395748AA4957D8DA595B494EB
:10E3A000A79582E8A89581E8AD9583E8B2957B8929
:10E3B000B99586E8BB9585E8BC9584E8BE9587E865
:10E3C000C3958AE8C795C588CA9588E8CC958CE836
:10E3D000CD958BE8D4958EE8D5958DE8D6958FE8C8
:10E3E000D895AC93DC9590E8E19591E8E29593E8B7
:10E3F000E59592E81C968C95219694E8289695E8E8
:10E400002A96E38D2E9696E82F9697E83296689690
:10E410003B966A913F96A2884096C991429698E8A9
:10E4200044968D954B969BE84C9699E84D967E8D3B
:10E430004F969AE85096C08C5B96C3955C969DE883
:10E440005D969FE85E969EE85F96A0E8629640899A
:10E450006396779064969C8F6596D78A6696A1E8B6
:10E460006A9686946C96A3E8709641897296A2E8A3
:10E470007396C2927596CB977696A99377969CE8F9
:10E480007896A4977A96AF8C7D967A978596F78B37
:10E490008696B2978896478C8A96E0918B9640E450
:10E4A0008D96A4E88E964B8A8F968F909496758A57
:10E4B0009596A6E89796A7E89896A5E89996848CED
:10E4C0009B96DB8D9C96E18F9D96EBFBA0964289F7
:10E4D000A396D797A796A9E8A896ACE7AA96A8E826
:10E4E000AF96ECFBB096ACE8B196AAE8B296ABE872
:10E4F000B496ADE8B696AEE8B796EA97B896AFE8A8
:10E50000B996B0E8BB96C790BC96B994C0969D905A
:10E51000C196E58AC4965997C596EB89C696578FDA
:10E52000C796D98CC996B3E8CB96B2E8CC96938EB1
:10E53000CD96B4E8CE96B1E8D196478ED596B8E898
:10E54000D696ABE5D996D499DB969790DC96B6E84B
:10E55000E296A397E396EF93E8964A89EA96E190CC
:10E56000EB96B48EF096B595F2965F89F696EB979A
:10E57000F7968B97F996B9E8FB9664930097F98E16
:10E580000497BAE80697BBE807976B900897BCE832
:10E590000A97EC970D97B7E80E97BEE80F97C0E87B
:10E5A0001197BFE81397BDE81697C1E81997C2E81D
:10E5B0001C979A911E97E0892497C3E82797B696EF
:10E5C0002A97C4E83097C5E8329749983397EDFB0E
:10E5D0003897509E3997C6E83B97EEFB3D97C7E8C2
:10E5E0003E97C8E84297CCE84397EFFB4497C9E8C9
:10E5F0004697CAE84897CBE84997CDE84D97F0FB96
:10E600004F97F1FB5197F2FB5297C2905597F3FB4E
:10E610005697F5965997C3905C97CEE85E97F1941C
:10E620006097CFE8619772EA6297CA966497D0E8DC
:10E630006697D1E86897D2E86997768A6B97D4E8AD
:10E640006D9778907197D5E87497438C7997D6E851
:10E650007A97DAE87C97D8E88197D9E88497938A03
:10E660008597D7E88697DBE88B97DCE88D97C68897
:10E670008F97DDE89097DEE89897E28F9C97DFE828
:10E68000A097668BA397E2E8A697E1E8A897E0E851
:10E69000AB9791E6AD97DA95B397E3E8B497E4E8E2
:10E6A000C397E5E8C697E6E8C897E7E8CB97E8E8B8
:10E6B000D397D88ADC97E9E8ED97EAE8EE97429499
:10E6C000F297ECE8F397B989F597EFE8F697EEE85B
:10E6D000FB974389FF97BF8B0198C5950298B89225
:10E6E0000398A08D0598808D0698878F08987B9059
:10E6F0000C98F1E80F98F0E8109861971198E68A65
:10E700001298D0941398DA9317989C901898CC97F5
:10E710001A987A8C2198F4E82498F3E82C986A9651
:10E720002D98AA9334986F893798F5E83898F2E8CD
:10E730003B9870953C988A973D98F6E84698F7E89C
:10E740004B98F9E84C98E8914D987A8A4E987B8AD4
:10E750004F98F8E85498E78A5598B08C5798F4FB8E
:10E760005898E88A5B985E935E98DE976598F5FB0B
:10E770006798DA8C6B98FAE86F98FBE87098FCE879
:10E78000719840E9739842E9749841E9A89897957F
:10E79000AA9843E9AF9844E9B19845E9B69846E9A3
:10E7A000C39848E9C49847E9C69849E9DB98F294C8
:10E7B000DC98CAE3DF984890E298518BE9984AE9DF
:10E7C000EB984BE9ED98AA99EE985A9FEF98D1945F
:10E7D000F298F988F498B988FC98948EFD984F9631
:10E7E000FE98FC8F03994CE90599DD9609994DE94E
:10E7F0000A997B970C9961891099608E12994EE95C
:10E800001399EC8914994FE9189950E91D9952E927
:10E810001E9953E9209955E9219951E9249954E920
:10E820002799F8FB2899D98A2C9956E92E9957E906
:10E830003D9958E93E9959E942995AE945995CE967
:10E8400049995BE94B995EE94C9961E950995DE919
:10E8500051995FE9529960E9559962E95799C08BDE
:10E860009699F18E979963E9989964E99999818DC0
:10E870009E99FAFBA59965E9A8995D8AAC996E9471
:10E88000AD9966E9AE9967E9B3997992B499E9933C
:10E89000BC9968E9C1999D94C499CA91C599778931
:10E8A000C699EC8BC899ED8BD0999392D1996DE96B
:10E8B000D299EE8BD599ED89D8996CE9DB996AE903
:10E8C000DD996BE9DF9969E9E29977E9ED996EE9FC
:10E8D000EE996FE9F19970E9F29971E9F89973E9A4
:10E8E000FB9972E9FF99788F019A74E9059A76E9A4
:10E8F0000E9A528B0F9A75E9129A9B91139AB18CCA
:10E90000199A78E9289ACB912B9A79E9309AAB93A6
:10E91000379A7AE93E9A80E9409A7DE9429A7CE901
:10E92000439A7EE9459A7BE94D9A82E94E9AFBFB30
:10E93000559A81E9579A84E95A9AC18B5B9A83E97F
:10E940005F9A85E9629A86E9649A88E9659A87E917
:10E95000699A89E96A9A8BE96B9A8AE9A89A9C8DE7
:10E96000AD9A8CE9B09A8DE9B89A5B8ABC9A8EE927
:10E97000C09A8FE9C49A9190CF9A90E9D19A91E97F
:10E98000D39A92E9D49A93E9D89A828DD99AFCFBCA
:10E99000DC9A40FCDE9A94E9DF9A95E9E29A96E9DE
:10E9A000E39A97E9E69A98E9EA9AAF94EB9A9AE99A
:10E9B000ED9A4595EE9A9BE9EF9A99E9F19A9DE9CE
:10E9C000F49A9CE9F79A9EE9FB9A9FE9069BA0E9D5
:10E9D000189BA1E91A9BA2E91F9BA3E9229BA4E92A
:10E9E000239BA5E9259BA6E9279BA7E9289BA8E9E6
:10E9F000299BA9E92A9BAAE92E9BABE92F9BACE9AD
:10EA0000319B549F329BADE93B9BF6E23C9B538B81
:10EA1000419B408A429BB08D439BAFE9449BAEE94A
:10EA2000459BA3964D9BB1E94E9BB2E94F9BB0E944
:10EA3000519BB3E9549B8296589BB4E95A9B9B8B9C
:10EA40006F9B4498729B42FC749BB5E9759B41FC9B
:10EA5000839BB7E98E9BBC888F9B43FC919BB8E955
:10EA6000929BA995939BB6E9969BB9E9979BBAE9C6
:10EA70009F9BBBE9A09BBCE9A89BBDE9AA9B8E9686
:10EA8000AB9B4C8EAD9BF88DAE9B4E91B19B44FCE5
:10EA9000B49BBEE9B99BC1E9BB9B45FCC09BBFE9E8
:10EAA000C69BC2E9C99BEF8CCA9BC0E9CF9BC3E957
:10EAB000D19BC4E9D29BC5E9D49BC9E9D69B498EB9
:10EAC000DB9BE291E19BCAE9E29BC7E9E39BC6E9D4
:10EAD000E49BC8E9E89B7E8CF09BCEE9F19BCDE9F5
:10EAE000F29BCCE9F59BB188009C46FC049CD8E9DC
:10EAF000069CD4E9089CD5E9099CD1E90A9CD7E990
:10EB00000C9CD3E90D9C828A109C6B98129CD6E9D0
:10EB1000139CD2E9149CD0E9159CCFE91B9CDAE93F
:10EB2000219CDDE9249CDCE9259CDBE92D9C689592
:10EB30002E9CD9E92F9CF188309CDEE9329CE0E9DB
:10EB4000399C8F8A3A9CCBE93B9C56893E9CE2E9F2
:10EB5000469CE1E9479CDFE9489C4C92529C909688
:10EB6000579CD8975A9CE3E9609CE4E9679CE5E9E7
:10EB7000769CE6E9789CE7E9E59CB992E79CE8E9B0
:10EB8000E99CB594EB9CEDE9EC9CE9E9F09CEAE9A1
:10EB9000F39C5096F49CC296F69CCE93039DEEE9AE
:10EBA000069DEFE9079DBC93089DECE9099DEBE903
:10EBB0000E9DA889129DF7E9159DF6E91B9D958983
:10EBC0001F9DF4E9239DF3E9269DF1E9289D9B8A89
:10EBD0002A9DF0E92B9DB08E2C9DA7893B9D838DAE
:10EBE0003E9DFAE93F9DF9E9419DF8E9449DF5E92B
:10EBF000469DFBE9489DFCE9509D44EA519D43EA4E
:10EC0000599D45EA5C9D4C895D9D40EA5E9D41EAC7
:10EC1000609D948D619DB796649D42EA6B9D48FC12
:10EC20006C9D51966F9D4AEA709D47FC729D46EA25
:10EC30007A9D4BEA879D48EA899D47EA8F9D7B8CA8
:10EC40009A9D4CEAA49D4DEAA99D4EEAAB9D49EAE6
:10EC5000AF9DF2E9B29D4FEAB49DDF92B89D53EAB1
:10EC6000BA9D54EABB9D52EAC19D51EAC29D57EA42
:10EC7000C49D50EAC69D55EACF9D56EAD39D59EAF8
:10EC8000D99D58EAE69D5BEAED9D5CEAEF9D5DEA61
:10EC9000F29D6898F89D5AEAF99DE991FA9DEB8DED
:10ECA000FD9D5EEA199E4AFC1A9E5FEA1B9E60EA81
:10ECB0001E9E61EA759E62EA789EB28C799E63EA36
:10ECC0007D9E64EA7F9EAD8E819E65EA889E66EA9F
:10ECD0008B9E67EA8C9E68EA919E6BEA929E69EA37
:10ECE000939E5B98959E6AEA979EED979D9E6CEA2F
:10ECF0009F9ED997A59E6DEAA69E9E94A99E6EEAB8
:10ED0000AA9E70EAAD9E71EAB89E6FEAB99E8D8D9B
:10ED1000BA9ECB96BB9E8396BC9EF59BBE9E809F63
:10ED2000BF9E9B96C49EA989CC9E73EACD9E6F8B95
:10ED3000CE9E74EACF9E75EAD09E76EAD19E4BFCB9
:10ED4000D29E958DD49E77EAD89ED2E0D99ED99650
:10ED5000DB9EE191DC9E78EADD9E7AEADE9E79EA2E
:10ED6000E09E7BEAE59E7CEAE89E7DEAEF9E7EEAF5
:10ED7000F49E80EAF69E81EAF79E82EAF99E83EA93
:10ED8000FB9E84EAFC9E85EAFD9E86EA079F87EA51
:10ED9000089F88EA0E9F4393139FDB8C159F8AEA96
:10EDA000209F6C91219F8BEA2C9F8CEA3B9F409582
:10EDB0003E9F8DEA4A9F8EEA4B9F56E24E9FD8E6D1
:10EDC0004F9FEBE8529F8FEA549F90EA5F9F92EA31
:10EDD000609F93EA619F94EA629FEE97639F91EA36
:10EDE000669F95EA679F96EA6A9F98EA6C9F97EA02
:10EDF000729F9AEA769F9BEA779F99EA8D9FB497D4
:10EE0000959F9CEA9C9F9DEA9D9F73E2A09F9EEA2E
:10EE100029F9E0FADCF9E9FB0EFA90FA0FFA9BFA0D
:10EE200010FA9CFA11FAB1FA12FAD8FA13FAE8FABF
:10EE300014FAEAFA15FA58FB16FA5EFB17FA75FB94
:10EE400018FA7DFB19FA7EFB1AFA80FB1BFA82FB8B
:10EE50001CFA86FB1DFA89FB1EFA92FB1FFA9DFB2A
:10EE600020FA9FFB21FAA0FB22FAA9FB23FAB1FBAF
:10EE700024FAB3FB25FAB4FB26FAB7FB27FAD3FB37
:10EE800028FADAFB29FAEAFB2AFAF6FB2BFAF7FB57
:10EE90002CFAF9FB2DFA49FC01FF498102FF57FAD0
:10EEA00003FF948104FF908105FF938106FF958104
:10EEB00007FF56FA08FF698109FF6A810AFF9681F8
:10EEC0000BFF7B810CFF43810DFF7C810EFF448192
:10EED0000FFF5E8110FF4F8211FF508212FF51829F
:10EEE00013FF528214FF538215FF548216FF55827E
:10EEF00017FF568218FF578219FF58821AFF468162
:10EF00001BFF47811CFF83811DFF81811EFF8481C0
:10EF10001FFF488120FF978121FF608222FF6182CD
:10EF200023FF628224FF638225FF648226FF6582BD
:10EF300027FF668228FF678229FF68822AFF69828D
:10EF40002BFF6A822CFF6B822DFF6C822EFF6D825D
:10EF50002FFF6E8230FF6F8231FF708232FF71822D
:10EF600033FF728234FF738235FF748236FF7582FD
:10EF700037FF768238FF778239FF78823AFF7982CD
:10EF80003BFF6D813CFF5F813DFF6E813EFF4F8106
:10EF90003FFF518140FF4D8141FF818242FF8282CC
:10EFA00043FF838244FF848245FF858246FF868239
:10EFB00047FF878248FF888249FF89824AFF8A8209
:10EFC0004BFF8B824CFF8C824DFF8D824EFF8E82D9
:10EFD0004FFF8F8250FF908251FF918252FF9282A9
:10EFE00053FF938254FF948255FF958256FF968279
:10EFF00057FF978258FF988259FF99825AFF9A8249
:10F000005BFF6F815CFF62815DFF70815EFF6081ED
:10F0100061FFA10062FFA20063FFA30064FFA400E0
:10F0200065FFA50066FFA60067FFA70068FFA800B0
:10F0300069FFA9006AFFAA006BFFAB006CFFAC0080
:10F040006DFFAD006EFFAE006FFFAF0070FFB00050
:10F0500071FFB10072FFB20073FFB30074FFB40020
:10F0600075FFB50076FFB60077FFB70078FFB800F0
:10F0700079FFB9007AFFBA007BFFBB007CFFBC00C0
:10F080007DFFBD007EFFBE007FFFBF0080FFC00090
:10F0900081FFC10082FFC20083FFC30084FFC40060
:10F0A00085FFC50086FFC60087FFC70088FFC80030
:10F0B00089FFC9008AFFCA008BFFCB008CFFCC0000
:10F0C0008DFFCD008EFFCE008FFFCF0090FFD000D0
:10F0D00091FFD10092FFD20093FFD30094FFD400A0
:10F0E00095FFD50096FFD60097FFD70098FFD80070
:10F0F00099FFD9009AFFDA009BFFDB009CFFDC0040
:10F100009DFFDD009EFFDE009FFFDF00E0FF91819D
:10F11000E1FF9281E2FFCA81E3FF5081E4FF55FAEB
:10F12000E5FF8F8100000000A10061FFA20062FFE7
:10F13000A30063FFA40064FFA50065FFA60066FFAF
:10F14000A70067FFA80068FFA90069FFAA006AFF7F
:10F15000AB006BFFAC006CFFAD006DFFAE006EFF4F
:10F16000AF006FFFB00070FFB10071FFB20072FF1F
:10F17000B30073FFB40074FFB50075FFB60076FFEF
:10F18000B70077FFB80078FFB90079FFBA007AFFBF
:10F19000BB007BFFBC007CFFBD007DFFBE007EFF8F
:10F1A000BF007FFFC00080FFC10081FFC20082FF5F
:10F1B000C30083FFC40084FFC50085FFC60086FF2F
:10F1C000C70087FFC80088FFC90089FFCA008AFFFF
:10F1D000CB008BFFCC008CFFCD008DFFCE008EFFCF
:10F1E000CF008FFFD00090FFD10091FFD20092FF9F
:10F1F000D30093FFD40094FFD50095FFD60096FF6F
:10F20000D70097FFD80098FFD90099FFDA009AFF3E
:10F21000DB009BFFDC009CFFDD009DFFDE009EFF0E
:10F22000DF009FFF40810030418101304281023088
:10F2300043810CFF44810EFF4581FB3046811AFF5C
:10F2400047811BFF48811FFF498101FF4A819B3095
:10F250004B819C304C81B4004D8140FF4E81A80011
:10F260004F813EFF5081E3FF51813FFF5281FD30CE
:10F270005381FE3054819D3055819E30568103303C
:10F280005781DD4E58810530598106305A8107304B
:10F290005B81FC305C8115205D8110205E810FFF59
:10F2A0005F813CFF60815EFF6181252262815CFF9E
:10F2B00063812620648125206581182066811920BC
:10F2C00067811C2068811D20698108FF6A8109FF10
:10F2D0006B8114306C8115306D813BFF6E813DFF79
:10F2E0006F815BFF70815DFF718108307281093031
:10F2F00073810A3074810B3075810C3076810D304A
:10F3000077810E3078810F30798110307A81113019
:10F310007B810BFF7C810DFF7D81B1007E81D70059
:10F320008081F70081811DFF8281602283811CFF23
:10F3300084811EFF858166228681672287811E2245
:10F3400088813422898142268A8140268B81B000BF
:10F350008C8132208D8133208E8103218F81E5FFC6
:10F36000908104FF9181E0FF9281E1FF938105FF8D
:10F37000948103FF958106FF96810AFF978120FF04
:10F380009881A700998106269A8105269B81CB2525
:10F390009C81CF259D81CE259E81C7259F81C62535
:10F3A000A081A125A181A025A281B325A381B22599
:10F3B000A481BD25A581BC25A6813B20A781123053
:10F3C000A8819221A9819021AA819121AB819321C9
:10F3D000AC811330B8810822B9810B22BA81862210
:10F3E000BB818722BC818222BD818322BE812A22E9
:10F3F000BF812922C8812722C9812822CA81E2FF30
:10F40000CB81D221CC81D421CD810022CE81032297
:10F41000DA812022DB81A522DC811223DD81022218
:10F42000DE810722DF816122E0815222E1816A22AE
:10F43000E2816B22E3811A22E4813D22E5811D22D3
:10F44000E6813522E7812B22E8812C22F0812B21D5
:10F45000F1813020F2816F26F3816D26F4816A26D6
:10F46000F5812020F6812120F781B600FC81EF256F
:10F470004F8210FF508211FF518212FF528213FF00
:10F48000538214FF548215FF558216FF568217FFD0
:10F49000578218FF588219FF608221FF618222FF84
:10F4A000628223FF638224FF648225FF658226FF38
:10F4B000668227FF678228FF688229FF69822AFF08
:10F4C0006A822BFF6B822CFF6C822DFF6D822EFFD8
:10F4D0006E822FFF6F8230FF708231FF718232FFA8
:10F4E000728233FF738234FF748235FF758236FF78
:10F4F000768237FF778238FF788239FF79823AFF48
:10F50000818241FF828242FF838243FF848244FFE3
:10F51000858245FF868246FF878247FF888248FFB3
:10F52000898249FF8A824AFF8B824BFF8C824CFF83
:10F530008D824DFF8E824EFF8F824FFF908250FF53
:10F54000918251FF928252FF938253FF948254FF23
:10F55000958255FF968256FF978257FF988258FFF3
:10F56000998259FF9A825AFF9F824130A08242308D
:10F57000A1824330A2824430A3824530A482463027
:10F58000A5824730A6824830A7824930A8824A30F7
:10F59000A9824B30AA824C30AB824D30AC824E30C7
:10F5A000AD824F30AE825030AF825130B082523097
:10F5B000B1825330B2825430B3825530B482563067
:10F5C000B5825730B6825830B7825930B8825A3037
:10F5D000B9825B30BA825C30BB825D30BC825E3007
:10F5E000BD825F30BE826030BF826130C0826230D7
:10F5F000C1826330C2826430C3826530C4826630A7
:10F60000C5826730C6826830C7826930C8826A3076
:10F61000C9826B30CA826C30CB826D30CC826E3046
:10F62000CD826F30CE827030CF827130D082723016
:10F63000D1827330D2827430D3827530D4827630E6
:10F64000D5827730D6827830D7827930D8827A30B6
:10F65000D9827B30DA827C30DB827D30DC827E3086
:10F66000DD827F30DE828030DF828130E082823056
:10F67000E1828330E2828430E3828530E482863026
:10F68000E5828730E6828830E7828930E8828A30F6
:10F69000E9828B30EA828C30EB828D30EC828E30C6
:10F6A000ED828F30EE829030EF829130F082923096
:10F6B000F18293304083A1304183A2304283A33052
:10F6C0004383A4304483A5304583A6304683A730C6
:10F6D0004783A8304883A9304983AA304A83AB3096
:10F6E0004B83AC304C83AD304D83AE304E83AF3066
:10F6F0004F83B0305083B1305183B2305283B33036
:10F700005383B4305483B5305583B6305683B73005
:10F710005783B8305883B9305983BA305A83BB30D5
:10F720005B83BC305C83BD305D83BE305E83BF30A5
:10F730005F83C0306083C1306183C2306283C33075
:10F740006383C4306483C5306583C6306683C73045
:10F750006783C8306883C9306983CA306A83CB3015
:10F760006B83CC306C83CD306D83CE306E83CF30E5
:10F770006F83D0307083D1307183D2307283D330B5
:10F780007383D4307483D5307583D6307683D73085
:10F790007783D8307883D9307983DA307A83DB3055
:10F7A0007B83DC307C83DD307D83DE307E83DF3025
:10F7B0008083E0308183E1308283E2308383E330F1
:10F7C0008483E4308583E5308683E6308783E730C1
:10F7D0008883E8308983E9308A83EA308B83EB3091
:10F7E0008C83EC308D83ED308E83EE308F83EF3061
:10F7F0009083F0309183F1309283F2309383F33031
:10F800009483F4309583F5309683F6309F8391038B
:10F81000A0839203A1839303A2839403A3839503FC
:10F82000A4839603A5839703A6839803A7839903CC
:10F83000A8839A03A9839B03AA839C03AB839D039C
:10F84000AC839E03AD839F03AE83A003AF83A1036C
:10F85000B083A303B183A403B283A503B383A60338
:10F86000B483A703B583A803B683A903BF83B103F9
:10F87000C083B203C183B303C283B403C383B5039C
:10F88000C483B603C583B703C683B803C783B9036C
:10F89000C883BA03C983BB03CA83BC03CB83BD033C
:10F8A000CC83BE03CD83BF03CE83C003CF83C1030C
:10F8B000D083C303D183C403D283C503D383C603D8
:10F8C000D483C703D583C803D683C90340841004F7
:10F8D00041841104428412044384130444841404B4
:10F8E000458415044684010447841604488417049B
:10F8F000498418044A8419044B841A044C841B0458
:10F900004D841C044E841D044F841E0450841F0427
:10F9100051842004528421045384220454842304F7
:10F9200055842404568425045784260458842704C7
:10F93000598428045A8429045B842A045C842B0497
:10F940005D842C045E842D045F842E0460842F0467
:10F9500070843004718431047284320473843304FB
:10F9600074843404758435047684510477843604B1
:10F9700078843704798438047A8439047B843A049F
:10F980007C843B047D843C047E843D0480843E046E
:10F9900081843F048284400483844104848442043B
:10F9A000858443048684440487844504888446040B
:10F9B000898447048A8448048B8449048C844A04DB
:10F9C0008D844B048E844C048F844D0490844E04AB
:10F9D00091844F049F840025A0840225A1840C25D6
:10F9E000A2841025A3841825A4841425A5841C258D
:10F9F000A6842C25A7842425A8843425A9843C2505
:10FA0000AA840125AB840325AC840F25AD8413257E
:10FA1000AE841B25AF841725B0842325B1843325FC
:10FA2000B2842B25B3843B25B4844B25B584202593
:10FA3000B6842F25B7842825B8843725B9843F2577
:10FA4000BA841D25BB843025BC842525BD8438257A
:10FA5000BE84422540876024418761244287622416
:10FA60004387632444876424458765244687662446
:10FA70004787672448876824498769244A876A2416
:10FA80004B876B244C876C244D876D244E876E24E6
:10FA90004F876F24508770245187712452877224B6
:10FAA00053877324548760215587612156876221CB
:10FAB0005787632158876421598765215A876621B2
:10FAC0005B8767215C8768215D8769215F87493390
:10FAD000608714336187223362874D33638718331D
:10FAE00064872733658703336687363367875133E7
:10FAF0006887573369870D336A8726336B872333CB
:10FB00006C872B336D874A336E873B336F879C330B
:10FB100070879D3371879E3372878E3373878F33DF
:10FB20007487C4337587A1337E877B3380871D300C
:10FB300081871F30828716218387CD3384872121D7
:10FB40008587A4328687A5328787A6328887A73221
:10FB50008987A8328A8731328B8732328C87393253
:10FB60008D877E338E877D338F877C3393872E22DC
:10FB70009487112298871F229987BF229F889C4EC5
:10FB8000A0881655A188035AA2883F96A388C0541E
:10FB9000A4881B61A5882863A688F659A7882290A7
:10FBA000A8887584A9881C83AA88507AAB88AA6023
:10FBB000AC88E163AD88256EAE88ED65AF8866845C
:10FBC000B088A682B188F59BB2889368B38827571E
:10FBD000B488A165B5887162B6889B5BB788D05937
:10FBE000B8887B86B988F498BA88627DBB88BE7D68
:10FBF000BC888E9BBD881662BE889F7CBF88B788F4
:10FC0000C088895BC188B55EC2880963C38897666E
:10FC1000C4884868C588C795C6888D97C7884F67C8
:10FC2000C888E54EC9880A4FCA884D4FCB889D4F7A
:10FC3000CC884950CD88F256CE883759CF88D459D0
:10FC4000D088015AD188095CD288DF60D3880F61DF
:10FC5000D4887061D5881366D6880569D788BA704C
:10FC6000D8884F75D9887075DA88FB79DB88AD7DC7
:10FC7000DC88EF7DDD88C380DE880E84DF886388C2
:10FC8000E088028BE1885590E2887A90E3883B53C4
:10FC9000E488954EE588A54EE688DF57E788B28070
:10FCA000E888C190E988EF78EA88004EEB88F1583F
:10FCB000EC88A26EED883890EE88327AEF8828833F
:10FCC000F0888B82F1882F9CF2884151F388705321
:10FCD000F488BD54F588E154F688E056F788FB595E
:10FCE000F888155FF988F298FA88EB6DFB88E48054
:10FCF000FC882D8540896296418970964289A0963C
:10FD00004389FB9744890B544589F3534689875BA4
:10FD10004789CF704889BD7F4989C28F4A89E89653
:10FD20004B896F534C895C9D4D89BA7A4E89114E2F
:10FD30004F8993785089FC815189266E52891856D3
:10FD40005389045554891D6B55891A8556893B9CE6
:10FD50005789E5595889A9535989666D5A89DC74C0
:10FD60005B898F955C8942565D89914E5E894B9087
:10FD70005F89F29660894F8361890C996289E153AA
:10FD80006389B6556489305B6589715F66892066D1
:10FD90006789F366688904686989386C6A89F36CD5
:10FDA0006B89296D6C895B746D89C8766E894E7A12
:10FDB0006F8934987089F18271895B887289608A51
:10FDC0007389ED927489B26D7589AB757689CA763F
:10FDD0007789C5997889A6607989018B7A898A8D16
:10FDE0007B89B2957C898E697D89AD537E898651E8
:10FDF0008089125781893058828944598389B45B3C
:10FE00008489F65E858928608689A9638789F46379
:10FE10008889BF6C8989146F8A898E708B89147167
:10FE20008C8959718D89D5718E893F738F89017E37
:10FE3000908976829189D182928997859389609001
:10FE400094895B9295891B9D968969589789BC65B1
:10FE500098895A6C998925759A89F9519B892E59E7
:10FE60009C8965599D89805F9E89DC5F9F89BC6202
:10FE7000A089FA65A1892A6AA289276BA389B46B34
:10FE8000A4898B73A589C17FA6895689A7892C9DD2
:10FE9000A8890E9DA989C49EAA89A15CAB89966C8C
:10FEA000AC897B83AD890451AE894B5CAF89B66167
:10FEB000B089C681B1897668B2896172B389594EB9
:10FEC000B489FA4FB5897853B6896960B789296EC4
:10FED000B8894F7AB989F397BA890B4EBB89165303
:10FEE000BC89EE4EBD89554FBE893D4FBF89A14F9C
:10FEF000C089734FC189A052C289EF53C389095683
:10FF0000C4890F59C589C15AC689B65BC789E15BE7
:10FF1000C889D179C9898766CA899C67CB89B66740
:10FF2000CC894C6BCD89B36CCE896B70CF89C27391
:10FF3000D0898D79D189BE79D2893C7AD389877B62
:10FF4000D489B182D589DB82D6890483D789778326
:10FF5000D889EF83D989D383DA896687DB89B28A26
:10FF6000DC892956DD89A88CDE89E68FDF894E90F1
:10FF7000E0891E97E1898A86E289C44FE389E85CBB
:10FF8000E4891162E5895972E6893B75E789E58163
:10FF9000E889BD82E989FE86EA89C08CEB89C5962D
:10FFA000EC891399ED89D599EE89CB4EEF891A4FDB
:10FFB000F089E389F189DE56F2894A58F389CA58F3
:10FFC000F489FB5EF589EB5FF6892A60F789946016
:10FFD000F8896260F989D061FA891262FB89D0627E
:10FFE000FC893965408A419B418A6666428AB068CD
:10FFF000438A776D448A7070458A4C75468A867646
:020000040804EE
:10000000478A757D488AA582498AF9874A8A8B95ED
:100010004B8A8E964C8A9D8C4D8AF1514E8ABE52E7
:100020004F8A1659508AB354518AB35B528A165D6F
:10003000538A6861548A8269558AAF6D568A8D7871
:10004000578ACB84588A5788598A728A5A8AA793C2
:100050005B8AB89A5C8A6C6D5D8AA8995E8AD9863B
:100060005F8AA357608AFF67618ACE86628A0E9292
:10007000638A8352648A8756658A0454668AD35E8B
:10008000678AE162688AB964698A3C686A8A386802
:100090006B8ABB6B6C8A72736D8ABA786E8A6B7A64
:1000A0006F8A9A89708AD289718A6B8D728A038F5E
:1000B000738AED90748AA395758A9496768A699767
:1000C000778A665B788AB35C798A7D697A8A4D988B
:1000D0007B8A4E987C8A9B637D8A207B7E8A2B6AF2
:1000E000808A7F6A818AB668828A0D9C838A5F6F64
:1000F000848A7252858A9D55868A7060878AEC62EE
:10010000888A3B6D898A076E8A8AD16E8B8A5B8466
:100110008C8A10898D8A448F8E8A144E8F8A399CDE
:10012000908AF653918A1B69928A3A6A938A8497D5
:10013000948A2A68958A5C51968AC37A978AB2848F
:10014000988ADC91998A8C939A8A5B569B8A289D1F
:100150009C8A22689D8A05839E8A31849F8AA57C19
:10016000A08A0852A18AC582A28AE674A38A7E4E1A
:10017000A48A834FA58AA051A68AD25BA78A0A5275
:10018000A88AD852A98AE752AA8AFB5DAB8A9A55F7
:10019000AC8A2A58AD8AE659AE8A8C5BAF8A985BE6
:1001A000B08ADB5BB18A725EB28A795EB38AA36081
:1001B000B48A1F61B58A6361B68ABE61B78ADB63A0
:1001C000B88A6265B98AD167BA8A5368BB8AFA6805
:1001D000BC8A3E6BBD8A536BBE8A576CBF8A226F46
:1001E000C08A976FC18A456FC28AB074C38A187576
:1001F000C48AE376C58A0B77C68AFF7AC78AA17B51
:10020000C88A217CC98AE97DCA8A367FCB8AF07F79
:10021000CC8A9D80CD8A6682CE8A9E83CF8AB3891E
:10022000D08ACC8AD18AAB8CD28A8490D38A5194DA
:10023000D48A9395D58A9195D68AA295D78A6596C0
:10024000D88AD397D98A2899DA8A1882DB8A384ED5
:10025000DC8A2B54DD8AB85CDE8ACC5DDF8AA97328
:10026000E08A4C76E18A3C77E28AA95CE38AEB7FFC
:10027000E48A0B8DE58AC196E68A1198E78A54983C
:10028000E88A5898E98A014FEA8A0E4FEB8A71533F
:10029000EC8A9C55ED8A6856EE8AFA57EF8A4759E0
:1002A000F08A095BF18AC45BF28A905CF38A0C5E87
:1002B000F48A7E5EF58ACC5FF68AEE63F78A3A6747
:1002C000F88AD765F98AE265FA8A1F67FB8ACB68E4
:1002D000FC8AC468408B5F6A418B305E428BC56B81
:1002E000438B176C448B7D6C458B7F75468B4879AF
:1002F000478B635B488B007A498B007D4A8BBD5FDF
:100300004B8B8F894C8B188A4D8BB48C4E8B778D91
:100310004F8BCC8E508B1D8F518BE298528B0E9A47
:10032000538B3C9B548B804E558B7D50568B00518C
:10033000578B9359588B9C5B598B2F625A8B8062D9
:100340005B8BEC645C8B3A6B5D8BA0725E8B917502
:100350005F8B4779608BA97F618BFB87628BBC8A3F
:10036000638B708B648BAC63658BCA83668BA09741
:10037000678B0954688B0354698BAB556A8B54683F
:100380006B8B586A6C8B708A6D8B27786E8B756758
:100390006F8BCD9E708B7453718BA25B728B1A81A5
:1003A000738B5086748B0690758B184E768B454EEA
:1003B000778BC74E788B114F798BCA537A8B385411
:1003C0007B8BAE5B7C8B135F7D8B25607E8B516559
:1003D000808B3D67818B426C828B726C838BE36C6C
:1003E000848B7870858B0374868B767A878BAE7A54
:1003F000888B087B898B1A7D8A8BFE7C8B8B667D34
:100400008C8BE7658D8B5B728E8BBB538F8B455CC2
:10041000908BE85D918BD262928BE062938B196333
:10042000948B206E958B5A86968B318A978BDD8DB7
:10043000988BF892998B016F9A8BA6799B8B5A9B1C
:100440009C8BA84E9D8BAB4E9E8BAC4E9F8B9B4F37
:10045000A08BA04FA18BD150A28B4751A38BF67AD2
:10046000A48B7151A58BF651A68B5453A78B2153A6
:10047000A88B7F53A98BEB53AA8BAC55AB8B8358BE
:10048000AC8BE15CAD8B375FAE8B4A5FAF8B2F607F
:10049000B08B5060B18B6D60B28B1F63B38B5965AD
:1004A000B48B4B6AB58BC16CB68BC272B78BED72D5
:1004B000B88BEF77B98BF880BA8B0581BB8B08823C
:1004C000BC8B4E85BD8BF790BE8BE193BF8BFF97A6
:1004D000C08B5799C18B5A9AC28BF04EC38BDD519A
:1004E000C48B2D5CC58B8166C68B6D69C78B405CE8
:1004F000C88BF266C98B7569CA8B8973CB8B5068C0
:10050000CC8B817CCD8BC550CE8BE452CF8B4757A3
:10051000D08BFE5DD18B2693D28BA465D38B236BBE
:10052000D48B3D6BD58B3474D68B8179D78BBD79C9
:10053000D88B4B7BD98BCA7DDA8BB982DB8BCC8392
:10054000DC8B7F88DD8B5F89DE8B398BDF8BD18FF6
:10055000E08BD191E18B1F54E28B8092E38B5D4E57
:10056000E48B3650E58BE553E68B3A53E78BD77235
:10057000E88B9673E98BE977EA8BE682EB8BAF8E9B
:10058000EC8BC699ED8BC899EE8BD299EF8B775196
:10059000F08B1A61F18B5E86F28BB055F38B7A7A11
:1005A000F48B7650F58BD35BF68B4790F78B859663
:1005B000F88B324EF98BDB6AFA8BE791FB8B515C3F
:1005C000FC8B485C408C9863418C9F7A428C936C86
:1005D000438C7497448C618F458CAA7A468C8A71BF
:1005E000478C8896488C827C498C17684A8C707E30
:1005F0004B8C51684C8C6C934D8CF2524E8C1B542E
:100600004F8CAB85508C138A518CA47F528CCD8E2D
:10061000538CE190548C6653558C8888568C417964
:10062000578CC24F588CBE50598C11525A8C445121
:100630005B8C53555C8C2D575D8CEA735E8C8B57AD
:100640005F8C5159608C625F618C845F628C7560D5
:10065000638C7661648C6761658CA961668CB2631A
:10066000678C3A64688C6C65698C6F666A8C4268CA
:100670006B8C136E6C8C66756D8C3D7A6E8CFB7C0E
:100680006F8C4C7D708C997D718C4B7E728C6B7FE6
:10069000738C0E83748C4A83758CCD86768C088A15
:1006A000778C638A788C668B798CFD8E7A8C1A981D
:1006B0007B8C8F9D7C8CB8827D8CCE8F7E8CE89BD2
:1006C000808C8752818C1F62828C8364838CC06F84
:1006D000848C9996858C4168868C9150878C206B90
:1006E000888C7A6C898C546F8A8C747A8B8C507D50
:1006F0008C8C40888D8C238A8E8C08678F8CF64E6C
:10070000908C3950918C2650928C6550938C7C51F2
:10071000948C3852958C6352968CA755978C0F57B2
:10072000988C0558998CCC5A9A8CFA5E9B8CB26145
:100730009C8CF8619D8CF3629E8C72639F8C1C690B
:10074000A08C296AA18C7D72A28CAC72A38C2E73B2
:10075000A48C1478A58C6F78A68C797DA78C0C77E7
:10076000A88CA980A98C8B89AA8C198BAB8CE28C64
:10077000AC8CD28EAD8C6390AE8C7593AF8C7A9628
:10078000B08C5598B18C139AB28C789EB38C43512F
:10079000B48C9F53B58CB353B68C7B5EB78C265FFD
:1007A000B88C1B6EB98C906EBA8C8473BB8CFE7344
:1007B000BC8C437DBD8C3782BE8C008ABF8CFA8A8C
:1007C000C08C5096C18C4E4EC28C0B50C38CE453DF
:1007D000C48C7C54C58CFA56C68CD159C78C645BCA
:1007E000C88CF15DC98CAB5ECA8C275FCB8C38623C
:1007F000CC8C4565CD8CAF67CE8C566ECF8CD072CD
:10080000D08CCA7CD18CB488D28CA180D38CE1806E
:10081000D48CF083D58C4E86D68C878AD78CE88D85
:10082000D88C3792D98CC796DA8C6798DB8C139F5B
:10083000DC8C944EDD8C924EDE8C0D4FDF8C485359
:10084000E08C4954E18C3E54E28C2F5AE38C8C5F4F
:10085000E48CA15FE58C9F60E68CA768E78C8E6ACC
:10086000E88C5A74E98C8178EA8C9E8AEB8CA48A95
:10087000EC8C778BED8C9091EE8C5E4EEF8CC99B5F
:10088000F08CA44EF18C7C4FF28CAF4FF38C19504E
:10089000F48C1650F58C4951F68C6C51F78C9F52A4
:1008A000F88CB952F98CFE52FA8C9A53FB8CE353B4
:1008B000FC8C1154408D0E54418D8955428D5157F9
:1008C000438DA257448D7D59458D545B468D5D5BAC
:1008D000478D8F5B488DE55D498DE75D4A8DF75DFE
:1008E0004B8D785E4C8D835E4D8D9A5E4E8DB75EDE
:1008F0004F8D185F508D5260518D4C61528D9762B3
:10090000538DD862548DA763558D3B65568D026615
:10091000578D4366588DF466598D6D675A8D2168E1
:100920005B8D97685C8DCB695D8D5F6C5E8D2A6D8C
:100930005F8D696D608D2F6E618D9D6E628D3275DC
:10094000638D8776648D6C78658D3F7A668DE07CEB
:10095000678D057D688D187D698D5E7D6A8DB17DA1
:100960006B8D15806C8D03806D8DAF806E8DB18029
:100970006F8D5481708D8F81718D2A82728D52831B
:10098000738D4C88748D6188758D1B8B768DA28CD0
:10099000778DFC8C788DCA90798D75917A8D719256
:1009A0007B8D3F787C8DFC927D8DA4957E8D4D96C0
:1009B000808D0598818D9999828DD89A838D3B9DE4
:1009C000848D5B52858DAB52868DF753878D08548D
:1009D000888DD558898DF7628A8DE06F8B8D6A8CF2
:1009E0008C8D5F8F8D8DB99E8E8D4B518F8D3B522F
:1009F000908D4A54918DFD56928D407A938D7791CA
:100A0000948D609D958DD29E968D4473978D096FC0
:100A1000988D7081998D11759A8DFD5F9B8DDA602F
:100A20009C8DA89A9D8DDB729E8DBC8F9F8D646B73
:100A3000A08D0398A18DCA4EA28DF056A38D645748
:100A4000A48DBE58A58D5A5AA68D6860A78DC76122
:100A5000A88D0F66A98D0666AA8D3968AB8DB16821
:100A6000AC8DF76DAD8DD575AE8D3A7DAF8D6E8247
:100A7000B08D429BB18D9B4EB28D504FB38DC953FB
:100A8000B48D0655B58D6F5DB68DE65DB78DEE5DA7
:100A9000B88DFB67B98D996CBA8D7374BB8D027874
:100AA000BC8D508ABD8D9693BE8DDF88BF8D50570B
:100AB000C08DA75EC18D2B63C28DB550C38DAC5068
:100AC000C48D8D51C58D0067C68DC954C78D5E58C4
:100AD000C88DBB59C98DB05BCA8D695FCB8D4D6226
:100AE000CC8DA163CD8D3D68CE8D736BCF8D086E9F
:100AF000D08D7D70D18DC791D28D8072D38D1578B8
:100B0000D48D2678D58D6D79D68D8E65D78D307D37
:100B1000D88DDC83D98DC188DA8D098FDB8D9B96CA
:100B2000DC8D6452DD8D2857DE8D5067DF8D6A7F46
:100B3000E08DA18CE18DB451E28D4257E38D2A9670
:100B4000E48D3A58E58D8A69E68DB480E78DB2541C
:100B5000E88D0E5DE98DFC57EA8D9578EB8DFA9D59
:100B6000EC8D5C4FED8D4A52EE8D8B54EF8D3E64D3
:100B7000F08D2866F18D1467F28DF567F38D847A18
:100B8000F48D567BF58D227DF68D2F93F78D5C6865
:100B9000F88DAD9BF98D397BFA8D1953FB8D8A51F8
:100BA000FC8D3752408EDF5B418EF662428EAE6422
:100BB000438EE664448E2D67458EBA6B468EA985BA
:100BC000478ED196488E9076498ED69B4A8E4C633E
:100BD0004B8E06934C8EAB9B4D8EBF764E8E5266DF
:100BE0004F8E094E508E9850518EC253528E715C6A
:100BF000538EE860548E9264558E6365568E5F689E
:100C0000578EE671588ECA73598E23755A8E977B0C
:100C10005B8E827E5C8E95865D8E838B5E8EDB8C9A
:100C20005F8E7891608E1099618EAC65628EAB6636
:100C3000638E8B6B648ED54E658ED44E668E3A4F26
:100C4000678E7F4F688E3A52698EF8536A8EF253E0
:100C50006B8EE3556C8EDB566D8EEB586E8ECB59DA
:100C60006F8EC959708EFF59718E505B728E4D5CBC
:100C7000738E025E748E2B5E758ED75F768E1D60CE
:100C8000778E0763788E2F65798E5C5B7A8EAF6581
:100C90007B8EBD657C8EE8657D8E9D677E8E626BEA
:100CA000808E7B6B818E0F6C828E4573838E49792B
:100CB000848EC179858EF87C868E197D878E2B7DFA
:100CC000888EA280898E02818A8EF3818B8E96898E
:100CD0008C8E5E8A8D8E698A8E8E668A8F8E8C8AC5
:100CE000908EEE8A918EC78C928EDC8C938ECC96F1
:100CF000948EFC98958E6F6B968E8B4E978E3C4F94
:100D0000988E8D4F998E50519A8E575B9B8EFA5BC1
:100D10009C8E48619D8E01639E8E42669F8E216BE4
:100D2000A08ECB6EA18EBB6CA28E3E72A38EBD74C4
:100D3000A48ED475A58EC178A68E3A79A78E0C8024
:100D4000A88E3380A98EEA81AA8E9484AB8E9E8F62
:100D5000AC8E506CAD8E7F9EAE8E0F5FAF8E588B7B
:100D6000B08E2B9DB18EFA7AB28EF88EB38E8D5BDB
:100D7000B48EEB96B58E034EB68EF153B78EF75701
:100D8000B88E3159B98EC95ABA8EA45BBB8E8960B0
:100D9000BC8E7F6EBD8E066FBE8EBE75BF8EEA8C1A
:100DA000C08E9F5BC18E0085C28EE07BC38E725069
:100DB000C48EF467C58E9D82C68E615CC78E4A85DF
:100DC000C88E1E7EC98E0E82CA8E9951CB8E045C4F
:100DD000CC8E6863CD8E668DCE8E9C65CF8E6E7107
:100DE000D08E3E79D18E177DD28E0580D38E1D8B0D
:100DF000D48ECA8ED58E6E90D68EC786D78EAA9088
:100E0000D88E1F50D98EFA52DA8E3A5CDB8E536739
:100E1000DC8E7C70DD8E3572DE8E4C91DF8EC8915B
:100E2000E08E2B93E18EE582E28EC25BE38E315F32
:100E3000E48EF960E58E3B4EE68ED653E78E885BF6
:100E4000E88E4B62E98E3167EA8E8A6BEB8EE9722F
:100E5000EC8EE073ED8E2E7AEE8E6B81EF8EA38D8D
:100E6000F08E5291F18E9699F28E1251F38ED753E5
:100E7000F48E6A54F58EFF5BF68E8863F78E396ABE
:100E8000F88EAC7DF98E0097FA8EDA56FB8ECE5333
:100E9000FC8E6854408F975B418F315C428FDE5DE2
:100EA000438FEE4F448F0161458FFE62468F326D56
:100EB000478FC079488FCB79498F427D4A8F4D7ECD
:100EC0004B8FD27F4C8FED814D8F1F824E8F908440
:100ED0004F8F4688508F7289518F908B528F748EAE
:100EE000538F2F8F548F3190558F4B91568F6C911C
:100EF000578FC696588F9C91598FC04E5A8F4F4F1F
:100F00005B8F45515C8F41535D8F935F5E8F0E62A7
:100F10005F8FD467608F416C618F0B6E628F6373DC
:100F2000638F267E648FCD91658F8392668FD453B5
:100F3000678F1959688FBF5B698FD16D6A8F5D7933
:100F40006B8F2E7E6C8F9B7C6D8F7E586E8F9F710A
:100F50006F8FFA51708F5388718FF08F728FCA4FD5
:100F6000738FFB5C748F2566758FAC77768FE37A11
:100F7000778F1C82788FFF99798FC6517A8FAA5FFD
:100F80007B8FEC657C8F6F697D8F896B7E8FF36DB6
:100F9000808F966E818F646F828FFE76838F147D33
:100FA000848FE15D858F7590868F8791878F0698F6
:100FB000888FE651898F1D528A8F40628B8F916690
:100FC0008C8FD9668D8F1A6E8E8FB65E8F8FD27D85
:100FD000908F727F918FF866928FAF85938FF78590
:100FE000948FF88A958FA952968FD953978F7359FA
:100FF000988F8F5E998F905F9A8F55609B8FE49248
:101000009C8F64969D8FB7509E8F1F519F8FDD528E
:10101000A08F2053A18F4753A28FEC53A38FE85486
:10102000A48F4655A58F3155A68F1756A78F68599F
:10103000A88FBE59A98F3C5AAA8FB55BAB8F065CAF
:10104000AC8F0F5CAD8F115CAE8F1A5CAF8F845E7E
:10105000B08F8A5EB18FE05EB28F705FB38F7F62B8
:10106000B48F8462B58FDB62B68F8C63B78F776382
:10107000B88F0766B98F0C66BA8F2D66BB8F766600
:10108000BC8F7E67BD8FA268BE8F1F6ABF8F356A17
:10109000C08FBC6CC18F886DC28F096EC38F586EB4
:1010A000C48F3C71C58F2671C68F6771C78FC77596
:1010B000C88F0177C98F5D78CA8F0179CB8F657929
:1010C000CC8FF079CD8FE07ACE8F117BCF8FA77C3C
:1010D000D08F397DD18F9680D28FD683D38F8B845A
:1010E000D48F4985D58F5D88D68FF388D78F1F8A97
:1010F000D88F3C8AD98F548ADA8F738ADB8F618CC0
:10110000DC8FDE8CDD8FA491DE8F6692DF8F7E9385
:10111000E08F1894E18F9C96E28F9897E38F0A4EA8
:10112000E48F084EE58F1E4EE68F574EE78F97519E
:10113000E88F7052E98FCE57EA8F3458EB8FCC5836
:10114000EC8F225BED8F385EEE8FC560EF8FFE6413
:10115000F08F6167F18F5667F28F446DF38FB6722F
:10116000F48F7375F58F637AF68FB884F78F728B6F
:10117000F88FB891F98F2093FA8F3156FB8FF4577F
:10118000FC8FFE984090ED6241900D694290966B05
:101190004390ED714490547E4590778046907282E2
:1011A0004790E6894890DF98499055874A90B18FDB
:1011B0004B903B5C4C90384F4D90E14F4E90B54F6B
:1011C0004F9007555090205A5190DD5B5290E95B4B
:1011D0005390C35F54904E6155902F635690B06505
:1011E00057904B665890EE6859909B695A90786D6D
:1011F0005B90F16D5C9033755D90B9755E901F7773
:101200005F905E796090E6796190337D6290E381D2
:101210006390AF826490AA856590AA8966903A8AA5
:101220006790AB8E68909B8F699032906A90DD9149
:101230006B9007976C90BA4E6D90C14E6E900352B2
:101240006F9075587090EC5871900B5C72901A7595
:1012500073903D5C74904E8175900A8A7690C58F2C
:101260007790639678906D977990257B7A90CF8A66
:101270007B9008987C9062917D90F3567E90A85365
:101280008090179081903954829082578390255E88
:101290008490A8638590346C86908A70879061777B
:1012A00088908B7C8990E07F8A9070888B904290A8
:1012B0008C9054918D9010938E9018938F908F9660
:1012C00090905E749190C49A9290075D9390695D3E
:1012D000949070659590A2679690A88D9790DB96F4
:1012E00098906E63999049679A9019699B90C5830D
:1012F0009C9017989D90C0969E90FE889F90846FBA
:10130000A0907A64A190F85BA290164EA3902C70E6
:10131000A4905D75A5902F66A690C451A7903652F3
:10132000A890E252A990D359AA90815FAB90276010
:10133000AC901062AD903F65AE907465AF901F6643
:10134000B0907466B190F268B2901668B390636B17
:10135000B490056EB5907272B6901F75B790DB763B
:10136000B890BE7CB9905680BA90F058BB90FD887A
:10137000BC907F89BD90A08ABE90938ABF90CB8A93
:10138000C0901D90C1909291C2905297C39059976E
:10139000C4908965C5900E7AC6900681C790BB96A9
:1013A000C8902D5EC990DC60CA901A62CB90A5658A
:1013B000CC901466CD909067CE90F377CF904D7A15
:1013C000D0904D7CD1903E7ED2900A81D390AC8C4F
:1013D000D490648DD590E18DD6905F8ED790A9780A
:1013E000D8900752D990D962DA90A563DB90426415
:1013F000DC909862DD902D8ADE90837ADF90C07B4E
:10140000E090AC8AE190EA96E290767DE3900C82DF
:10141000E4904987E590D94EE6904851E7904353D0
:10142000E8906053E990A35BEA90025CEB90165C55
:10143000EC90DD5DED902662EE904762EF90B06437
:10144000F0901368F1903468F290C96CF390456D98
:10145000F490176DF590D367F6905C6FF7904E712E
:10146000F8907D71F990CB65FA907F7AFB90AD7B17
:10147000FC90DA7D40914A7E4191A87F42917A8129
:1014800043911B82449139824591A68546916E8A8B
:101490004791CE8C4891F58D499178904A917790FB
:1014A0004B91AD924C9191924D9183954E91AE9B03
:1014B0004F914D52509184555191386F52913671E0
:1014C00053916851549185795591557E5691B381C8
:1014D0005791CE7C58914C56599151585A91A85CCD
:1014E0005B91AA635C91FE665D91FD665E915A69AF
:1014F0005F91D97260918F7561918E7562910E794D
:10150000639156796491DF796591977C6691207D2E
:101510006791447D689107866991348A6A913B9608
:101520006B9161906C91209F6D91E7506E91755217
:101530006F91CC537091E253719109507291AA55F9
:101540007391EE5874914F5975913D7276918B5B02
:101550007791645C78911D537991E3607A91F3609F
:101560007B915C637C9183637D913F637E91BB63E0
:101570008091CD648191E9658291F9668391E35D03
:101580008491CD698591FD698691156F8791E5718B
:101590008891894E8991E9758A91F8768B91937A31
:1015A0008C91DF7C8D91CF7D8E919C7D8F91618020
:1015B000909149839191588392916C849391BC84CA
:1015C0009491FB859591C5889691708D9791019026
:1015D00098916D90999197939A911C979B91129ADB
:1015E0009C91CF509D9197589E918E619F91D381F0
:1015F000A0913585A191088DA2912090A391C34F10
:10160000A4917450A5914752A6917353A7916F600E
:10161000A8914963A9915F67AA912C6EAB91B38D94
:10162000AC911F90AD91D74FAE915E5CAF91CA8CDB
:10163000B091CF65B1919A7DB2915253B391968892
:10164000B4917651B591C363B691585BB7916B5B1A
:10165000B8910A5CB9910D64BA915167BB915C90E5
:10166000BC91D64EBD911A59BE912A59BF91706C4A
:10167000C091518AC1913E55C2911558C391A55947
:10168000C491F060C5915362C691C167C79135821C
:10169000C8915569C9914096CA91C499CB91289A2D
:1016A000CC91534FCD910658CE91FE5BCF911080D7
:1016B000D091B15CD1912F5ED291855FD3912060A2
:1016C000D4914B61D5913462D691FF66D791F06C7D
:1016D000D891DE6ED991CE80DA917F81DB91D48270
:1016E000DC918B88DD91B88CDE910090DF912E909B
:1016F000E0918A96E191DB9EE291DB9BE391E34EE0
:10170000E491F053E5912759E6912C7BE7918D9177
:10171000E8914C98E991F99DEA91DD6EEB91277083
:10172000EC915353ED914455EE91855BEF915862E6
:10173000F0919E62F191D362F291A26CF391EF6FFE
:10174000F4912274F591178AF6913894F791C16F4C
:10175000F891FE8AF9913883FA91E751FB91F88666
:10176000FC91EA534092E9534192464F4292549081
:101770004392B08F44926A59459231814692FD5D01
:101780004792EA7A4892BF8F4992DA684A92378C38
:101790004B92F8724C92489C4D923D6A4E92B08AA0
:1017A0004F92394E50925853519206565292665764
:1017B0005392C5625492A2635592E66556924E6B5F
:1017C0005792E16D58925B6E5992AD705A92ED77D7
:1017D0005B92EF7A5C92AA7B5D92BB7D5E923D80CC
:1017E0005F92C6806092CB866192958A62925B938B
:1017F0006392E3566492C75865923E5F6692AD6508
:10180000679296666892806A6992B56B6A9237753C
:101810006B92C78A6C9224506D92E5776E92305726
:101820006F921B5F7092656071927A667292606CC3
:101830007392F47574921A7A75926E7F7692F4812F
:1018400077921887789245907992B3997A92C97B6A
:101850007B925C757C92F97A7D92517B7E92C484F6
:10186000809210908192E9798292927A8392368363
:101870008492E15A8592407786922D4E8792F24E5D
:101880008892995B8992E05F8A92BD628B923C66F6
:101890008C92F1678D92E86C8E926B868F9277882E
:1018A00090923B8A91924E919292F3929392D09918
:1018B0009492176A9592267096922A739792E7826D
:1018C000989257849992AF8C9A92014E9B9246516E
:1018D0009C92CB519D928B559E92F55B9F92165E8A
:1018E000A092335EA192815EA292145FA392355FB3
:1018F000A4926B5FA592B45FA692F261A792116366
:10190000A892A266A9921D67AA926E6FAB925272BC
:10191000AC923A75AD923A77AE927480AF923981BB
:10192000B0927881B1927687B292BF8AB392DC8A04
:10193000B492858DB592F38DB6929A92B7927795BF
:10194000B8920298B992E59CBA92C552BB9257637D
:10195000BC92F476BD921567BE92886CBF92CD732F
:10196000C092C38CC192AE93C2927396C392256DFE
:10197000C4929C58C5920E69C692CC69C792FD8FDD
:10198000C8929A93C992DB75CA921A90CB925A5810
:10199000CC920268CD92B463CE92FB69CF92434F52
:1019A000D0922C6FD192D867D292BB8FD3922685DA
:1019B000D492B47DD5925493D6923F69D792706FEA
:1019C000D8926A57D992F758DA922C5BDB922C7D29
:1019D000DC922A72DD920A54DE92E391DF92B49D8A
:1019E000E092AD4EE1924E4FE2925C50E392755020
:1019F000E4924352E5929E8CE6924854E792245832
:101A0000E8929A5BE9921D5EEA92955EEB92AD5E7A
:101A1000EC92F75EED921F5FEE928C60EF92B562F2
:101A2000F0923A63F192D063F292AF68F392406C15
:101A3000F4928778F5928E79F6920B7AF792E07DA0
:101A4000F8924782F992028AFA92E68AFB92448ED1
:101A5000FC9213904093B89041932D914293D8916A
:101A600043930E9F4493E56C459358644693E26418
:101A7000479375654893F46E499384764A931B7B2C
:101A80004B9369904C93D1934D93BA6E4E93F2540D
:101A90004F93B95F5093A46451934D8F5293ED8F40
:101AA000539344925493785155936B5856932959B4
:101AB0005793555C5893975E5993FB6D5A938F7E5D
:101AC0005B931C755C93BC8C5D93E28E5E935B981C
:101AD0005F93B97060931D4F6193BF6B6293B16F59
:101AE000639330756493FB9665934E5166931054DF
:101AF00067933558689357586993AC596A93605CFB
:101B00006B93925F6C9397656D935C676E93216E98
:101B10006F937B767093DF837193ED8C7293149047
:101B20007393FD9074934D937593257876933A78DB
:101B30007793AA527893A65E79931F577A93745934
:101B40007B9312607C9312507D935A517E93AC51DB
:101B50008093CD51819300528293105583935458B2
:101B600084935858859357598693955B8793F65C71
:101B700088938B5D8993BC608A9395628B932D6467
:101B80008C9371678D9343688E93BC688F93DF68E5
:101B90009093D7769193D86D92936F6E93939B6D3C
:101BA00094936F709593C8719693535F9793D8757C
:101BB000989377799993497B9A93547B9B93527B23
:101BC0009C93D67C9D93717D9E9330529F936384AA
:101BD000A0936985A193E485A2930E8AA393048BB5
:101BE000A493468CA5930F8EA6930390A7930F9072
:101BF000A8931994A9937696AA932D98AB93309AAB
:101C0000AC93D895AD93CD50AE93D552AF930C54C1
:101C1000B0930258B1930E5CB293A761B3939E64E4
:101C2000B4931E6DB593B377B693E57AB793F4800A
:101C3000B8930484B9935390BA938592BB93E05CB4
:101C4000BC93079DBD933F53BE93975FBF93B35F14
:101C5000C0939C6DC1937972C2936377C393BF792C
:101C6000C493E47BC593D26BC693EC72C793AD8AE1
:101C7000C8930368C993616ACA93F851CB93817A78
:101C8000CC933469CD934A5CCE93F69CCF93EB8290
:101C9000D093C55BD1934991D2931E70D39378565C
:101CA000D4936F5CD593C760D6936665D7938C6CDD
:101CB000D8935A8CD9934190DA931398DB9351546B
:101CC000DC93C766DD930D92DE934859DF93A390B2
:101CD000E0938551E1934D4EE293EA51E393998568
:101CE000E4930E8BE5935870E6937A63E7934B93F6
:101CF000E8936269E993B499EA93047EEB9377756C
:101D0000EC935753ED936069EE93DF8EEF93E39678
:101D1000F0935D6CF1938C4EF2933C5CF393105F07
:101D2000F493E98FF5930253F693D18CF79389805E
:101D3000F8937986F993FF5EFA93E565FB93734E0A
:101D4000FC9365514094825941943F5C4294EE97D4
:101D50004394FB4E44948A594594CD5F46948D8AB2
:101D60004794E16F4894B079499462794A94E75B6B
:101D70004B9471844C942B734D94B1714E94745E5A
:101D80004F94F55F50947B6351949A645294C3715D
:101D90005394987C5494434E5594FC5E56944B4E09
:101DA0005794DC575894A2565994A9605A94C36F1B
:101DB0005B940D7D5C94FD805D9433815E94BF8166
:101DC0005F94B28F609497896194A4866294F45D65
:101DD00063948A626494AD64659487896694776736
:101DE0006794E26C68943E6D699436746A943478B2
:101DF0006B94465A6C94757F6D94AD826E94AC99D9
:101E00006F94F34F7094C35E7194DD627294926329
:101E10007394576574946F677594C37676944C7217
:101E20007794CC807894BA807994298F7A944D9164
:101E30007B940D507C94F9577D94925A7E948568DA
:101E400080947369819464718294FD728394B78CD9
:101E50008494F2588594E08C86946A9687941990BD
:101E600088947F878994E4798A94E7778B9429848E
:101E70008C942F4F8D9465528E945A538F94CD62CB
:101E80009094CF679194CA6C92947D769394947B4E
:101E90009494957C95943682969484859794EB8F50
:101EA0009894DD669994206F9A9406729B941B7E99
:101EB0009C94AB839D94C1999E94A69E9F94FD5142
:101EC000A094B17BA1947278A294B87BA3948780EC
:101ED000A494487BA594E86AA694615EA7948C803C
:101EE000A8945175A9946075AA946B51AB946292B1
:101EF000AC948C6EAD947A76AE949791AF94EA9A46
:101F0000B094104FB194707FB2949C62B3944F7BA5
:101F1000B494A595B594E99CB6947A56B79459585B
:101F2000B894E486B994BC96BA94344FBB942452C6
:101F3000BC944A53BD94CD53BE94DB53BF94065E0C
:101F4000C0942C64C1949165C2947F67C3943E6C25
:101F5000C4944E6CC5944872C694AF72C794ED7326
:101F6000C8945475C994417ECA942C82CB94E98557
:101F7000CC94A98CCD94C47BCE94C691CF94697136
:101F8000D0941298D194EF98D2943D63D39469661B
:101F9000D4946A75D594E476D694D078D794438552
:101FA000D894EE86D9942A53DA945153DB9426546C
:101FB000DC948359DD94875EDE947C5FDF94B260AD
:101FC000E0944962E1947962E294AB62E3949065B3
:101FD000E494D46BE594CC6CE694B275E794AE7659
:101FE000E8949178E994D879EA94CB7DEB94777F63
:101FF000EC94A580ED94AB88EE94B98AEF94BB8CF9
:10200000F0947F90F1945E97F294DB98F3940B6ACE
:10201000F494387CF5949950F6943E5CF794AE5F56
:10202000F8948767F994D86BFA943574FB94097720
:10203000FC948E7F40953B9F4195CA674295177AE5
:102040004395395344958B754595ED9A4695665F52
:1020500047959D814895F183499598804A953C5FC5
:102060004B95C55F4C9562754D95467B4E953C9062
:102070004F9567685095EB5951959B5A5295107D35
:1020800053957E7654952C8B5595F54F56956A5FF2
:102090005795196A5895376C5995026F5A95E2749D
:1020A0005B9568795C9568885D95558A5E95798CB5
:1020B0005F95DF5E6095CF636195C5756295D27956
:1020C0006395D782649528936595F29266959C8472
:1020D0006795ED8668952D9C6995C1546A956C5FEE
:1020E0006B958C656C955C6D6D9515706E95A78C78
:1020F0006F95D38C70953B9871954F657295F6747A
:1021000073950D4E7495D84E7595E05776952B596D
:102110007795665A7895CC5B7995A8517A95035E48
:102120007B959C5E7C9516607D9576627E95776545
:102130008095A76581956E6682956E6D83953672E2
:102140008495267B8595508186959A81879599827D
:1021500088955C8B8995A08C8A95E68C8B95748D7F
:102160008C951C968D9544968E95AE4F8F95AB644D
:102170009095666B91951E829295618493956A8580
:102180009495E8909595015C969553699795A898D4
:1021900098957A84999557859A950F4F9B956F528C
:1021A0009C95A95F9D95455E9E950D679F958F793E
:1021B000A0957981A1950789A2958689A395F56D4A
:1021C000A495175FA5955562A695B86CA795CF4EB7
:1021D000A8956972A995929BAA950652AB953B5416
:1021E000AC957456AD95B358AE95A461AF956E623B
:1021F000B0951A71B1956E59B295897CB395DE7C14
:10220000B4951B7DB595F096B6958765B7955E80BC
:10221000B895194EB995754FBA957551BB954058FB
:10222000BC95635EBD95735EBE950A5FBF95C4673E
:10223000C095264EC1953D85C2958995C3955B96FF
:10224000C495737CC5950198C695FB50C795C15838
:10225000C8955676C995A778CA952552CB95A57786
:10226000CC951185CD95867BCE954F50CF9509594C
:10227000D0954772D195C77BD295E87DD395BA8F1B
:10228000D495D48FD5954D90D695BF4FD795C9523B
:10229000D895295AD995015FDA95AD97DB95DD4F31
:1022A000DC951782DD95EA92DE950357DF9555633D
:1022B000E095696BE1952B75E295DC88E395148FC9
:1022C000E495427AE595DF52E6959358E795556196
:1022D000E8950A62E995AE66EA95CD6BEB953F7C91
:1022E000EC95E983ED952350EE95F84FEF95055366
:1022F000F0954654F1953158F2954959F3959D5B07
:10230000F495F05CF595EF5CF695295DF795965E92
:10231000F895B162F9956763FA953E65FB95B965E5
:10232000FC950B674096D56C4196E16C4296F9702E
:102330004396327844962B7E4596DE804696B3824D
:1023400047960C844896EC84499602874A961289EF
:102350004B962A8A4C964A8C4D96A6904E96D292CF
:102360004F96FD985096F39C51966C9D52964F4E09
:102370005396A14E54968D505596565256964A579E
:102380005796A85958963D5E5996D85F5A96D95F88
:102390005B963F625C96B4665D961B675E96D067FF
:1023A0005F96D268609692516196217D6296AA806E
:1023B0006396A8816496008B65968C8C6696BF8C1C
:1023C00067967E9268963296699620546A962C9803
:1023D0006B9617536C96D5506D965C536E96A858B5
:1023E0006F96B2647096346771966772729666776C
:1023F0007396467A7496E6917596C3527696A16C5A
:102400007796866B7896005879964C5E7A965459F2
:102410007B962C677C96FB7F7D96E1517E96C676F7
:10242000809669648196E8788296549B8396BB9ED9
:102430008496CB578596B9598696276687969A676C
:102440008896CE6B8996E9548A96D9698B96555EA3
:102450008C969C818D9695678E96AA9B8F96FE672B
:102460009096529C91965D689296A64E9396E34FF5
:102470009496C8539596B96296962B679796AB6CCF
:102480009896C48F9996AD4F9A966D7E9B96BF9EF7
:102490009C96074E9D9662619E96806E9F962B6FCE
:1024A000A0961385A1967354A2962A67A396459B7E
:1024B000A496F35DA596957BA696AC5CA796C65BA5
:1024C000A8961C87A9964A6EAA96D184AB96147AD0
:1024D000AC960881AD969959AE968D7CAF96116CED
:1024E000B0962077B196D952B2962259B3962171FF
:1024F000B4965F72B596DB77B6962797B796619DCF
:10250000B8960B69B9967F5ABA96185ABB96A551D8
:10251000BC960D54BD967D54BE960E66BF96DF7672
:10252000C096F78FC1969892C296F49CC396EA59CA
:10253000C4965D72C596C56EC6964D51C796C9685C
:10254000C896BF7DC996EC7DCA966297CB96BA9E17
:10255000CC967864CD96216ACE960283CF96845924
:10256000D0965F5BD196DB6BD2961B73D396F276D7
:10257000D496B27DD5961780D6969984D796325147
:10258000D8962867D996D99EDA96EE76DB9662675A
:10259000DC96FF52DD960599DE96245CDF963B6261
:1025A000E0967E7CE196B08CE2964F55E396B6605D
:1025B000E4960B7DE5968095E6960153E7965F4E8F
:1025C000E896B651E9961C59EA963A72EB9636802F
:1025D000EC96CE91ED96255FEE96E277EF968453DA
:1025E000F096795FF196047DF296AC85F396338A86
:1025F000F4968D8EF5965697F696F367F796AE8518
:10260000F8965394F9960961FA960861FB96B96CAD
:10261000FC9652764097ED8A4197388F42972F5516
:102620004397514F44972A514597C7524697CB53EA
:102630004797A55B48977D5E4997A0604A9782615E
:102640004B97D6634C9709674D97DA674E97676E3D
:102650004F978C6D509736735197377352973175EA
:10266000539750795497D5885597988A56974A909A
:10267000579791905897F5905997C4965A978D8788
:102680005B9715595C97884E5D97594F5E970E4E34
:102690005F97898A60973F8F619710986297AD50D6
:1026A00063977C5E649796596597B95B6697B85E49
:1026B0006797DA636897FA636997C1646A97DC661B
:1026C0006B974A696C97D8696D970B6D6E97B66E6C
:1026D0006F979471709728757197AF7A72978A7F08
:1026E00073970080749749847597C9847697818918
:1026F0007797218B78970A8E799765907A977D9650
:102700007B970A997C977E617D9791627E97326B69
:102710008097836C8197746D8297CC7F8397FC7FC1
:102720008497C06D8597857F8697BA878797F88845
:10273000889765678997B1838A973C988B97F796B6
:102740008C971B6D8D97617D8E973D848F976A91D5
:102750009097714E919775539297505D9397046B34
:102760009497EB6F9597CD8596972D869797A78928
:102770009897295299970F549A97655C9B974E6743
:102780009C97A8689D9706749E9783749F97E2759F
:10279000A097CF88A197E188A297CC91A397E296C2
:1027A000A4977896A5978B5FA6978773A797CB7A00
:1027B000A8974E84A997A063AA976575AB9789528D
:1027C000AC97416DAD979C6EAE970974AF975975F4
:1027D000B0976B78B197927CB2978696B397DC7A74
:1027E000B4978D9FB597B64FB6976E61B797C5658D
:1027F000B8975C86B997864EBA97AE4EBB97DA50BB
:10280000BC97214EBD97CC51BE97EE5BBF979965A3
:10281000C0978168C197BC6DC2971F73C3974276FA
:10282000C497AD77C5971C7AC697E77CC7976F8228
:10283000C897D28AC9977C90CA97CF91CB97759643
:10284000CC971898CD979B52CE97D17DCF972B5090
:10285000D0979853D1979767D297CB6DD397D07174
:10286000D4973374D597E881D6972A8FD797A396B4
:10287000D897579CD9979F9EDA976074DB974158F9
:10288000DC97996DDD972F7DDE975E98DF97E44E9C
:10289000E097364FE1978B4FE297B751E397B152EC
:1028A000E497BA5DE5971C60E697B273E7973C79C9
:1028B000E897D382E9973492EA97B796EB97F69622
:1028C000EC970A97ED97979EEE97629FEF97A66613
:1028D000F097746BF1971752F297A352F397C87061
:1028E000F497C288F597C95EF6974B60F7979061A9
:1028F000F897236FF9974971FA973E7CFB97F47D1F
:10290000FC976F804098EE844198239042982C93D6
:102910004398425444986F9B4598D36A469889706F
:102920004798C28C4898EF8D499832974A98B4528C
:102930004B98415A4C98CA5E4D98045F4E98176761
:102940004F987C695098946951986A6D52980F6FAE
:10295000539862725498FC725598ED7B569801809A
:1029600057987E8058984B875998CE905A986D51B9
:102970005B98939E5C9884795D988B805E98329387
:102980005F98D68A60982D5061988C546298718AAD
:1029900063986A6B6498C48C659807816698D16067
:1029A0006798A0676898F29D6998994E6A98984EC2
:1029B0006B98109C6C986B8A6D98C1856E98688531
:1029C0006F98006970987E6E7198977872985581AB
:1029D0009F980C5FA098104EA198154EA2982A4E71
:1029E000A398314EA498364EA5983C4EA6983F4EDB
:1029F000A798424EA898564EA998584EAA98824E2B
:102A0000AB98854EAC986B8CAD988A4EAE9812827E
:102A1000AF980D5FB0988E4EB1989E4EB2989F4E73
:102A2000B398A04EB498A24EB598B04EB698B34E97
:102A3000B798B64EB898CE4EB998CD4EBA98C44E07
:102A4000BB98C64EBC98C24EBD98D74EBE98DE4EBF
:102A5000BF98ED4EC098DF4EC198F74EC298094F0F
:102A6000C3985A4FC498304FC5985B4FC6985D4F76
:102A7000C798574FC898474FC998764FCA98884FFC
:102A8000CB988F4FCC98984FCD987B4FCE98694F6D
:102A9000CF98704FD098914FD1986F4FD298864F62
:102AA000D398964FD4981851D598D44FD698DF4FD5
:102AB000D798CE4FD898D84FD998DB4FDA98D14FC6
:102AC000DB98DA4FDC98D04FDD98E44FDE98E54F85
:102AD000DF981A50E0982850E1981450E2982A5054
:102AE000E3982550E4980550E5981C4FE698F64F7A
:102AF000E7982150E8982950E9982C50EA98FE4F21
:102B0000EB98EF4FEC981150ED980650EE9843502B
:102B1000EF984750F0980367F1985550F29850504D
:102B2000F3984850F4985A50F5985650F6986C50CF
:102B3000F7987850F8988050F9989A50FA988550FC
:102B4000FB98B450FC98B2504099C9504199CA5072
:102B50004299B3504399C2504499D6504599DE509A
:102B60004699E5504799ED504899E3504999EE5000
:102B70004A99F9504B99F5504C9909514D99015189
:102B80004E9902514F99165150991551519914511E
:102B900052991A515399215154993A515599375193
:102BA00056993C5157993B5158993F515999405129
:102BB0005A9952515B994C515C9954515D996251AB
:102BC0005E99F87A5F99695160996A5161996E517D
:102BD00062998051639982516499D85665998C5154
:102BE0006699895167998F51689991516999935163
:102BF0006A9995516B9996516C99A4516D99A6510A
:102C00006E99A2516F99A9517099AA517199AB51BE
:102C10007299B3517399B1517499B2517599B05178
:102C20007699B5517799BD517899C5517999C9511E
:102C30007A99DB517B99E0517C9955867D99E951D0
:102C40007E99ED518099F0518199F5518299FE510B
:102C50008399045284990B528599145286990E5285
:102C60008799275288992A5289992E528A993352E4
:102C70008B9939528C994F528D9944528E994B525F
:102C80008F994C5290995E529199545292996A52EE
:102C900093997452949969529599735296997F5267
:102CA00097997D5298998D52999994529A999252E6
:102CB0009B9971529C9988529D9991529E99A88F87
:102CC0009F99A78FA099AC52A199AD52A299BC52DD
:102CD000A399B552A499C152A599CD52A699D7529C
:102CE000A799DE52A899E352A999E652AA99ED98BC
:102CF000AB99E052AC99F352AD99F552AE99F852B6
:102D0000AF99F952B0990653B1990853B2993875F1
:102D1000B3990D53B4991053B5990F53B6991553F0
:102D2000B7991A53B8992353B9992F53BA99315374
:102D3000BB993353BC993853BD994053BE99465300
:102D4000BF994553C099174EC1994953C2994D53E4
:102D5000C399D651C4995E53C5996953C6996E53A8
:102D6000C7991859C8997B53C9997753CA998253FF
:102D7000CB999653CC99A053CD99A653CE99A553F0
:102D8000CF99AE53D099B053D199B653D299C3537A
:102D9000D399127CD499D996D599DF53D699FC66EC
:102DA000D799EE71D899EE53D999E853DA99ED5342
:102DB000DB99FA53DC990154DD993D54DE99405476
:102DC000DF992C54E0992D54E1993C54E2992E540A
:102DD000E3993654E4992954E5991D54E6994E54E3
:102DE000E7998F54E8997554E9998E54EA995F549C
:102DF000EB997154EC997754ED997054EE99925483
:102E0000EF997B54F0998054F1997654F299845457
:102E1000F3999054F4998654F599C754F699A254AD
:102E2000F799B854F899A554F999AC54FA99C4543F
:102E3000FB99C854FC99A854409AAB54419AC25487
:102E4000429AA454439ABE54449ABC54459AD854C6
:102E5000469AE554479AE654489A0F55499A1455AC
:102E60004A9AFD544B9AEE544C9AED544D9AFA54AA
:102E70004E9AE2544F9A3955509A4055519A63559B
:102E8000529A4C55539A2E55549A5C55559A45551D
:102E9000569A5655579A5755589A3855599A335500
:102EA0005A9A5D555B9A99555C9A80555D9AAF54D4
:102EB0005E9A8A555F9A9F55609A7B55619A7E55B6
:102EC000629A9855639A9E55649AAE55659A7C5558
:102ED000669A8355679AA955689A8755699AA8553D
:102EE0006A9ADA556B9AC5556C9ADF556D9AC45536
:102EF0006E9ADC556F9AE455709AD455719A1456AF
:102F0000729AF755739A1656749AFE55759AFD552E
:102F1000769A1B56779AF955789A4E56799A505662
:102F20007A9ADF717B9A34567C9A36567D9A32565D
:102F30007E9A3856809A6B56819A6456829A2F569A
:102F4000839A6C56849A6A56859A8656869A8056D3
:102F5000879A8A56889AA056899A94568A9A8F5642
:102F60008B9AA5568C9AAE568D9AB6568E9AB456B2
:102F70008F9AC256909ABC56919AC156929AC3564D
:102F8000939AC056949AC856959ACE56969AD15608
:102F9000979AD356989AD756999AEE569A9AF9567E
:102FA0009B9A00579C9AFF569D9A04579E9A0957E0
:102FB0009F9A0857A09A0B57A19A0D57A29A135798
:102FC000A39A1857A49A1657A59AC755A69A1C579C
:102FD000A79A2657A89A3757A99A3857AA9A4E57A8
:102FE000AB9A3B57AC9A4057AD9A4F57AE9A695738
:102FF000AF9AC057B09A8857B19A6157B29A7F5723
:10300000B39A8957B49A9357B59AA057B69AB357BB
:10301000B79AA457B89AAA57B99AB057BA9AC35749
:10302000BB9AC657BC9AD457BD9AD257BE9AD357AB
:10303000BF9A0A58C09AD657C19AE357C29A0B58FA
:10304000C39A1958C49A1D58C59A7258C69A2158DD
:10305000C79A6258C89A4B58C99A7058CA9AC06B96
:10306000CB9A5258CC9A3D58CD9A7958CE9A8558D9
:10307000CF9AB958D09A9F58D19AAB58D29ABA5889
:10308000D39ADE58D49ABB58D59AB858D69AAE5827
:10309000D79AC558D89AD358D99AD158DA9AD758C6
:1030A000DB9AD958DC9AD858DD9AE558DE9ADC5874
:1030B000DF9AE458E09ADF58E19AEF58E29AFA581A
:1030C000E39AF958E49AFB58E59AFC58E69AFD58B9
:1030D000E79A0259E89A0A59E99A1059EA9A1B594B
:1030E000EB9AA668EC9A2559ED9A2C59EE9A2D592F
:1030F000EF9A3259F09A3859F19A3E59F29AD27AA7
:10310000F39A5559F49A5059F59A4E59F69A5A59D4
:10311000F79A5859F89A6259F99A6059FA9A675980
:10312000FB9A6C59FC9A6959409B7859419B81598B
:10313000429B9D59439B5E4F449BAB4F459BA3597C
:10314000469BB259479BC659489BE859499BDC5955
:103150004A9B8D594B9BD9594C9BDA594D9B255A0B
:103160004E9B1F5A4F9B115A509B1C5A519B095AF8
:10317000529B1A5A539B405A549B6C5A559B495A1E
:10318000569B355A579B365A589B625A599B6A5AD6
:103190005A9B9A5A5B9BBC5A5C9BBE5A5D9BCB5A0E
:1031A0005E9BC25A5F9BBD5A609BE35A619BD75A94
:1031B000629BE65A639BE95A649BD65A659BFA5A0E
:1031C000669BFB5A679B0C5B689B0B5B699B165B62
:1031D0006A9B325B6B9BD05A6C9B2A5B6D9B365B08
:1031E0006E9B3E5B6F9B435B709B455B719B405B43
:1031F000729B515B739B555B749B5A5B759B5B5BCE
:10320000769B655B779B695B789B705B799B735B57
:103210007A9B755B7B9B785B7C9B88657D9B7A5BEF
:103220007E9B805B809B835B819BA65B829BB85B64
:10323000839BC35B849BC75B859BC95B869BD45B7D
:10324000879BD05B889BE45B899BE65B8A9BE25B08
:103250008B9BDE5B8C9BE55B8D9BEB5B8E9BF05BC6
:103260008F9BF65B909BF35B919B055C929B075C4D
:10327000939B085C949B0D5C959B135C969B205CD8
:10328000979B225C989B285C999B385C9A9B395C45
:103290009B9B415C9C9B465C9D9B4E5C9E9B535CB8
:1032A0009F9B505CA09B4F5CA19B715BA29B6C5C45
:1032B000A39B6E5CA49B624EA59B765CA69B795CEF
:1032C000A79B8C5CA89B915CA99B945CAA9B9B5937
:1032D000AB9BAB5CAC9BBB5CAD9BB65CAE9BBC5C88
:1032E000AF9BB75CB09BC55CB19BBE5CB29BC75C3F
:1032F000B39BD95CB49BE95CB59BFD5CB69BFA5C67
:10330000B79BED5CB89B8C5DB99BEA5CBA9B0B5D8F
:10331000BB9B155DBC9B175DBD9B5C5DBE9B1F5D34
:10332000BF9B1B5DC09B115DC19B145DC29B225D59
:10333000C39B1A5DC49B195DC59B185DC69B4C5D04
:10334000C79B525DC89B4E5DC99B4B5DCA9B6C5D24
:10335000CB9B735DCC9B765DCD9B875DCE9B845D67
:10336000CF9B825DD09BA25DD19B9D5DD29BAC5DCE
:10337000D39BAE5DD49BBD5DD59B905DD69BB75D69
:10338000D79BBC5DD89BC95DD99BCD5DDA9BD35DD6
:10339000DB9BD25DDC9BD65DDD9BDB5DDE9BEB5D6D
:1033A000DF9BF25DE09BF55DE19B0B5EE29B1A5EAD
:1033B000E39B195EE49B115EE59B1B5EE69B365E1C
:1033C000E79B375EE89B445EE99B435EEA9B405E79
:1033D000EB9B4E5EEC9B575EED9B545EEE9B5F5EFF
:1033E000EF9B625EF09B645EF19B475EF29B755EB5
:1033F000F39B765EF49B7A5EF59BBC9EF69B7F5EAC
:10340000F79BA05EF89BC15EF99BC25EFA9BC85E0B
:10341000FB9BD05EFC9BCF5E409CD65E419CE35EF6
:10342000429CDD5E439CDA5E449CDB5E459CE25E32
:10343000469CE15E479CE85E489CE95E499CEC5EE8
:103440004A9CF15E4B9CF35E4C9CF05E4D9CF45E9E
:103450004E9CF85E4F9CFE5E509C035F519C095F42
:10346000529C5D5F539C5C5F549C0B5F559C115F4D
:10347000569C165F579C295F589C2D5F599C385F5E
:103480005A9C415F5B9C485F5C9C4C5F5D9C4E5FBF
:103490005E9C2F5F5F9C515F609C565F619C575F95
:1034A000629C595F639C615F649C6D5F659C735F08
:1034B000669C775F679C835F689C825F699C7F5F87
:1034C0006A9C8A5F6B9C885F6C9C915F6D9C875F38
:1034D0006E9C9E5F6F9C995F709C985F719CA05FD3
:1034E000729CA85F739CAD5F749CBC5F759CD65F3B
:1034F000769CFB5F779CE45F789CF85F799CF15F3A
:103500007A9CDD5F7B9CB3607C9CFF5F7D9C21602F
:103510007E9C6060809C1960819C1060829C296008
:10352000839C0E60849C3160859C1B60869C15602A
:10353000879C2B60889C2660899C0F608A9C3A60DF
:103540008B9C5A608C9C41608D9C6A608E9C7760DD
:103550008F9C5F60909C4A60919C4660929C4D60FD
:10356000939C6360949C4360959C6460969C4260CD
:10357000979C6C60989C6B60999C59609A9C816048
:103580009B9C8D609C9CE7609D9C83609E9C9A6048
:103590009F9C8460A09C9B60A19C9660A29C97606D
:1035A000A39C9260A49CA760A59C8B60A69CE160F4
:1035B000A79CB860A89CE060A99CD360AA9CB4605A
:1035C000AB9CF05FAC9CBD60AD9CC660AE9CB56032
:1035D000AF9CD860B09C4D61B19C1561B29C0661F6
:1035E000B39CF660B49CF760B59C0061B69CF46037
:1035F000B79CFA60B89C0361B99C2161BA9CFB60DE
:10360000BB9CF160BC9C0D61BD9C0E61BE9C476182
:10361000BF9C3E61C09C2861C19C2761C29C4A61DD
:10362000C39C3F61C49C3C61C59C2C61C69C3461B9
:10363000C79C3D61C89C4261C99C4461CA9C73613E
:10364000CB9C7761CC9C5861CD9C5961CE9C5A61D2
:10365000CF9C6B61D09C7461D19C6F61D29C656181
:10366000D39C7161D49C5F61D59C5D61D69C536194
:10367000D79C7561D89C9961D99C9661DA9C8761C9
:10368000DB9CAC61DC9C9461DD9C9A61DE9C8A6170
:10369000DF9C9161E09CAB61E19CAE61E29CCC61FE
:1036A000E39CCA61E49CC961E59CF761E69CC86142
:1036B000E79CC361E89CC661E99CBA61EA9CCB6166
:1036C000EB9C797FEC9CCD61ED9CE661EE9CE36127
:1036D000EF9CF661F09CFA61F19CF461F29CFF6151
:1036E000F39CFD61F49CFC61F59CFE61F69C00621C
:1036F000F79C0862F89C0962F99C0D62FA9C0C62C6
:10370000FB9C1462FC9C1B62409D1E62419D2162D9
:10371000429D2A62439D2E62449D3062459D3262E5
:10372000469D3362479D4162489D4E62499D5E625F
:103730004A9D63624B9D5B624C9D60624D9D6862D9
:103740004E9D7C624F9D8262509D8962519D7E623A
:10375000529D9262539D9362549D9662559DD46290
:10376000569D8362579D9462589DD762599DD16240
:103770005A9DBB625B9DCF625C9DFF625D9DC66290
:103780005E9DD4645F9DC862609DDC62619DCC6279
:10379000629DCA62639DC262649DC762659D9B62B1
:1037A000669DC962679D0C63689DEE62699DF162CA
:1037B0006A9D27636B9D02636C9D08636D9DEF623C
:1037C0006E9DF5626F9D5063709D3E63719D4D636C
:1037D000729D1C64739D4F63749D9663759D8E638B
:1037E000769D8063779DAB63789D7663799DA363B7
:1037F0007A9D8F637B9D89637C9D9F637D9DB5636F
:103800007E9D6B63809D6963819DBE63829DE9633C
:10381000839DC063849DC663859DE363869DC96364
:10382000879DD263889DF663899DC4638A9D1664D3
:103830008B9D34648C9D06648D9D13648E9D2664DF
:103840008F9D3664909D1D65919D1764929D28649F
:10385000939D0F64949D6764959D6F64969D7664B7
:10386000979D4E64989D2A65999D95649A9D936451
:103870009B9DA5649C9DA9649D9D88649E9DBC6440
:103880009F9DDA64A09DD264A19DC564A29DC7647A
:10389000A39DBB64A49DD864A59DC264A69DF1644C
:1038A000A79DE764A89D0982A99DE064AA9DE164A3
:1038B000AB9DAC62AC9DE364AD9DEF64AE9D2C65A9
:1038C000AF9DF664B09DF464B19DF264B29DFA645C
:1038D000B39D0065B49DFD64B59D1865B69D1C65DE
:1038E000B79D0565B89D2465B99D2365BA9D2B6577
:1038F000BB9D3465BC9D3565BD9D3765BE9D3665F8
:10390000BF9D3865C09D4B75C19D4865C29D56657C
:10391000C39D5565C49D4D65C59D5865C69D5E6535
:10392000C79D5D65C89D7265C99D7865CA9D8265A4
:10393000CB9D8365CC9D8A8BCD9D9B65CE9D9F65E0
:10394000CF9DAB65D09DB765D19DC365D29DC66542
:10395000D39DC165D49DC465D59DCC65D69DD265EA
:10396000D79DDB65D89DD965D99DE065DA9DE16578
:10397000DB9DF165DC9D7267DD9D0A66DE9D036659
:10398000DF9DFB65E09D7367E19D3566E29D3666D0
:10399000E39D3466E49D1C66E59D4F66E69D4466A6
:1039A000E79D4966E89D4166E99D5E66EA9D5D6624
:1039B000EB9D6466EC9D6766ED9D6866EE9D5F66B7
:1039C000EF9D6266F09D7066F19D8366F29D88664C
:1039D000F39D8E66F49D8966F59D8466F69D9866D6
:1039E000F79D9D66F89DC166F99DB966FA9DC96609
:1039F000FB9DBE66FC9DBC66409EC466419EB8664B
:103A0000429ED666439EDA66449EE066459E3F66C9
:103A1000469EE666479EE966489EF066499EF566C4
:103A20004A9EF7664B9E0F674C9E16674D9E1E671B
:103A30004E9E26674F9E2767509E3897519E2E6751
:103A4000529E3F67539E3667549E4167559E386726
:103A5000569E3767579E4667589E5E67599E6067B9
:103A60005A9E59675B9E63675C9E64675D9E89672B
:103A70005E9E70675F9EA967609E7C67619E6A67B5
:103A8000629E8C67639E8B67649EA667659EA16736
:103A9000669E8567679EB767689EEF67699EB46795
:103AA0006A9EEC676B9EB3676C9EE9676D9EB86714
:103AB0006E9EE4676F9EDE67709EDD67719EE267B3
:103AC000729EEE67739EB967749ECE67759EC667D9
:103AD000769EE767779E9C6A789E1E68799E466808
:103AE0007A9E29687B9E40687C9E4D687D9E3268E8
:103AF0007E9E4E68809EB368819E2B68829E596828
:103B0000839E6368849E7768859E7F68869E9F6893
:103B1000879E8F68889EAD68899E94688A9E9D68FE
:103B20008B9E9B688C9E83688D9EAE6A8E9EB968C4
:103B30008F9E7468909EB568919EA068929EBA68A8
:103B4000939E0F69949E8D68959E7E68969E0169EE
:103B5000979ECA68989E0869999ED8689A9E22691D
:103B60009B9E26699C9EE1689D9E0C699E9ECD68E9
:103B70009F9ED468A09EE768A19ED568A29E3669E4
:103B8000A39E1269A49E0469A59ED768A69EE368B9
:103B9000A79E2569A89EF968A99EE068AA9EEF687D
:103BA000AB9E2869AC9E2A69AD9E1A69AE9E2369B8
:103BB000AF9E2169B09EC668B19E7969B29E776951
:103BC000B39E5C69B49E7869B59E6B69B69E546974
:103BD000B79E7E69B89E6E69B99E3969BA9E74694E
:103BE000BB9E3D69BC9E5969BD9E3069BE9E6169A0
:103BF000BF9E5E69C09E5D69C19E8169C29E6A6901
:103C0000C39EB269C49EAE69C59ED069C69EBF6997
:103C1000C79EC169C89ED369C99EBE69CA9ECE6946
:103C2000CB9EE85BCC9ECA69CD9EDD69CE9EBB690A
:103C3000CF9EC369D09EA769D19E2E6AD29E9169FC
:103C4000D39EA069D49E9C69D59E9569D69EB46981
:103C5000D79EDE69D89EE869D99E026ADA9E1B6A01
:103C6000DB9EFF69DC9E0A6BDD9EF969DE9EF269D0
:103C7000DF9EE769E09E056AE19EB169E29E1E6AE9
:103C8000E39EED69E49E146AE59EEB69E69E0A6A8E
:103C9000E79E126AE89EC16AE99E236AEA9E136A59
:103CA000EB9E446AEC9E0C6AED9E726AEE9E366A4A
:103CB000EF9E786AF09E476AF19E626AF29E596AA8
:103CC000F39E666AF49E486AF59E386AF69E226AFA
:103CD000F79E906AF89E8D6AF99EA06AFA9E846AA1
:103CE000FB9EA26AFC9EA36A409F976A419F17862B
:103CF000429FBB6A439FC36A449FC26A459FB86A9A
:103D0000469FB36A479FAC6A489FDE6A499FD16A63
:103D10004A9FDF6A4B9FAA6A4C9FDA6A4D9FEA6A04
:103D20004E9FFB6A4F9F056B509F1686519FFA6A04
:103D3000529F126B539F166B549F319B559F1F6B65
:103D4000569F386B579F376B589FDC76599F396B5E
:103D50005A9FEE985B9F476B5C9F436B5D9F496BDF
:103D60005E9F506B5F9F596B609F546B619F5B6B55
:103D7000629F5F6B639F616B649F786B659F796BDC
:103D8000669F7F6B679F806B689F846B699F836B67
:103D90006A9F8D6B6B9F986B6C9F956B6D9F9E6BF5
:103DA0006E9FA46B6F9FAA6B709FAB6B719FAF6B85
:103DB000729FB26B739FB16B749FB36B759FB76B40
:103DC000769FBC6B779FC66B789FCB6B799FD36BCD
:103DD0007A9FDF6B7B9FEC6B7C9FEB6B7D9FF36B24
:103DE0007E9FEF6B809FBE9E819F086C829F136CAD
:103DF000839F146C849F1B6C859F246C869F236C0F
:103E0000879F5E6C889F556C899F626C8A9F6A6CE5
:103E10008B9F826C8C9F8D6C8D9F9A6C8E9F816C1A
:103E20008F9F9B6C909F7E6C919F686C929F736C30
:103E3000939F926C949F906C959FC46C969FF16C2D
:103E4000979FD36C989FBD6C999FD76C9A9FC56CB8
:103E50009B9FDD6C9C9FAE6C9D9FB16C9E9FBE6CCA
:103E60009F9FBA6CA09FDB6CA19FEF6CA29FD96C47
:103E7000A39FEA6CA49F1F6DA59F4D88A69F366DDA
:103E8000A79F2B6DA89F3D6DA99F386DAA9F196DA7
:103E9000AB9F356DAC9F336DAD9F126DAE9F0C6DBA
:103EA000AF9F636DB09F936DB19F646DB29F5A6D6C
:103EB000B39F796DB49F596DB59F8E6DB69F956D0B
:103EC000B79FE46FB89F856DB99FF96DBA9F156E66
:103ED000BB9F0A6EBC9FB56DBD9FC76DBE9FE66D53
:103EE000BF9FB86DC09FC66DC19FEC6DC29FDE6D58
:103EF000C39FCC6DC49FE86DC59FD26DC69FC56D35
:103F0000C79FFA6DC89FD96DC99FE46DCA9FD56DD3
:103F1000CB9FEA6DCC9FEE6DCD9F2D6ECE9F6E6ECA
:103F2000CF9F2E6ED09F196ED19F726ED29F5F6E03
:103F3000D39F3E6ED49F236ED59F6B6ED69F2B6E04
:103F4000D79F766ED89F4D6ED99F1F6EDA9F436EB6
:103F5000DB9F3A6EDC9F4E6EDD9F246EDE9FFF6E10
:103F6000DF9F1D6EE09F386EE19F826EE29FAA6E1A
:103F7000E39F986EE49FC96EE59FB76EE69FD36E90
:103F8000E79FBD6EE89FAF6EE99FC46EEA9FB26E79
:103F9000EB9FD46EEC9FD56EED9F8F6EEE9FA56E5E
:103FA000EF9FC26EF09F9F6EF19F416FF29F116F66
:103FB000F39F4C70F49FEC6EF59FF86EF69FFE6ECB
:103FC000F79F3F6FF89FF26EF99F316FFA9FEF6E88
:103FD000FB9F326FFC9FCC6E40E03E6F41E0136F61
:103FE00042E0F76E43E0866F44E07A6F45E0786F19
:103FF00046E0816F47E0806F48E06F6F49E05B6F9C
:104000004AE0F36F4BE06D6F4CE0826F4DE07C6FE8
:104010004EE0586F4FE08E6F50E0916F51E0C26FED
:1040200052E0666F53E0B36F54E0A36F55E0A16FA9
:1040300056E0A46F57E0B96F58E0C66F59E0AA6F19
:104040005AE0DF6F5BE0D56F5CE0EC6F5DE0D46F52
:104050005EE0D86F5FE0F16F60E0EE6F61E0DB6F14
:1040600062E0097063E00B7064E0FA6F65E0117064
:1040700066E0017067E00F7068E0FE6F69E01B703A
:104080006AE01A706BE0746F6CE01D706DE0187080
:104090006EE01F706FE0307070E03E7071E0327063
:1040A00072E0517073E0637074E0997075E0927023
:1040B00076E0AF7077E0F17078E0AC7079E0B870DE
:1040C0007AE0B3707BE0AE707CE0DF707DE0CB70B7
:1040D0007EE0DD7080E0D97081E0097182E0FD70E2
:1040E00083E01C7184E0197185E0657186E055718B
:1040F00087E0887188E0667189E062718AE04C71BE
:104100008BE056718CE06C718DE08F718EE0FB71ED
:104110008FE0847190E0957191E0A87192E0AC71AC
:1041200093E0D77194E0B97195E0BE7196E0D271D9
:1041300097E0C97198E0D47199E0CE719AE0E0718E
:104140009BE0EC719CE0E7719DE0F5719EE0FC71F5
:104150009FE0F971A0E0FF71A1E00D72A2E0107282
:10416000A3E01B72A4E02872A5E02D72A6E02C72D9
:10417000A7E03072A8E03272A9E03B72AAE03C727C
:10418000ABE03F72ACE04072ADE04672AEE04B7225
:10419000AFE05872B0E07472B1E07E72B2E0827249
:1041A000B3E08172B4E08772B5E09272B6E09672C5
:1041B000B7E0A272B8E0A772B9E0B972BAE0B27221
:1041C000BBE0C372BCE0C672BDE0C472BEE0CE729A
:1041D000BFE0D272C0E0E272C1E0E072C2E0E17220
:1041E000C3E0F972C4E0F772C5E00F50C6E0177380
:1041F000C7E00A73C8E01C73C9E01673CAE01D73F8
:10420000CBE03473CCE02F73CDE02973CEE025737F
:10421000CFE03E73D0E04E73D1E04F73D2E0D89E32
:10422000D3E05773D4E06A73D5E06873D6E0707357
:10423000D7E07873D8E07573D9E07B73DAE07A73EE
:10424000DBE0C873DCE0B373DDE0CE73DEE0BB73AC
:10425000DFE0C073E0E0E573E1E0EE73E2E0DE731F
:10426000E3E0A274E4E00574E5E06F74E6E0257431
:10427000E7E0F873E8E03274E9E03A74EAE0557494
:10428000EBE03F74ECE05F74EDE05974EEE04174F4
:10429000EFE05C74F0E06974F1E07074F2E0637474
:1042A000F3E06A74F4E07674F5E07E74F6E08B7403
:1042B000F7E09E74F8E0A774F9E0CA74FAE0CF74EE
:1042C000FBE0D474FCE0F17340E1E07441E1E3749D
:1042D00042E1E77443E1E97444E1EE7445E1F274CC
:1042E00046E1F07447E1F17448E1F87449E1F7748C
:1042F0004AE104754BE103754CE105754DE10C7520
:104300004EE10E754FE10D7550E1157551E11375D4
:1043100052E11E7553E1267554E12C7555E13C754B
:1043200056E1447557E14D7558E14A7559E14975B3
:104330005AE15B755BE146755CE15A755DE1697553
:104340005EE164755FE1677560E16B7561E16D75F4
:1043500062E1787563E1767564E1867565E187757C
:1043600066E1747567E18A7568E1897569E182754E
:104370006AE194756BE19A756CE19D756DE1A575C7
:104380006EE1A3756FE1C27570E1B37571E1C3753C
:1043900072E1B57573E1BD7574E1B87575E1BC7511
:1043A00076E1B17577E1CD7578E1CA7579E1D275BD
:1043B0007AE1D9757BE1E3757CE1DE757DE1FE751F
:1043C0007EE1FF7580E1FC7581E1017682E1F075A7
:1043D00083E1FA7584E1F27585E1F37586E10B7688
:1043E00087E10D7688E1097689E11F768AE12776F3
:1043F0008BE120768CE121768DE122768EE12476A8
:104400008FE1347690E1307691E13B7692E1477628
:1044100093E1487694E1467695E15C7696E15876AC
:1044200097E1617698E1627699E168769AE169763A
:104430009BE16A769CE167769DE16C769EE1707601
:104440009FE17276A0E17676A1E17876A2E17C76B2
:10445000A3E18076A4E18376A5E18876A6E18B7658
:10446000A7E18E76A8E19676A9E19376AAE19976FE
:10447000ABE19A76ACE1B076ADE1B476AEE1B87678
:10448000AFE1B976B0E1BA76B1E1C276B2E1CD760C
:10449000B3E1D676B4E1D276B5E1DE76B6E1E17687
:1044A000B7E1E576B8E1E776B9E1EA76BAE12F86D9
:1044B000BBE1FB76BCE10877BDE10777BEE104779D
:1044C000BFE12977C0E12477C1E11E77C2E12577FA
:1044D000C3E12677C4E11B77C5E13777C6E13877BA
:1044E000C7E14777C8E15A77C9E16877CAE16B77D6
:1044F000CBE15B77CCE16577CDE17F77CEE17E776D
:10450000CFE17977D0E18E77D1E18B77D2E19177E6
:10451000D3E1A077D4E19E77D5E1B077D6E1B67745
:10452000D7E1B977D8E1BF77D9E1BC77DAE1BD77D8
:10453000DBE1BB77DCE1C777DDE1CD77DEE1D77783
:10454000DFE1DA77E0E1DC77E1E1E377E2E1EE7702
:10455000E3E1FC77E4E10C78E5E11278E6E1267925
:10456000E7E12078E8E12A79E9E14578EAE18E7827
:10457000EBE17478ECE18678EDE17C78EEE19A7815
:10458000EFE18C78F0E1A378F1E1B578F2E1AA7877
:10459000F3E1AF78F4E1D178F5E1C678F6E1CB78D4
:1045A000F7E1D478F8E1BE78F9E1BC78FAE1C578B2
:1045B000FBE1CA78FCE1EC7840E2E77841E2DA78A6
:1045C00042E2FD7843E2F47844E2077945E2127969
:1045D00046E2117947E2197948E22C7949E22B79D0
:1045E0004AE240794BE260794CE257794DE25F79DB
:1045F0004EE25A794FE2557950E2537951E27A7995
:1046000052E27F7953E28A7954E29D7955E2A779A3
:1046100056E24B9F57E2AA7958E2AE7959E2B37954
:104620005AE2B9795BE2BA795CE2C9795DE2D5799F
:104630005EE2E7795FE2EC7960E2E17961E2E379F9
:1046400062E2087A63E20D7A64E2187A65E2197A26
:1046500066E2207A67E21F7A68E2807969E2317A5D
:104660006AE23B7A6BE23E7A6CE2377A6DE2437A39
:104670006EE2577A6FE2497A70E2617A71E2627AA9
:1046800072E2697A73E29D9F74E2707A75E2797AD8
:1046900076E27D7A77E2887A78E2977A79E2957A9B
:1046A0007AE2987A7BE2967A7CE2A97A7DE2C87A0D
:1046B0007EE2B07A80E2B67A81E2C57A82E2C47A9A
:1046C00083E2BF7A84E2839085E2C77A86E2CA7A7F
:1046D00087E2CD7A88E2CF7A89E2D57A8AE2D37A04
:1046E0008BE2D97A8CE2DA7A8DE2DD7A8EE2E17AB7
:1046F0008FE2E27A90E2E67A91E2ED7A92E2F07A63
:1047000093E2027B94E20F7B95E20A7B96E2067BC2
:1047100097E2337B98E2187B99E2197B9AE21E7B41
:104720009BE2357B9CE2287B9DE2367B9EE2507BC0
:104730009FE27A7BA0E2047BA1E24D7BA2E20B7BAD
:10474000A3E24C7BA4E2457BA5E2757BA6E2657BF8
:10475000A7E2747BA8E2677BA9E2707BAAE2717B87
:10476000ABE26C7BACE26E7BADE29D7BAEE2987B14
:10477000AFE29F7BB0E28D7BB1E29C7BB2E29A7BA1
:10478000B3E28B7BB4E2927BB5E28F7BB6E25D7BDA
:10479000B7E2997BB8E2CB7BB9E2C17BBAE2CC7BD2
:1047A000BBE2CF7BBCE2B47BBDE2C67BBEE2DD7B7D
:1047B000BFE2E97BC0E2117CC1E2147CC2E2E67B8D
:1047C000C3E2E57BC4E2607CC5E2007CC6E2077C14
:1047D000C7E2137CC8E2F37BC9E2F77BCAE2177C2D
:1047E000CBE20D7CCCE2F67BCDE2237CCEE2277CD3
:1047F000CFE22A7CD0E21F7CD1E2377CD2E22B7C54
:10480000D3E23D7CD4E24C7CD5E2437CD6E2547CBE
:10481000D7E24F7CD8E2407CD9E2507CDAE2587C87
:10482000DBE25F7CDCE2647CDDE2567CDEE2657C20
:10483000DFE26C7CE0E2757CE1E2837CE2E2907C8A
:10484000E3E2A47CE4E2AD7CE5E2A27CE6E2AB7CC0
:10485000E7E2A17CE8E2A87CE9E2B37CEAE2B27C90
:10486000EBE2B17CECE2AE7CEDE2B97CEEE2BD7C49
:10487000EFE2C07CF0E2C57CF1E2C27CF2E2D87CDF
:10488000F3E2D27CF4E2DC7CF5E2E27CF6E23B9BF4
:10489000F7E2EF7CF8E2F27CF9E2F47CFAE2F67CF3
:1048A000FBE2FA7CFCE2067D40E3027D41E31C7DF5
:1048B00042E3157D43E30A7D44E3457D45E34B7DBB
:1048C00046E32E7D47E3327D48E33F7D49E3357D76
:1048D0004AE3467D4BE3737D4CE3567D4DE34E7DCD
:1048E0004EE3727D4FE3687D50E36E7D51E34F7D73
:1048F00052E3637D53E3937D54E3897D55E35B7D10
:1049000056E38F7D57E37D7D58E39B7D59E3BA7D68
:104910005AE3AE7D5BE3A37D5CE3B57D5DE3C77DDC
:104920005EE3BD7D5FE3AB7D60E33D7E61E3A27D41
:1049300062E3AF7D63E3DC7D64E3B87D65E39F7D87
:1049400066E3B07D67E3D87D68E3DD7D69E3E47D00
:104950006AE3DE7D6BE3FB7D6CE3F27D6DE3E17D7D
:104960006EE3057E6FE30A7E70E3237E71E3217EB2
:1049700072E3127E73E3317E74E31F7E75E3097E7A
:1049800076E30B7E77E3227E78E3467E79E3667EEC
:104990007AE33B7E7BE3357E7CE3397E7DE3437EB9
:1049A0007EE3377E80E3327E81E33A7E82E3677E78
:1049B00083E35D7E84E3567E85E35E7E86E3597EF7
:1049C00087E35A7E88E3797E89E36A7E8AE3697E9B
:1049D0008BE37C7E8CE37B7E8DE3837E8EE3D57DD3
:1049E0008FE37D7E90E3AE8F91E37F7E92E3887EBE
:1049F00093E3897E94E38C7E95E3927E96E3907EAA
:104A000097E3937E98E3947E99E3967E9AE38E7E75
:104A10009BE39B7E9CE39C7E9DE3387F9EE33A7FF5
:104A20009FE3457FA0E34C7FA1E34D7FA2E34E7F50
:104A3000A3E3507FA4E3517FA5E3557FA6E3547F12
:104A4000A7E3587FA8E35F7FA9E3607FAAE3687FBD
:104A5000ABE3697FACE3677FADE3787FAEE3827F52
:104A6000AFE3867FB0E3837FB1E3887FB2E3877FE4
:104A7000B3E38C7FB4E3947FB5E39E7FB6E39D7F81
:104A8000B7E39A7FB8E3A37FB9E3AF7FBAE3B27F1E
:104A9000BBE3B97FBCE3AE7FBDE3B67FBEE3B87FC7
:104AA000BFE3718BC0E3C57FC1E3C67FC2E3CA7FAA
:104AB000C3E3D57FC4E3D47FC5E3E17FC6E3E67FEC
:104AC000C7E3E97FC8E3F37FC9E3F97FCAE3DC9872
:104AD000CBE30680CCE30480CDE30B80CEE31280F1
:104AE000CFE31880D0E31980D1E31C80D2E321808A
:104AF000D3E32880D4E33F80D5E33B80D6E34A80EC
:104B0000D7E34680D8E35280D9E35880DAE35A806D
:104B1000DBE35F80DCE36280DDE36880DEE37380FB
:104B2000DFE37280E0E37080E1E37680E2E37980A6
:104B3000E3E37D80E4E37F80E5E38480E6E3868051
:104B4000E7E38580E8E39B80E9E39380EAE39A80EA
:104B5000EBE3AD80ECE39051EDE3AC80EEE3DB8082
:104B6000EFE3E580F0E3D980F1E3DD80F2E3C48098
:104B7000F3E3DA80F4E3D680F5E30981F6E3EF802E
:104B8000F7E3F180F8E31B81F9E32981FAE323815C
:104B9000FBE32F81FCE34B8140E48B9641E44681AB
:104BA00042E43E8143E4538144E4518145E4FC8086
:104BB00046E4718147E46E8148E4658149E4668199
:104BC0004AE474814BE483814CE488814DE48A811A
:104BD0004EE480814FE4828150E4A08151E49581CC
:104BE00052E4A48153E4A38154E45F8155E49381AA
:104BF00056E4A98157E4B08158E4B58159E4BE81F7
:104C00005AE4B8815BE4BD815CE4C0815DE4C281AB
:104C10005EE4BA815FE4C98160E4CD8161E4D18161
:104C200062E4D98163E4D88164E4C88165E4DA810F
:104C300066E4DF8167E4E08168E4E78169E4FA81A2
:104C40006AE4FB816BE4FE816CE401826DE4028224
:104C50006EE405826FE4078270E40A8271E40D82DB
:104C600072E4108273E4168274E4298275E42B8264
:104C700076E4388277E4338278E4408279E45982BA
:104C80007AE458827BE45D827CE45A827DE45F8230
:104C90007EE4648280E4628281E4688282E46A82E3
:104CA00083E46B8284E42E8285E4718286E47782D9
:104CB00087E4788288E47E8289E48D828AE4928225
:104CC0008BE4AB828CE49F828DE4BB828EE4AC8269
:104CD0008FE4E18290E4E38291E4DF8292E4D28285
:104CE00093E4F48294E4F38295E4FA8296E4938365
:104CF00097E4038398E4FB8299E4F9829AE4DE82E4
:104D00009BE406839CE4DC829DE409839EE4D982D3
:104D10009FE43583A0E43483A1E41683A2E43283C4
:104D2000A3E43183A4E44083A5E43983A6E450835B
:104D3000A7E44583A8E42F83A9E42B83AAE417837F
:104D4000ABE41883ACE48583ADE49A83AEE4AA8334
:104D5000AFE49F83B0E4A283B1E49683B2E42383FB
:104D6000B3E48E83B4E48783B5E48A83B6E47C83BA
:104D7000B7E4B583B8E47383B9E47583BAE4A08378
:104D8000BBE48983BCE4A883BDE4F483BEE413845C
:104D9000BFE4EB83C0E4CE83C1E4FD83C2E40384BB
:104DA000C3E4D883C4E40B84C5E4C183C6E4F783B9
:104DB000C7E40784C8E4E083C9E4F283CAE40D844D
:104DC000CBE42284CCE42084CDE4BD83CEE43884DB
:104DD000CFE40685D0E4FB83D1E46D84D2E42A8459
:104DE000D3E43C84D4E45A85D5E48484D6E477843F
:104DF000D7E46B84D8E4AD84D9E46E84DAE48284A9
:104E0000DBE46984DCE44684DDE42C84DEE46F8446
:104E1000DFE47984E0E43584E1E4CA84E2E4628496
:104E2000E3E4B984E4E4BF84E5E49F84E6E4D98460
:104E3000E7E4CD84E8E4BB84E9E4DA84EAE4D084FE
:104E4000EBE4C184ECE4C684EDE4D684EEE4A18412
:104E5000EFE42185F0E4FF84F1E4F484F2E41785C3
:104E6000F3E41885F4E42C85F5E41F85F6E4158554
:104E7000F7E41485F8E4FC84F9E44085FAE46385FA
:104E8000FBE45885FCE4488540E5418541E5028620
:104E900042E54B8543E5558544E5808545E5A48598
:104EA00046E5888547E5918548E58A8549E5A885F1
:104EB0004AE56D854BE594854CE59B854DE5EA8596
:104EC0004EE587854FE59C8550E5778551E57E85E4
:104ED00052E5908553E5C98554E5BA8555E5CF85FA
:104EE00056E5B98557E5D08558E5D58559E5DD8581
:104EF0005AE5E5855BE5DC855CE5F9855DE50A86D7
:104F00005EE513865FE50B8660E5FE8561E5FA8563
:104F100062E5068663E5228664E51A8665E53086E5
:104F200066E53F8667E54D8668E5554E69E554863A
:104F30006AE55F866BE567866CE571866DE593864D
:104F40006EE5A3866FE5A98670E5AA8671E58B8676
:104F500072E58C8673E5B68674E5AF8675E5C48622
:104F600076E5C68677E5B08678E5C98679E5238853
:104F70007AE5AB867BE5D4867CE5DE867DE5E98651
:104F80007EE5EC8680E5DF8681E5DB8682E5EF86DF
:104F900083E5128784E5068785E5088786E500872F
:104FA00087E5038788E5FB8689E511878AE5098718
:104FB0008BE50D878CE5F9868DE50A878EE53487CC
:104FC0008FE53F8790E5378791E53B8792E5258719
:104FD00093E5298794E51A8795E5608796E55F87CD
:104FE00097E5788798E54C8799E54E879AE5748729
:104FF0009BE557879CE568879DE56E879EE5598709
:105000009FE55387A0E56387A1E56A87A2E5058848
:10501000A3E5A287A4E59F87A5E58287A6E5AF87DC
:10502000A7E5CB87A8E5BD87A9E5C087AAE5D08716
:10503000ABE5D696ACE5AB87ADE5C487AEE5B38707
:10504000AFE5C787B0E5C687B1E5BB87B2E5EF87B7
:10505000B3E5F287B4E5E087B5E50F88B6E50D88DE
:10506000B7E5FE87B8E5F687B9E5F787BAE50E88B4
:10507000BBE5D287BCE51188BDE51688BEE515887D
:10508000BFE52288C0E52188C1E53188C2E53688C0
:10509000C3E53988C4E52788C5E53B88C6E544886B
:1050A000C7E54288C8E55288C9E55988CAE55E88DF
:1050B000CBE56288CCE56B88CDE58188CEE57E883E
:1050C000CFE59E88D0E57588D1E57D88D2E5B588A5
:1050D000D3E57288D4E58288D5E59788D6E59288AD
:1050E000D7E5AE88D8E59988D9E5A288DAE58D8834
:1050F000DBE5A488DCE5B088DDE5BF88DEE5B188C6
:10510000DFE5C388E0E5C488E1E5D488E2E5D88836
:10511000E3E5D988E4E5DD88E5E5F988E6E5028997
:10512000E7E5FC88E8E5F488E9E5E888EAE5F2885F
:10513000EBE50489ECE50C89EDE50A89EEE51389D8
:10514000EFE54389F0E51E89F1E52589F2E52A8935
:10515000F3E52B89F4E54189F5E54489F6E53B89DA
:10516000F7E53689F8E53889F9E54C89FAE51D89CE
:10517000FBE56089FCE55E8940E6668941E6648975
:1051800042E66D8943E66A8944E66F8945E674899B
:1051900046E6778947E67E8948E6838949E6888935
:1051A0004AE68A894BE693894CE698894DE6A189BF
:1051B0004EE6A9894FE6A68950E6AC8951E6AF894B
:1051C00052E6B28953E6BA8954E6BD8955E6BF89ED
:1051D00056E6C08957E6DA8958E6DC8959E6DD8962
:1051E0005AE6E7895BE6F4895CE6F8895DE6038ABE
:1051F0005EE6168A5FE6108A60E60C8A61E61B8A24
:1052000062E61D8A63E6258A64E6368A65E6418A97
:1052100066E65B8A67E6528A68E6468A69E6488AF5
:105220006AE67C8A6BE66D8A6CE66C8A6DE6628A59
:105230006EE6858A6FE6828A70E6848A71E6A88ABD
:1052400072E6A18A73E6918A74E6A58A75E6A68A53
:1052500076E69A8A77E6A38A78E6C48A79E6CD8AE2
:105260007AE6C28A7BE6DA8A7CE6EB8A7DE6F38A16
:105270007EE6E78A80E6E48A81E6F18A82E6148B9C
:1052800083E6E08A84E6E28A85E6F78A86E6DE8AB5
:1052900087E6DB8A88E60C8B89E6078B8AE61A8B21
:1052A0008BE6E18A8CE6168B8DE6108B8EE6178BEB
:1052B0008FE6208B90E6338B91E6AB9792E6268BB8
:1052C00093E62B8B94E63E8B95E6288B96E6418BF6
:1052D00097E64C8B98E64F8B99E64E8B9AE6498B76
:1052E0009BE6568B9CE65B8B9DE65A8B9EE66B8B12
:1052F0009FE65F8BA0E66C8BA1E66F8BA2E6748BBA
:10530000A3E67D8BA4E6808BA5E68C8BA6E68E8B30
:10531000A7E6928BA8E6938BA9E6968BAAE6998BD3
:10532000ABE69A8BACE63A8CADE6418CAEE63F8CB0
:10533000AFE6488CB0E64C8CB1E64E8CB2E6508CB1
:10534000B3E6558CB4E6628CB5E66C8CB6E6788C28
:10535000B7E67A8CB8E6828CB9E6898CBAE6858C99
:10536000BBE68A8CBCE68D8CBDE68E8CBEE6948C4A
:10537000BFE67C8CC0E6988CC1E61D62C2E6AD8CAF
:10538000C3E6AA8CC4E6BD8CC5E6B28CC6E6B38C77
:10539000C7E6AE8CC8E6B68CC9E6C88CCAE6C18C36
:1053A000CBE6E48CCCE6E38CCDE6DA8CCEE6FD8C65
:1053B000CFE6FA8CD0E6FB8CD1E6048DD2E6058DE3
:1053C000D3E60A8DD4E6078DD5E60F8DD6E60D8D92
:1053D000D7E6108DD8E64E9FD9E6138DDAE6CD8C50
:1053E000DBE6148DDCE6168DDDE6678DDEE66D8D81
:1053F000DFE6718DE0E6738DE1E6818DE2E6998D61
:10540000E3E6C28DE4E6BE8DE5E6BA8DE6E6CF8D35
:10541000E7E6DA8DE8E6D68DE9E6CC8DEAE6DB8DC7
:10542000EBE6CB8DECE6EA8DEDE6EB8DEEE6DF8D7F
:10543000EFE6E38DF0E6FC8DF1E6088EF2E6098EEC
:10544000F3E6FF8DF4E61D8EF5E61E8EF6E6108E71
:10545000F7E61F8EF8E6428EF9E6358EFAE6308ED4
:10546000FBE6348EFCE64A8E40E7478E41E7498EE4
:1054700042E74C8E43E7508E44E7488E45E7598E0D
:1054800046E7648E47E7608E48E72A8E49E7638ED9
:105490004AE7558E4BE7768E4CE7728E4DE77C8E51
:1054A0004EE7818E4FE7878E50E7858E51E7848ED9
:1054B00052E78B8E53E78A8E54E7938E55E7918E91
:1054C00056E7948E57E7998E58E7AA8E59E7A18E32
:1054D0005AE7AC8E5BE7B08E5CE7C68E5DE7B18EB7
:1054E0005EE7BE8E5FE7C58E60E7C88E61E7CB8E54
:1054F00062E7DB8E63E7E38E64E7FC8E65E7FB8E95
:1055000066E7EB8E67E7FE8E68E70A8F69E7058F2F
:105510006AE7158F6BE7128F6CE7198F6DE7138FB2
:105520006EE71C8F6FE71F8F70E71B8F71E70C8F83
:1055300072E7268F73E7338F74E73B8F75E7398FF8
:1055400076E7458F77E7428F78E73E8F79E74C8F94
:105550007AE7498F7BE7468F7CE74E8F7DE7578F51
:105560007EE75C8F80E7628F81E7638F82E7648FDD
:1055700083E79C8F84E79F8F85E7A38F86E7AD8FB6
:1055800087E7AF8F88E7B78F89E7DA8F8AE7E58FFC
:105590008BE7E28F8CE7EA8F8DE7EF8F8EE78790BE
:1055A0008FE7F48F90E7059091E7F98F92E7FA8FF4
:1055B00093E7119094E7159095E7219096E70D9069
:1055C00097E71E9098E7169099E70B909AE7279037
:1055D0009BE736909CE735909DE739909EE7F88FE2
:1055E0009FE74F90A0E75090A1E75190A2E752901B
:1055F000A3E70E90A4E74990A5E73E90A6E7569052
:10560000A7E75890A8E75E90A9E76890AAE76F908F
:10561000ABE77690ACE7A896ADE77290AEE78290E4
:10562000AFE77D90B0E78190B1E78090B2E78A90D4
:10563000B3E78990B4E78F90B5E7A890B6E7AF904D
:10564000B7E7B190B8E7B590B9E7E290BAE7E49070
:10565000BBE74862BCE7DB90BDE70291BEE7129171
:10566000BFE71991C0E73291C1E73091C2E74A9193
:10567000C3E75691C4E75891C5E76391C6E76591C2
:10568000C7E76991C8E77391C9E77291CAE78B913F
:10569000CBE78991CCE78291CDE7A291CEE7AB91A0
:1056A000CFE7AF91D0E7AA91D1E7B591D2E7B49116
:1056B000D3E7BA91D4E7C091D5E7C191D6E7C991B4
:1056C000D7E7CB91D8E7D091D9E7D691DAE7DF9148
:1056D000DBE7E191DCE7DB91DDE7FC91DEE7F591CB
:1056E000DFE7F691E0E71E92E1E7FF91E2E714922F
:1056F000E3E72C92E4E71592E5E71192E6E75E9284
:10570000E7E75792E8E74592E9E74992EAE76492CA
:10571000EBE74892ECE79592EDE73F92EEE74B928C
:10572000EFE75092F0E79C92F1E79692F2E79392BE
:10573000F3E79B92F4E75A92F5E7CF92F6E7B99236
:10574000F7E7B792F8E7E992F9E70F93FAE7FA92E9
:10575000FBE74493FCE72E9340E8199341E822933A
:1057600042E81A9343E8239344E83A9345E8359393
:1057700046E83B9347E85C9348E8609349E87C93AC
:105780004AE86E934BE856934CE8B0934DE8AC93DF
:105790004EE8AD934FE8949350E8B99351E8D6930F
:1057A00052E8D79353E8E89354E8E59355E8D89343
:1057B00056E8C39357E8DD9358E8D09359E8C89367
:1057C0005AE8E4935BE81A945CE814945DE8139457
:1057D0005EE803945FE8079460E8109461E836940B
:1057E00062E82B9463E8359464E8219465E83A9480
:1057F00066E8419467E8529468E8449469E85B94E9
:105800006AE860946BE862946CE85E946DE86A9470
:105810006EE829926FE8709470E8759471E8779457
:1058200072E87D9473E85A9474E87C9475E87E94E9
:1058300076E8819477E87F9478E8829579E887958F
:105840007AE88A957BE894957CE896957DE898952A
:105850007EE8999580E8A09581E8A89582E8A795CB
:1058600083E8AD9584E8BC9585E8BB9586E8B99555
:1058700087E8BE9588E8CA9589E8F66F8AE8C395F7
:105880008BE8CD958CE8CC958DE8D5958EE8D495B0
:105890008FE8D69590E8DC9591E8E19592E8E5955A
:1058A00093E8E29594E8219695E8289696E82E9656
:1058B00097E82F9698E8429699E84C969AE84F9682
:1058C0009BE84B969CE877969DE85C969EE85E96F2
:1058D0009FE85D96A0E85F96A1E86696A2E87296BA
:1058E000A3E86C96A4E88D96A5E89896A6E8959608
:1058F000A7E89796A8E8AA96A9E8A796AAE8B19675
:10590000ABE8B296ACE8B096ADE8B496AEE8B69621
:10591000AFE8B896B0E8B996B1E8CE96B2E8CB96C3
:10592000B3E8C996B4E8CD96B5E84D89B6E8DC96FB
:10593000B7E80D97B8E8D596B9E8F996BAE80497AC
:10594000BBE80697BCE80897BDE81397BEE80E973A
:10595000BFE81197C0E80F97C1E81697C2E81997FA
:10596000C3E82497C4E82A97C5E83097C6E8399772
:10597000C7E83D97C8E83E97C9E84497CAE8469704
:10598000CBE84897CCE84297CDE84997CEE85C97BA
:10599000CFE86097D0E86497D1E86697D2E8689737
:1059A000D3E8D252D4E86B97D5E87197D6E87997C7
:1059B000D7E88597D8E87C97D9E88197DAE87A978D
:1059C000DBE88697DCE88B97DDE88F97DEE8909739
:1059D000DFE89C97E0E8A897E1E8A697E2E8A397BC
:1059E000E3E8B397E4E8B497E5E8C397E6E8C69739
:1059F000E7E8C897E8E8CB97E9E8DC97EAE8ED97AD
:105A0000EBE84F9FECE8F297EDE8DF7AEEE8F697E7
:105A1000EFE8F597F0E80F98F1E80C98F2E838987D
:105A2000F3E82498F4E82198F5E83798F6E83D98EB
:105A3000F7E84698F8E84F98F9E84B98FAE86B9839
:105A4000FBE86F98FCE8709840E9719841E9749818
:105A500042E9739843E9AA9844E9AF9845E9B198B7
:105A600046E9B69847E9C49848E9C39849E9C69811
:105A70004AE9E9984BE9EB984CE903994DE9099912
:105A80004EE912994FE9149950E9189951E9219971
:105A900052E91D9953E91E9954E9249955E9209931
:105AA00056E92C9957E92E9958E93D9959E93E99BB
:105AB0005AE942995BE949995CE945995DE9509950
:105AC0005EE94B995FE9519960E9529961E94C9916
:105AD00062E9559963E9979964E9989965E9A59907
:105AE00066E9AD9967E9AE9968E9BC9969E9DF991A
:105AF0006AE9DB996BE9DD996CE9D8996DE9D1998F
:105B00006EE9ED996FE9EE9970E9F19971E9F29911
:105B100072E9FB9973E9F89974E9019A75E90F9AAA
:105B200076E9059A77E9E29978E9199A79E92B9A61
:105B30007AE9379A7BE9459A7CE9429A7DE9409A6D
:105B40007EE9439A80E93E9A81E9559A82E94D9A25
:105B500083E95B9A84E9579A85E95F9A86E9629AB4
:105B600087E9659A88E9649A89E9699A8AE96B9A6A
:105B70008BE96A9A8CE9AD9A8DE9B09A8EE9BC9A64
:105B80008FE9C09A90E9CF9A91E9D19A92E9D39A94
:105B900093E9D49A94E9DE9A95E9DF9A96E9E29A34
:105BA00097E9E39A98E9E69A99E9EF9A9AE9EB9AE4
:105BB0009BE9EE9A9CE9F49A9DE9F19A9EE9F79A9D
:105BC0009FE9FB9AA0E9069BA1E9189BA2E91A9B11
:105BD000A3E91F9BA4E9229BA5E9239BA6E9259B9A
:105BE000A7E9279BA8E9289BA9E9299BAAE92A9B61
:105BF000ABE92E9BACE92F9BADE9329BAEE9449B10
:105C0000AFE9439BB0E94F9BB1E94D9BB2E94E9B95
:105C1000B3E9519BB4E9589BB5E9749BB6E9939BF2
:105C2000B7E9839BB8E9919BB9E9969BBAE9979B41
:105C3000BBE99F9BBCE9A09BBDE9A89BBEE9B49BC7
:105C4000BFE9C09BC0E9CA9BC1E9B99BC2E9C69B39
:105C5000C3E9CF9BC4E9D19BC5E9D29BC6E9E39BCD
:105C6000C7E9E29BC8E9E49BC9E9D49BCAE9E19B87
:105C7000CBE93A9CCCE9F29BCDE9F19BCEE9F09BD4
:105C8000CFE9159CD0E9149CD1E9099CD2E9139C79
:105C9000D3E90C9CD4E9069CD5E9089CD6E9129C72
:105CA000D7E90A9CD8E9049CD9E92E9CDAE91B9C27
:105CB000DBE9259CDCE9249CDDE9219CDEE9309CC4
:105CC000DFE9479CE0E9329CE1E9469CE2E93E9C41
:105CD000E3E95A9CE4E9609CE5E9679CE6E9769C87
:105CE000E7E9789CE8E9E79CE9E9EC9CEAE9F09CC3
:105CF000EBE9099DECE9089DEDE9EB9CEEE9039DDC
:105D0000EFE9069DF0E92A9DF1E9269DF2E9AF9DB4
:105D1000F3E9239DF4E91F9DF5E9449DF6E9159DFE
:105D2000F7E9129DF8E9419DF9E93F9DFAE93E9DA9
:105D3000FBE9469DFCE9489D40EA5D9D41EA5E9D88
:105D400042EA649D43EA519D44EA509D45EA599DCB
:105D500046EA729D47EA899D48EA879D49EAAB9DDC
:105D60004AEA6F9D4BEA7A9D4CEA9A9D4DEAA49DC2
:105D70004EEAA99D4FEAB29D50EAC49D51EAC19DE9
:105D800052EABB9D53EAB89D54EABA9D55EAC69DB6
:105D900056EACF9D57EAC29D58EAD99D59EAD39D4C
:105DA0005AEAF89D5BEAE69D5CEAED9D5DEAEF9DAF
:105DB0005EEAFD9D5FEA1A9E60EA1B9E61EA1E9EF6
:105DC00062EA759E63EA799E64EA7D9E65EA819E39
:105DD00066EA889E67EA8B9E68EA8C9E69EA929ED4
:105DE0006AEA959E6BEA919E6CEA9D9E6DEAA59E7D
:105DF0006EEAA99E6FEAB89E70EAAA9E71EAAD9E0D
:105E000072EA619773EACC9E74EACE9E75EACF9EE1
:105E100076EAD09E77EAD49E78EADC9E79EADE9E26
:105E20007AEADD9E7BEAE09E7CEAE59E7DEAE89EDA
:105E30007EEAEF9E80EAF49E81EAF69E82EAF79E71
:105E400083EAF99E84EAFB9E85EAFC9E86EAFD9E33
:105E500087EA079F88EA089F89EAB7768AEA159F4A
:105E60008BEA219F8CEA2C9F8DEA3E9F8EEA4A9F07
:105E70008FEA529F90EA549F91EA639F92EA5F9F54
:105E800093EA609F94EA619F95EA669F96EA679F0E
:105E900097EA6C9F98EA6A9F99EA779F9AEA729FBD
:105EA0009BEA769F9CEA959F9DEA9C9F9EEAA09F15
:105EB0009FEA2F58A0EAC769A1EA5990A2EA647440
:105EC000A3EADC51A4EA997140FA702141FA7121E8
:105ED00042FA722143FA732144FA742145FA75217A
:105EE00046FA762147FA772148FA782149FA79214A
:105EF00055FAE4FF56FA07FF57FA02FF5CFA8A7E6A
:105F00005DFA1C895EFA48935FFA889260FADC8435
:105F100061FAC94F62FABB7063FA316664FAC86805
:105F200065FAF99266FAFB6667FA455F68FA284EE9
:105F300069FAE14E6AFAFC4E6BFA004F6CFA034FB5
:105F40006DFA394F6EFA564F6FFA924F70FA8A4FC8
:105F500071FA9A4F72FA944F73FACD4F74FA405017
:105F600075FA225076FAFF4F77FA1E5078FA4650AB
:105F700079FA70507AFA42507BFA94507CFAF450D5
:105F80007DFAD8507EFA4A5180FA645181FA9D51C7
:105F900082FABE5183FAEC5184FA155285FA9C526A
:105FA00086FAA65287FAC05288FADB5289FA005361
:105FB0008AFA07538BFA24538CFA72538DFA93534F
:105FC0008EFAB2538FFADD5390FA0EFA91FA9C547E
:105FD00092FA8A5493FAA95494FAFF5495FA865582
:105FE00096FA595797FA655798FAAC5799FAC857DD
:105FF0009AFAC7579BFA0FFA9CFA10FA9DFA9E5824
:106000009EFAB2589FFA0B59A0FA5359A1FA5B595C
:10601000A2FA5D59A3FA6359A4FAA459A5FABA5988
:10602000A6FA565BA7FAC05BA8FA2F75A9FAD85B47
:10603000AAFAEC5BABFA1E5CACFAA65CADFABA5CF1
:10604000AEFAF55CAFFA275DB0FA535DB1FA11FA1A
:10605000B2FA425DB3FA6D5DB4FAB85DB5FAB95DF6
:10606000B6FAD05DB7FA215FB8FA345FB9FA675F64
:10607000BAFAB75FBBFADE5FBCFA5D60BDFA856055
:10608000BEFA8A60BFFADE60C0FAD560C1FA20614C
:10609000C2FAF260C3FA1161C4FA3761C5FA30611D
:1060A000C6FA9861C7FA1362C8FAA662C9FAF5631C
:1060B000CAFA6064CBFA9D64CCFACE64CDFA4E6520
:1060C000CEFA0066CFFA1566D0FA3B66D1FA0966B9
:1060D000D2FA2E66D3FA1E66D4FA2466D5FA65661D
:1060E000D6FA5766D7FA5966D8FA12FAD9FA736609
:1060F000DAFA9966DBFAA066DCFAB266DDFABF6608
:10610000DEFAFA66DFFA0E67E0FA29F9E1FA666765
:10611000E2FABB67E3FA5268E4FAC067E5FA01689D
:10612000E6FA4468E7FACF68E8FA13FAE9FA686928
:10613000EAFA14FAEBFA9869ECFAE269EDFA306AD5
:10614000EEFA6B6AEFFA466AF0FA736AF1FA7E6A5F
:10615000F2FAE26AF3FAE46AF4FAD66BF5FA3F6C03
:10616000F6FA5C6CF7FA866CF8FA6F6CF9FADA6C8E
:10617000FAFA046DFBFA876DFCFA6F6D40FB966DC1
:1061800041FBAC6D42FBCF6D43FBF86D44FBF26D00
:1061900045FBFC6D46FB396E47FB5C6E48FB276E8A
:1061A00049FB3C6E4AFBBF6E4BFB886F4CFBB56FE7
:1061B0004DFBF56F4EFB05704FFB077050FB2870D1
:1061C00051FB857052FBAB7053FB0F7154FB047194
:1061D00055FB5C7156FB467157FB477158FB15FA2E
:1061E00059FBC1715AFBFE715BFBB1725CFBBE7265
:1061F0005DFB24735EFB16FA5FFB777360FBBD7378
:1062000061FBC97362FBD67363FBE37364FBD273F8
:1062100065FB077466FBF57367FB267468FB2A74DD
:1062200069FB29746AFB2E746BFB62746CFB8974C6
:106230006DFB9F746EFB01756FFB6F7570FB827653
:1062400071FB9C7672FB9E7673FB9B7674FBA67645
:1062500075FB17FA76FB467777FBAF5278FB217810
:1062600079FB4E787AFB64787BFB7A787CFB30791B
:106270007DFB18FA7EFB19FA80FB1AFA81FB9479F0
:1062800082FB1BFA83FB9B7984FBD17A85FBE77A3F
:1062900086FB1CFA87FBEB7A88FB9E7B89FB1DFA49
:1062A0008AFB487D8BFB5C7D8CFBB77D8DFBA07DE5
:1062B0008EFBD67D8FFB527E90FB477F91FBA17FAB
:1062C00092FB1EFA93FB018394FB628395FB7F8311
:1062D00096FBC78397FBF68398FB488499FBB484AD
:1062E0009AFB53859BFB59859CFB6B859DFB1FFA95
:1062F0009EFBB0859FFB20FAA0FB21FAA1FB07883B
:10630000A2FBF588A3FB128AA4FB378AA5FB798A36
:10631000A6FBA78AA7FBBE8AA8FBDF8AA9FB22FAF5
:10632000AAFBF68AABFB538BACFB7F8BADFBF08CEF
:10633000AEFBF48CAFFB128DB0FB768DB1FB23FA74
:10634000B2FBCF8EB3FB24FAB4FB25FAB5FB679002
:10635000B6FBDE90B7FB26FAB8FB1591B9FB279187
:10636000BAFBDA91BBFBD791BCFBDE91BDFBED9193
:10637000BEFBEE91BFFBE491C0FBE591C1FB069231
:10638000C2FB1092C3FB0A92C4FB3A92C5FB409237
:10639000C6FB3C92C7FB4E92C8FB5992C9FB519277
:1063A000CAFB3992CBFB6792CCFBA792CDFB7792CD
:1063B000CEFB7892CFFBE792D0FBD792D1FBD9925C
:1063C000D2FBD092D3FB27FAD4FBD592D5FBE09237
:1063D000D6FBD392D7FB2593D8FB2193D9FBFB9215
:1063E000DAFB28FADBFB1E93DCFBFF92DDFB1D933F
:1063F000DEFB0293DFFB7093E0FB5793E1FBA4937A
:10640000E2FBC693E3FBDE93E4FBF893E5FB3194F8
:10641000E6FB4594E7FB4894E8FB9295E9FBDCF941
:10642000EAFB29FAEBFB9D96ECFBAF96EDFB33976D
:10643000EEFB3B97EFFB4397F0FB4D97F1FB4F973C
:10644000F2FB5197F3FB5597F4FB5798F5FB6598D2
:10645000F6FB2AFAF7FB2BFAF8FB2799F9FB2CFA43
:10646000FAFB9E99FBFB4E9AFCFBD99A40FCDC9A06
:1064700041FC759B42FC729B43FC8F9B44FCB19B8F
:1064800045FCBB9B46FC009C47FC709D48FC6B9DFB
:1064900049FC2DFA4AFC199E4BFCD19E00000000DD
:1064A00061001A03E0001703F8000703FF00010072
:1064B00078010001300132010601390110014A0161
:1064C0002E017901060180014D0043028101820104
:1064D00082018401840186018701870189018A0183
:1064E0008B018B018D018E018F0190019101910132
:1064F00093019401F60196019701980198013D02DC
:106500009B019C019D0120029F01A001A001A2010D
:10651000A201A401A401A601A701A701A901AA0142
:10652000AB01AC01AC01AE01AF01AF01B101B201F1
:10653000B301B301B501B501B701B801B801BA01A2
:10654000BB01BC01BC01BE01F701C001C101C20118
:10655000C301C401C501C401C701C801C701CA0103
:10656000CB01CA01CD011001DD0101008E01DE0168
:106570001201F3010300F101F401F401F801280113
:10658000220212013A020900652C3B023B023D0245
:10659000662C3F0240024102410246020A015302B8
:1065A000400081018601550289018A0158028F014C
:1065B0005A0290015C025D025E025F029301610279
:1065C0006202940164026502660267029701960105
:1065D0006A02622C6C026D026E029C0170027102F2
:1065E0009D01730274029F0176027702780279029C
:1065F0007A027B027C02642C7E027F02A601810269
:106600008202A9018402850286028702AE01440249
:10661000B101B20145028D028E028F0290029102F9
:10662000B7017B030300FD03FE03FF03AC0304007B
:106630008603880389038A03B1031103C20302009E
:10664000A303A303C4030803CC0303008C038E033A
:106650008F03D8031801F2030A00F903F303F403CC
:10666000F503F603F703F703F903FA03FA0330041B
:10667000200350041007600422018A043601C1047B
:106680000E01CF040100C004D004440161052604BA
:1066900000007D1D0100632C001E9601A01E5A0102
:1066A000001F0806101F0606201F0806301F0806D8
:1066B000401F0606511F0700591F521F5B1F541F22
:1066C0005D1F561F5F1F601F0806701F0E00BA1F58
:1066D000BB1FC81FC91FCA1FCB1FDA1FDB1FF81F34
:1066E000F91FEA1FEB1FFA1FFB1F801F0806901FF0
:1066F0000806A01F0806B01F0400B81FB91FB21F6C
:10670000BC1FCC1F0100C31FD01F0206E01F0206E2
:10671000E51F0100EC1FF31F0100FC1F4E210100CB
:10672000322170211002842101008321D0241A0516
:10673000302C2F04602C0201672C0601752C0201FD
:10674000802C6401002D260841FF1A030000000080
:106750000200000000000000000000000000000037
:106760005361000057650000546800004D6F000041
:106770004672000053750000547500004A756E653E
:10678000000000004D617263680000004170726992
:106790006C000000446563656D6265720000000076
:1067A00053657074656D6265720000004E6F7665AA
:1067B0006D626572000000004F63746F6265720065
:1067C00041756775737400004D6179004A756C7985
:1067D000000000004A616E75617279004665627260
:1067E0007561727900000000323032330A32303283
:1067F000320A323032310A323032300A32303139F4
:106800000A323031380A323031370A323031360A02
:10681000323031350A323031340A323031330A32D3
:106820003031320A323031310A323031300A3230CE
:1068300030390A323030380A323030370A323030AC
:10684000360A323030350A323030340A32303033A2
:106850000A323030320A323030310A323030300AC7
:10686000313939390A313939380A313939370A3148
:106870003939360A313939350A313939340A313939
:1068800039330A313939320A313939310A31393932
:10689000300A313938390A313938380A313938371C
:1068A0000A313938360A313938350A313938340A3B
:1068B000313938330A313938320A313938310A310D
:1068C0003938300A313937390A313937380A3139EC
:1068D00037370A313937360A313937350A313937DE
:1068E000340A313937330A313937320A31393731DD
:1068F0000A313937300A313936390A313936380AEE
:10690000313936370A313936360A313936350A31B6
:106910003936340A313936330A313936320A3139A7
:1069200036310A313936300A313935390A3139359B
:10693000380A313935370A313935360A3139353582
:106940000A313935340A313935330A313935320AA9
:10695000313935310A313935300A313934390A3172
:106960003934380A313934370A313934360A313951
:1069700034350A313934340A313934330A3139344F
:10698000320A313934310A313934300A3139333944
:106990000A313933380A313933370A313933360A53
:1069A000313933350A313933340A313933330A3125
:1069B0003933320A313933310A313933300A313916
:1069C00032390A313932380A313932370A313932FB
:1069D000360A313932350A313932340A31393233F3
:1069E0000A313932320A313932310A313932300A18
:1069F000313931390A313931380A313931370A31CF
:106A00003931360A313931350A313931340A3139BF
:106A100031330A313931320A313931310A313931C0
:106A2000300A313930390A313930380A31393037A2
:106A30000A313930360A313930350A313930340AC1
:106A4000313930330A313930320A313930310000CE
:106A500030310A30320A30330A30340A30350A30E5
:106A6000360A30370A30380A30390A31300A3131C3
:106A70000A3132000A00000020000000210000005E
:106A80002200000031230000230000002400000049
:106A90002500000027000000280000002900000059
:106AA0002A0000002B0000002C0000002B2F2D00DE
:106AB0002D0000002E0000002F000000300000001C
:106AC00031000000320000003300000034000000FC
:106AD00035000000360000003700000038000000DC
:106AE000390000003A0000003B0000003C000000BC
:106AF0003D0000003E0000003F000000400000009C
:106B000041000000420000004142430043000000F9
:106B1000440000004500000046000000470000005F
:106B200048000000490000004A0000004B0000003F
:106B30004C0000004D0000004E0000004F0000001F
:106B400050000000510000005200000053000000FF
:106B500054000000550000005600000057000000DF
:106B600058000000590000005A0000005B000000BF
:106B70005C0000005D0000005F000000610000009C
:106B800062000000616263006300000064000000B6
:106B9000650000006600000067000000690000005A
:106BA0006A0000006B0000006D0000006E00000035
:106BB0006F00000070000000710000007200000013
:106BC00073000000740000007500000076000000F3
:106BD0007700000078000000790000007A000000D3
:106BE0007B0000007D000000EF808C00EF819300AF
:106BF000EF819400EF959A00EF849C00EFA2A20031
:106C00000000000042746E310000000042746E32D9
:106C10000000000042746E330000000042746E34C5
:106C20000000000042746E3500000000E3808BE637
:106C30008993E5BC802FE5889BE5BBBA4661744625
:106C400073E8AFBBE58699E6B58BE8AF95E6968726
:106C5000E4BBB62E747874E69687E4BBB6E68890FB
:106C6000E58A9FEFBC8CE59091E69687E4BBB6E59C
:106C70008699E585A5E695B0E68DAEE380820D0A9E
:106C800000000000A46C040800000020E4030000E1
:106C900068050008946E0408E4030020A4D20000F4
:106CA0005C320008412D01020304041009060708A4
:106CB000090204060884A24A04691801541AAA01A8
:106CC000C15AFF014102202D0266011E74670408AB
:106CD0006C041A78041A64041A68041A70041A609E
:106CE000041AD4041ADC041A84041A8C041AC80482
:106CF0001A7C041ACC041AC0041AA0041AB8041A84
:106D0000AC041A94041E506A0408E80859EE111FD6
:106D1000383E0308383F041A40041A4104291099E8
:106D200004411AE8081AE8241AE8241A8C243910B5
:106D30009904015C0617D4C3B2A16F1812CDCB021F
:106D400008A9C802084DC9020825CA02086D101A10
:106D5000990C1AD5041AFD041E046C04080C041ABC
:106D600014041A74F81A1C081A2404112904F112C4
:106D7000F03440010580C1F6CFD3BBD10896BDD415
:106D80002D8C43A359993DD97A063BA578D1C0658E
:106D9000C5B03D6EDBF73AF3624DC1CCEC73BBA0DE
:106DA000C186BD39B77E433752363B7EFE7B3DF10F
:106DB0008739C1F3C9AA3DD40CA93BC4667AC12E58
:106DC000CBB73DEC8497B9CEE5A4C1CA17B4BAE3FA
:106DD000FE833D996E80C18010493ADACA8BBD4B63
:106DE000E47A438F39AFBDEA784CB9B35FA7434328
:106DF0008EADBDDE214538E294A14326370ABB851E
:106E0000ED87BD2F7E82439738F2BAE82E893D0781
:106E1000EA4CC108CAADBDA30653BA9CB2A643E56D
:106E20000AAFBD5DA365BAF702A743C32A5EBB8A5A
:106E30008E843DE5C1C6C05AFF0101284853E6AC27
:106E4000A2E8BF8EE4BDBFE794A8E9878EE781ABD7
:106E500053544D333220E5BC80E58F91E69DBF2031
:106E6000E4BB8AE5A4A9E698AFE4B8AAE5A5BDE627
:106E700097A5E5AD90EFBC8CE696B0E5BBBAE6967B
:106E800087E4BBB6E7B3BBE7BB9FE6B58BE8AF953E
:046E900012630D0A72
:0400000508000131BD
:00000001FF
