:020000040800F2
:1000000040CE0020C5020008931D000825140008FA
:100010008F1D0008D11100083122000800000000E7
:100020000000000000000000000000002D02000899
:10003000D51100080000000071020008E91F000847
:10004000DF020008DF020008DF020008DF0200080C
:10005000DF020008DF020008DF020008DF020008FC
:10006000DF020008DF020008DF020008DF020008EC
:10007000DF020008DF020008DF020008DF020008DC
:10008000DF020008DF020008DF020008DF020008CC
:10009000DF020008DF020008DF020008DF020008BC
:1000A000DF020008DF020008DF020008DF020008AC
:1000B000DF020008DF020008DF020008DF0200089C
:1000C000DF020008DF020008DF020008DF0200088C
:1000D000DF020008DF020008DF020008DF0200087C
:1000E000DF020008DF020008DF020008DF0200086C
:1000F000DF020008DF020008DF020008DF0200085C
:10010000DF020008DF020008DF020008DF0200084B
:10011000DF020008DF020008DF020008DF0200083B
:10012000DF020008DF020008DF020008DF0200082B
:1001300000F002F800F06AF80AA090E8000C82448F
:100140008344AAF10107DA4501D100F05FF8AFF26C
:10015000090EBAE80F0013F0010F18BFFB1A43F0A5
:100160000103184720510300405103000A444FF097
:10017000000C10F8013B13F0070408BF10F8014B06
:100180001D1108BF10F8015B641E05D010F8016B4B
:10019000641E01F8016BF9D113F0080F1EBF10F8AF
:1001A000014BAD1C0C1B09D16D1E58BF01F801CBD2
:1001B000FAD505E014F8016B01F8016B6D1EF9D555
:1001C0009142D6D37047000000230024002500266A
:1001D000103A28BF78C1FBD8520728BF30C148BFAA
:1001E0000B607047642900F09181732900F0498405
:1001F000002070471FB59DE8030000F0A1FB00F050
:100200009FFC1FBD10B500F004FD10BD00F06FFD98
:100210001146FFF7EFFF29F047FF00F04DFE03B452
:10022000FFF7F0FF03BC00F04BFC0000224B196805
:100230000868B0E8F00F80F30988BFF36F8F4FF0C4
:10024000000080F311884EF00D0E70470000000092
:1002500006480068006880F3088862B661B6BFF39C
:100260004F8FBFF36F8F00DF00BF00BF08ED00E0CE
:10027000EFF30980BFF36F8F0F4B1A6820E9F00F7F
:10028000106008B54FF0500080F31188BFF34F8F16
:10029000BFF36F8F2FF0B2FF4FF0000080F3118893
:1002A000BDE8084019680868B0E8F00F80F30988D5
:1002B000BFF36F8F704700BF30000020EFF3058061
:1002C000704700000948804709480047FEE7FEE7FD
:1002D000FEE7FEE7FEE7FEE7FEE7FEE7FEE7FEE7F6
:1002E00004480549054A064B704700003D200008B8
:1002F0003101000840C8002040CE002040CA002044
:1003000040CA002070B5064600F0FEFA056806F106
:100310000B0020F00704B4429CBF002070BD2B46A8
:100320006A68BAB11068A04210D304F1080188428B
:100330003CBF5068586007D351681019416011687C
:10034000091B016058601460101D70BD134652688F
:10035000002AE7D12146284600F0DEFA0028DED147
:1003600070BD70B50446051F00F0CEFA0068002C81
:1003700014BF446870BD002C18BFAC423CBF20467F
:100380006468F8D301680A18AA4218BF456003D10F
:100390002A6805461144016028684119A1421CBF22
:1003A0006C6070BD6168696021680844286070BD38
:1003B00053EA020C00F069802DE9F04B4FF0000683
:1003C000002B1FBFB3FA83F503FA05F424FA05F6F0
:1003D0005E4012BF1643B2FA82F502FA05F4C5F187
:1003E00020051EBF22FA05FC44EA0C04203556EA1B
:1003F000044C4FEA144418BF641C4FF000084FF03F
:100400000009904271EB030C39D3002919BFB1FAEE
:1004100081F701FA07F6B0FA80F700FA07F6C7F19C
:1004200020071EBF20FA07FC46EA0C062037B6FB61
:10043000F4FCA7EB0507103F07F01F0BCBF12006DC
:100440000CFA0BFB2CFA06F644BFB3460026202F0D
:10045000A4BF5E464FF0000B5BEA060C08BF4FF0EE
:10046000010B19EB0B09ABFB027C48EB0608C01B28
:1004700006FB02CC0BFB03CC71EB0C01C1E70B4676
:10048000024641464846BDE8F08B13B54FF00000E8
:100490004FF00001AFF30080BDE81C407047000042
:1004A0000FB4044910B503AA029800F0EFFA10BC8B
:1004B0005DF814FB38C7002070B50C460546012ACC
:1004C00005D02878800600D5EA69002302E00123E0
:1004D00005E05B1C934202D2E05C0028F9D1A869D8
:1004E000E618C01AA861286A184428622846AFF3A3
:1004F000008004E0D5E9012114F8010B9047B442D3
:10050000F8D32846AFF3008070BD00002DE9F0411C
:100510000646002410687529314616A510D0AFF3A1
:100520000080002802DA404213A507E031688A07FC
:1005300001D512A502E0490704D511A5012401E067
:10054000AFF3008000210A2206F1240709E0B0FB86
:10055000F2FCB0FBF2F302FB1C003030785418467A
:10056000491C0028F3D123462A463046BDE8F04115
:1005700000F01CBA000000002D0000002B0000005D
:10058000200000002DE9F05F894604464FF0000A84
:10059000DFF824B1FB44C0F820A02046E16888477A
:1005A00000287DD0252806D0D4E901219047206A73
:1005B000401C2062F1E700255F462046E16888473D
:1005C0002028064607DB312E05D2B81910F8200C7A
:1005D00008B10543F1E7A80701D525F00405C4F8E3
:1005E0001CA00027C4F818A02A2E09D0304602F01B
:1005F00093F838B304EB8708303EC8F8186019E068
:1006000059F8041B204604EB87029161E168884792
:10061000012F064618D1E069002820DA25F02005D0
:100620001DE0D8F8180000EB800006EB40003038E1
:10063000C8F818002046E1688847064602F06CF8C2
:100640000028EED1012F0AD02E2E08D12046E168D5
:1006500088477F1C0646022F45F02005C4DBA069B1
:10066000002803DA404245F00105A061E80701D007
:1006700025F01005A6B1A6F14100192802D82036B0
:1006800045F400654A463146204625604D46FFF751
:10069000A9FD60B1012807D0ED1D25F0070000E09D
:1006A00007E000F1080978E705F1040975E730462D
:1006B0007AE7206ABDE8F09F0048030040EA0103A2
:1006C000024630B59B0710D14FF0013400E008C25C
:1006D00008C91D1B9D4315EAC41FF8D013F0FF0184
:1006E00002F8011B0DD01B0AF8E711F8013B002BA3
:1006F00002F8013B05D011F8013B002B02F8013B49
:10070000F3D130BD10B5431C02E010F8011B71B1EC
:100710008107FAD14FF0013202C88C1A8C4314EAD7
:10072000C211F9D0C01A0A0603D0C01E10BDC01AEB
:1007300010BD0A0401D0801E10BD0902FCD0401E6D
:1007400010BD032A40F2308010F0030C00F0158039
:1007500011F8013BBCF1020F624498BF11F801CBC4
:1007600000F8013B38BF11F8013BA2F1040298BF29
:1007700000F801CB38BF00F8013B11F0030300F093
:100780002580083AC0F0088051F8043B083A51F837
:1007900004CBA0E80810F5E7121D5CBF51F8043B3C
:1007A00040F8043BAFF30080D20724BF11F8013BAF
:1007B00011F801CB48BF11F8012B24BF00F8013B11
:1007C00000F801CB48BF00F8012B704710B5203A64
:1007D000C0F00B80B1E81850203AA0E81850B1E8FA
:1007E0001850A0E81850BFF4F5AF5FEA027C24BFB0
:1007F000B1E81850A0E8185044BF18C918C0BDE8A7
:1008000010405FEA827C24BF51F8043B40F8043B6F
:1008100008BF7047D20728BF31F8023B48BF11F824
:10082000012B28BF20F8023B48BF00F8012B70477E
:100830004FF0000200B5134694469646203922BF79
:10084000A0E80C50A0E80C50B1F12001BFF4F7AFC4
:10085000090728BFA0E80C5048BF0CC05DF804EBA6
:10086000890028BF40F8042B08BF704748BF20F814
:10087000022B11F0804F18BF00F8012B70470000C9
:100880004FF0013C50F8042B51F8043B9A4221D11F
:10089000A2EB0C03934313EACC1317D150F8042BAB
:1008A00051F8043B9A4215D1A2EB0C03934313EA8F
:1008B000CC130BD150F8042B51F8043B9A4209D1C8
:1008C000A2EB0C03934313EACC13DBD04FF00000F0
:1008D000704700BFD01A01BAB1FA81F101F01801D6
:1008E00022FA01F0CB40C1F12001DBB2C0B2C01A44
:1008F0002CFA01F3D11A914311EAC311E6D17047E2
:10090000704770477047000000487047E8C70020F4
:10091000704770477047704738B504460A46002054
:100920006946AFF30080002808BF38BD0246009931
:10093000204600F0CFF8012038BD012000F09CB91E
:10094000F8B5AFF30080054600200C46102000BF2C
:100950000646A819A0420DD9324669460020AFF3D9
:100960000080070008BF00F087F90098A04218BF78
:100970000546C419FFF7C8FF05600746F01D20F0C3
:1009800007004619284600F00AF8B44208BFF8BD2F
:10099000A21B31463868BDE8F84000F09BB8002142
:1009A0000160C0E901107047102070472DE9F04741
:1009B0000D4699469246044600F1240801688806CF
:1009C00004D5E06921F01001216000E00120A84277
:1009D00001DD471B00E00027A1697A1902EB09003D
:1009E000081AA0612078C00602D42046AFF3008028
:1009F000002608E0D4E901211AF806009047206A91
:100A0000401C761C20624E45F4DB2078C0060AD5D7
:100A10002046AFF3008006E0D4E901213020904762
:100A2000206A401C2062381EA7F10107F4DC07E0B1
:100A3000D4E9012118F805009047206A401C206283
:100A4000281EA5F10105F3DC2046AFF300802078D5
:100A5000000602D50220BDE8F0870120FBE710B5B3
:100A6000436913B1AFF3008001E0FFF725FD0120DA
:100A700010BD127800F124010A7000224A70012290
:100A8000EDE711684FF0FF32E9E70000074B70B562
:100A90000D467B4400F03DF80446284600F04CF833
:100AA00010B14FF0FF3070BD204670BDFF00010057
:100AB00008B569468DF800000320ABBE08BD0000F4
:100AC00001491820ABBEFEE726000200004870472F
:100AD000E0C70020034640688C46002818BF8842C3
:100AE0003CBF03464068F8D318681844884207D0D2
:100AF0000CF1030020F00700001D411A521A0146B4
:100B0000081D0A60FFF72DBC01694A1C02610878C4
:100B1000704700B58FB0CDE901310021059105493D
:100B20007944CDE9031011466846FFF72BFD0FB05D
:100B300000BD0000E5FFFFFF007B00F08000704774
:100B400010B542485421FFF773FE41485421FFF786
:100B50006FFE40485421FFF76BFE3F493B483C4A3B
:100B60003F4B08603D490A603A491960531C0365D0
:100B7000481C1065012008653B48344A39A1784477
:100B800000F0FEF820B9384878440A3800F0A2F99D
:100B900037482F4A35A1784400F0F2F820B934489C
:100BA00078440A3800F096F932482A4A2FA178444E
:100BB00000F0E6F820B92F4878440A3800F08AF9A6
:100BC00040232248DC000021224600F0B5F820B185
:100BD00025487844543800F07DF91D4822464023CA
:100BE000002100F0A9F820B121487844543800F0E1
:100BF00071F9184822461023002100F09DF80028C2
:100C000006D01C487844BDE81040563800F062B960
:100C100010BD104870B5006D20F001040B4800F0C5
:100C200025F90B4800F022F90A4800F01FF909E005
:100C3000206D20F00105204600F018F92046FFF74E
:100C400090FB2C46002CF3D170BD0000E4C60020C0
:100C500038C700208CC700205C0300206003002000
:100C600064030020720000002742030077000000A8
:100C700013420300FF41030010B500F033F9BDE853
:100C8000104000F022B90EB5CDE90001FFF73AFDA2
:100C9000029069460120ABBE0EBD08B569460090C2
:100CA0000220ABBE08BD1FB58DE8070069460520D0
:100CB000ABBE04B010BD1FB58DE80F00694606201D
:100CC000ABBEF6E708B5694600900920ABBE08BD8B
:100CD0001CB5CDE9000169460A20ABBE1CBD7047BA
:100CE00008B5694600900C20ABBE08BD704775463C
:100CF000FFF7ECFEAE4605006946534620F00700BC
:100D0000854618B020B5FFF7EBFABDE820404FF05C
:100D100000064FF000074FF000084FF0000B21F0E5
:100D20000701AC46ACE8C009ACE8C009ACE8C009B2
:100D3000ACE8C0098D46704770B5C468A50713D0EC
:100D4000650211D4B2F5807F09D0B2F5007F06D0DC
:100D5000B2F5806F08D1012300F1240106E05D1E89
:100D60006FF07F46B54201D3012070BD0161C361C0
:100D7000416024F470611143C160002070BD000027
:100D80002DE9F0410C4607461646104600F06EF875
:100D90002078611C61280AD0722802D077283CD1C3
:100DA00002E00125002405E00225042402E00824D5
:100DB00048F2020511F8010B2B2806D0622809D051
:100DC00011F8010C74280AD00BE045F0030544F03B
:100DD0000204EFE745F0040544F00104EAE744F0BB
:100DE000100438462146FFF74EFF411C15D0002164
:100DF000316171604FF40071F560F161706120073D
:100E000004D530460222002100F094F8306D40F005
:100E1000010030653046BDE8F0810020FBE72DE998
:100E2000F0410D460646104C206DC10704D0410824
:100E300004D020F00104F7E722460EE05420FFF72B
:100E400061FA07000ED0206D47F0010108435421DC
:100E500020653846FFF7ECFC3A4629463046BDE8A7
:100E6000F0418DE70020D6E7E4C600202DE9F047E9
:100E700004464FF000094FF0FF37C568D4E90486F7
:100E8000A80707D0204600F005F93046FFF705FF18
:100E9000002802DA3846BDE8F087280502D540462A
:100EA000FFF75FFA4C212046FFF7C2FC206D20F0CF
:100EB000010020654846EEE710B50446AFF3008018
:100EC0002046BDE81040FFF7AAB9002801D0FFF77F
:100ED000F7BD704710B500F03BF9BDE81040FFF7D3
:100EE000F4BF000010B5012805D0002103A000F0D8
:100EF00015F9012010BD09A1F8E700005349475238
:100F0000544D454D3A204F7574206F6620686561D9
:100F100070206D656D6F7279000000003A204865A1
:100F20006170206D656D6F727920636F727275707C
:100F3000746564002DE9F041044616460D46476984
:100F4000007B80072ED03846FFF7BCFE50BB3EB377
:100F5000012E02D0022E25D104E0204600F012F925
:100F600005441DE03846FFF7BBFEE168002841F06C
:100F70001001E16005DA204600F058F80120BDE8D4
:100F8000F081C9030BD56268E16A914200D811462D
:100F9000A26911442269891A814200DD084605448C
:100FA000002D01DA0220EAE7E16A6068E268814226
:100FB00006D29103E06203D522F4003141F0100221
:100FC000A6690027AE4213DCE16A814201D90B46D3
:100FD00000E0034603EB060C2369ACEB030CAC45C5
:100FE00006DD814201D98C4600E084469C4505D14E
:100FF000A760276042F02000A5620DE0AD1BE66906
:10100000AE1B8142A66000D90846C01A281A20608B
:101010005819606022F0200003490840E060002079
:1010200084F84870ABE70000BFCFD7FFC16821F458
:10103000001141F08001C1600021816001607047B2
:101040002DE9F047814614460E464FF0FF383248EE
:10105000D5685769054209D03846A169FFF738FEBF
:10106000002811DB2C48C0430540E5602B46324682
:1010700049463846FFF717FEA16920F00042B21A30
:1010800011440028A16103D02046FFF7CFFF40465E
:10109000BDE8F08770B504460569C06A616888429A
:1010A00000D80846E16821F42011E160C90312D597
:1010B000A84208D02246411B2846FFF7C1FF10B1C5
:1010C0004FF0FF3070BD0020E562C4E90150E068D8
:1010D00020F48030E060002070BD10B50446C06888
:1010E00020F02000E060A16AA06988420DD020466F
:1010F000FFF7D0FFE06820F4405040F01000E060BF
:10110000A06AA0612069E062606044F24001E0688A
:101110008843E06010BD00001000020070B5054675
:101120000C460A2000E06D1CFFF7C2FC35B12878A0
:101130000028F8D102E0641CFFF7BAFC14B1207853
:101140000028F8D1BDE870400A20FFF7B1BC0000CC
:1011500010B5014602A0FFF7E1FF012010BD00001D
:1011600053494752545245443A2052656469726566
:1011700063743A2063616E2774206F70656E3A2045
:101180000000000010B50146C268900703D0900629
:1011900007D5886A0AE000F017F801210160881E6F
:1011A00010BD8B69486818440B69C01A91F8483023
:1011B0001BB191F84910401A10BD1103FCD500284D
:1011C000FADD401E10BD000000487047E0C7002057
:1011D00000BFFEE77047000051B18200A2F1C0429B
:1011E000126842F001038200A2F1C042136009E0DC
:1011F0008200A2F1C0421268034B1A408300A3F19F
:10120000C0431A6070470000FEFF0F00D0E90112D2
:101210001143C26811430269114342691143826953
:101220001143C2691143026A1143426A1143826A3F
:101230001143C26A1143026B114302689200A2F18A
:10124000C0421160816808290BD101688900A1F1B1
:10125000C041096841F0400201688900A1F1C04124
:101260000A60416B0968426B526841EA0211426BA5
:10127000926841EA0221426B928941EA0241426B43
:10128000128A41EA0251426B127D41EA0261426BCD
:10129000926911430268521C9200A2F1C04211608F
:1012A000C16AB1F5804F1BD1816B0968826B5268AE
:1012B00041EA0211826B926841EA0221826B128A32
:1012C00041EA0251826B127D41EA0261826B9269AE
:1012D000114302689200A2F1C042C2F8041107E073
:1012E0006FF0704201688900A1F1C041C1F804218A
:1012F00070472DE9F041024600250026002000231A
:101300000024002791F803C00CF00F0591F803C0EA
:101310000CF0100CBCF1000F03D091F802C04CEAA5
:10132000050591F800C0BCF1000F31D01468002011
:101330002BE04FF0010C0CFA00F3B1F800C00CEAFE
:1013400003069E4220D183004FF00F0C0CFA03F7E6
:10135000BC4305FA03FC4CEA040491F803C0BCF159
:10136000280F06D14FF0010C0CFA00FCC2F814C093
:101370000AE091F803C0BCF1480F05D14FF0010C11
:101380000CFA00FCC2F810C0401C0828D1D314602D
:10139000B1F800C0BCF1FF0F34DD546800202EE02E
:1013A00000F1080C4FF0010808FA0CF3B1F800C086
:1013B0000CEA03069E4221D183004FF00F0C0CFA79
:1013C00003F7BC4305FA03FC4CEA040491F803C09C
:1013D000BCF1280F05D100F1080C08FA0CF8C2F88E
:1013E000148091F803C0BCF1480F07D100F1080C3C
:1013F0004FF0010808FA0CF8C2F81080401C0828C9
:10140000CED35460BDE8F0810246002093680B40C3
:101410000BB1012000E0002070474161704701617D
:101420007047000002A0FFF73BF800BFFEE7000096
:10143000486172644661756C7400000010B5044622
:101440002CB14FF480510548FFF7E7FF04E04FF45B
:1014500080510248FFF7E3FF10BD00000014014077
:1014600001B502E00098401E009000980028F9D1D4
:1014700008BD00B597B03C2108A8FFF7D9F91C2199
:1014800001A8FFF7D5F90121080200F08DFC012029
:1014900001900420039080060790002002900490A1
:1014A000059006900890099008200A9010200B9053
:1014B00000200C900E900F9010904FF480501190DF
:1014C000002012901390149001A81590169008A86F
:1014D000FFF79CFE01210020FFF77EFE17B000BD44
:1014E0002DE9F84F05460E4617469846DDF828B018
:1014F000781B401C1FFA80F9A8EB0600401C1FFA5D
:1015000080FA09FB0AF0009053464A4631462846C5
:1015100000F060F92C2000F007FC002404E03BF808
:10152000140000F005FC641C00988442F7D3BDE869
:10153000F88F000008B50121602000F045FC032071
:101540008DF8020018208DF803004FF48040ADF8AC
:10155000000069465B48FFF7CCFE4FF40040ADF851
:10156000000069465748FFF7C4FE0120ADF80000AF
:1015700069465448FFF7BDFE0220ADF800006946F9
:101580005048FFF7B6FE8020ADF8000069464E488F
:10159000FFF7AFFE4FF48070ADF8000069464A488F
:1015A000FFF7A7FE4FF40070ADF80000694646480B
:1015B000FFF79FFE4FF48060ADF800006946424897
:1015C000FFF797FE4FF40060ADF8000069463E4813
:1015D000FFF78FFE4FF48050ADF8000069463A489F
:1015E000FFF787FE4FF40050ADF80000694636481B
:1015F000FFF77FFE4FF48040ADF8000069463248A7
:10160000FFF777FE4FF40040ADF8000069462E4822
:10161000FFF76FFE4FF48070ADF80000694629486F
:10162000FFF767FE4FF40070ADF8000069462548EB
:10163000FFF75FFE4FF48060ADF800006946214877
:10164000FFF757FE03208DF8020018208DF80300E5
:101650001020ADF8000069461A48FFF74AFE202026
:10166000ADF8000069461748FFF743FE8020ADF84B
:10167000000069461348FFF73CFE4FF40060ADF8E8
:10168000000069460F48FFF734FE10208DF8030074
:1016900003208DF802000220ADF8000069460A48D8
:1016A000FFF727FE10208DF8030003208DF80200BD
:1016B0004FF48050ADF8000069460248FFF719FE6C
:1016C00008BD0000001401400018014010B5044698
:1016D000072C00DD10BD31480470204604EBD071AA
:1016E0004910A4EB410139B9F0202D4908804FF48D
:1016F000A0702C49088006E04FF4A07028490880AB
:10170000F02028490880362000F00EFB264800888B
:1017100049F24131884205D1082141EA441000F0E4
:1017200007FB0AE02048008848F25251884204D161
:10173000002141EA441000F0FBFA2A2000F0F4FAFC
:10174000002000F0F5FA002000F0F2FA14490988B0
:10175000491EC1F3072000F0EBFA11490978491E30
:10176000C8B200F0E5FA2B2000F0DEFA002000F00D
:10177000DFFA002000F0DCFA0A490988491EC1F3AB
:10178000072000F0D5FA07490978491EC8B200F0D1
:10179000CFFA2C2000F0C8FA00BF9BE79800002089
:1017A00094000020960000209A00002010B5FFF75A
:1017B000C1FEFFF75EFE0120FFF740FE00F0A0FA39
:1017C00000F038F802480078FFF780FF10BD0000F5
:1017D000980000202DE9F04104460D4616461F46AC
:1017E0002A2000F0A1FA201200F0A2FAE0B200F0E4
:1017F0009FFAA119491EC1F30F2000F099FAA1190F
:10180000491EC8B200F094FA2B2000F08DFA28127D
:1018100000F08EFAE8B200F08BFAE919491EC1F324
:101820000F2000F085FAE919491EC8B200F080FACD
:10183000BDE8F08110B500F025FAFE4908800846A1
:10184000008849F2413188427ED1CF2000F06CFA05
:10185000002000F06DFA812000F06AFA302000F0DC
:1018600067FAED2000F060FA642000F061FA0320CE
:1018700000F05EFA122000F05BFA812000F058FAC6
:10188000E82000F051FA852000F052FA102000F014
:101890004FFA782000F04CFACB2000F045FA3920BE
:1018A00000F046FA2C2000F043FA002000F040FA45
:1018B000342000F03DFA062000F03AFAF72000F05C
:1018C00033FA202000F034FAEA2000F02DFA00204C
:1018D00000F02EFA002000F02BFAB12000F024FADC
:1018E000002000F025FA1B2000F022FAB62000F0BC
:1018F0001BFA0A2000F01CFAA22000F019FAC020FE
:1019000000F012FA352000F013FAC12000F00CFAB2
:10191000112000F00DFAC52000F006FA452000F075
:1019200007FA452000F004FAC72000F0FDF9A220D4
:1019300000F0FEF9F22000F0F7F9002000F0F8F9CD
:10194000262000F0F1F900E096E0012000F0F0F927
:10195000E02000F0E9F90F2000F0EAF9262000F07D
:10196000E7F9242000F0E4F90B2000F0E1F90E2063
:1019700000F0DEF9092000F0DBF9542000F0D8F97E
:10198000A82000F0D5F9462000F0D2F90C2000F094
:10199000CFF9172000F0CCF9092000F0C9F90F2089
:1019A00000F0C6F9072000F0C3F9002000F0C0F9EC
:1019B000E12000F0B9F9002000F0BAF9192000F098
:1019C000B7F91B2000F0B4F9042000F0B1F91020A1
:1019D00000F0AEF9072000F0ABF92A2000F0A8F9DA
:1019E000472000F0A5F9392000F0A2F9032000F00B
:1019F0009FF9062000F09CF9062000F099F93020AC
:101A000000F096F9382000F093F90F2000F090F9DB
:101A1000362000F089F9C82000F08AF92A2000F069
:101A200083F9002000F084F9002000F081F9002003
:101A300000F07EF9EF2000F07BF92B2000F074F924
:101A4000002000F075F9002000F072F9012000F08C
:101A50006FF93F2000F06CF93A2000F065F955204D
:101A600000F066F9112000F05FF97348FFF7F8FC09
:101A7000292000F059F901E16E48008848F25251DE
:101A80008842F8D1CF2000F04FF9002000F050F943
:101A9000C12000F04DF9302000F04AF9ED2000F0AF
:101AA00043F9642000F044F9032000F041F91220CA
:101AB00000F03EF9812000F03BF9E82000F034F915
:101AC000852000F035F9102000F032F9782000F080
:101AD0002FF9CB2000F028F9392000F029F92C202B
:101AE00000F026F9002000F023F9342000F020F95E
:101AF000022000F01DF9F72000F016F9202000F078
:101B000017F9EA2000F010F9002000F011F9002088
:101B100000F00EF9C02000F007F9212000F008F9CC
:101B2000C12000F001F9112000F002F9C52000F0F9
:101B3000FBF82D2000F0FCF8332000F0F9F83620F7
:101B400000F0F2F8002000F0F3F83A2000F0ECF892
:101B5000552000F0EDF8B12000F0E6F8002000F08C
:101B6000E7F8172000F0E4F8B62000F0DDF80A20CE
:101B700000F0DEF8A22000F0DBF8F62000F0D4F848
:101B8000012000F0D5F8302000F0D2F8F22000F06B
:101B9000CBF8002000F0CCF8262000F0C5F801209A
:101BA00000F0C6F8E02000F0BFF8D02000F0C0F848
:101BB000002000F0BDF8022000F0BAF8072000F085
:101BC000B7F80B2000F0B4F81A2000F0B1F831207B
:101BD00000F0AEF8542000F0ABF8402000F0A8F878
:101BE000292000F0A5F8122000F0A2F8122000F041
:101BF0009FF8122000F09CF8172000F099F8E120DF
:101C000000F092F8D02000F093F8002000F090F857
:101C1000022000F08DF8072000F08AF8052000F07F
:101C200087F8252000F084F82D2000F081F844206A
:101C300004E000009A000020FCBF020000F078F8E9
:101C4000452000F075F81C2000F072F8182000F014
:101C50006FF8162000F06CF81C2000F069F81D20C9
:101C600000F066F8112000F05FF80548FFF7F8FB78
:101C7000292000F059F82C2000F056F810BD000083
:101C8000FCBF020010B50024042000F04DF800BF96
:101C90001748008800BF1648008800F02BF804465B
:101CA0004FF6FF7000EA042400F024F8044348F2E1
:101CB0005250844201D1204610BDD32000F034F8A8
:101CC00000BF0B48008800BF0948008800F012F8E8
:101CD00004464FF6FF7000EA042400F00BF80443BA
:101CE00049F24130844201D12046E5E70020E3E794
:101CF0000000026001480088704700000000026098
:101D000010B502210748FFF788FB40F6FF20FFF7D8
:101D1000A7FB02210348FFF782FB40F6FF20FFF7F5
:101D20009FFB10BD001801404FF0C0410880704774
:101D30000149088070470000000002602DE9F04171
:101D400000BF16F01BF9074616F074F9054613F0AC
:101D50005FFD044620461CF0ABFA064606A130465D
:101D60001DF0AEFA254600231A46092128461EF02A
:101D700049FD00BFBDE8F08168656C6C6F00000034
:101D800004E005202EF0A2F927F0B8FBF9E700BF28
:101D9000FEE7704702490143024A116070470000A4
:101DA0000000FA050CED00E029B1064A5269024331
:101DB000044B5A6104E0034A52698243014B5A6161
:101DC000704700000010024029B1064A92690243A0
:101DD000044B9A6104E0034A92698243014B9A6181
:101DE000704700000010024030B50021002200249E
:101DF00000232D4D6D6805F00C0121B1042905D09B
:101E0000082923D105E0294D056022E0274D056012
:101E10001FE0254D6D6805F47012234D6D6805F4C3
:101E20008034022505EB92421CB9214D55430560D3
:101E30000BE01D4D6D6805F400351DB11C4D55437B
:101E4000056002E0194D5543056002E0174D05603D
:101E500000BF00BF144D6D6805F0F0010909154D74
:101E60006B5C0568DD4045600F4D6D6805F4E06111
:101E7000090A104D6B5C4568DD4085600A4D6D6850
:101E800005F46051C90A0B4D6B5C4568DD40C560C7
:101E9000054D6D6805F44041890B074D6B5CC568C5
:101EA000B5FBF3F5056130BD0010024000127A0069
:101EB00000093D00000000201000002010B500F0D7
:101EC00001F810BD0CB50020019000903348006867
:101ED00040F480303149086000BF3048006800F4A9
:101EE000003000900198401C0190009818B90198AA
:101EF000B0F5A06FF1D12948006800F4003010B1AE
:101F00000120009001E0002000900098012843D1BA
:101F10002348006840F01000214908600846006826
:101F200020F0030008600846006840F002000860E6
:101F30001A484068194948600846406848600846A1
:101F4000406840F4806048600846406820F47C1097
:101F500048600846406840F4E81048600846006859
:101F600040F08070086000BF0C48006800F000700E
:101F70000028F9D00948406820F00300074948606C
:101F80000846406840F00200486000BF03484068CF
:101F900000F00C000828F9D10CBD00000010024030
:101FA0000020024006E04FF47A702EF08FF802A075
:101FB000FEF776FAF7E7000072756E2E2E2E0A00F5
:101FC000042808D14FF0E021096941F004014FF0E5
:101FD000E022116107E04FF0E021096921F00401DE
:101FE0004FF0E0221161704710B52EF0CFFA0128B2
:101FF00001D02EF081FA10BD00B585B06846FFF71C
:10200000F3FE0420FFF7DCFF0B49009808604FF453
:102010007A710098B0FBF1F04FF0E021486108467A
:10202000006940F0020008610846006940F00100C4
:10203000086105B000BD00009000002010B51348F5
:10204000006840F0010011490860084640681049E6
:1020500008400E494860084600680E4908400B4990
:1020600008600846006820F4802008600846406840
:1020700020F4FE0048604FF41F008860FFF71EFF49
:102080004FF000600449086010BD000000100240DD
:102090000000FFF8FFFFF6FE08ED00E021B18289A5
:1020A00042F40052828104E082894DF6FF731A40A7
:1020B0008281704700B585B001210420FFF784FEBE
:1020C00001218803FFF780FE4FF40070ADF8100087
:1020D00018208DF8130003208DF8120004A913486E
:1020E000FFF707F94FF48060ADF8100004208DF879
:1020F000130004A90D48FFF7FCF84FF4E1300090FD
:102100000020ADF80400ADF80600ADF80800ADF809
:102110000C000C20ADF80A006946054800F018F8DC
:1021200001210348FFF7BAFF05B000BD00080140D8
:102130000038014002460020B1F5007F00D100BF09
:1021400013880B400BB1012000E000207047000015
:102150002DE9F04786B005460E460024A24600BF92
:10216000A1460027B08900B100BF2F462C8A4CF64B
:10217000FF700440F08804432C82AC894EF6F310C3
:102180000440B08831890843718908430443AC8115
:10219000AC8A4FF6FF400440B0890443AC8201A8EA
:1021A000FFF722FE1F48874202D1DDF810A001E0B0
:1021B000DDF80CA0A88900F4004040B10AEBCA0089
:1021C00000EB0A1031684900B0FBF1F807E00AEBB8
:1021D000CA0000EB0A1031688900B0FBF1F86420F6
:1021E000B8FBF0F004012009642101FB1089A889E3
:1021F00000F4004040B1322000EBC900B0FBF1F028
:1022000000F00700044308E0322000EB09106421CD
:10221000B0FBF1F000F00F0004432C8106B0BDE8E4
:10222000F087000000380140C1F308028280704747
:1022300000BFFEE701B5002007E00C2100BF0A1E29
:10224000A1F10103D9B2FAD1401C00998842F4D31C
:1022500008BD00002DE9FC5F05460C4601266846D6
:1022600000F0CAF8002865D0BDF902002EF08AFB04
:1022700083463248007800EB400004EBC000416820
:1022800058462EF097FB8146BDF900002EF07AFBF0
:1022900083462A48007800EB400054F83010584636
:1022A0002EF088FB824649462EF0EEFA80462348FF
:1022B000007800EB400004EBC000816840462EF03F
:1022C000E3FA07462EF042FB00B22880BDF9020077
:1022D0002EF058FB83461948007800EB400004EBD1
:1022E000C000016958462EF065FB8146BDF900002B
:1022F0002EF048FB83461148007800EB400004EBC9
:10230000C000C16858462EF055FB824649462EF063
:10231000BBFA80460948007800EB400004EBC0009F
:10232000416940462EF0B0FA07462EF00FFB00B28E
:10233000688000E000263046BDE8FC9F9800002041
:1023400008B501216020FFF73FFD0120ADF8000036
:102350008DF8020010208DF8030069461B48FEF737
:10236000C8FF0420ADF8000069461848FEF7C1FF19
:102370000820ADF8000001208DF8020048208DF8FB
:10238000030069461148FEF7B4FF4FF40050ADF862
:10239000000001208DF8020010208DF8030069462E
:1023A0000B48FEF7A6FF4FF400510948FFF735F838
:1023B0001020ADF8000048208DF80300694603485E
:1023C000FEF797FF03A0FEF76BF808BD0018014069
:1023D00000140140E8A7A6E691B8E5889DE5A78B23
:1023E000E58C966F6B0A000010B50446204600F09D
:1023F00043F900F0C1F810BD2DE9F0478CB0064656
:10240000002528216846FEF713FA00BF0AA90BA889
:1024100000F09EF8BDF92C002DF81500BDF928102C
:1024200005A820F81510681CC5B210214648FEF713
:10243000EBFF08B90A2DE9DB10214348FEF7E4FF62
:1024400010B10020414908700A2D7BD1BDF9007000
:10245000B846BDF91490CA4601240EE03DF91400B7
:10246000B84202DA3DF9147005E03DF91400404528
:1024700001DD3DF91480601CC4B20A2CEEDB01249E
:1024800012E005A830F91400484503DA05A830F930
:10249000149007E005A830F91400504502DD05A8A6
:1024A00030F914A0601CC4B20A2CEADBBDF90000AC
:1024B000BDF902100844BDF904100844BDF9061026
:1024C0000844BDF908100844BDF90A100844BDF9D4
:1024D0000C100844BDF90E100844BDF91010084452
:1024E000BDF912100844C01BA0EB0800C01000B2D8
:1024F0003080BDF91410BDF916000144BDF9180073
:102500000144BDF91A000144BDF91C000144BDF9A4
:102510001E000144BDF920000144BDF92200014420
:10252000BDF924000144BDF926000844A0EB0900D0
:10253000A0EB0A00C01000B2708001200CB0BDE812
:10254000F087FFE70020F9E7001801405C01002058
:102550002DE9F04104460D469020FFF745FF06B2F5
:102560000120FFF767FED020FFF73EFF07B226806D
:102570002F80BDE8F081000070B5002504211148CE
:10258000FEF74BFF01210F48FEF749FF002414E03E
:1025900001210C48FEF741FF08210A48FEF734FFED
:1025A0000646C4F10B0006FA00F0284385B201216B
:1025B0000448FEF734FF601CC4B20C2CE8DB28464C
:1025C00070BD00000018014010B5002427480078B5
:1025D00020B1012811D002283FD12FE0102124483A
:1025E000FEF712FF20B9012020490870002403E003
:1025F00000201E490870002434E010211C48FEF71A
:1026000003FFA0B91B480068401C1A49086008462F
:102610000068022806D900200860022013490870CB
:1026200001240AE0012011490870002405E000207F
:10263000104908600D490870002413E010210C486F
:10264000FEF7E2FE20B9022008490870012403E0E9
:10265000002006490870002404E0002003490870A7
:10266000002400BF00BF204610BD00005D01002017
:10267000001801406001002070B50546042116488D
:10268000FEF7CBFE01211448FEF7C7FE00241FE031
:10269000C4F1070045FA00F000F0010020B1042168
:1026A0000D48FEF7BCFE03E004210B48FEF7B5FE23
:1026B0000520FFF7BFFD01210748FEF7B0FE05200A
:1026C000FFF7B8FD01210448FEF7A7FE601CC4B265
:1026D000082CDDDB70BD00000018014070B5044619
:1026E000002508E02168481C20600878303805EB98
:1026F000850100EB41052168087800F004F8002806
:10270000F0D1284670BD0146302903DB392901DCB0
:10271000012070470020FCE730380A2801D2012050
:10272000704700207047000010B54021074801F0B5
:1027300097FB00221E21064826F06CFE0549086022
:1027400002F0BAFE00200449087010BD18450020B0
:1027500085550008E4020020E002002030B5034661
:10276000B1F90040B2F90050AC4202DDB1F90040CD
:1027700001E0B2F900401C80B1F90240B2F9025008
:10278000AC4202DDB1F9024001E0B2F902405C80E6
:10279000B1F90440B2F90450AC4202DAB1F9044094
:1027A00001E0B2F904409C80B1F90640B2F906504C
:1027B000AC4202DAB1F9064001E0B2F90640DC8031
:1027C0000120B3F90040B3F90450AC4205DCB3F981
:1027D0000240B3F90650AC4200DD002030BDF8B530
:1027E00004460D4616460027B4F90000B5F900105E
:1027F000884212DBB4F90200B5F9021088420CDB02
:10280000B4F90400B5F90410884206DCB4F90600F6
:10281000B5F90610884200DC01270FB90020F8BD89
:102820000EB90120FBE72088ADF800006088ADF804
:10283000020032466946284600F0A7F808B9002091
:10284000EDE7A088ADF800006088ADF802003246E0
:102850006946284600F099F808B90020DFE720888B
:10286000ADF80000E088ADF802003246694628461F
:1028700000F08BF808B90020D1E7A088ADF800007F
:10288000E088ADF8020032466946284600F07DF83F
:1028900008B90020C3E70120C1E70246B2F90000F1
:1028A000B1F90430984213DCB2F90400B1F90030F8
:1028B00098420DDBB2F90200B1F90630984207DC0C
:1028C000B2F90600B1F90230984201DB01207047ED
:1028D0000020FCE7F8B504460D461646B4F904009E
:1028E000B5F90010884211DBB4F90600B5F9021001
:1028F00088420BDBB4F90000B5F90410884205DC0E
:10290000B4F90200B5F90610884201DD0120F8BDD6
:102910000EB90020FBE72088ADF800006088ADF814
:10292000020032466946284600F02FF808B1002020
:10293000EDE7A088ADF800006088ADF802003246EF
:102940006946284600F021F808B10020DFE720881A
:10295000ADF80000E088ADF802003246694628462E
:1029600000F013F808B10020D1E7A088ADF800000E
:10297000E088ADF8020032466946284600F005F8C6
:1029800008B10020C3E70120C1E72DE9FC5F05463F
:102990000E4614464FF0000AB6F90000B5F90010D3
:1029A000884213DBB6F90000B5F9041088420DDC4B
:1029B000B6F90200B5F90210884207DBB6F9020049
:1029C000B5F90610884201DC4FF0010ABAF1000F98
:1029D00002D10020BDE8FC9F002C01DC0120F9E7BA
:1029E000284612F062FC834600EBDB704710284655
:1029F00012F0D3FB834600EBDB704FEA60084745DB
:102A000001DA384600E0404681464C4500DD4C4640
:102A10002888ADF800002888204400B2ADF80400F2
:102A20006888ADF802006888204400B2ADF806005E
:102A3000002231466846FFF7A8FF80B1BDF80400C8
:102A4000204400B2ADF80400BDF80600204400B2F6
:102A5000ADF806003146684623F0B2F8BAE7E888D8
:102A6000001B00B2ADF80200E888ADF806000022B5
:102A700031466846FFF789FF80B1BDF80400204465
:102A800000B2ADF80400BDF80200001B00B2ADF8C2
:102A900002003146684623F093F89BE7A888001BA4
:102AA00000B2ADF80000A888ADF80400002231465D
:102AB0006846FFF76AFF80B1BDF80000001B00B256
:102AC000ADF80000BDF80200001B00B2ADF8020036
:102AD0003146684623F074F87CE76888ADF8020058
:102AE0006888204400B2ADF80600002231466846EE
:102AF000FFF74BFF80B1BDF80000001B00B2ADF83E
:102B00000000BDF80600204400B2ADF806003146D2
:102B1000684623F055F85DE701205BE710B5B1F991
:102B20000030B2F90040A34202DAB1F9003001E00E
:102B3000B2F900300380B1F90230B2F90240A34289
:102B400002DAB1F9023001E0B2F902304380B1F9A2
:102B50000430B2F90440A34202DDB1F9043001E0CF
:102B6000B2F904308380B1F90630B2F90640A342CD
:102B700002DDB1F9063001E0B2F90630C38010BDC4
:102B80002DE9FF47064626F0E6FB8146002003902C
:102B90001EB19B49F068086003E015F0EFF9984911
:102BA000086097490968086922F068FF944800683E
:102BB000406920B192490968486922F05FFF904955
:102BC0000968C86922F05AFF8D490968086A22F02D
:102BD00055FF8B480068006940B9002088490968A2
:102BE000A1F8500100BF00BFBDE8FF8723F0E4FA61
:102BF00023F02AFA82480068B0F8500100284BD030
:102C00007F4800680068007CC0F34000E8B17C4861
:102C1000006815F031FA401E04B27948006815F0DA
:102C2000C5F9401E07B23B460022114601A8009498
:102C300012F080FB01A8724909680968896B486035
:102C40006F48006805F090FC00BF4FF480716C483D
:102C5000006830301DF03DF920216948006800F51A
:102C600098701DF036F9002065490968A1F85001F7
:102C7000484626F063FB0390614800680068406A9C
:102C800050B15F49096808685D49096809684B6A7D
:102C90005C490A68039998471CF052FE00F0F6F868
:102CA00000F0BEF858484569002D53D100BF15F01B
:102CB00065F9074615F095F904461BF0F9FA054643
:102CC00000227F21284622F08AFD00BF0022114603
:102CD000104614F00AFB0190BDF8041008460022CB
:102CE00001460290284622F05DFD00BFFF221146FA
:102CF000104614F0FAFA0190BDF8041008460022BC
:102D000001460290284622F02FFE00220321284689
:102D100022F010FE00220321284622F0E4FD0022CA
:102D20000321284622F0ECFD00220321284622F050
:102D3000F4FD00220321284622F009FE33A1284693
:102D40001CF0BEFA00231A46062128461DF05AFD43
:102D50002D4845612C49086826F0F0FAB0F5967FB9
:102D600010D22848006841F28831884245D9264867
:102D70004068039908442449486008468068401C1C
:102D800088603AE026F0E7FA1F4908601C480068AE
:102D9000406800684FF47A71B1FBF0F71A48406858
:102DA00010B90120184948601748806808B93C46A6
:102DB00008E0154880684FF47A7148431249496821
:102DC000B0FBF1F40020104948608860BC4200D993
:102DD0003C460D48006920440B4908610846C0681C
:102DE000401CC86026F084FBC0F1640843462246BC
:102DF00007A128461CF0BCFA00BF00BFF4E60000A3
:102E0000A4010020A0010020544300203F00000046
:102E10002575204650530A25752525204350550019
:102E200010B5002416E0C4EBC4000C4951F8200092
:102E300030B1C4EBC401094A52F821001CF032FE43
:102E4000C4EBC401054A02EB81001C211DF041F8CE
:102E5000601CC4B2042CE6DB10BD0000F445002069
:102E60000146094A10680BE042688A4202D00268B3
:102E70008A4204D1027E22F00102521C027640698D
:102E80000028F1D170470000780100207047000051
:102E900010B50421014800F0E3FF10BD0C450020EF
:102EA00010B51C21014800F0DBFF10BD24450020B7
:102EB0002DE9FF4F8BB004469A46199DBAF1000FD9
:102EC00011D11898B0F5807F0DD10020208060804E
:102ED0000C98401E00B2A0800D98401E00B2E08009
:102EE0000FB0BDE8F08FB5F9000040421899484393
:102EF0000121C1EB202000B22080B5F90200404240
:102F0000189948430121C1EB202000B26080B5F937
:102F100000100C98401A18994843022101EB202018
:102F200000B2A080B5F902100D98401A18994843D4
:102F3000022101EB202000B2E080BAF1000F14D191
:102F400020882988084400B2208060886988084465
:102F500000B26080A0882988084400B2A080E08880
:102F60006988084400B2E080BAE70A209AFBF0F0D2
:102F70000A900A98401C09900A9800EB8000AAEB7E
:102F8000400B0A9800B226F0E9FC0890099800B2BC
:102F900026F0E4FC07900A985A3000B226F0DEFCD6
:102FA000069009985A3000B226F0D8FC0590CBF173
:102FB0000A0108984143079800FB0B100A2190FB77
:102FC000F1F6CBF10A0106984143059800FB0B107E
:102FD0000A2190FBF1F776117F11B4F90080B4F962
:102FE000029007FB08F006FB1900298801EBA020DE
:102FF00000B2ADF8100006FB08F007FB0900698875
:1030000001EBA02000B2ADF81200B4F90480B4F9CD
:10301000029007FB08F006FB1900298801EBA020AD
:1030200000B2ADF80C0006FB08F007FB0900698848
:1030300001EBA02000B2ADF80E00B4F90080B4F9A5
:10304000069007FB08F006FB1900298801EBA02079
:1030500000B2ADF8080006FB08F007FB090069881C
:1030600001EBA02000B2ADF80A00B4F90480B4F975
:10307000069007FB08F006FB1900298801EBA02049
:1030800000B2ADF8040006FB08F007FB09006988F0
:1030900001EBA02000B2ADF80600BDF90800BDF9B3
:1030A0001010884202DABDF9080001E0BDF91000F5
:1030B000BDF90410BDF90C20914202DABDF90410EB
:1030C00001E0BDF90C1088420BDABDF90800BDF92A
:1030D0001010884202DABDF908000DE0BDF91000B9
:1030E0000AE0BDF90400BDF90C10884202DABDF90E
:1030F000040001E0BDF90C002080BDF90800BDF915
:103100001010884202DDBDF9080001E0BDF9100091
:10311000BDF90410BDF90C20914202DDBDF9041087
:1031200001E0BDF90C1088420BDDBDF90800BDF9C6
:103130001010884202DDBDF908000DE0BDF9100055
:103140000AE0BDF90400BDF90C10884202DDBDF9AA
:10315000040001E0BDF90C00A080BDF90A00BDF932
:103160001210884202DABDF90A0001E0BDF912002E
:10317000BDF90610BDF90E20914202DABDF9061024
:1031800001E0BDF90E1088420BDABDF90A00BDF965
:103190001210884202DABDF90A000DE0BDF91200F2
:1031A0000AE0BDF90600BDF90E10884202DABDF949
:1031B000060001E0BDF90E006080BDF90A00BDF90E
:1031C0001210884202DDBDF90A0001E0BDF91200CB
:1031D000BDF90610BDF90E20914202DDBDF90610C1
:1031E00001E0BDF90E1088420BDDBDF90A00BDF902
:1031F0001210884202DDBDF90A000DE0BDF912008F
:103200000AE0BDF90600BDF90E10884202DDBDF9E5
:10321000060001E0BDF90E00E08000BF60E62DE988
:10322000F74F86B0044620680590B4F90810079857
:10323000A0EB0108B4F90A100898A0EB0109E08995
:10324000B0F5807F13D1206B00FB08F0E16A01FB31
:103250001901606A00EBA10BE06A00FB08F0216B2A
:1032600001FB0901A06A00EBA10004902FE0A089F6
:1032700080B9A06B00FB08F04FEA6018A06B00FB60
:1032800009F04FEA6019606A00EB080BA06A484435
:1032900004901CE0A06B00FB08F04FEA6018A06BE4
:1032A00000FB09F04FEA6019206B00FB08F0E16AAF
:1032B00001FB1901606A00EBA12BE06A00FB08F03A
:1032C000216B01FB0901A06A00EBA12004904FEAE9
:1032D0002B2604980712B4F90400B04203DC002046
:1032E00009B0BDE8F08F002E01DA0020F8E7B4F94C
:1032F0000600B84201DC0020F2E7002F01DA0020CE
:10330000EEE73420005DC0F3800050B33420005D50
:10331000C0F3400078B90225B4F90400784368434B
:1033200006FB050A059800EB0A012A4604F1140081
:103330001CF07DFD2CE00325B4F9040078436843BC
:1033400006FB050A6A1E059800EB0A0104F1140049
:103350001CF06DFD0AEB0500401E0599095CA17586
:1033600016E04FF0000A0025208A03463AB231B237
:10337000019004F1180019F047FA0290BDF8080016
:10338000A0823AB231B204F1180019F09DF9A0758B
:103390003420005D00F00100B0B14FF47F40002107
:1033A00000F47C4241EA5211C0F3C402114301917E
:1033B000BDF8042011460291A08ABDF80810884289
:1033C00001D100208CE700BFE07C08B9012087E72D
:1033D0000FFA8BF1A187049801B2E18731B2402046
:1033E000015339B242200153C4F844A084F8485034
:1033F000204600F003F80390039871E72DE9F04FA1
:103400008DB00446D4F8009094F83C000C9094F8E9
:103410003E000B900C9870280BDA4FF0FF35B4F992
:1034200040002844002800DA00250C988030C7B2FC
:1034300013E00C9890280EDD0125B4F940002844D3
:10344000B4F90410884200DB00250C98C0F1FF009D
:103450008030C7B201E00025FF270B9870280CDAF6
:103460004FF0FF36B4F942003044002800DA00265D
:103470000B98803000F0FF0815E00B9890280FDDC6
:103480000126B4F942003044B4F90610884200DB4A
:1034900000260B98C0F1FF00803000F0FF0802E02A
:1034A00000264FF0FF08A08A0A90A07D0690002019
:1034B0000590049003903420005DC0F38000002844
:1034C0005BD094F84800626C00FB052000EB09011A
:1034D000022209A81CF0ABFCB4F9040094F84820BF
:1034E0005043626C00FB062000EB0901022208A891
:1034F0001CF09DFCB4F9040094F848205043626C21
:1035000000FB062294F8480000FB052000EB0901AF
:10351000022207A81CF08BFC3420005DC0F34000A1
:1035200000287ED094F84800616C00FB0511084427
:10353000401E19F800000590B4F9040094F84810F2
:103540004843616C00FB061194F848000844401E93
:1035500019F800000490B4F9040094F848104843A6
:10356000616C00FB061194F8480000FB051108444B
:10357000401E19F80000039053E0208A0090B4F92F
:1035800042204020005B284401B204F11800009B57
:1035900019F03AF90990208A00904220005B3044EB
:1035A00002B2B4F9401004F11800009B19F02CF994
:1035B0000890208A00904220005B304402B24020F4
:1035C000005B284401B204F11800009B19F01CF9BB
:1035D00007903420005DC0F3400010B3B4F94220DE
:1035E0004020005B284401B204F1180019F06CF887
:1035F00005904220005B304402B2B4F9401004F15F
:10360000180019F061F804904220005B304402B2C7
:103610004020005B284401B204F1180019F054F86E
:103620000390BA46BB463420005DC0F34000E0B3CF
:1036300006987843C7F1FF0C059B03FB0C00C0F311
:10364000072104987843C7F1FF0C039B03FB0C0090
:10365000C0F3072201FB08F0C8F1FF0302FB0300DF
:10366000030AA375022905DC022A03DC00200DB041
:10367000BDE8F08F022901DC4FF00008022A01DCCE
:103680004FF0FF080698022801DC4FF0000A059869
:10369000022801DC4FF0FF0A0498022801DC4FF0F9
:1036A000000B0398022803DC00E002E04FF0FF0B60
:1036B00003E0BA46BB46FF21A175BAF1000F02D163
:1036C000099802900BE0BAF1FF0F02D10A9802901C
:1036D00005E05246DDE9091013F0C8FE0290BBF187
:1036E000000F02D1079801900BE0BBF1FF0F02D150
:1036F0000898019005E05A46DDE9071013F0B6FE80
:103700000190B8F1000F03D1BDF80400A0820FE0D2
:10371000B8F1FF0F03D1BDF80800A08208E04246CF
:10372000DDE9011013F0A2FE0090BDF80000A082B8
:1037300001209CE72DE9F05F0446B4F9080001027E
:103740006162B4F90A000102A162B4F90C000A2115
:1037500090FBF1F56F1CB4F90C0005EB8501A0EBB3
:103760004106684200B226F0F9F88046784200B27D
:1037700026F0F4F88146C5F15A0000B226F0EEF8C2
:103780008246C7F15A0000B226F0E8F88346C6F137
:103790000A0000FB08F009FB06000A2190FBF1F18A
:1037A000E162C6F10A0000FB0AF00BFB06000A21E9
:1037B00090FBF1F12163E06A4111E162206B41115C
:1037C0002163A07C19F02FF93421095D60F3000119
:1037D00034200155A07C19F009F93421095D60F30A
:1037E000410134200155A07C042805D0A07C052887
:1037F00002D0A07C062807D13420005D20F0040010
:10380000001D3421085505E03420005D20F004013E
:103810003420015521682162A06920F0E000A061F8
:10382000A17CA06961F30400A061A188A06961F393
:103830009420A061E188A06961F35F50A061E089F4
:1038400000EBD071491001F5001191FBF0F2A26379
:10385000FF21A175208AA082BDE8F09F2DE9F743E2
:10386000054616460024134C25F075FD8046334668
:1038700029462046019A19F085FD07465FB900BF29
:1038800000BF2C2120461CF024FB4FF00040A0621A
:103890000020BDE8FE830020A062E06918B9404620
:1038A00025F04CFDE061E06908B90120E0612046A7
:1038B000EFE700004845002010B51421114800F042
:1038C000CFFA19F011FD044600BF1CB900BF00BFBC
:1038D00000BFFEE700BF14B900BF00BF10BD0A491A
:1038E000204619F0E9FD0949204619F0E7FD08498D
:1038F000204619F0E5FD0749204619F0DBFD00BF21
:10390000ECE700003045002005CB0108D9CF0108C5
:10391000F5D10108CDCA010870B504460D46102145
:1039200028461CF0D6FA20680078012804D1208AA5
:103930002880608A68800CE020680078022802D124
:10394000E068686005E020680078042801D10A205A
:1039500068602068406820B1206829464268904726
:1039600001E000BF00BF70BD2DE9FE430446A66A1A
:10397000EEB9A18A208A084401B2A182E18A608A54
:10398000084401B2E18220460CF007FB06460EB95E
:10399000BDE8FE8320460FF039FC002209213046A5
:1039A00017F0BAFF6078C0F3400000B1F0E7208A5A
:1039B00010B9608A002870D000200290019094F81D
:1039C0003C0000F00F00032812D130461EF03AFBF5
:1039D000074630461EF0BEFA804603200090B4F938
:1039E00010103B46424630460BF0CEFD029012E0EE
:1039F00030461EF0A9FB074630461EF01DFA8046F1
:103A00000C200090B4F9121043463A4630460BF0B1
:103A1000BBFD019000BF30461EF06EFA054605F072
:103A2000010028B9BDF90800002801DD002002903E
:103A300005F0020028B9BDF90800002801DA0020CD
:103A4000029005F0040028B9BDF90400002801DD4A
:103A50000020019005F0080028B9BDF904000028F5
:103A600001DA0020019001AA02A9204628F01CFBDF
:103A70000023BDF90420BDF90810304621F042FAB8
:103A8000A08ABDF80810084401B2A182E08ABDF8FE
:103A90000410084401B2E18200BF00BF78E72DE9BD
:103AA000F84F0446D4F828B0BBF1000F01D1BDE8AF
:103AB000F88F94F83C0000F00F0000B9F7E719F018
:103AC000E5FF06463068477E402158461FF044FF18
:103AD00010B900216183218358461EF021FB8046E6
:103AE00058461EF027FB054694F83C0000F00F00F6
:103AF0000C2843D1002121831DBBB4F91A00C7F162
:103B000064014843642190FBF1F001B2618358469F
:103B10001EF092F9814658461EF016FB82460C2094
:103B20000090B4F91A104B46524658460BF02CFD43
:103B30006083B4F91A2000231946584621F0E2F9AF
:103B400069E0204628F007FB0090002161836A4667
:103B5000204628F0A9FABDF9003041F6FF72514223
:103B600058460CF0C3FB8146BDF80000484402B241
:103B700001230021584621F0C5F94CE094F83C009F
:103B800000F00F00032846D100216183B8F1000F37
:103B900023D1B4F91800C7F164014843642190FBB4
:103BA000F1F001B2218358461EF0D4F981465846FF
:103BB0001EF048FA824603200090B4F918105346CC
:103BC0004A4658460BF0E0FC2083B4F91810002355
:103BD0001A46584621F096F91DE0204628F0A0FA32
:103BE00000900021218300226946204628F05CFADB
:103BF000BDF9003041F6FF72514258460CF0DCFA34
:103C00008146BDF80000484401B201230022584615
:103C100021F078F900BF208B002860D1608B00284C
:103C20005DD11DBB58461EF08FFA814658461EF0E6
:103C300003F98246B9F1000F02DCBAF1000F14DD7E
:103C4000B9F1000F06DA01234A460021584621F057
:103C500059F90AE0BAF1000F07DA0123CAF10000AE
:103C600002B20021584621F04DF900BFB8F1000F13
:103C700023D158461EF06EF9814658461EF0E2F9EF
:103C80008246B9F1000F02DCBAF1000F14DDB9F180
:103C9000000F06DA012300224946584621F032F986
:103CA0000AE0BAF1000F07DA01230022CAF100008E
:103CB00001B2584621F026F900BF32460A21584683
:103CC00017F02AFE6078C0F3400000B1EFE694F8E8
:103CD0003C0020F00F0184F83C100021A16200BFDD
:103CE000E5E62DE9FF4104460F4614B914F046F904
:103CF00004460CB9BDE8FF811FB90020A4F85001AB
:103D0000F8E70020ADF80800ADF80A00204614F0EE
:103D10004DF9401E00B2ADF80C00204614F0ACF98D
:103D2000401E00B2ADF80E0002AA39466846FEF702
:103D300015FD064606B9DDE72068007CC0F34000AB
:103D400060B102982063039860630120A4F85001D9
:103D5000606810B1606825F087FCCBE72068806957
:103D600018B1206869468269904700250BE004F18C
:103D7000300000EBC50100226846FEF730FD00B1BF
:103D8000B8E7681C85B2B4F85001A842EFDCB4F87B
:103D90005001202809DAB4F8502104F1300101EB78
:103DA000C200694611F069F90BE00020A4F8500147
:103DB000B4F8502104F1300101EBC20002A911F066
:103DC0005CF9B4F85001401CA4F85001606810B1CF
:103DD000606825F049FC00BF8CE770B505462846B1
:103DE00000F013F8044600260CE02146284600F0B7
:103DF00024F806462146284600F086F820461BF0A7
:103E000051FE3446002CF0D170BD014609B90020A6
:103E100070474868FCE770B5064600243046FFF757
:103E2000F4FF054605E0641C2946304600F005F81D
:103E30000546002DF7D1204670BD02460B4610689E
:103E4000001D03441868704702460B46106803447F
:103E500018687047014609B9002070478868FCE778
:103E6000002242608260CA1C22F003010160704798
:103E700070B50446216801F108001BF045FD0546B8
:103E8000A5B100222946204626F002FE29462046FA
:103E9000626826F0EFFD606820B12A46204661681E
:103EA00026F0F6FD6560A06800B9A560284670BDE3
:103EB00070B50446216801F108001BF025FD054698
:103EC000A5B100222946204626F0D4FD29462046E9
:103ED000A26826F0DDFDA06820B12A462046A16830
:103EE00026F0C8FDA560606800B96560284670BD11
:103EF000014609B901207047486818B9886808B9AF
:103F00000120F8E70020F6E72DE9F04104460D46D0
:103F10000CB9BDE8F0812046FFF777FFA8420FD12A
:103F200029462046FFF789FF6060606810B90020CD
:103F3000A0602FE000222046616826F0A9FD29E05C
:103F40002046FFF787FFA8420FD129462046FFF7FA
:103F50007BFFA060A06810B9002060601AE000221A
:103F60002046A16826F086FD14E029462046FFF78A
:103F70006BFF064629462046FFF75FFF07463A4695
:103F80003146204626F076FD32463946204626F058
:103F90007FFD00BF00BFBCE710B504462068806805
:103FA00018B120682146826890472068006828B1CF
:103FB0002068006820602046FFF7EEFF10BD014634
:103FC000886818B18868B0F9160070470020FCE7CF
:103FD0002DE9F04F93B005468B4691469A461C9EBC
:103FE000688C20F00400001D6884A5F820903289B8
:103FF000594628461FF02CFA1290A5F820A03289C5
:10400000594628461FF024FA1190688C20F00400CD
:104010006884DDE9111088420CD1DDE91110884275
:1040200008D1BDF84800BDF84410884202D113B051
:10403000BDE8F08FA5F820903289594628461FF038
:1040400007FA1290A5F820A0594628460DF0D7FE91
:1040500010903189109A1068129A23F038FE308936
:10406000602833D147F6FF711298884202D0119828
:1040700088422BD128461FF012FC0F9000EBD07025
:10408000471028461FF00BFC0F9000EBD0704FEA52
:10409000600847F6FF711298884208D1781C08F131
:1040A0000101884200DA01E008F10100129047F6B0
:1040B000FF711198884208D1781C08F101018842EB
:1040C00000DA01E008F10100119000BF2448FFF779
:1040D000CFFE044600BF1CB900BF00BF00BFFEE713
:1040E00000BF04B9A3E71298E06011982061ACB357
:1040F00025603089A080C4F808B0684610F088F9BF
:104100002146684610F037FA1649684610F003FA5F
:104110001548029000BF1549684610F00AFAFF22C0
:104120000021684610F017FA3188684610F009FA45
:104130007188684610F0EAF9F068069000BF68469A
:10414000002190F83E2061F3000280F83E2000BF7D
:1041500030690590684610F025FA00BF00BF66E799
:104160003C450020EDF8020899FB0208C9FA020854
:1041700010B514210148FFF773FE10BD3C45002027
:104180002DE9FE4F04460F4690464FF000090025EA
:104190006BE1E06800EBC5004068C0F3406000B12F
:1041A00062E1E16801EBC501496821F07F4021F03F
:1041B00062FC064626EA070008B9012000E000205C
:1041C000029026EA080008B9012000E000200190D2
:1041D000DDE90101814272D0E06850F835A04FF06E
:1041E000000B6A4641F61001504623F009FA10B15F
:1041F0004FF0010BA9E06A4641F61101504623F049
:10420000FFF910B14FF0010B9FE06A4641F6120131
:10421000504623F0F5F910B14FF0010B95E06A46D6
:1042200041F61301504623F0EBF910B14FF0010BAA
:104230008BE06A4641F61501504623F0E1F910B1D2
:104240004FF0010B81E06A4641F61401504623F01D
:10425000D7F910B14FF0010B77E06A4641F26901DE
:10426000504623F0CDF910B14FF0010B6DE06A46D6
:1042700043F20C01504623F0C3F910B14FF0010B8B
:1042800063E06A4643F20D01504623F0B9F910B1DC
:104290004FF0010B59E06A4641F20101504623F00C
:1042A000AFF910B14FF0010B4FE06A4641F2040143
:1042B000504623F0A5F918B14FF0010B45E0D2E0CC
:1042C0006A4641F20201504623F09AF910B14FF0CC
:1042D000010B3AE06A4641F20301504623F090F99F
:1042E00010B14FF0010B30E06A4641F20501504633
:1042F00023F086F910B14FF0010B26E06A4641F237
:104300000601504623F07CF910B14FF0010B1CE080
:104310006A4641F23201504623F072F910B14FF073
:10432000010B12E06A4643F60F01504623F068F98C
:1043300010B14FF0010B08E06A4643F60E015046FB
:1043400023F05EF908B14FF0010BBBF1000F02D072
:104350000320BDE8FE8F6A4640F60A01504623F06E
:104360004FF910B14FF002097CE06A4640F60B01AC
:10437000504623F045F910B14FF0020972E06A4649
:1043800043F60F01504623F03BF910B14FF00209FC
:1043900068E06A4643F60E01504623F031F910B149
:1043A0004FF002095EE06A4640F63C01504623F0B9
:1043B00027F910B14FF0020954E06A4640F63D017A
:1043C000504623F01DF910B14FF002094AE06A4649
:1043D00040F63A01504623F013F910B14FF00209AC
:1043E00040E06A464FF40461504623F009F910B1E9
:1043F0004FF0020936E06A4640F64501504623F088
:10440000FFF810B14FF002092CE06A4640F6410176
:10441000504623F0F5F810B14FF0020922E06A4649
:1044200040F64201504623F0EBF810B14FF002097C
:1044300018E06A4640F64301504623F0E1F810B117
:104440004FF002090EE06A4640F64901504623F05B
:10445000D7F810B14FF0020904E0B9F1000F01D113
:104460004FF0010900BF00BF6D1C608CC0F3C50098
:10447000A8423FF68EAE48466BE700000148006850
:1044800070470000A401002010B5024826F0B7FBD9
:1044900010BD0000544300200146C1F30412072A56
:1044A00000DD0722D0B2704710B518210348FFF78E
:1044B000D7FC012024F0EAFF10BD0000E8440020F2
:1044C0002DE9F04105460F4616460DB9BDE8F081CD
:1044D0002846FCF717F98046394628460A4A1268EA
:1044E00090470746E8193146074A12689047064642
:1044F0003C4603E0A019285C2855641CA8EB060084
:10450000A042F7D200BFE1E7300300202DE9F041DF
:1045100006460C4617461D4629463046084A12688C
:1045200090472060206830B1296888190021044A2A
:104530001268904700E000203860BDE8F08100007C
:10454000280300202DE9F04F87B004460F4692461D
:104550009846DDE910560DB1002028801CB90020D6
:1045600007B0BDE8F08F207808B90020F8E70FB950
:104570000020F5E74FF0000906F0020010B906F040
:10458000040098B1002000E0401C215C0A2905D0FD
:10459000215C0D2902D0215C0029F5D1215C01B1FB
:1045A000401C15B14FF0FF312980D9E706F0020019
:1045B00008B141F6FF7800200690059038E0002011
:1045C0000490059808B9012000E0002006A904AA7B
:1045D000CDE90062CDE902100599601843465246C4
:1045E000394625F0F3F983460498A8EB00000FFA4A
:1045F00080F8049848440FFA80F9BBF1000F00D10D
:104600001CE005985844059020780A2802D02078AC
:104610000D2800D112E00598205C0A2803D00598E7
:10462000205C0D2803D10598401C059006E000BFD2
:104630000598205C10B1B8F1000FC0DC00BF0598F0
:1046400070B905A92046094A12689047834635B1DA
:1046500000225946384617F0A2FA0FFA80F900BF37
:104660000DB1A5F8009005987AE700002803002016
:104670002DE9F04706468846174606B10FB9BDE852
:10468000F0873046FCF73EF881463846FCF73AF8AA
:10469000044604B9F3E704EB090A414630460B4AE5
:1046A000126890478046554603E0281B305C7055E1
:1046B0006D1E08EB0400A842F7D906EB080022465D
:1046C00039461BF0C0FB00BFD9E7000030030020D3
:1046D000024600200FA31B788B4211D113781BB91F
:1046E0000123137001200BE01378012B02D100236A
:1046F000137005E01378022B02D100231370012000
:104700001378012B04D1202901D102231370012039
:10471000704700002300000073B582B0064603987E
:104720000190324600210846019B25F06BFC0546AE
:10473000002001900024681C1BF0E6F8044600BF2E
:104740001CB900BF00BF00BFFEE700BF14B90020C6
:1047500004B070BD002060553246691C2046039BA2
:1047600025F050FC2046F3E72DE9F04781460E4640
:1047700014461F46DDF820A035461BE0600800FB0C
:10478000075529464846D047B0F1000809DD04F036
:10479000010080F00100C0EB5404E819054606460C
:1047A00008E0B8F1000F02DA6408354602E0284656
:1047B000BDE8F087002CE1D10020F9E72DE9FF4F9B
:1047C00085B08346DDE9158ADDE91349DDE9177512
:1047D000129E05F00200F8B94FB105F0010030B1AA
:1047E000B9F1000F02D105F00C0000B17F1E03E00B
:1047F00030222046641C3254544501D2202CF7D379
:1048000003E030222046641C325405F0010018B148
:10481000BC4201D2202CF4D305F01000B0B305F453
:10482000806050B94CB1544501D0BC4205D1641EE2
:104830001CB1B8F1100F00D1641EB8F1100F09D1EE
:1048400005F0200030B9202C04D278222046641CC8
:10485000325415E0B8F1100F09D105F0200030B145
:10486000202C04D258222046641C325408E0B8F1AF
:10487000020F05D1202C03D262222046641C325440
:10488000202C03D230222046641C3254202C16D215
:10489000B9F1000F04D02D222046641C32540EE0E2
:1048A00005F0040020B12B222046641C325406E09F
:1048B00005F0080018B120222046641C3254CDE9CE
:1048C0000275CDE90064584606A90EC900F0A2F8A9
:1048D00009B0BDE8F08F2DE9FF4F8FB08046DDE9CC
:1048E0001FABDDE91D96219D1C9C00270CB925F00E
:1048F000100505F4806000B1E4B100BFB4FBF6F12F
:1049000006FB1141C8B20A2802DA00F1300107E0C3
:1049100005F0200109B1412100E0612101440A397B
:10492000CBB239467F1C07AA5354B4FBF6F40CB142
:10493000202FE3D307A8CDE904AB8DE881020396CD
:104940000695404610A90EC9FFF738FF13B0BDE821
:10495000F08F2DE9FF4F8FB0DDE9217BDDF89080EE
:10496000209EDDE91C454FF00009002184EA01008A
:104970006940084301D128F0100808F4806028B18C
:10498000002184EA0100694008432DD000BF32466F
:104990003B4620462946FBF70BFD02F0FF0ABAF121
:1049A0000A0F02DA0AF1300007E008F0200008B12F
:1049B000412000E0612050440A38C2B2484609F163
:1049C000010907A90A5432463B4620462946FBF70F
:1049D000EFFC04460D46002184EA010069400843CB
:1049E00002D0B9F1200FD2D32398CDE9036BCDE9E2
:1049F000050807A91E98CDE9001902900FA80FC855
:104A0000FFF7DCFE13B0BDE8F08F9A4200D2885465
:104A1000704770472DE9FF5F05461446DDE90EA695
:104A2000DDE91087A34607F0020078B907F001001E
:104A300060B9B14607E02246641C2020039B01991F
:104A4000A84709F10109C145F5D300BF08E0224696
:104A5000641C711E0E461AF80100039B0199A847B9
:104A6000002EF4D107F0020050B105E02246641C8C
:104A70002020039B0199A847A4EB0B004045F5D3E8
:104A8000204604B0BDE8F09F2DE9FF4F8BB00746EC
:104A900000250C9800B9FA4FEAE20E980078252814
:104AA0000AD02A466D1C0E990878DDE90C13B84728
:104AB0000E98401C0E90DBE20E98401C0E900024D5
:104AC00000BF0E9800782B2819D004DC20281ED0B7
:104AD00023282CD123E02D2809D0302827D144F0D9
:104AE00001040E98401C0E9001200A9022E044F030
:104AF00002040E98401C0E9001200A901AE044F027
:104B000004040E98401C0E9001200A9012E044F01C
:104B100008040E98401C0E9001200A900AE044F010
:104B200010040E98401C0E9001200A9002E0002014
:104B30000A9000BF00BF0A980028C2D180460E9993
:104B40000878FDF7E0FD20B10EA8FDF7C7FD80460F
:104B500012E00E9800782A280ED1189901C91891F0
:104B6000002804DA44F00204C0F1000800E08046A6
:104B70000E99491C0E9100BF4FF000090E98007865
:104B80002E281FD144F480640E98401C0E900E997C
:104B90000878FDF7B8FD20B10EA8FDF79FFD81460E
:104BA00010E00E9800782A280CD1189901C91891A4
:104BB000002801DD014600E0002189460E99491CCC
:104BC0000E9100BF0E9800786C280AD004DC68288B
:104BD00016D06A2835D128E0742820D07A2830D120
:104BE00029E044F480740E98401C0E900E980078D2
:104BF0006C2804D144F400740E98401C0E9021E0FF
:104C000044F080040E98401C0E900E98007868289E
:104C100004D144F040040E98401C0E9012E044F47D
:104C200080740E98401C0E900CE044F400740E98B2
:104C3000401C0E9006E044F480740E98401C0E90C8
:104C400000E000BF00BF0E98007869281DD00EDC80
:104C5000622821D006DC25287ED050281AD058287A
:104C60007BD115E0632879D06428F9D10CE0732852
:104C700075D004DC6F280ED07028F1D109E07528BA
:104C800004D07828ECD102E000BF00BF00BF00BF15
:104C900000BF00BF00BF00BF0E980078782803D087
:104CA0000E980078582801D1102623E00E9800783D
:104CB000702803D00E98007850280CD1102644F0AC
:104CC000100444F480740E984078562812D10E983F
:104CD000401C0E900EE00E9800786F2801D1082637
:104CE00008E00E980078622801D1022602E00A2628
:104CF00024F010040E980078582803D00E980078FD
:104D0000502801D144F020040E980078692805D07D
:104D10000E980078642801D024F00C0404F480601C
:104D200008B124F001040E980078692803D00E9889
:104D3000007864287CD104F40070B8B31898C01DC2
:104D400020F007001890D0E900AB189A08321892AA
:104D50000020CDE9069803E073E17CE1F2E01CE17C
:104D6000CDE904600894BAEB00017BEB000001DAA6
:104D7000012000E00020002102900846B1EB0A016A
:104D800070EB0B0002DA5046594605E00020014660
:104D9000B0EB0A0061EB0B01CDE900012A46384671
:104DA000DDE90C13FFF7D5FD0546C7E0FFE704F486
:104DB0008070D0B1189850F804AB18904FEADA70B0
:104DC000CDE9039802960594BAF1000F01DD514632
:104DD00001E0CAF10001CDE900102A463846DDE9BC
:104DE0000C13FFF778FD0546A8E004F0400028B159
:104DF000189810F8041B1890C8B20DE004F0800059
:104E000028B1189830F8041B189008B204E01898DC
:104E100000681899091D189182464FEADA70CDE9A9
:104E2000039802960594BAF1000F02DD514602E0A4
:104E30000BE0CAF10001CDE900102A463846DDE951
:104E40000C13FFF748FD054678E00E9800785628C9
:104E500018D1189850F804AB1890DAF804000068DC
:104E6000099009980090DAF800300D98421B0C98D0
:104E700041193846FFF708FE0544002009905DE01F
:104E8000134A000804F40070D0B11898C01D20F037
:104E90000700CDE90698089418900020CDE9046039
:104EA0000290189903C9189A08321892CDE90001A6
:104EB0002A463846DDE90C13FFF74BFD05463DE079
:104EC00004F4807098B10022CDE90398029605940D
:104ED000189800681899091DCDE9000218912A4612
:104EE0003846DDE90C13FFF7F6FC054626E004F032
:104EF000400028B1189810F8041B1890C8B20DE0B3
:104F000004F0800028B1189830F8041B189088B27B
:104F100004E0189800681899091D1891824600202D
:104F2000CDE900A0CDE90398029605942A463846BB
:104F3000DDE90C13FFF7CFFC054600BF0E98401CBF
:104F40000E9093E0012604F0020050B905E02A46D5
:104F50006D1C2020DDE90C13B8473046761C404517
:104F6000F5D3189911F8043BD8B22A466D1C189154
:104F7000DDE90C13B84704F0020050B105E02A4601
:104F80006D1C2020DDE90C13B8473046761C4045E7
:104F9000F5D30E98401C0E9068E0189850F804ABBA
:104FA00018905046B9F1000F01D0494601E04FF08A
:104FB000FF310A46014600E0491C0B781BB1131E65
:104FC000A2F10102F8D10E1A04F4806028B14E4516
:104FD00001D2304600E04846064604F0020050B9CF
:104FE00005E02A466D1C2020DDE90C13B847304649
:104FF000761C4045F5D306E01AF8010B2A466D1CD5
:10500000DDE90C13B8479AF8000040B104F4806061
:105010000028F1D0B9F10000A9F10109ECD104F0A8
:10502000020050B105E02A466D1C2020DDE90C137A
:10503000B8473046761C4045F5D30E98401C0E907C
:1050400014E02A466D1C2520DDE90C13B8470E98A4
:10505000401C0E900AE02A466D1C0E990878DDE986
:105060000C13B8470E98401C0E9000BF00BF00BF45
:105070000E98007800287FF410AD0D98854201D27B
:10508000284601E00D98401E02460020DDE90C1381
:10509000B84728460FB0BDE8F08F2DE9F04104462F
:1050A0000E46002774B13146204600F02DF8054623
:1050B000B5F5004F05D20C2D01D9284600E00C2093
:1050C000074600BF3846BDE8F081024600BF481ED3
:1050D000084018B100BF00BF00BFFEE700BF481E78
:1050E0001040101A704710B502464B1E13444C1E58
:1050F00023EA040000BF4B1E0B401BB100BF00BFE2
:1051000000BFFEE700BF10BD024600BF481E0840BA
:1051100018B100BF00BF00BFFEE700BF481E10442B
:105120004B1E9843704700002DE9F04180460E4623
:10513000444601206086002500270DE056F8270030
:1051400025A1FBF79DFB10B1681C85B202E0608EC3
:10515000401C6086781C87B256F8270020B156F8AC
:10516000270000780028E9D1208EA84201D1BDE8AF
:10517000F081A06A20B1A06A1AF094FC0020A0621D
:10518000E06A20B1E06A1AF08DFC0020E062E800DD
:105190001AF0BAFBA06200BFA06A18B900BF00BF36
:1051A00000BFFEE700BF68001AF0AEFBE06200BF80
:1051B000E06A18B900BF00BF00BFFEE700BFA06AE9
:1051C00008B1E06A00B900256900E06A1AF081FEC2
:1051D000258600BFCBE700000A0000002DE9F84F4C
:1051E00081460E46924699F8090000F00700022811
:1051F00001D1304600E050468346564501DD304639
:1052000000E050460746032000EB470020F0030073
:1052100000F110053948006839490968A0EB010818
:10522000002405EB080037490968884206D2334854
:105230000468606820F0004060603AE0314800682F
:10524000854221D813E04FF0FF30009000226946DC
:105250002D480EF02BFD002269462C480EF026FD4D
:105260002648006826490968A0EB010800BF08EB42
:105270000500244909688842E5D820480468606828
:1052800020F00040606014E028461AF03DFB044620
:1052900000BF1CB900BF00BF00BFFEE700BF14B9CC
:1052A0000020BDE8F88F606820F0004000F1004069
:1052B000606032465946484601F069FE20606068E9
:1052C00000F04040401C6060606820F080406060FA
:1052D000A781A4F80EB06068C00F20B1204600F18D
:1052E0001001A16008E0054800681030A060034884
:1052F00000682844014908602046D2E7AC0100203C
:10530000F8020020A80100207DFF00082D3D0108C3
:10531000F0B585B006460D46344600200490039053
:10532000029094F83C0000F0030020B1012838D02E
:10533000022866D000BF94F83C0000F003005A49F0
:10534000097888421BD02620005D00EB001000EB9E
:105350004000142190FBF1F0544908702720005DB3
:1053600000EB001000EB4000142190FBF1F05049DD
:10537000087094F83C0000F003004B49087002A844
:1053800003A9CDE9001005EB45014FF6FF7202EAD3
:10539000410004AB46490A78444909780AF0C4FA46
:1053A0005FE094F83C0000F003003F490978884230
:1053B0001AD0A08C00EB400040024FF4B471B0FB57
:1053C000F1F03C4908802720005D00EB001000EB65
:1053D0004000142190FBF1F03549087094F83C002E
:1053E00000F003003049087002A803A9CDE90010BD
:1053F000E9B204AB2E4802782E4800880AF094FAED
:105400002FE094F83C0000F0030027490978884217
:105410001AD0A08C00EB400040024FF4B471B0FBF6
:10542000F1F0244908802620005D00EB001000EB1D
:105430004000142190FBF1F01C49087094F83C00E6
:1054400000F003001849087002A803A9EAB204ABEF
:10545000CDE9001015480178164800880AF064FA72
:1054600000BF00BF9DF810009DF80C109DF80820AB
:10547000D708BDF8003067F304038F080093BDF828
:10548000003067F34A13C7080093BDF8003067F394
:10549000CF230093BDF800703B460193BDF8041084
:1054A000084605B0F0BD00005E0200205C0200204E
:1054B0005D0200205A02002010B501200749087043
:1054C0000748FEF7A2FC20B90648006824F0C0F89F
:1054D00003E00448006824F0C7F810BDE002002093
:1054E00018450020E402002010B5044694F83E0060
:1054F000C0F3400050B9A08F002807DDA08F4FF601
:10550000FF71884202D0A08F401EA087A08FA8B94B
:10551000606B20B194F83E00C0F3400070B12146AA
:105520001748FEF7F1FCFFF7C7FFE06810B120460F
:10553000E168884720461AF0B5FA1FE0A06B4042A8
:10554000E062606BD0B194F83E10C1F3400111B934
:10555000216B4942E16294F83E104908C94394F82E
:105560003E2061F3410284F83E20E069616AE16116
:105570006062A06A616BA162606300BF10BD000041
:10558000184500202DE9F04180464248006823F08C
:10559000D5FE06464048007880F001003E4908707C
:1055A0003E48FEF732FC04466BE000203C490870A0
:1055B00094F83E00C0F3800037490978884253D000
:1055C000354801782C34A07C61F38200A0742068F7
:1055D0008719A07C2C3CC0F3C00010BBE06A0028F7
:1055E0001FDC002F1DDB94F83E0000F0010060B9C5
:1055F000206950B12046216988470546E069284462
:10560000E061606A2844606200BFA06810B1204673
:10561000A168884794F83E0020F00800083084F81C
:105620003E00E06A3044E062E06A00281BDBD4E917
:105630000A10884201DDA06AE0622046A16988471D
:105640000546206AA84206D02562606818B129463E
:10565000D4E900029047D4E90A10884202DB2046D0
:10566000FFF742FF00BF00BF0D48007820B10B4894
:10567000FEF7CBFB044604E021460848FEF7DDFBBD
:105680000446002C91D123F066FE02490860BDE873
:10569000F0810000DC020020E1020020184500201B
:1056A000E0020020F7B582B004460E4614B9049813
:1056B00005B0F0BD00BF6322314620461DF0C8FE94
:1056C0000190019D00BFBDB12868A8B100BF642250
:1056D000314620461DF0BCFE01900198C0B207463D
:1056E0004FB13A462B682846049998470190BDF877
:1056F0000400ADF8100000BF0498D9E770B5044667
:105700000D46606818B129466068FFF7F7FF20680A
:1057100018B1294620462268904770BD70B50546ED
:105720000C46A1B228460FF0D5FB70BD70B50546FA
:105730000C46A1B228460FF01EFC70BD70B50446A1
:105740000D4600BF204600F03BF818B100BF00BF77
:1057500000BFFEE700BF284600F050F9001D616859
:1057600008446060204600F03AF8204670BD70B5ED
:1057700005460C46284600F041F904F11001884224
:1057800001D3012070BD0020FCE70146A1F1080013
:1057900070477CB505460C46204600F02FF90646BA
:1057A0006A4601A924F090FF21462846DDE900322F
:1057B0000DF0FEFD7CBD0146087900F00100704748
:1057C00010B50446204600F019F908B9012010BDB3
:1057D0000020FCE70146087900F00200704770B530
:1057E0000446204600F097F805462C60284670BD18
:1057F0007CB506460C4600200190009000256CB157
:105800006A4601A9204624F07CFF0198092805DAA0
:105810006A4601A9304626F085FD054685B100BFE0
:10582000284600F0EBF8A04203D200BF00BF00BF43
:10583000FEE700BF29463046DDE9003226F0DAF9FE
:1058400028467CBD70B504462046FFF7C8FF0546D4
:10585000284600F0BEF8204600F0B6F870BD70B5DE
:105860000446204600F057F80546284600F0B6F8F2
:10587000204600F0BEF870BD70B506460D462846BD
:1058800000F049F8044600BF1CB900BF00BF00BFCC
:10589000FEE700BF2046FFF78EFF90B100BF28460D
:1058A000FFF78EFF18B100BF00BF00BFFEE700BFCB
:1058B0002146304600F076F821462846FFF73EFFA5
:1058C0000546284670BD70B506460D462846FFF7CA
:1058D00081FFF0B1284600F057F8044600BF1CB91C
:1058E00000BF00BF00BFFEE700BF00BF2046FFF7BC
:1058F00062FF18B900BF00BF00BFFEE700BF21462E
:10590000304600F04FF829462046FFF717FF0546BE
:1059100000BF284670BD2DE9F0410446204600F046
:105920006DF8061F204600F0B8F80746314625F00E
:1059300063F9054600BF2046FFF742FF18B100BFDC
:1059400000BF00BFFEE700BF2846BDE8F0812DE99B
:10595000F04106460C461546002794B100BF1DB91C
:1059600000BF00BF00BFFEE700BF2A462146304609
:1059700000F097F82046FFF772FF204600F08DF800
:1059800007463846BDE8F08110B5044600BF204602
:10599000FFF720FF18B900BF00BF00BFFEE700BF40
:1059A000206810BD7CB505460C46204600F026F860
:1059B00006466A4601A924F087FE21462846DDE90D
:1059C000003226F017F97CBD416841F001014160C9
:1059D0007047416841F0020141607047416821F021
:1059E000020141607047426802F003030B434360C9
:1059F0007047416821F001014160704701464868E5
:105A000020F0030070472DE9F04706460C4630466B
:105A100000F043F88046211F25F0EEF80746304697
:105A2000FFF7ECFF211D451A00BF384600F035F89E
:105A30008146384600F031F880460421FFF753FBD9
:105A4000814503D000BF00BF00BFFEE700BF00BF1D
:105A50003046FFF7D3FF2919091D884203D000BF44
:105A600000BF00BFFEE700BF29463846FFF7BBFF77
:105A700000BF3846FFF7C2FF0C2803D200BF00BFAB
:105A800000BFFEE700BF21463046FFF7ACFF3846B7
:105A9000FFF7D8FE3846BDE8F087014601F108005F
:105AA00070472DE9F04106460C46154600BF2046DA
:105AB000FFF781FE18B900BF00BF00BFFEE700BFBF
:105AC00029462046FFF753FE78B129462046FFF7C6
:105AD0009AFF07462046FFF782FE3846FFF779FF18
:105AE00039463046FFF755FE00BFBDE8F0812DE98D
:105AF000F04106460C46154600BF2046FFF75BFE08
:105B000018B100BF00BF00BFFEE700BF2946204616
:105B1000FFF72DFE88B129462046FFF774FF0746A0
:105B20003846FFF75BFF39463046FFF7A5FE0746CC
:105B300039463046FFF72DFE00BFBDE8F0812DE964
:105B4000F8430646344617F0A1FF8046404617F05A
:105B5000E2FF78BB304615F0F2FB38B3304615F063
:105B60006AFA208FE18E884212D0E08E2087E08E84
:105B700000906A461C21304615F0CEFE0746012FE4
:105B800002D03846BDE8F88330461EF082FA00BFE6
:105B9000404617F0D0FF0546042D06D130461CF0D4
:105BA000D9F80746002116F062FD09E0304615F0ED
:105BB00029FC05E0FFE7208FE08630461EF069FAF9
:105BC0000120DFE72DE9F0410446204615F09EFE56
:105BD000054628461CF018F90646284610F028FA13
:105BE000074601223946304622F060FDBDE8F081CB
:105BF0000146C1F3C01070470146C1F380107047E1
:105C00000146C1F3C01070470146C1F30020704740
:105C10000146C1F3C00070470146C1F34010704710
:105C20000146C1F3402070470146C1F30030704780
:105C30000146C1F3001070472DE9F04F89B00446CA
:105C40000D46002120461BF07AFF30B91C21284662
:105C50001AF03FF909B0BDE8F08F2946204600F060
:105C60000BFB2946204600F07DF8002120461DF060
:105C70008CF90890002120461DF00DFB07900021B3
:105C800020461CF042FF012800D100E000208146A0
:105C9000002120461DF0B5FD0746002120461DF0DD
:105CA00022F8064642F2D170874205D1608CC0F3DB
:105CB000802008B9012000E00020824620461BF029
:105CC000DEFF069000BF4FF00008244802884146DE
:105CD00020461DF0BDFB03900398C0B200BF834671
:105CE000AA6829692868CDE90209CDE900125A4657
:105CF0005146089B06980CF00FF9288342F2D170A8
:105D0000864205D1608CC0F3402008B9012000E034
:105D10000020059020461BF093FF049000BF4FF039
:105D200000080F480288414620461DF091FB039071
:105D30000398C0B200BF83460023EA6869686869B7
:105D4000CDE90213CDE900025A46079BDDE90401C3
:105D50000CF0E2F8688300BF7CE70000C20100207D
:105D6000C60100202DE9F34F87B00C4607980BF0D1
:105D7000F1F8804607981BF082FF0690404601F03C
:105D800081F920612169480019F0F8FD206021693E
:105D9000480019F0F3FDA060002548E05848029043
:105DA00038F9150041F69A7188423FD100200190E0
:105DB00029E0019907981BF0C2FE00905149009814
:105DC0001DF0D5FD00B11BE000980BF0E1F8824614
:105DD000BAF1010F00D013E000980BF0C9F8834628
:105DE000AB4500D00CE000981DF059FD02998842A7
:105DF00001DA029802E000981DF051FD029000BF08
:105E00000198401C019007981BF0B7FE0199884249
:105E1000CFD80298002804DB0298A16821F8150069
:105E200003E00021A06820F8151000BF6D1C206958
:105E3000A842B3D80026B14600251BE038F915006A
:105E400041F69B71884202DB411A0E4411E041F693
:105E50009A71884206D1A16831F8151049440FFAA9
:105E600081F906E0A16821F8150009EB00010FFA9D
:105E700081F96D1C2069A842E0D8002107981DF027
:105E800084F805902169491EDDE9050200FB112017
:105E900000B206900698A0EB090007B2002F00DAC6
:105EA00000274FF0FF30049000200390002513E0FE
:105EB00038F9150041F69B7188420CDB421A11B289
:105EC00007FB01F2B2FBF6F212B2A36823F8152029
:105ED0000495039100BF6D1C2069A842E8D804987E
:105EE00000280ADB0398301A7843B0FBF6F0381A22
:105EF00001B2A268049822F8101009B0BDE8F08F32
:105F000001E0FFFF010006002DE9FC5F05460022CD
:105F1000114628461FF082F9002128461CF069FE30
:105F20008146002128461DF0EAF9484407B20021C5
:105F300028461CF09BFF48440FFA80FA28461CF0C4
:105F400057FD384450440FFA80FB3B4E28461BF067
:105F500014FE01904FF000085CE0A868006850F85B
:105F60002840364920461DF002FD00B150E0204691
:105F70001EF00CF9002839D1002120461CF06AFDE2
:105F80000090009830B1012807D0022804D00328DF
:105F900015D100E000BF00BF00BFB4F91A10B5F979
:105FA0001600081A401CB04201DA304605E0B4F988
:105FB0001A10B5F91600081A401C06B214E00021A8
:105FC00020461DF05FFC70B904F114000FF0ADF82D
:105FD0003844B04201DA304604E004F114000FF016
:105FE000A4F8384406B200BF00BF10E0B4F91A109C
:105FF000B5F91600081A401CB04201DA304605E037
:10600000B4F91A10B5F91600081A401C06B200BF00
:1060100008F10108019880459FD30748864209D0BE
:1060200006EB0A0006B25E4502DD3046BDE8FC9F85
:106030005846FBE75846F9E701E0FFFF010004007E
:106040002DE9FC5F05460022114628461FF0CAF8DC
:10605000002128461CF0CDFD8246002128461DF077
:106060008BF850440FFA80F8002128461CF0DBFF23
:1060700050440FFA80F928461CF0CAFC48444044BA
:1060800000B20190724C28461BF077FD8346002138
:1060900028461CF020FD012866D100265BE0A86898
:1060A000006850F826706B4938461DF060FC00B15E
:1060B00050E038461EF06AF8002839D100213846F1
:1060C0001CF0C8FC0090009830B1032805D00628C9
:1060D00004D0082815D102E000BF00BF00BFB5F909
:1060E0001800B7F91410401A401CA04201DA2046EB
:1060F00005E0B5F91800B7F91410401A401C04B2B5
:1061000014E0002138461DF0B0FB70B907F114000F
:106110000FF07EF84044A04201DA204604E007F187
:1061200014000FF075F8404404B200BF00BF10E047
:10613000B5F91800B7F91410401A401CA04201DA52
:10614000204605E0B5F91800B7F91410401A401CB4
:1061500004B200BF761C5E45A1D33D48844269D09D
:1061600004EB090004B265E000265BE0A868006863
:1061700050F82670374938461DF0F9FB00B150E061
:1061800038461EF003F880BB002138461CF062FC44
:106190000090009830B1012805D0042804D00728C9
:1061A00015D102E000BF00BF00BFB7F91800B5F974
:1061B0001410401A401CA04201DA204605E0B7F94D
:1061C0001800B5F91410401A401C04B215E0002163
:1061D00038461DF057FB78B907F114000FF018F896
:1061E0004844A04202DA204605E008E007F1140026
:1061F0000FF00EF8484404B200BF00BF10E0B7F93A
:106200001800B5F91410401A401CA04201DA2046CB
:1062100005E0B7F91800B5F91410401A401C04B293
:1062200000BF761C5E45A1D30948844202D004EB2E
:10623000080004B20648844202D10198BDE8FC9FE0
:106240000198844201DD2046F8E70198F6E7000056
:1062500001E0FFFF0100040010B50446206819F0BA
:1062600009FC606819F006FCA06819F003FCE068FE
:1062700019F000FC10BD00002DE9F34F87B00C466B
:1062800007980BF057FC8046404600F0FBFE60612B
:106290006169480019F072FB60606169480019F09B
:1062A0006DFBE060002548E05948029038F9150080
:1062B00041F69A7188423FD10020019029E001996E
:1062C00007981BF03CFC0090524900981DF04FFBD2
:1062D00000B11BE000980BF0F5FC8246BAF1010F0B
:1062E00000D013E000980BF0DDFC8346AB4500D0F6
:1062F0000CE000981BF038FD0299884201DA029800
:1063000002E000981BF030FD029000BF0198401C95
:10631000019007981BF031FC01998842CFD8029870
:10632000002804DB0298E16821F8150003E0002052
:10633000E16821F8150000BF6D1C6069A842B3D860
:106340000026B14600251BE038F9150041F69B7187
:10635000884202DB411A0E4411E041F69A718842EC
:1063600006D1E16831F8151049440FFA81F906E0C9
:10637000E16821F8150009EB00010FFA81F96D1CA5
:106380006069A842E0D8002107981CF084FF0690BD
:1063900007981BF055FC01466269521E069800FBE7
:1063A000121000B205900598A0EB090007B2002F6B
:1063B00000DA00274FF0FF30049000200390002502
:1063C00011E038F9150041F69B7188420ADB421A48
:1063D00011B207FB01F2B2FBF6F212B2E36823F846
:1063E000152000BF6D1C6069A842EAD804980028F7
:1063F0000ADB0398301A7843B0FBF6F0381A01B282
:10640000E268049822F8101009B0BDE8F08F00008F
:1064100001E0FFFF010006007CB504460D4616466C
:1064200028882189084400B2ADF800006888618995
:10643000084400B2ADF80200A8882189084400B2DF
:10644000ADF80400E8886189084400B2ADF80600A0
:10645000324669462046636998477CBDF8B50546D3
:106460000E462C46206B10B1206B007818B9606B7B
:1064700008B90120F8BD606B58B1284622F00BFD29
:106480000746104909688847616B884201D300209C
:10649000F0E7206B98B1002000900AE069460A4AB4
:1064A000206B126890470746B74201D10120E1E70F
:1064B00000BF206B0099405C0028EFD1DAE7012093
:1064C000D8E7000038030020280300202DE9FF4F03
:1064D0008FB00F46209DF87800F0010008B1FA480F
:1064E00000E0FA480E90F87800F0010008B1F84892
:1064F00000E0F8480D90F87800F0010008B9F44881
:1065000000E0F4480C9001200B90B5E000220B92C3
:1065100000206A88B5F804C0A2EB0C0211B2002674
:106520001AE006EB860CEA6802EB8C02127C02F0A1
:10653000010242B906EB860CEA6802EB8C029289F2
:10654000024410B207E006EB860CEA6802EB8C020C
:1065500012898A1A11B2761C2A69B242E1D8002641
:1065600085E006EB860CEA6802EB8C02127C02F0F6
:106570000102002A7AD191FBF0F80FFA88F306EBBA
:106580008609D5F80C8008EB8908B8F80C8008FB60
:1065900003F80FFA88F206EB8609D5F80C8008EBB1
:1065A0008908B8F9049006EB860AD5F80C8008EB48
:1065B0008A08B8F90680904501DD904607E006EBB1
:1065C000860AD5F80C8008EB8A08B8F90680C14520
:1065D00008DD06EB8609D5F80C8008EB8908B8F9C8
:1065E000048013E006EB8609D5F80C8008EB8908D7
:1065F000B8F90680904501DD904607E006EB860974
:10660000D5F80C8008EB8908B8F90680C446944593
:106610000BD04FF0010806EB860AD5F80C9009EB79
:106620008A09C9F81080CDF82C8006EB8609D5F8C8
:106630000C8008EB8908A8F808C006EB8609D5F895
:106640000C8008EB8908B8F80C80A0EB08080FFA5A
:1066500088F006EB8609D5F80C8008EB8908B8F8B5
:106660000880A1EB08080FFA88F100BF761C2A69A0
:10667000B2423FF676AF00BF0B9800287FF446AFDA
:1066800000210F981CF04EFA012800D100E00020F4
:106690000A9000200990089008A809A9CDE90010E7
:1066A00029890BB2B5F9022038781E9924F0B6FA80
:1066B000F87800F0010048B10A9838B10F981BF043
:1066C000DEFABDF82410084400B2099011990F9821
:1066D0001BF035FA04468AE17F4920461DF047F950
:1066E00040B1F878C0F3800111AA0F980BF05DF863
:1066F00004467CE1002120461CF0D8FA0790079858
:10670000002858D000200390002610E006EB8601F8
:10671000E86850F82100A04208D106EB8600E9683D
:1067200001EB8000B0F90800039003E0761C2869B3
:10673000B042EBD800BFF87800F0010030B1608CB7
:1067400020F4806000F58060608405E0608C20F4B7
:10675000007000F50070608404F114000D99884702
:106760000399884226D020461DF093FC00BFA08AE2
:10677000ADF80400E08AADF80600208BADF8080003
:10678000608BADF80A0000BF04F114000E9A039963
:10679000904701AA2921204615F0BEF820461BF09B
:1067A00033FB22462221009015F0B6F820461DF05A
:1067B00070FC00BF07E0608C20F480606084608C17
:1067C00020F400706084002006907878012812D0B0
:1067D000022819D104F114000C998847B5F900106A
:1067E000491C21F00101081A039000EBD070401001
:1067F00000B2069009E004F114000C99884729883A
:10680000081A00B2069000E000BF00BFF87800F060
:10681000010050B10A9840B104F114000D99884765
:10682000BDF82410081A00B209900020039043F22A
:106830000C02204603991CF00BFE029002980FFAFE
:1068400080F800BF0020039043F20D022046039918
:106850001CF0FEFD029002980FFA80F900BF20465E
:106860001DF01DF8059020461BF07EFA049008F4F8
:10687000C040B0F5005F01D1012000E0002030B140
:1068800028F4C040B0F5FA6F01DC012000E00020E0
:1068900090B128F4C040B0F57A7F04DD28F4C04000
:1068A000C0F57A7001E028F4C0400599484364219E
:1068B00090FBF1F00FFA80F809F4C040B0F5005FEA
:1068C0000CD101200BE000004F5301084353010895
:1068D0008F5201087F51010801000600002030B1ED
:1068E00029F4C040B0F5FA6F01DC012000E000207F
:1068F00090B129F4C040B0F57A7F04DD29F4C0409E
:10690000C0F57A7001E029F4C0400499484364213D
:1069100090FBF1F00FFA80F9A18A1C98401A4044CC
:106920000FFA80FAE18A1D98401A48440FFA80FB5A
:10693000F87800F0010010B1BDF9240000E00698DD
:1069400050440FFA80FAF87800F0010008B1069878
:1069500001E0BDF9240058440FFA80FBBAF1000FA2
:1069600002D1BBF1000F1BD020461DF092FBA08A84
:10697000504400B2A082208B504401B22183E08AAF
:10698000584401B2E182608B584401B261832046D1
:106990001DF07FFB01235A46514620461DF056FC50
:1069A000F87800F0010008B10A9870B904F11400F9
:1069B0000D9988471F990844BDF820100844BDF878
:1069C0002410084400B2099008E0BDF820101F9878
:1069D0000844BDF82410081A00B20990F878C0F3F2
:1069E000800111AA0F980AF0E0FE044600BF24B10E
:1069F000DDE9111081427FF46FAE13B0BDE8F08F76
:106A00002DE9F04F8DB005468946B9F1000F02D14E
:106A10000DB0BDE8F08FA5F81890286810B128686F
:106A200019F040F809EB4901062202EB410018F089
:106A30006BFF286000BF286818B900BF00BF00BF07
:106A4000FEE700BF286868600221286801FB090092
:106A5000801CE8600421286801FB0900001DA86073
:106A6000B9F1010F0CD1B420696808700020E96801
:106A700008800120E96848800020A9680880C7E7ED
:106A800009F10101C80018F079FF074609F101007A
:106A900007EB80084FF0000A4FEA890002B20BA909
:106AA0000CA800F067F90024BDF9300080100790B1
:106AB00000200390CCE0002616E00BA90CA800F003
:106AC00061F90CA800F04BF900B90FE0BDF93000F6
:106AD000801007A941F82600BDF8300000F003003F
:106AE00003A941F82600761C042EE6DB00BF042E25
:106AF00000D0B3E00A990798884219D1079800B2EC
:106B000027F814000FFA8AF028F81400DDE90301D1
:106B10000844059908440699084469680855686856
:106B2000005D0007000E69680855601C04B28DE026
:106B3000DDE9070188422CD0079800B227F814003D
:106B40000FFA8AF028F814000398696808556868F5
:106B5000005D0007000E69680855601C04B20798C4
:106B6000401E00B227F814000FFA8AF028F814002B
:106B70000498001D05990844069908446968085559
:106B80006868005D0007000E69680855601C04B263
:106B90005CE00999079888422CD0079800B227F842
:106BA00014000FFA8AF028F81400DDE90301084404
:106BB000696808556868005D0007000E6968085537
:106BC000601C04B20798401E00B227F814000FFAA8
:106BD0008AF028F814000598083006990844696876
:106BE00008556868005D0007000E69680855601C5C
:106BF00004B22BE0079800B227F814000FFA8AF0CD
:106C000028F81400DDE9030108440599084469687F
:106C100008556868005D0007000E69680855601C2B
:106C200004B20798401E00B227F814000FFA8AF049
:106C300028F8140006980C30696808556868005DEB
:106C40000007000E69680855601C04B20AF1010AC9
:106C50000CA800F084F800287FF42DAF00BF40F2AC
:106C6000D32109FB01F00290029880120190601E6E
:106C700037F910100198814205D1601E38F91010C3
:106C80000198814226D0DDE90121A1EB8220B0F5F7
:106C9000007F04DC00FB00F14800001407E0C0F5B1
:106CA000806000FB00F148000014C0F10F00019962
:106CB00009B227F81410019909B228F814106A686B
:106CC00010556968095D0907090E6A681155611C4C
:106CD0000CB200BFA61E0EE038F8160027F814000C
:106CE00037F8160028F814006868805D6968085550
:106CF000761E601C04B2002EEEDA4FF0000B002668
:106D00000020E968088023E0E96821F81B6037F873
:106D10001600A96821F81B0010E0A86830F81B00D5
:106D200037F91610884203DAA86830F81B0001E032
:106D300037F91600A96821F81B00761C38F91600EF
:106D4000584501D1A642E8DB0BF101000FFA80FBA8
:106D5000A642D9DB384618F08DFE00BF58E6014642
:106D6000B1F90200B1F90020904201DC0120704726
:106D70000020FCE7028000234380C2F101031BB224
:106D80000B807047B1F90020002A07DC0B8842888D
:106D90005200D21C1A4412B20A800CE042880388C6
:106DA000D21A5200521D0B881A4412B20A8002886D
:106DB000521E12B202804288521C12B242807047A8
:106DC00037B582B01546022D04DCBDF80C1008461C
:106DD00005B030BDBDF80C00C00ABDF8081000EBCE
:106DE000D1241F2C01D2204600E01F20BDF808103E
:106DF00060F3CF210291BDF80C00C0F34510BDF83F
:106E00000810C1F3451144183F2C01D2204600E080
:106E10003F20BDF8081060F34A110291BDF80C0044
:106E200000F01F00BDF8081001F01F0144181F2CCE
:106E300001D2204600E01F20BDF8081060F30401D5
:106E40000291FF2D03D1BDF808100846C0E72A467D
:106E5000DDE9020110F02CFB0190BDF8041008469A
:106E6000B6E717B581B01446022C04DCBDF8081053
:106E7000084604B010BDBDF80400C00ABDF80810F3
:106E8000C90A48434109BDF8040061F3CF200190CD
:106E9000BDF8040000F01F00BDF8081001F01F014C
:106EA00048434109BDF8040061F304000190BDF8B6
:106EB0000400C0F34510BDF80810C1F34511484364
:106EC0008109BDF8040061F34A100190FF2C03D141
:106ED000BDF804100846CCE72246DDE9010110F0B8
:106EE000E7FA0090BDF800100846C2E737B582B057
:106EF0001546022D04DCBDF80C10084605B030BD67
:106F0000BDF80C00C00ABDF80810A0EBD124002C7D
:106F100001DD204600E00020BDF8081060F3CF211D
:106F20000291BDF80C00C0F34510BDF80810C1F384
:106F30004511441A002C01DD204600E00020BDF878
:106F4000081060F34A110291BDF80C0000F01F0018
:106F5000BDF8081001F01F01441A002C01DD204685
:106F600000E00020BDF8081060F304010291FF2D3D
:106F700003D1BDF808100846C0E72A46DDE9020142
:106F800010F096FA0190BDF804100846B6E708B56F
:106F9000034600930098484080EA620008BD2DE94E
:106FA000F84F8046404614F0B1FC8246404614F04B
:106FB0004CFC064650461AF027FF81462B2E09D17D
:106FC000484621F066FB044600222146484621F04F
:106FD0006DFB3AE00A2E38D1694650461AF096FF0A
:106FE00050461AF04CFE0446002148461BF0A7FD0F
:106FF00001280AD1204604EBD071BDF90020C2EB74
:10700000610191FBF4F10DB209E0204604EBD0716F
:10701000BDF9002002EB610191FBF4F10DB2002DEE
:1070200000DA00250027484621F033FBA84200D0B3
:10703000012701222946484621F038FB27B10022CA
:107040001C21484614F068FC00BFBDE8F88F10B55D
:107050008060C06000230361002110E0002400F183
:10706000140343F82140002206E000F1380303EB4B
:10707000C11343F82200521C202AF6DB491C0929BF
:10708000ECDB10BD0146002000E0401C31F910206F
:1070900041F6FF739A42F8D170477CB506460D461B
:1070A00034465020005D00F00100A84233D00DB1FD
:1070B000012000E000205021095D60F30001502014
:1070C000015504F1440168460EF01FF8BDF80000B8
:1070D000616A898A084400B2ADF80000BDF8021068
:1070E000606AC08A084400B2ADF80200BDF804002E
:1070F000616A898A084400B2ADF80400BDF8061040
:10710000606AC08A084400B2ADF80600694630469D
:107110001CF0F9FF00BF7CBD37B582B005461446B0
:107120002146039810F016F80190BDF804100846A7
:1071300005B030BD2DE9FF4F8DB005460E46144613
:10714000F07A022803DC012011B0BDE8F08F30890D
:10715000326901460C901098FCF780FB07460FB986
:107160000020F1E7397D01F01F0015F05CFC10B143
:107170004FF006080AE0397D01F01F0015F036FCDB
:1071800010B14FF0050801E04FF00408386A38B13B
:1071900000BF00BF214628463A6A25F0C4FADEE067
:1071A000B869002859D021460BA80DF06FFF308830
:1071B00018B97088B0F5807F32D020460EF036F8CE
:1071C000834600BFE0886188401A401C00B20890E6
:1071D000301D7188CDE90010308803B259460BA8E4
:1071E000089AFBF765FEBDF82C002188084400B220
:1071F000ADF82C00BDF82E006188084400B2ADF84F
:107200002E00BDF830002188084400B2ADF83000EF
:10721000BDF832006188084400B2ADF8320000BF0A
:107220000BAA09A8A968FBF799FA8146B9F1000FE2
:1072300004D1384601F0EBFB012085E7D5F808A022
:1072400009A8A860CDF80080224631462846BB69CF
:1072500011F0CEF9C5F808A081E022460BA8A96874
:10726000FBF77CFA0A900A9820B9384601F0CFFB68
:10727000012069E70BA80DF0D9FF09900BA80DF0CC
:10728000D5FF00EB4000039018F078FB8146D5F85D
:1072900008A00BA907A80DF0F9FE012107A80EF020
:1072A00050F8BDF92C00B4F90010401A0690BDF951
:1072B0002E00B4F90210A0EB010BBDF92E000590D1
:1072C00042E007AA514602A8FBF748FA0A900A983A
:1072D00000B936E0CDF80090099803B20FFA8BF2AE
:1072E000069801B2384616F0CBF8049004980128AD
:1072F0000ED0384615F0E4FF00BF00BF484618F036
:10730000B9FB384601F083FBC5F808A000201BE755
:1073100002A8A8604B4607AA31462846CDF800804F
:1073200011F066F9BDF81E00401C00B2ADF81E0059
:10733000BDF82200401C00B2ADF822000BF1010B99
:1073400000BF0598401C0590BDF932100598814298
:10735000B7DAC5F808A0484618F08CFB00BF3846DD
:1073600001F055FB0120EFE600BF00BF7047F8B504
:1073700006460C4615460095E788BBB2A788BAB208
:107380006788B9B22788B8B2FAF7AAF8304610F081
:10739000EFFDF8BD10B5FAF709FA10BDF8B50546CE
:1073A0002C4616F073FB0646206B21F0C7FF3168B0
:1073B000898B88422CD2606A009094F83C0000F0DF
:1073C000030020B1012806D002280CD107E00020DC
:1073D000ADF8000007E064208DF8020003E06420AF
:1073E0008DF8030000BF00BF304616F013FD28469D
:1073F000009910F05EFC50B100221C21284614F0C8
:107400008BFA0746012F01D03846F8BD00BF00BFF8
:1074100021F0A1FF20630120F7E700002DE9F04FE4
:107420009BB0074689461646BA4617A810F05DFE7F
:107430004FF4A02138461BF025FB9DF8691060F33E
:1074400082018DF8691030460DF028FF054600EBEB
:10745000D5704FEA60083088404400B2ADF858005B
:107460007088404400B2ADF85A00002138461BF045
:10747000BCFC1590494603A81AF016F917A80B9002
:107480004FF40030109033480490002005900AF12A
:107490003000FCF7DFFC044657E02079032800D0D9
:1074A0004DE0208BADF85C00208A00B2ADF85E00A4
:1074B0006079FD2801DD159803E06079159948434E
:1074C00000128DF868002568B5F92000E98B0844A2
:1074D0000090B5F92030D5E90512A06818F000FA3F
:1074E0008346B5F92000E98B08440090B5F92030B7
:1074F000D5E90512E06818F0F3F90290608B40447A
:1075000000B2ADF84800149416A80C9003AA1A21F2
:10751000384614F001FA029880B21FFA8BF1CDE9D7
:107520000010BDF8480083B216AA17A9484610F00B
:10753000BEFD03AA1B21384614F0EEF900BF214618
:107540000AF13000FCF780FC0446002CA5D11BB0EA
:10755000BDE8F08F4813030870B504460D460022BD
:107560002946204607F07EFE01222946204607F0E4
:1075700079FE02222946204607F092FC0422294681
:10758000204607F08DFC70BD2DE9F74F9EB00C46EC
:10759000E078022802DC21B0BDE8F08F1CA8209919
:1075A0000DF086FDB4F9200001282EDD94F82200AC
:1075B000FD282ADB208840B3BDF8700014F8231F93
:1075C0004908C1F38001084400B2ADF87000BDF86D
:1075D000720021784908C1F34001084400B2ADF8B7
:1075E0007200BDF8740021784908C1F3C001401A47
:1075F00000B2ADF87400BDF8760014F82319C1F399
:107600004001401A00B2ADF876001E981CA98268AD
:107610001AA8FBF7A3F800B9BDE7E07B00F0070666
:1076200016B9A088199001E0E0881990BDF864109F
:107630006089814200D100261CA811F03FFF1890FC
:107640001C2111A8F9F7F4F8A0788DF85D00BDF8B9
:107650006400ADF84C00189860B9208850B94EB954
:107660001CA81190E0788DF85C0011A91E9812F00A
:10767000D5FD90E7E078FD2801DBFF2000E0E07811
:1076800010901CA80DF0FCFD0F901CA80DF070FDD3
:107690000E90DDE90E01814201DA0F9800E00E98AC
:1076A0000D90B4F900100D98B1EB600F02DAB4F947
:1076B000000001E00D98401007461AA80DF0E0FD0B
:1076C00081464FF0FF300C9000200B90002F01DC22
:1076D000189870B1484618F051F90B9000233AB24F
:1076E0001CA905A812F062FA002105A811F0E0FB20
:1076F0000C90BDF86800ADF80C00BDF86C00ADF85A
:1077000010000B98149003A811901690FF208DF88C
:107710005C00A01DDDE90E2114F058FD8046B8F193
:10772000000F0CD0022E0AD1BDF96810D8F808005D
:1077300000EB4100BDF97010A0EB410012901898C9
:10774000A0B3BDF96A502CE028B2ADF80E0028B203
:10775000ADF812004A4610990B9818F080FBBDF95D
:1077600068100FFA89F32AB20B9811F057FE8DF8C2
:1077700054009DF85400012802D102208DF85400D5
:10778000012E09D1BDF97210691AD8F8080000EB72
:1077900041000088ADF84C0011A91E9812F03EFD82
:1077A0006D1CBDF96E00A842CEDACCE0FFE70025E3
:1077B0005CE0BDF8720028440FFA80FABDF876004C
:1077C000401B0FFA80FBBDF96A00504504DDBDF98E
:1077D0006E00584500DA48E04A4610990B9818F0B8
:1077E0003EFBBDF90C100FFA89F352460B9811F0CD
:1077F00015FE8DF854009DF85400012802D1022096
:107800008DF85400BDF96A00504514DCADF80EA0A7
:10781000ADF812A0012E0AD1BDF97210AAEB010138
:10782000D8F8080000EB41000088ADF84C0011A921
:107830001E9812F0F3FCBDF96E00584514DBADF84C
:107840000EB0ADF812B0012E0AD1BDF97210ABEB3B
:107850000101D8F8080000EB41000088ADF84C00A9
:1078600011A91E9812F0DAFC00BF6D1CBD42A0DB0E
:10787000BDF87000ADF80400BDF87400ADF8080064
:10788000BDF87200384400B2ADF80600BDF87600CD
:10789000C01B00B2ADF80A0001A811F00FFE009065
:1078A0000098B0B9AEB9BDF87200384400B2ADF876
:1078B0000E00BDF87600C01B00B2ADF812001098A3
:1078C0008DF85C000020149011A91E9812F0A6FCFF
:1078D00038E010988DF85C0001208DF85400BDF957
:1078E0007600A0EB070ABDF97200C51927E00098E1
:1078F00070B14A4610990B9818F0B1FABDF96810AA
:107900000FFA89F32AB20B9811F088FD8DF8540014
:1079100028B2ADF80E0028B2ADF81200012E09D140
:10792000BDF97210691AD8F8080000EB4100008810
:10793000ADF84C0011A91E9812F070FC6D1C554555
:10794000D5DD00BF00BF0B9810B10B9818F092F86E
:107950000C98401C28B10C9812F010FA05A811F0F0
:1079600089FDB8F1000F02D0404614F026FC00BF9C
:1079700011E62DE9F0478EB007460C461546206902
:1079800010B90EB0BDE8F087A07E022800DCF8E751
:10799000206916F019F80646022E55D1002041F64E
:1079A000FF71CDE90001029003460DA8D4E904124D
:1079B00022F0C2F828460DF063FC814600EBD97036
:1079C000298801EB6000BDF9348008EBD871A0EB89
:1079D000610000B2ADF82C00BDF82C00BDF83410E9
:1079E0000844401E00B2ADF8300028460DF0C0FB40
:1079F000814600EBD970698801EB6000BDF93680E3
:107A000008EBD871A0EB610000B2ADF82E00BDF814
:107A10002E00BDF836100844401E00B2ADF832000A
:107A200003A811F0CDF960690390208BADF8180020
:107A3000A07E8DF82600002000900BAA03A93846EE
:107A4000236910F009FEAEE00DA9206915F064FC71
:107A50008046B8F1010F02D000BF00BF91E707A830
:107A600010F0DDFDA0788DF82800208BADF8240003
:107A7000E07E8DF82600A07E8DF82700207FE8BBF1
:107A800028460DF0FDFB824600EBDA70298801EBF9
:107A900060000D99C1F38A2909EBD971A0EB61004F
:107AA00000B2ADF8140028460DF062FB824600EBF0
:107AB000DA70698801EB60000D994FEA515909EBC2
:107AC000D971A0EB610000B2ADF81600BDF814004A
:107AD0000D99C1F38A210844401E00B2ADF8180088
:107AE000BDF816000D9900EB5150401E00B2ADF8E4
:107AF0001A0005AA07A93846236900E002E010F041
:107B00003FFD4FE06888ADF81600BDF816000D99EE
:107B100000EB5150401E00B2ADF81A003BE028883F
:107B2000ADF81400BDF814000D99C1F38A21084482
:107B3000401E00B2ADF8180017E005AA07A93846A4
:107B4000236910F01DFDBDF814000D99C1F38A21C1
:107B5000084400B2ADF81400BDF818000D99C1F347
:107B60008A21084400B2ADF81800BDF91400B5F937
:107B700004108842E1DDBDF816000D9900EB51506C
:107B800000B2ADF81600BDF81A000D9900EB515087
:107B900000B2ADF81A00BDF91600B5F9061088421A
:107BA000BDDD00BF00BF00BFEBE62DE9F04F87B0A1
:107BB00083460C46164694F82200022802DC07B0E1
:107BC000BDE8F08F208C00B9F9E794F82300C0F3EA
:107BD000440000B9F3E794F8230000F0010000B17D
:107BE000EDE730460DF04CFB814630460DF0C0FA13
:107BF0000746B4F90050B94501DA484600E0384676
:107C00008246B5EB6A0F01DD4FEA6A05314605A8E9
:107C10000DF04EFABDF9141094F82300400800F05E
:107C2000040010B1B4F9200003E0B4F920002844A6
:107C30004042084400B2ADF81400BDF9181094F8A1
:107C40002300400800F0080010B1B4F9200003E060
:107C5000B4F9200028444042081A00B2ADF81800D8
:107C6000BDF9161094F82300400800F0020010B18E
:107C7000B4F9200003E0B4F920002844404208444D
:107C800000B2ADF81600BDF91A1094F82300C0F345
:107C9000400010B1B4F9200003E0B4F920002844FA
:107CA0004042081A00B2ADF81A00208C281A0FFAC8
:107CB00080F8B8F1000F01DA4FF00008A07894F8CE
:107CC0002210CDE90210E08BADF804002BB205AA1A
:107CD00031465846CDF8008000F002F800BF6EE74C
:107CE0002DE9FF4FA3B00D4616461F463298FF28D8
:107CF00001DBFF2000E032983290284611F0DEFBD5
:107D00002290229868B967B9309850B9329800909B
:107D100032462946319B239800F0A9FA27B0BDE8E6
:107D2000F08F23982946826820A8FAF717FD00B93A
:107D3000F4E720A80DF0A4FA81461C2119A818F038
:107D4000C8F8484617F01AFE1C904FF0FF30189004
:107D5000002F0ADD00233A46294612A811F026FF1B
:107D6000002112A811F0A4F81890012331460CA8A4
:107D7000309A11F01BFF00210CA811F099F80B901C
:107D800009A819901E90BDF8C400ADF86C00329897
:107D90008DF87C0033988DF87D00B5F900003844EB
:107DA000B6F90010884203DDB5F90000384401E05F
:107DB000B6F9000000B2ADF81C00B5F90400C01B14
:107DC000B6F90410884203DAB5F90400C01B01E0DB
:107DD000B6F9040000B2ADF82000B5F9020038444D
:107DE000B6F90210884203DDB5F90200384401E01B
:107DF000B6F9020000B2ADF81E00B5F90600C01BCE
:107E0000B6F90610884203DAB5F90600C01B01E096
:107E1000B6F9060000B2ADF8220007A80DF030FA5E
:107E20000690B5F90200B6F90210884201DC012083
:107E300000E000208246B5F90600B6F90610884237
:107E400001DB012000E000208346229800284CD06E
:107E5000BDF88000ADF82400BDF88400ADF828001E
:107E6000BDF9824029E0BAF1000F04D1BDF91E002E
:107E7000A04200DD20E0BBF1000F04D1BDF92200DB
:107E8000A04200DA1DE020B2ADF8260020B2ADF825
:107E90002A0049461C9818F053F8BDF980100FFAD3
:107EA00089F322B21C9811F0B9FA8DF8740019A95F
:107EB000239812F0B3F900BF641CBDF98600A042FC
:107EC000D1DA00BF0CA811F0D5FA0B9811F056FFCB
:107ED0001898401C28B112A811F0CCFA189811F08B
:107EE0004DFF1C9817F0C6FD18E7B5F90000B6F96C
:107EF0000010884201DC012000E000200590B5F967
:107F00000400B6F90410884201DB012000E00020E3
:107F1000049001200390059860B1049850B1BAF123
:107F2000000F07D0BBF1000F04D00698322801DA09
:107F30000020039001208DF87400BAF1000F15D0D5
:107F4000039898B1BDF81C00ADF82400BDF82000DE
:107F5000ADF828006888ADF826007088401E00B291
:107F6000ADF82A0019A9239812F058F9BBF1000FB7
:107F700015D0039898B1BDF81C00ADF82400BDF8E9
:107F80002000ADF82800F088401C00B2ADF82600B3
:107F9000E888ADF82A0019A9239812F03FF905984E
:107FA00098B12888ADF824003088401E00B2ADF8A2
:107FB0002800BDF81E00ADF82600BDF82200ADF87F
:107FC0002A0019A9239812F029F9049898B1B088C9
:107FD000401C00B2ADF82400A888ADF82800BDF818
:107FE0001E00ADF82600BDF82200ADF82A0019A940
:107FF000239812F013F90398F0BBBDF88000ADF898
:108000002400BDF88400ADF82800B5F90200B6F9E7
:108010000210401AB84201DA384604E0B5F902000D
:10802000B6F90210401A00B20290002442E06888BB
:10803000204400B20190E888001B00B20090BDF916
:1080400082100198814205DDBDF9861000988142B9
:1080500000DA2EE049461C9817F072FFBDF9241093
:108060000FFA89F3019A1C9811F0D8F98DF8740071
:10807000BDF98210019800E020E0814209DC0198FE
:10808000ADF826000198ADF82A0019A9239812F03E
:10809000C5F8BDF986100098814209DB0098ADF85B
:1080A00026000098ADF82A0019A9239812F0B6F816
:1080B00000BF641C02988442B9DBC7E0BDF88000B1
:1080C000ADF82400BDF98410BDF91C00401E8142AA
:1080D00002DABDF9840002E0BDF91C00401E00B2C6
:1080E000ADF8280009A80DF0CBF88046B8F1000FD4
:1080F00048DD059810B9BAF1000F1ED0BDF98240D5
:1081000017E020B2ADF8260020B2ADF82A004146B3
:108110001C9817F015FFBDF92410434622B21C9895
:1081200011F07CF98DF8740019A9239812F076F8F3
:10813000641CBDF91E00A042E3DC059810B9BBF138
:10814000000F1FD0BDF92200441C17E020B2ADF88B
:10815000260020B2ADF82A0041461C9817F0F0FE28
:10816000BDF92410434622B21C9811F057F98DF83E
:10817000740019A9239812F051F8641CBDF9860007
:10818000A042E3DABDF98010BDF92000401C814215
:1081900002DDBDF9800002E0BDF92000401C00B204
:1081A000ADF82400BDF88400ADF8280009A80DF052
:1081B00067F88046B8F1000F48DD049810B9BAF1AD
:1081C000000F1ED0BDF9824017E020B2ADF82600A6
:1081D00020B2ADF82A0041461C9817F0B1FEBDF957
:1081E0002410434622B21C9811F018F98DF874003F
:1081F00019A9239812F012F8641CBDF91E00A042C0
:10820000E3DC049810B9BBF1000F1FD0BDF92200C8
:10821000441C17E020B2ADF8260020B2ADF82A00C9
:1082200041461C9817F08CFEBDF92410434622B23B
:108230001C9811F0F3F88DF8740019A9239811F027
:10824000EDFF641CBDF98600A042E3DA0CA811F032
:1082500011F90B9811F092FD12A811F00BF9189872
:1082600011F08CFD1C9817F005FC00BF56E52DE9B8
:10827000FF4F89B080460C461546DDF858901C210A
:10828000684617F026FE07A80090BDF83000ADF84C
:1082900008008DF81890B4F90200B5F90210884270
:1082A00001DC012000E000200646B4F90600B5F923
:1082B0000610884201DB012000E000200746B4F9E7
:1082C0000000B5F90010884201DC012000E0002028
:1082D0008246B4F90400B5F90410884201DB01209C
:1082E00000E0002083462088ADF81C00A088ADF88F
:1082F00020006088ADF81E006888401E00B2ADF80E
:1083000022001EB16946404611F088FFE888401CF3
:1083100000B2ADF81E00E088ADF822001FB169463A
:10832000404611F07BFF2088ADF81C002888401ED5
:1083300000B2ADF8200016B1B5F9020001E0B4F9C1
:108340000200ADF81E0017B1B5F9060001E0B4F95E
:108350000600ADF82200BAF1000F03D0694640468E
:1083600011F05CFFA888401C00B2ADF81C00A0888A
:10837000ADF82000BBF1000F03D06946404611F074
:108380004DFF0DB0BDE8F08F2DE9FF4F93B00746CC
:10839000904699464FF6FF70804502D117B0BDE870
:1083A000F08F3E46746A208C1290208C484506D08F
:1083B000A4F82090608C20F00400001D60844FF42D
:1083C000802120461BF011F911904FF480212046A6
:1083D0001BF07BF90546119813F0FCFB82463846EA
:1083E00009F0E9F88346BBF81600ADF83E00BDF988
:1083F0003E000AEB050108FB010000B2ADF83E00AB
:10840000284605EBD071BDF83E20A2EB610109B210
:10841000ADF83E10BDF83E0050442844401E00B266
:10842000ADF84200706A808AADF83C00706A008B3B
:10843000ADF8400001A811F0CFFC01AA4FF4802153
:1084400020461BF077FC0FAA01A9149811F0A8FC94
:1084500012982084608C20F00400608400BF9DE7A7
:108460002DE9F04F91B007460D46904699464FF6DC
:10847000FF70804502D111B0BDE8F08F1097109FBA
:108480007C6A208C0F90208C484506D0A4F8209060
:10849000608C20F00400001D608407A810F090FCA0
:1084A00007AA4FF4802120461BF069FB4FF480217E
:1084B00020461BF00AF9ADF82E00384609F07BF88B
:1084C000064606B9D7E7079813F084FB8246F08A80
:1084D000ADF81600BDF91600BDF92E10514408FB89
:1084E000010000B2ADF81600BDF92E0000EBD0710E
:1084F000BDF81620A2EB610109B2ADF81610BDF867
:1085000016005044BDF82E100844401E00B2ADF8CD
:108510001A00A08AADF81400208BADF8180005AA47
:1085200003A8A968FAF71AF98346BBF1000F13D024
:10853000A868029003A8A860304616F0DBF9019005
:108540000020009006F1140207A92846019B10F0B4
:1085500083F80298A86000BF0F982084608C20F0F8
:108560000400608400BF86E72DE9F04105463548E8
:1085700000680FF017FD04462868866BF06A10B19A
:108580003046F16A8847206890B1606880B10CE09D
:108590002C4800680068806A38B12A4A126810685E
:1085A000284A12681268916A884720690028EFD12A
:1085B00001202061234800680068C068806900F0DD
:1085C000010050B11F4800680068C0688069C0F3AE
:1085D000400010B10120606101E00020606160692D
:1085E00008B1012000E0002007462868406998B1E2
:1085F0002868007CC0F3011048B12868007CC0F3F3
:10860000800020B1D6E9001000F01EF804E0D6E9A1
:1086100000212868FDF700FF206880B1606870B114
:108620002868007C00F0010000B147B12168A06813
:10863000884202D16068A06001E02068A060BDE8C7
:10864000F0810000A40100202DE9F34F83B004461F
:10865000884800680568874800680068007CC0F3A7
:10866000400040B1287CC0F3800020B100BF00BFB3
:1086700005B0BDE8F08F287CC0F3011002280AD1B4
:1086800021462846049A00F004F921462846049A17
:10869000FDF7C2FEEBE0287CC0F30110012804D0F6
:1086A000287CC0F301100328F4D100200290714807
:1086B00000680FF077FC824620460CF0B0FD0646BD
:1086C00020460CF039FD83464FF4A050B0FBF6F085
:1086D00000B2584505DA4FF4A050B0FBF6F000B2F6
:1086E00000E058460190B4F90280287CC0F30110E4
:1086F00001280BD168882188401A401E00B2E08012
:10870000E088801B401C00B2608006E0208860800A
:1087100060883044401E00B2E08000279EE0ABEB52
:1087200007010198814201DD019801E0ABEB0700F0
:108730000FFA80F90120CAF8100047BBB34526DBC9
:10874000B146297CC1F30111032901D1012100E0C7
:10875000002108463146049A00F00FF9287CC0F346
:108760000110012807D1A4F8008008EB0600401E84
:1087700000B2A0803FE02888401EA0EB080000B2B5
:10878000A080A088801B401C00B2208033E00298AB
:1087900020B94FF4205017F0F1F8029002980090A1
:1087A000297CC1F30111032901D1012100E000213D
:1087B00008464A463146049B00F0B2F8287CC0F3D4
:1087C000011001280AD108EB070000B2208008EB55
:1087D00007004844401E00B2A0800CE02888401EDC
:1087E000A0EB0800C01B00B2A080A088A0EB09008D
:1087F000401C00B2208007EB090058450DDBDAF879
:10880000180000F0010040B1DAF81800C0F3400091
:1088100018B10120CAF8140002E00020CAF81400C0
:10882000029808B9049800E00298024621462846BA
:10883000FDF7F2FD04E0A86A10B12846A96A88474E
:10884000DAF810000028F6D106FB09F1049800EBD5
:108850004100049007EB090007B200BF5F45FFF637
:108860005EAF029810B1029817F004F900BF00BF84
:10887000FEE60000A401002018B5048800940C88CE
:10888000048014880C801C881480BDF800401C8073
:1088900018BD2DE9FC5F05460C46164620460CF037
:1088A000BEFC824620460CF047FC83460AFB0BF0D8
:1088B00001900198471E4FF0000811E006EB4700B9
:1088C0000088009006EB470006EB4801098801800C
:1088D00006EB4800BDF8001001807F1E08F101087A
:1088E0004745EBD8B4F9069068886188401A401E65
:1088F00000B2E0806888A0EB0900401E00B26080F2
:10890000B4F9049028882188401A401E00B2A08043
:108910002888A0EB0900401E00B22080BDE8FC9F23
:108920002DE9F04704461D46089F01FB02F0A0F127
:10893000010C481E00FB02F800231AE008EB0300BC
:108940000CB1ACEB000000260FE0A946AD1C07EB14
:10895000400AB9F80090AAF800900CB1104400E069
:10896000801A06F101090FFA89F68E42EDDB581CD8
:1089700003B29342E2DBBDE8F0872DE9F04782467F
:108980000C46154600263BE0002731E0601E801BA8
:108990000FFA80F8601EC01B0FFA80F9BAF1000FC1
:1089A00012D007FB048C05EB4C0308FB049C05EB81
:1089B0004C0209FB046C05EB4C0106FB047C05EB47
:1089C0004C00FFF759FF11E009FB046C05EB4C0369
:1089D00008FB049C05EB4C0207FB048C05EB4C01E7
:1089E00006FB047C05EB4C00FFF746FF781C07B242
:1089F000601C00EBD071B7EB610FC7DB701C06B2D7
:108A000004EBD471B6EB610FBEDBBDE8F08710B5A7
:108A10000446204614F054FC10BD00002DE9F14F2F
:108A20009EB01E9812F072FF05462C461E9812F05A
:108A300014FF1D90606A15F05DFF07465020005D31
:108A400000F0010010B91FB0BDE8F08F0FA811F0C1
:108A5000C3F90FAA4FF4E02128461BF06BF904F18B
:108A600044010DA80CF051FBBDF83400616A898AFD
:108A7000084400B2ADF83400BDF83610606AC08A10
:108A8000084400B2ADF83600BDF83800616A898A42
:108A9000084400B2ADF83800BDF83A10606AC08AE8
:108AA000084400B2ADF83A000DAA0FA91D9811F0C4
:108AB00077F94FF4E02128461AF0DCF806464FF427
:108AC000E02128461AF03EFB30440FFA80F84FF4BC
:108AD000E02128461AF0AFFC30440FFA80F900205C
:108AE0000B900C90E16CC8191F49096888478246B1
:108AF000E06CC11952460BA817F05DF8BDF83400C0
:108B0000404400B2ADF83400BDF83600484400B22D
:108B1000ADF836004FF0000BD4F824A040F25742D5
:108B2000594650461AF094FC019001980A9002A808
:108B300010F046F902AA4FF4E02128461BF01FF876
:108B40009DF83F00022805DCBDF81400BDF8281090
:108B5000884207D000200BAB0DAA02A900901D98F7
:108B60000FF07AFD00BF6EE71C0300202DE9F04FE7
:108B7000BDB005460E4600BF00BFAB460BF130004E
:108B8000FBF7B6F910B13DB0BDE8F08F05F1140266
:108B90003BA8B168F9F7E2FD00B9F4E7B0683A9094
:108BA0003BA8B06035A810F057F935AA4FF4E02182
:108BB00028461BF04BF827A811F00EF99DF8DC00B1
:108BC0008DF89F0047F6FF70ADF89C004FF4E02150
:108BD00028461AF030FE074600EBD7704FEA6009CE
:108BE0004FF4E02128461AF026FE074600EBD77026
:108BF0004FEA600A314604A818F056FD24A80A90EE
:108C000016A808904FF4E0201190694805900520BF
:108C100006900BF13000FBF71DF90446C0E00A2274
:108C200035A924A816F0C7FF382227A916A816F0E0
:108C3000C2FFE088ADF89000E088ADF85C0039A88C
:108C40000D9038A80E90607B00F0010020B1B4F9BF
:108C50000070B4F9028010E0A08847F6FF718842E6
:108C600000D197E0A28801AB2846A1680DF038FE3C
:108C7000BDF90470BDF9068000BFA88A384407B268
:108C8000E88A40440FFA80F8B9F1000F19D0BAF120
:108C9000000F16D0A7EB090000B2ADF8080007EBF3
:108CA000090000B2ADF80C00A8EB0A0000B2ADF864
:108CB0000A0008EB0A0000B2ADF80E0002A8079007
:108CC00001E000200790207B00F0030070B3207BC0
:108CD00000F0010010B1B5F9140000E03846ADF81D
:108CE000E400ADF8E680207B00F0020010B1B5F999
:108CF000180000E03846ADF8E000BDF8E600ADF839
:108D0000E20004AA1A21284612F006FE38AB39AA5E
:108D100024A9304610F089F802AA16A9304611F0AD
:108D20003FF804AA1B21284612F0F6FD207B00F034
:108D30000C0070B3ADF8E470207B00F0040010B1BB
:108D4000B5F9160000E04046ADF8E600BDF8E400D5
:108D5000ADF8E000207B00F0080010B1B5F91A0072
:108D600000E04046ADF8E20004AA1A21284612F0BD
:108D7000D3FD38AB39AA24A9304610F056F802AA20
:108D800016A9304611F00CF804AA1B21284612F04F
:108D9000C3FD00BF21460BF13000FBF755F8044638
:108DA000002C7FF43CAF3A98B06000BFEBE60000C7
:108DB000100E03082DE9F14F9AB01A9812F0A6FD93
:108DC00004461A9812F049FD199020461AF067FDE2
:108DD0000746204618F0C8FF834607EBD771A28AE2
:108DE00002EB610109B218910BEBDB714A10E18AC9
:108DF000114409B2179107EBD7714E1014A810F067
:108E00002BF814AA002120461AF020FF4FF41D7001
:108E10007043552190FBF1F0642190FBF1F000B21A
:108E2000ADF85200BDF85200801C00B2ADF85200FF
:108E3000002013900021204619F033FE0546002340
:108E400047F6FF7204F114010DA810F0AFFE0021E7
:108E50000DA810F02DF80C9000BFA08AADF82800E6
:108E6000E08AADF82A00208BADF82C00608BADF8BD
:108E70002E0000BFBDF82800284400B2ADF828003D
:108E8000BDF82C00401B00B2ADF82C00BDF82A0044
:108E9000284400B2ADF82A00BDF82E00401B00B2F5
:108EA000ADF82E00012347F6FF720AA904A810F0BE
:108EB0007DFE002104A80FF0FBFF0390BDF9528056
:108EC0004FF0000A4FE051462046FCF721FA00908F
:108ED000BDF80000ADF850001398C0F30F290FFA49
:108EE00089F020F03BFD06EB08014843189901EB9F
:108EF000E03000B2ADF804000FFA89F020F01EFD5A
:108F000006EB08014843179901EBE03000B2ADF8D9
:108F100006000FFA89F020F021FD711BA1EB08017A
:108F20004843189901EBE03000B2ADF808000FFAA1
:108F300089F020F003FD711BA1EB0801484317994C
:108F400001EBE03001B2ADF80A1002AB01AA14A99E
:108F500019980FF06AFF0AF103001FFA80FA1398BC
:108F600000F587601390BAF5807FACDD0DA810F096
:108F700081FA04A810F07EFA0C9810F0FFFE039816
:108F800010F0FCFE1BB0BDE8F08F00002DE9F04FA3
:108F9000A5B004460F46254604F1140123A8BA687B
:108FA000F9F7DCFB2290229810B925B0BDE8F08FCC
:108FB000B868219023A8B8600021204619F033FE3C
:108FC0001E90002120461AF048F801461E980844D9
:108FD00000B21D90002120461AF0ABF901461E9800
:108FE000084400B21C90204618F049FE7E35E988FE
:108FF0004843001200B21B90204618F021FE298938
:109000004843001200B21A9017A80FF025FF17AAC4
:10901000002120461AF01AFE394605A818F044FB34
:10902000002012908C4806900020079017A80B9003
:109030004FF0FF30139000200E900F9005AA1A21D8
:10904000204612F069FC002001903122204601994F
:109050001AF0FEF90090009800F0FF0B00BF00210D
:10906000204619F0E0FD04900020019033222046B4
:1090700001991AF0EDF90090009800F0FF0800BF88
:10908000204618F067FF0390204619F05DF8029023
:1090900035F87E09002865D0E18A1C9801440298C1
:1090A000081A00B20190A08AADF88000208BADF8BC
:1090B0007C004FF00009B5F87E000FFA80FABBF192
:1090C000020F1ADD0498002817DD08F0020040B1F5
:1090D000002120461AF02DF918B909F101000FFA04
:1090E00080F908F0010040B10021204619F0D8FEB7
:1090F00018B9AAF101000FFA80FA4E462FE01A982B
:109100007043B5F87E10491E90FBF1F000B2ADF847
:109110008200BDF882100198084400B2ADF88200C8
:10912000BDF88200ADF87E004B4806900120079004
:1091300020A80E901FA80F90139605AA1A2120466A
:1091400012F0EAFB1FAB20AA17A938460FF06DFEFC
:1091500005AA1B21204612F0DFFB701C06B2564503
:10916000CDDB00BFB5F88000002865D0A18A1D982E
:1091700001440398081A00B20190E08AADF8820019
:10918000608BADF87E004FF00009B5F880000FFA53
:1091900080FABBF1020F1ADD0498002817DD08F0F1
:1091A000040040B10021204619F057FF18B909F119
:1091B00001000FFA80F908F0080040B100212046B4
:1091C00019F0F4FF18B9AAF101000FFA80FA4E461F
:1091D0002FE01B987043B5F88010491E90FBF1F00A
:1091E00000B2ADF88000BDF880100198084400B2CC
:1091F000ADF88000BDF88000ADF87C001648069000
:109200000220079020A80E901FA80F90139605AA81
:109210001A21204612F080FB1FAB20AA17A938465E
:109220000FF003FE05AA1B21204612F075FB701CEF
:1092300006B25645CDDB00BF4FF0FF301390002043
:109240000E900F9005AA1B21204612F065FB219875
:10925000B86000BFA9E60000100E03082DE9F14F29
:109260009AB01A9812F0F1FA07461A9812F04EFBCB
:1092700005462C46122F7DD11A9812F044FB064663
:109280003078022802D11BB0BDE8F08F94F8380086
:1092900000F00300032805D094F8380000F0030024
:1092A000022802D101203070EDE794F83800C0F3B5
:1092B0008400042808D094F83800C0F38400012802
:1092C00002D001203070DEE74FF0000A46225146FE
:1092D00028461AF0BDF819901998C0B2FF2802D09C
:1092E00001203070CFE7002128461AF02FFA81467E
:1092F000208E8144B9F1000F02D001203070C2E706
:10930000002128461AF063FA8046E08E00FB08F040
:109310004FEA20281A9812F0F6FA8346B8F5807FB3
:1093200009D1002205F114015846F9F758FAE8BBB3
:1093300001203070A7E7284618F016FD824628461F
:109340001AF0ADFA179004F132001FFA88F10023E9
:109350005246CDE9001018A81799F9F7A9FDBDF8F4
:109360006000A98A084400B2ADF86000BDF8621040
:10937000E88A00E01DE0084400B2ADF86200BDF8E4
:109380006400A98A084400B2ADF86400BDF8661014
:10939000E88A084400B2ADF86600002218A95846D1
:1093A000F9F71DFA18B9012030706CE700E000BF32
:1093B00019E2152F01D0182FFAD1002128461AF0F2
:1093C00006FA8046E08E00FB08F04FEA20280021D4
:1093D00028461AF0BBF98246208E824428461AF0AD
:1093E0005EFA1990284618F0BFFC1890002641F24A
:1093F0003202314628461AF02BF80E900E9800B231
:10940000814600BF41F61202314628461AF020F884
:109410000E900E9848440FFA80FB00BF41F61302ED
:10942000314628461AF014F80E900E98484400B2BF
:10943000179000BF41F61002314628461AF008F88E
:109440000E900E98484400B2169000BF41F61102EB
:109450003146284619F0FCFF0E900E98484400B2A1
:109460001590608E584400B2ADF85000A18E169849
:10947000084400B2ADF8520094F8390000F003003F
:10948000012804D112A9284618F018FC27E014A9D5
:109490001FFA88F00FFA8AF3CDE9000112A8DDE97E
:1094A0001821F9F705FDBDF84800A98A084400B263
:1094B000ADF84800BDF84A10E88A084400B2ADF89B
:1094C0004A00BDF84C00A98A084400B2ADF84C002F
:1094D000BDF84E10E88A084400B2ADF84E0005F120
:1094E000140110A80BF0FFFD12A905F114000BF0F8
:1094F000FAFDBE481A9918F0FDFA0F900F9801284E
:1095000000D0C0E610A905F114000BF0ECFD152FFA
:109510007ED1E08D08B1A08D00B9B4E6B8F1000F9E
:1095200000D1B0E61A9812F098F9064605F1140138
:109530000DA80BF0D8FD284614F034F90C9094F8DF
:10954000390000F0030001283CD1B4F92C10BDF91A
:109550003020891A481C00EBD071BDF83420A2EBF2
:10956000610109B2ADF83410B4F92C10BDF9302006
:10957000891A481C00EBD071BDF83820A2EB6101BC
:1095800009B2ADF83810B4F92E10BDF93220891A9D
:10959000481C00EBD071BDF83620A2EB610109B286
:1095A000ADF83610B4F92E10BDF93220891A481CD6
:1095B00000EBD071BDF83A20A2EB610109B2ADF821
:1095C0003A1013E012A80BF085FEBDF834100844E1
:1095D000401E00B2ADF8380012A80BF0F3FDBDF844
:1095E00036100844401E00B2ADF83A00BDF8340011
:1095F000584400B2ADF83400BDF83610169808444F
:1096000000B2ADF83600BDF838101798081A00E01F
:10961000E8E000B2ADF83800BDF83A101598081A25
:1096200000B2ADF83A0094F8380000F003000128C9
:1096300005D094F8380000F0030000287AD106A87D
:109640000EF0EDFF06AA002128461AF039FA1FFA9B
:1096500088F0ADF81A001FFA8AF0ADF81800608E95
:10966000ADF81C00A18EADF81E1094F83800C009AA
:109670008DF82C00BDF84800584400B2ADF8100039
:10968000BDF84A101698084400B2ADF81200BDF8B3
:109690004C101798081A00B2ADF81400BDF84E101F
:1096A0001598081A00B2ADF81600B068039004AA25
:1096B00004A8B168F9F752F800B9E4E504A8B0606D
:1096C000BDF83610608D084400B2ADF80600BDF953
:1096D0000600BDF93610884206DDBDF80600E18DB2
:1096E000401A00B2ADF80600BDF80600E18D08444E
:1096F000401E00B2ADF80A0049E0BDF83400218DEB
:10970000084400B2ADF80400BDF90400BDF93410FE
:10971000884206DDBDF80400A18D401A00B2ADF804
:109720000400BDF80400A18D0844401E00B2ADF84D
:10973000080016E034E001AA06A93046636A0EF07C
:109740001FFFBDF80400BDF83010084400B2ADF8AA
:109750000400BDF80800BDF83010084400B2ADF8B0
:109760000800BDF90400BDF938108842E3DBBDF8FC
:109770000600BDF83210084400B2ADF80600BDF88E
:109780000A00BDF83210084400B2ADF80A00BDF975
:109790000600BDF93A108842AFDB0398B06020E0C4
:1097A00094F8380000F00300022811D104A80FF04B
:1097B00007FB04AA002128461AF0E1F900200090D6
:1097C00005F1140204A93046636A0EF045FF08E073
:1097D00000BF00BF002305F11402194630460EF009
:1097E000CFFE00BF00BF00BF4DE500009C4C03084A
:1097F0002DE9F14FDCB05C9812F088F805462C4654
:109800005C9812F02AF85B9059A9284618F056FA8D
:109810000020CDE9105040F60A02DDE9100119F0F0
:1098200017FE0F900F9800B258900020CDE910500D
:1098300040F60B02DDE9100119F00AFE0F900F98B7
:1098400000B25790BDF864115898081A00B2ADF8EC
:109850006401BDF868115898084400B2ADF8680179
:10986000BDF866115798081A00B2ADF86601BDF848
:109870006A115798084400B2ADF86A0159A80BF074
:109880001BFD834659A80BF08FFC5690D4E90A10B3
:10989000A0EB01095698834501DB012000E0002080
:1098A00080460020559094F85C0000F003000128E9
:1098B0000BD1A06A002808DAE06A002805DDA16A59
:1098C000206B884201D1012055900021284619F0D3
:1098D000EBFB54900021284619F08FFC5390002197
:1098E000284619F04DFD52900021284619F0FFFA44
:1098F000519059A904F134000BF0E3FBA18E549868
:10990000084400B2A086218F5398081A01B221871B
:10991000E18E5298084401B2E186618F5198081A8D
:1099200001B26187B8F1000F13D004F134000BF0DD
:109930003BFC04280DDA569800EBD0714A10E98AF6
:109940001144891E0AB2E286E08E001D01B26187D1
:1099500015E0B8F1000F12D104F134000BF0ACFCAB
:1099600004280CDA58460BEBD071AA8A02EB61018D
:10997000891E09B2A186A08E001D01B2218704F1C3
:1099800034000BF099FC509004F134000BF00CFC07
:109990004F90B8F1000F01D0509800E04F988246E8
:1099A000B8F1000F05D004F13406371DFE484C9085
:1099B00004E004F13606371DFC484C90A06D401CB5
:1099C000F8B1A36A216DC91A01FB0AF191FBF9F103
:1099D00008B2A36A616DC91A01FB0AF191FBF9F1A2
:1099E0000AB2131AD4F858C003FB0CF1CB1701EBE1
:1099F00013631B121BB24D934D99014409B24D9153
:109A000008E0A16A206B401A00FB0AF090FBF9F015
:109A100000B24D90A06C401CE0B1A36A216CC91A41
:109A200001FB0AF191FBF9F108B2A36A616CC91A52
:109A300001FB0AF191FBF9F10AB2131AD4F848C0FC
:109A400003FB0CF1CB1701EB136300EB23231BB2D9
:109A50004E9308E0D4E90901401A00FB0AF090FB9C
:109A6000F9F000B24E900020119041F26A4228466F
:109A7000119919F0EDFC10901098C0B24B90B8F10C
:109A8000000F0ED04B9801280BD130463E460746BA
:109A90004E99494209B24E914D99494209B24D91B0
:109AA00000BFB8F1000F0AD031884E98084400B2C8
:109AB000388031884D98084400B230800AE03988F7
:109AC0004E98081A401C00B2308039884D98081A08
:109AD00000B23880559878B3A26A524202FB0AF26B
:109AE00092FBF9F211B2B8F1000F0CD032880A449F
:109AF00010B2B7F90020824201DD30801BE03A88C5
:109B00003280388017E03A88521A521C10B2B6F9E7
:109B10000020824201DD388002E032883A803080C5
:109B2000B7F90020B6F900309A4204DAB6F900001D
:109B30003A883280388000BF559800BB04F1340069
:109B40004C99884701281ADC68465B9917F0ACFDF0
:109B50004FF400300D90964801900020029004F1DF
:109B6000340003906A461A21284611F0D5FE6A4651
:109B70001B21284611F0D0FE5DB0BDE8F08F04F146
:109B8000340149A80BF09DFA3BA810F025F93BAA37
:109B90004FF4003128461AF0CDF829A85B9917F048
:109BA00083FD4FF40030369081482A9000202B909E
:109BB0003BA82D9004F134002C9029AA1A212846A4
:109BC00011F0AAFE0020119060222846119919F088
:109BD0003FFC1090109800B228905698834501DA07
:109BE000584600E056982790DDE92701B1EB600F59
:109BF00002DD279840102890BDF9EC0026904F997F
:109C00005098884201DA509800E04F982790DDE99B
:109C10002601B0EB610F02DD279840102690B8F1C5
:109C2000000F08D004F134000BF046FB01462698E3
:109C3000B1EB400F0BDCB8F1000F28D104F1340078
:109C40000BF0B2FA01462698B1EB400F1FDD9DF8EC
:109C5000EF0011909DF8060110909DF80E010F90F5
:109C600000208DF8EF008DF806018DF80E0104F14B
:109C700034023BA95B9810F093F811988DF8EF002F
:109C800010988DF806010F988DF80E0100BFA98A73
:109C90005498084400B2ADF87800298B5398081AFC
:109CA00000B2ADF87C00E98A5298084400B2ADF8E1
:109CB0007A00698B5198081A00B2ADF87E00002333
:109CC0001EA920A8289A0FF071FF002120A80FF0EC
:109CD000EFF81D909DF822011C909DF80E011B903D
:109CE00000208DF80E018DF8220159A919A80BF05A
:109CF000E8F9BDF864105498084400B2ADF8640067
:109D0000BDF866105298084400B2ADF86600BDF880
:109D100068105398081A00B2ADF86800BDF86A10D0
:109D20005198081A00B2ADF86A00B8F1000F15D0CA
:109D300019A80BF039FA042810DA569800EBD07104
:109D40004A10E98A1144891E09B2ADF86610BDF8BF
:109D50006600001D00B2ADF86A0017E0B8F1000F10
:109D600014D119A80BF0A8FA04280FDA58460BEB07
:109D7000D071AA8A02EB6101891E09B2ADF86410A4
:109D8000BDF86400001D00B2ADF86800BDF9EC201C
:109D9000002304F1340113A80FF008FF002113A8D9
:109DA0000FF086F8129005E0B9520108A951010898
:109DB000F44B030819AA3BA95B980FF0F1FF1B981D
:109DC0008DF80E011C988DF8220100208DF8EF000F
:109DD0008DF806018DF8220104F134023BA95B984D
:109DE0000FF0DEFF13A80FF045FB20A80FF042FB99
:109DF00012980FF0C3FF1D980FF0C0FF29AA1B2176
:109E0000284611F089FD00BFB6E6F0B591B00546D1
:109E1000284611F07BFD0446284611F01EFD07463A
:109E2000264603A80FF0D8FF03AA4FF4403120467E
:109E300019F080FF47F6FF70ADF80C002C20805D14
:109E400000F0010038B120460DF021FF0090BDF870
:109E50000000ADF81000214601A807F0C5FA01AADC
:109E600003A938460FF09CFF11B0F0BD2DE9F04F6B
:109E7000B3B08146484611F049FD80464446484605
:109E800011F0EBFC32900021404618F065FE0546CB
:109E9000404619F004FD8246404617F065FF8346B0
:109EA000DA4501DB012000E0002006460EB15846ED
:109EB00000E050463190002794F85C0000F0030069
:109EC000012806D1A06A002803DAE06A002800DD34
:109ED0000127002E3CD097B93EB1012D02D1B4F933
:109EE000340009E0B4F9380006E0012D02D1B4F9DC
:109EF000360001E0B4F93A00ADF8BC0037E0606A22
:109F0000002812DB3EB1012D02D1B4F9340009E082
:109F1000B4F9380006E0012D02D1B4F9360001E0B1
:109F2000B4F93A00ADF8BC0021E03EB1012D02D0F9
:109F3000B4F9340009E0B4F9380006E0012D02D08C
:109F4000B4F9360001E0B4F93A00ADF8BC000EE017
:109F50001FB9E08EADF8BE0009E0606A002803DB9F
:109F6000E08EADF8BE0002E0608FADF8BE0021A823
:109F70000FF032FF21AA4FF44031404619F0DAFECB
:109F800033462FA94046319A20F0A3FE2FA904F1B1
:109F900068000BF0B1F80FA8329917F085FB4FF469
:109FA00040301C903C481090002011901D9004F10E
:109FB0006800129021A8139040461DF02EF8022848
:109FC00010D00FAA1A21404611F0A6FC04F1680235
:109FD00021A932980FF0E4FE0FAA1B21404611F090
:109FE0009BFC55E0382221A901A815F0E4FD0FAA39
:109FF0001A21404611F090FC04F1680221A9329820
:10A000000FF0CEFE0FAA1B21404611F085FC96B141
:10A010003EB1012D02D0B4F9340009E0B4F93800A2
:10A0200006E0012D02D0B4F9360001E0B4F93A009F
:10A03000ADF8BC0002E0608FADF8BE0033462FA93A
:10A040004046319A20F045FE2FA904F160000BF044
:10A0500053F8382201A921A815F0ADFD0120119077
:10A0600004F16000129021A8139001201D900FAA06
:10A070001A21404611F050FC04F1600221A93298E7
:10A080000FF08EFE0FAA1B21404611F045FC00BFC9
:10A0900033B0BDE8F08F0000284D03082DE9F047EC
:10A0A00090B00746384611F031FC0546284617F0B7
:10A0B000ABFE064608A80EF083FE08AA0021304633
:10A0C00019F05DFD384611F0C8FB0446D4F808804D
:10A0D00006F1140206A8A168F8F740FB10B910B009
:10A0E000BDE8F08706A8A06004A9304607F0FAFD95
:10A0F000A88AADF80800E88AADF80A00288BADF808
:10A100000C00BDF81200ADF80E0002AA02A8A1686A
:10A11000F8F724FB98B1D4F8089002A8A06028466C
:10A1200014F0E8FB82460020534605F1140208A90A
:10A13000009020460EF090FAC4F8089000BFA88A5C
:10A14000ADF80800BDF81600ADF80A00288BADF890
:10A150000C00688BADF80E0002AA02A8A168F8F7FF
:10A16000FDFA98B1D4F8089002A8A060284614F02F
:10A17000C1FB82460020534605F1140208A9009055
:10A1800020460EF069FAC4F8089000BFC4F80880B1
:10A1900000BFA4E72DE9FF4FA1B00646144624985E
:10A1A000807B00F00F052298807E1F90032D00D148
:10A1B0000425012D06D0022D0BD0042D10D0082D22
:10A1C0001DD114E0DFF86C834FF0800A02201E904E
:10A1D0001AE0DFF864834FF0C00A04201E9013E0F9
:10A1E000DFF858834FF0F00A10201E900CE0DFF8E3
:10A1F00050834FF0FF0A4FF480701E9004E000BFC0
:10A2000000BF25B0BDE8F08F00BF1F98FD2823DAFE
:10A21000CC4801781F98814203D1CB480068A842FE
:10A2200013D000200DE018F80010FF2901D11F996C
:10A2300004E018F800101F9A51430912C34A115440
:10A24000401C1E998842EED300BFDFF80083BD4951
:10A250001F980870BC4805602498B0F806B0249890
:10A2600000891B900BFB05F01A90B4F90000B1684F
:10A27000B1F90010884201DB002005E0B068B0F9B8
:10A280000000B4F90010401A1990B4F900005844C5
:10A29000B168B1F90410884201DC584606E0B068A4
:10A2A000B0F90400B4F90010401A401C1890B4F939
:10A2B0000200B168B1F90210884201DB002005E01C
:10A2C000B068B0F90200B4F90210401A1790B4F95E
:10A2D00002101B980844B168B1F90610884201DCED
:10A2E0001B9806E0B068B0F90600B4F90210401AF5
:10A2F000401C16901A9917984843199901FB0500BC
:10A3000015902E99159801EBD0002E90159800F01D
:10A3100007071C210DA815F0DCFD22988089ADF8F7
:10A320003C002298807E8DF84C002298807FC0F3FC
:10A33000C2008DF84D00FAF7A1F801900DF036FE3D
:10A340000C901B980BFB00F10C98814201DD0C98DE
:10A3500002E01B990BFB01F00B900B9815F00EFB24
:10A360008146CDF8409000200A9021881998084431
:10A3700000B2ADF82000218818980844401E00B2B1
:10A38000ADF8240061881798084400B2ADF82200A7
:10A39000BDF82200ADF8260000BFBDF82400BDF8CE
:10A3A0002010401A401C00B2079000BFBDF82000EA
:10A3B000ADF81400BDF82200ADF81600BDF8240079
:10A3C000ADF81800BDF82600ADF81A0000BFBDF8C2
:10A3D00016101698084400B2ADF81A0005A80FF040
:10A3E0006DF8049008A80D901290C5F10800039034
:10A3F00019980BEB00011898081A684302901798F7
:10A400001C9078E00A9801902AFA07F02090199899
:10A410001D9028E02E980078209908400399C91BC8
:10A42000C8401490149830B1149818F800100A9885
:10A4300009F8001003E000210A9809F800100398B9
:10A44000874204D22F442098E840209005E000275E
:10A45000CDF880A02E98401C2E900A98401C0A909F
:10A460001D98401C1D9018991D988842D2DB0498B5
:10A47000A0B1BDF92620BDF92010019B09EB030016
:10A48000079B0EF0CBFF8DF844009DF8440028B9DF
:10A49000019909EB0100079915F01BFDDDE9180191
:10A4A000411A0A9801440B98814206D2BDF8260051
:10A4B000401C00B2ADF8260012E002208DF84400E6
:10A4C0000DA930460FF0AAFEBDF82600401C00B2D0
:10A4D000ADF82200BDF82200ADF8260000200A9059
:10A4E000029807442E9800EBD7002E9007F007073C
:10A4F0001C98401C1C9016991C98884282DBBDF960
:10A500002200BDF9261088420ED0BDF82600401E5C
:10A5100000B2ADF8260002208DF844000DA93046A7
:10A520000FF07CFE00200A90484615F0A3FA00BF09
:10A5300067E600005C0C03085E0C03086A0C030865
:10A540007A0C0308B4010020B80100206C430020FD
:10A550002DE9FF4F8FB00C4615461E46B4F9020098
:10A56000401E0E900E9840100D900E9800F00101C4
:10A570000D9808440C90B5F90000B6F90010884217
:10A5800002DAB5F9000001E0B6F90000ADF82800E4
:10A59000B5F90000B6F90010884202DDB5F90000F7
:10A5A00001E0B6F90000401E00B2ADF82C00698849
:10A5B0000C98081A00B2ADF82A0069880D98084472
:10A5C00000B2ADF82E000F980AA982680AA8F8F721
:10A5D000C5F88246BAF1000F02D113B0BDE8F08F82
:10A5E000E08818B1A08808B1012000E0002083466F
:10A5F000012009900AA80EF061FF10B10020099017
:10A6000004E0BBF1000F01D0002009901C2102A83A
:10A6100015F05FFC0AA802902088ADF81000207A9F
:10A620008DF82000099820B102A90F980FF0F6FDCF
:10A6300078E00AA80AF01DFE0746BDF92E00019039
:10A64000BDF82A00ADF82E0000200090BBF1000FED
:10A650000BD0B4F90600B4F904100844BDF9281071
:10A6600091FBF0F200FB12100090384615F086F9CD
:10A670008046CDF814800AA80790BDF92A904AE0D8
:10A680003946404615F05CFCBDF928103BB20FFA84
:10A6900089F240460EF0C2FE8DF81800BBF1000FA3
:10A6A00027D09DF8180020B3009800211BE0B4F9D2
:10A6B0000420824207DBA3881B1A1AB28B1819B236
:10A6C000831818B20BE0B4F90620B4F904301A4428
:10A6D000824201DC002002E0002208F801204A1C2E
:10A6E00011B2421C10B2B942E1DB02228DF81820EF
:10A6F00000BF02A90F980FF091FDBDF82A00401C81
:10A7000000B2ADF82A00BDF82E00401C00B2ADF832
:10A710002E0009F1010901988145B1DD404615F08F
:10A72000A9F900BF00BF58E72DE9FF4FC7B08B461E
:10A7300091469A46B9F90200BAF90210884210DA35
:10A74000B9F80200ADF81A01BAF80200ADF8160126
:10A75000B9F80000ADF81801BAF80000ADF814011E
:10A760000FE0BAF80200ADF81A01B9F80200ADF82E
:10A770001601BAF80000ADF81801B9F80000ADF8FC
:10A780001401BDF91401BDF91811441ABDF91601DF
:10A79000BDF91A11451A002C01DD204600E0604287
:10A7A000002D01DD294600E06942884201DD0120DB
:10A7B00000E000204490BBF90260002043904498E0
:10A7C00070B1002D01DD284600E068424101002CF7
:10A7D00001DD204600E0604291FBF0F043900DE087
:10A7E000002C01DD204600E060424101002D01DD2A
:10A7F000284600E0684291FBF0F04390E04943981E
:10A80000085C70433F30C611771006F0010000EB82
:10A810000708BDF91801BDF91411884202DABDF923
:10A82000180101E0BDF91401801B00B2ADF804016C
:10A83000BDF91801BDF91411884202DDBDF91801F6
:10A8400001E0BDF91401304400B2ADF80801BDF9D2
:10A850001A01BDF91611884202DABDF91A0101E0A8
:10A86000BDF91601801B00B2ADF80601BDF91A0151
:10A87000BDF91611884202DDBDF91A0101E0BDF9EA
:10A880001601304400B2ADF80A01479841A9826828
:10A8900041A8F7F763FF4090409810B94BB0BDE86E
:10A8A000F08F4498F0B3002C24DD0021BDF8160190
:10A8B000C01B00B2CDE90001BDF91431BDF81A0189
:10A8C000C01B02B2BDF9181135A80EF0F1FE01212E
:10A8D000BDF81601404400B2CDE90001BDF91431C4
:10A8E000BDF81A01404402B2BDF918112AA80EF0B1
:10A8F000DFFE4AE00021BDF81601404400B2CDE978
:10A900000001BDF91431BDF81A01404402B2BDF98D
:10A91000181135A80EF0CCFE0121BDF81601C01BA0
:10A9200000B200E00DE0CDE90001BDF91431BDF841
:10A930001A01C01B02B2BDF918112AA80EF0B8FE08
:10A9400023E00021BDF91601CDE90001BDF8140195
:10A95000404403B2BDF91A21BDF81801404401B2C8
:10A9600035A80EF0A5FE0121BDF91601CDE90001C3
:10A97000BDF81401C01B03B2BDF91A21BDF81801BE
:10A98000C01B01B22AA80EF093FE002135A80EF0DC
:10A990008FFA139000212AA80EF08AFA12904FF035
:10A9A000FF30119010909BF80900C0F3001068BBB5
:10A9B0000321BDF81A01204400B2CDE90001BDF821
:10A9C0001801401B03B2BDF91A21BDF918111FA8C7
:10A9D0000EF06EFE0221BDF81601204400B2CDE952
:10A9E0000001BDF81401401B03B2BDF91621BDF9E9
:10A9F000141114A80EF05CFE00211FA80EF058FAE6
:10AA00001190002114A80EF053FA109041A80AF0FA
:10AA100030FC0F90F9F732FD01900DF0C7FA0D9060
:10AA200041A80AF0DDFB01460D98814203D241A8FE
:10AA30000AF0D6FB00E00D980C900C9814F09EFFE5
:10AA40000B90BDF90A010A90BDF80601ADF80A01A4
:10AA500000200990DDE90B0115F072FA1C2102A813
:10AA600015F037FA41A80290BBF80000ADF81000CD
:10AA70009BF808008DF820000B98059041A80790DE
:10AA8000BDF906010E9040E0BDF90411099B0B9A37
:10AA9000D0180F9A13B20E9A12B20EF0BFFC8DF8B6
:10AAA00018009DF8180028B9099A0B9988180F9971
:10AAB00015F00FFA0F990998084409900F99099811
:10AAC00001440C98814206D2BDF80A01401C00B234
:10AAD000ADF80A0116E002208DF8180002A9479887
:10AAE0000FF09CFBBDF80A01401C00B2ADF8060156
:10AAF000BDF80601ADF80A0100200990DDE90B015F
:10AB000015F01EFA0E98401C0E900A990E98884275
:10AB1000BADDBDF90601BDF90A1188420CD0BDF8B5
:10AB20000A01401E00B2ADF80A0102208DF818009B
:10AB300002A947980FF072FB0B9814F09BFF35A801
:10AB40000EF098FC2AA80EF095FC1198401C10B14C
:10AB50001FA80EF08FFC1098401C10B114A80EF026
:10AB600089FC13980FF00AF912980FF007F9119861
:10AB70000FF004F910980FF001F900BF8EE6000005
:10AB80007A0D03082DE9FF4F91B00C4615461E467D
:10AB9000B4F90200401E1090109840100F901098C9
:10ABA00000F001010F9808440E9029880E98081AA9
:10ABB00000B2ADF8300029880F98084400B2ADF813
:10ABC0003400B5F90200B6F90210884202DAB5F98C
:10ABD000020001E0B6F90200ADF83200B5F902005A
:10ABE000B6F90210884202DDB5F9020001E0B6F9BB
:10ABF0000200401E00B2ADF8360011980CA9826820
:10AC00000CA8F7F7ABFD8146B9F1000F02D115B0E2
:10AC1000BDE8F08FE08818B1A08808B1012000E0FD
:10AC20000020824601200B900CA80EF047FC10B1CA
:10AC300000200B9004E0BAF1000F01D000200B902F
:10AC40001C2104A815F045F90CA804902088ADF843
:10AC50001800207A8DF828000B9820B104A91198CB
:10AC60000FF0DCFA66E00CA80AF003FB8346BDF99E
:10AC700036000390BDF83200ADF83600584614F0A7
:10AC80007DFE0290029807900CA809900020019088
:10AC9000BAF1000F0BD0B4F90600B4F9041008445F
:10ACA000BDF9321091FBF0F200FB12100190019FF0
:10ACB000BDF9328037E05946029815F041F9BDF9E7
:10ACC00030100FFA8BF30FFA88F202980EF0A6FB01
:10ACD0008DF82000BAF1000F13D09DF8200070B15C
:10ACE000B4F90400B84202DA00208DF82000B4F96B
:10ACF0000600B4F904100844B84200DC0027781CB0
:10AD000007B204A911980FF089FABDF83200401C6F
:10AD100000B2ADF83200BDF83600401C00B2ADF80C
:10AD2000360008F1010803988045C4DD029814F04C
:10AD3000A1FE00BF00BF6AE72DE9FC5F80464046E8
:10AD400010F0E4FD0746B946D9F824603446404681
:10AD500010F083FD0546606A00F114026846A96898
:10AD6000F7F7FCFC8246BAF1000F41D0D5F808B0E5
:10AD7000C5F808D094F83C00C0F3401048B3608F89
:10AD8000E18E88420CD1628F212329463046FDF79F
:10AD9000FBFA628F212329463046FDF761FB24E050
:10ADA000628F202329463046FDF7EEFA628F20237A
:10ADB00029463046FDF754FBE28E012329463046F2
:10ADC000FDF7E2FAE28E012329463046FDF748FB03
:10ADD0000BE0628F202329463046FDF7D5FA628FBB
:10ADE000202329463046FDF73BFBC5F808B000BFDD
:10ADF000BDE8FC9F2DE9F14FD0B0509810F086FDD2
:10AE000004462546288E10B951B0BDE8F08F509801
:10AE100010F023FD4F90608C20F00400001D608432
:10AE20004DA9204616F04AFF0026B246B4F820800D
:10AE300000202084608C20F00400001D608427A87E
:10AE40000EF0CAFF1FA80DF0BBFF27AA4FF4A021E8
:10AE5000204618F06FFF1FAA4FF4A021204618F0DB
:10AE60008EFE608C20F004006084A4F82080002115
:10AE7000204618F092FA1E900021204618F044F85F
:10AE80001D900021204618F01CF91C90002120463E
:10AE900018F0C0F91B9009A84F9916F005FC4FF463
:10AEA000A0201690D7480A9000200B903DA80D9046
:10AEB00035A80E9000BF9BE103E00AF101001FFAE4
:10AEC00080FA696A51F82A00CFA1F5F7D9FC002869
:10AED000F3D0E96A31F81600FAF79AFE00B181E181
:10AEE0000027E96A31F81600FAF782FE08B147F048
:10AEF0000107E96A31F81600FAF78EFE10B147F043
:10AF0000800716E0A88EB04213D108F0200008B1E7
:10AF100047F0200708F0020008B147F0020708F0E8
:10AF2000040008B147F0040708F0080008B147F032
:10AF30000807A86A00EBC6014BA80AF0CBF8BDF8D9
:10AF40002C01BDF83411084400B2ADF82C01BDF855
:10AF50002E01BDF83611084400B2ADF82E01BDF83F
:10AF60003001BDF83411084400B2ADF83001BDF82D
:10AF70003201BDF83611084400B2ADF8320157B9BC
:10AF8000382227A93DA814F016FE20221FA935A8B3
:10AF900014F011FE1DE02784608C20F00400001DD9
:10AFA00060843DA80EF018FF35A80DF009FF3DAAFA
:10AFB0004FF4A021204618F0BDFE35AA4FF4A02181
:10AFC000204618F0DCFDA4F82080608C20F00400FE
:10AFD0006084E96A31F81600FAF726FE8346BBF171
:10AFE000000F06D09DF8F10040F001008DF8F1004F
:10AFF00005E09DF8F10020F001008DF8F1004BA86C
:10B000000C90179609AA1A21204610F085FC9DF88D
:10B010001701400800F01000F0B39DF8170120F070
:10B020003E001E308DF81701BDF92C11B4F9142023
:10B030001C98104481420AD19DF81701400820F065
:10B0400004009DF8171160F345018DF81711BDF943
:10B050003011B4F918201B98101A81420AD19DF8BA
:10B060001701400820F008009DF8171160F3450112
:10B070008DF81711BDF92E11B4F916201E98104441
:10B0800081420CD19DF81701400820F002009DF884
:10B09000171160F3450100E014E08DF81711BDF9B8
:10B0A0003211B4F91A201D98101A81420AD19DF864
:10B0B0001701400820F001009DF8171160F34501C9
:10B0C0008DF817114BA80AF076F8814607F020009A
:10B0D00060B1E86A30F8160000F4007030B1BDF8D5
:10B0E0002E01A0EB090000B2ADF82E014BAA3DA93C
:10B0F0004F980EF055FE35980890BDF9E80007907E
:10B10000BDF9E6000690686A50F82A0005904DA83F
:10B110000AF0D9F803909DF8F11002460698CDE99F
:10B120000121009004A8DDE9073205991EF004FD15
:10B130004BA80AF0C8F8BDF91010401A039000EBB4
:10B14000D070BDF82C1101EB600000B2ADF82C01FD
:10B150004BA80AF030F8BDF91210401A039000EB2A
:10B16000D070BDF82E1101EB600000B2ADF82E01D9
:10B17000BDF82C01BDF81010084400B2ADF8300144
:10B18000BDF82E01BDF81210084400B2ADF832012E
:10B1900007F02000C0B1E86A30F8160000F4007033
:10B1A00090B1484609EBD071BDF82E21A2EB6101A8
:10B1B00009B2ADF82E1109EBD071BDF83221A2EB26
:10B1C000610109B2ADF83211002000904BAA35A9F7
:10B1D000059B4F980DF040FA09AA1B21204610F05C
:10B1E0009BFB00BF701C86B20AF101001FFA80FAB7
:10B1F000288EB0423FF760AE608C20F0040060847F
:10B2000000BF01E62C4C03080A0000002DE9F14FB5
:10B21000A2B0229810F07AFB04462546229810F03E
:10B220001CFB21900021204617F00AFD814626468E
:10B23000002741F612023946304618F009F90A9003
:10B240000A98484400B2209000BF41F613023946E4
:10B25000304618F0FDF80A900A98484400B21F9052
:10B260000021204618F0B3F8484400B21E9016A8FA
:10B270000DF0A6FD16AA4FF40031204618F07FFC11
:10B28000A86A10B1D5F828800AE0802014F076FB77
:10B29000064680223146204610F012F8B04600BF24
:10B2A0004FF0000A95F83C0000F00F00012800D193
:10B2B0008246002641F26A423146204618F0C8F81C
:10B2C0000A900A98C0B2012800D18246E86A002894
:10B2D0007ED0E86A12F078FB0A900A98022814D10E
:10B2E0009DF8750041F6FF72BDF96A10CDE90012B4
:10B2F0000290BDF96C30169A07A8E96A1EF01CFC92
:10B30000BDF91C60BDF91E7011E007A9E86A12F0D2
:10B3100003F88346BBF1010F05D10798C0F38A26D5
:10B320000798470D02E04FF0FF36374600BFBAF1ED
:10B33000000F0DD0A18A2098084400B2ADF820007B
:10B34000BDF820003044401E00B2ADF824000DE0EE
:10B35000218B1F98081A801B00B2ADF82000BDF8A1
:10B3600020003044401E00B2ADF824000A980228A4
:10B3700015D1E18A1E98084400B2ADF82200BDF84C
:10B3800022003844401E00B2ADF826000020009094
:10B3900008AA16A9EB6A21980DF05EF940E0204654
:10B3A00016F0E2FCA0EB070B0BEBDB704110E08A20
:10B3B000084400B2ADF82200BDF822003844401E17
:10B3C00000B2ADF8260002A80DF029F902AA00E0AB
:10B3D00027E04FF40031204618F072FB304606EBB0
:10B3E000D071491009B2ADF80C10384607EBD07196
:10B3F00049100AB2ADF80E204FF4003B43F60F029D
:10B400005946204618F024F80190019880B2ADF812
:10B41000080008AA02A9EB6A21980DF0B1F800BF54
:10B4200000BF0EA80DF0CCFC0EAA0021204618F09B
:10B43000A6FB9DF8550041F6FF72BDF94A10CDE913
:10B4400000120290BDF94C3041460DA80E9A1EF034
:10B4500073FBE18A1E98084400B2ADF82E00BDF8D7
:10B460002E00BDF83610084400B2ADF83200E86A8C
:10B47000B0B9204618F013FABDF93410461A06EB9D
:10B48000D670A18A01EB600000B2ADF82C00BDF8C7
:10B490002C00BDF83410084400B2ADF8300022E0B2
:10B4A000BAF1000F11D0218B1F98081ABDF8341083
:10B4B000401A00B2ADF82C00BDF82C00BDF83410D5
:10B4C000084400B2ADF830000DE0A18A209808448D
:10B4D00000B2ADF82C00BDF82C00BDF834100844C3
:10B4E00000B2ADF83000002043460BAA0EA9009030
:10B4F00021980DF0B1F8A86A10B9404614F0BAFAD4
:10B5000023B0BDE8F08F2DE9F14F90B0109810F006
:10B51000FDF905462C46109810F09FF906460EA935
:10B52000284616F057FB002794F84800C0F3001097
:10B5300008B147F0010794F84800C0F3401008B183
:10B5400047F002070021284618F082F942F2D17133
:10B55000884205D1688CC0F3802008B947F0040701
:10B5600006A80DF02DFCB4F84400ADF82E004620DE
:10B57000005BADF830008DF8357006AA0021284632
:10B5800018F0FDFA0DA8411E626A03780BB9012379
:10B59000037000BF284613F0B9F90790284613F04E
:10B5A000AFF908904FF6FF71079888421ED00898AF
:10B5B00088421BD04FF4802B44F25742594628460C
:10B5C00017F046FF029002980390BDF80C00ADF80A
:10B5D000260000BF20225946284617F039FF029066
:10B5E00002980390BDF80C00ADF8280094F84800CC
:10B5F00000F00700022805D094F8480000F007008A
:10B6000003281FD19DF83400022803D09DF8340090
:10B61000032817D141F6FF71BDF92A008DE8830098
:10B62000BDF92C30069A03A8616A1EF085FA0EA8AF
:10B6300009F057FEBDF90C10884202DA01208DF89E
:10B64000340000BF04F1300894F8480000F007000F
:10B65000032805D00EA809F0BCFDB0F5806F01DA13
:10B660004FF000080EA904A8B268F7F777F88146F2
:10B67000B9F1000F02D111B0BDE8F08F94F8480085
:10B6800000F0070070B9284616F05EFD8346CBF146
:10B69000000002B200210EA809F03BFE688BADF855
:10B6A0003E0000BF94F8480000F00700022805D0D3
:10B6B00094F8480000F0070003280ED1D6F808B02F
:10B6C00004A8B060CDF800800EAA06A93046636ACF
:10B6D0000CF0C2FFC6F808B007E0CDF800800EAA53
:10B6E00006A93046636A0CF0B7FFD6F808A004A894
:10B6F000B06094F8480000F0070003284FD141F6ED
:10B70000FF71BDF92A008DE88300BDF92C30069A3F
:10B7100003A8616A1EF010FA0EA809F0E2FDBDF957
:10B720000C1088421BDA20221146069810F037FAD6
:10B7300000EB4000B4F84410BDF80C20114408445C
:10B7400000B2ADF82E004620005BADF83000CDF819
:10B7500000800EAA06A93046636A0CF07DFF0EA891
:10B7600009F037FDBDF90E10884217DAB4F844002D
:10B77000ADF82E00069810F031FA4621095BBDF8AD
:10B780000E201144084400B2ADF83000CDF800801E
:10B790000EAA06A93046636A0CF05EFF00BFC6F829
:10B7A00008A000BF67E72DE9F14F9AB01A9810F092
:10B7B0004CF880461A9810F0A9F80446B8F1150F15
:10B7C00016D11A9810F049F8054618A9204606F037
:10B7D00089FA0AA80EF000FB0AAA4FF4802120463D
:10B7E00018F0A8FA18AA0AA928460EF0D9FAC5E056
:10B7F000B8F1180FFBD11A9810F02FF8054612A8CF
:10B800000DF0DEFA12AA4FF48021204618F0B7F9A5
:10B8100010A9204606F066FA10AA0EA8A968F6F745
:10B820009DFF0D900D9800287DD0204605F0CFFE9D
:10B830008146204618F033F88346484613F05AF8FC
:10B8400002210390BDF95A00CDE901B10090BDF984
:10B850005C300CA8129A03991EF06EF9204616F07F
:10B8600083FA0646304606EBD0714A10B4F916103A
:10B870000A44B9F91610891A0B91484616F074FA61
:10B880000B99890391FBF0F00B900021204617F0F3
:10B89000C4FE0A901299B1F908200A99B1F908106A
:10B8A000501A00EBD071491009B20991BDF832105D
:10B8B0000998081A00B2ADF83200304606EBD07194
:10B8C0004A10B4F916105718BDF932000B994843C5
:10B8D00007EBA03709983F1A0021204617F0BDF961
:10B8E00082464FF0000B41F612025946204617F0EF
:10B8F000AFFD0390039800B2089000BF41F6130219
:10B900005946204617F0A4FD0390039800B2079013
:10B91000A18A08980844504400B2ADF8140038B227
:10B92000ADF8160000E028E0218B0798081AA0EB7C
:10B930000A0000B2ADF81800BDF81600BDF83210CC
:10B94000084400B2ADF81A009DF8650040F002000E
:10B950008DF86500A86804900EA8A860484612F00B
:10B96000C9FF834600205B4605AA12A9009028461D
:10B970000CF072FE0498A86000BF00BF1BB0BDE8C9
:10B98000F08F2DE9F14FA8B028980FF0BFFF0446C3
:10B99000254628980FF061FF27900021204617F0D8
:10B9A000B7FB26900021204617F05BFC2590002174
:10B9B000204617F026FD24900021204617F0CBFAF0
:10B9C000239000BFA08AADF88400E08AADF886001D
:10B9D000208BADF88800608BADF88A0000BFBDF801
:10B9E00084102698084400B2ADF88400BDF8881091
:10B9F0002598081A00B2ADF88800BDF88610249882
:10BA0000084400B2ADF88600BDF88A102398081AE1
:10BA100000B2ADF88A0013A80EF0DEF913AA4FF4B5
:10BA20000031204618F086F921AA13A927980EF0B4
:10BA3000B7F90026204616F097F9074600BF208B7D
:10BA4000A18A401A401CC01B0FFA80F8686A401C8B
:10BA500040B1696A01FB08F0C11700EB11610912DE
:10BA60000EB20CE0204616F0E3FF00F0010BBBF134
:10BA7000000F01D0404600E00020064600BF4FF016
:10BA8000000B41F26A425946204617F0E1FC009053
:10BA90000098C0B2012802D1A8EB060006B2A08A25
:10BAA000304400B2ADF84400BDF84400384400B260
:10BAB000ADF84800E08AADF84600608BADF84A006A
:10BAC0004FF44031204617F023FB81464FF44031BC
:10BAD000204617F0C6FB82464FF44031204617F04F
:10BAE00090FC10904FF44031204617F034FA0F903C
:10BAF000BDF84400A0EB090000B2ADF84400BDF869
:10BB00004800504400B2ADF84800BDF84610109807
:10BB1000081A00B2ADF84600BDF84A100F98084464
:10BB200000B2ADF84A0001A80EF056F901AA4FF490
:10BB30004031204618F0FEF811AA01A927980EF00E
:10BB40002FF929B0BDE8F08F2DE9F14FE0B06098F2
:10BB50000FF0DCFE0446254660980FF07EFE81461D
:10BB600004F114015EA8D9F80820F6F7F7FD10B922
:10BB700061B0BDE8F08FD9F808005D905EA8C9F803
:10BB800008004FF0000841F232024146204617F00B
:10BB90005FFC0C900C9800B256900021204617F0E4
:10BBA0003DFC55900021204617F0E2F95490002109
:10BBB000204617F0BAFA53900021204617F05EFB9A
:10BBC00052904FF4A021204617F0AFFA51904FF455
:10BBD000A021204617F052FB50904FF4A0212046A0
:10BBE00017F01CFC4F904FF4A021204617F0C0F92D
:10BBF0004E90208C4D9000202084608C20F004001A
:10BC0000001D60843FA80EF0E7F83FAA4FF4A02182
:10BC1000204618F08FF829A80DF0D2F829AA4FF481
:10BC2000A021204617F0ABFF4D982084608C20F0B7
:10BC3000040060840027204616F09AFA0146E28A42
:10BC400055981044401E411A5698084400B2ADF869
:10BC50006E01204616F082FA20900021204616F050
:10BC600088FF012800D100E000201F9049460DA860
:10BC700015F01AFD4FF4A0201A90FE480E900020F7
:10BC80000F9031A8119021A812904FF0000B33E2D1
:10BC9000E86A30F91B000C90BDF86E01401C00B240
:10BCA000ADF86A01BDF86A110C980844401E00B254
:10BCB000ADF86E01BDF96A01BDF97E11884200DD63
:10BCC0001EE21F9858B1218B5298081A401E2099E5
:10BCD000411A5698081A00B2ADF868010AE0A18A24
:10BCE00053980844401E2099411A5698084400B2BF
:10BCF000ADF86C010026F7E100200B90A86A50F81F
:10BD0000270020B1A86A50F8270000780B901F98F0
:10BD100080B1BDF86801401E00B2ADF86C01286B1F
:10BD200030F81600BDF86C11081A401C00B2ADF8CE
:10BD300068010FE0BDF86C01401C00B2ADF868016D
:10BD4000286B30F81600BDF868110844401E00B298
:10BD5000ADF86C014FF0000800BF34E007EB0801BC
:10BD6000A86A50F8210048B307EB0802A96A51F805
:10BD7000220008B101780B910B9901F00101D9B1B2
:10BD80001F9961B106EB0801491C2A6B32F81110AA
:10BD9000BDF86821511A09B2ADF868110DE006EB43
:10BDA0000801491C2A6B32F81110BDF86C211144AE
:10BDB00009B2ADF86C1100E00BE000E009E008F119
:10BDC00001001FFA80F808EB0601A88C401E814292
:10BDD000C4DB00BFBDF96E01BDF97A11884207DAF4
:10BDE00008F10100384487B206EB080086B279E119
:10BDF00000BFBDF86801ADF82400BDF86A01ADF8D8
:10BE00002600BDF86C01ADF82800BDF86E01ADF854
:10BE10002A0000BF9DF81F01400800F0040090B107
:10BE2000BDF92410B4F914205398104481420ADD5E
:10BE3000BDF91C0100EBD071BDF82420A2EB61011B
:10BE400009B2ADF824109DF81F01400800F002006F
:10BE500090B1BDF92610B4F91620559810448142CE
:10BE60000ADDBDF91C0100EBD071BDF82620A2EB64
:10BE7000610109B2ADF826109DF81F01400800F0DD
:10BE80000800B8B1BDF92810B4F918205298101A5A
:10BE9000401E81420EDABDF91C0100EBD07182B266
:10BEA00002F0010202EB6101BDF82820114409B241
:10BEB000ADF828109DF81F01C0F34000B8B1BDF9DE
:10BEC0002A10B4F91A205498101A401E81420EDA32
:10BED000BDF91C0100EBD07182B202F0010202EB4D
:10BEE0006101BDF82A20114409B2ADF82A104FF0C3
:10BEF000000AE88E584523D1A88EB04220D194F88C
:10BF0000200000F0400030B994F8200000F020003C
:10BF100008B14AF0200A94F8200000F0020008B1AD
:10BF20004AF0020A94F8200000F0040008B14AF038
:10BF3000040A94F8200000F0080008B14AF0080A4A
:10BF4000BAF1000F0AD138223FA931A813F033FE0D
:10BF5000202229A921A813F02EFE1EE0A4F820A07B
:10BF6000608C20F00400001D608431A80DF034FFC7
:10BF700021A80CF025FF31AA4FF4A021204617F08C
:10BF8000D9FE21AA4FF4A021204617F0F8FD4D98C4
:10BF90002084608C20F00400608409A81090A88C94
:10BFA0000BFB00601B900DAA1A2120460FF0B4FC79
:10BFB00009AA31A948460DF0F3FEA86A50F82700F7
:10BFC00000287DD0BDF868115198084400B2ADF842
:10BFD0006001BDF86C115098081A00B2ADF8640108
:10BFE000BDF86A114F98084400B2ADF86201BDF87F
:10BFF0006E114E98081A00B2ADF866010B98C0F3A6
:10C0000040000890089810B10220579001E00020ED
:10C01000579000BFBDF86401BDF86011401A401C84
:10C0200000B20490BDF9962004995798CDE90021FB
:10C030000290A86A50F82700411CBDF998305CA80E
:10C04000299A1DF079FD089818BB0C9901EBD17263
:10C05000BDF86A3103EB6202BDF9720100EBD073E7
:10C06000A2EB630212B2ADF862210C9901EBD1721E
:10C0700002E00000604D0308BDF86A3103EB620284
:10C08000BDF9720100EBD07302EB630212B2ADF89E
:10C0900066215AAA5EA906A8F6F760FB05900598E6
:10C0A00090B106A8C9F8080000200090A86A50F8CE
:10C0B0002700431C58AA21A948460CF0CDFA00E0FD
:10C0C00003E05EA8C9F8080000BF0DAA1B212046A6
:10C0D0000FF022FC08F10100384487B206EB08009B
:10C0E00086B200BF701C86B2A88CB0423FF704AE87
:10C0F0000BF101001FFA80FBE88C58453FF7C8ADF3
:10C1000000BF5D98C9F8080000BF31E52DE9F04F88
:10C11000A3B00746894616462297304609F0BEF876
:10C12000054600EBD5704FEA60083088404400B205
:10C13000ADF884007088404400B2ADF886001EA8B7
:10C140000CF08AFE1EAA4FF4A021384617F07EFD9F
:10C1500018A80CF064FA18AA4FF4A021384617F07A
:10C16000AFFC0021384616F040FE1790494605A85E
:10C1700015F09AFA7048069021A80E902298303057
:10C18000F7F768FE0446D1E0256816942079012867
:10C190005CD1B5F92000E98B08440090B5F9203056
:10C1A000D5E90512E06813F09BFB8246A88B00EBF3
:10C1B0000801608A08440FFA80FB0FFA8AF01DF02C
:10C1C000CDFB00FB0BF047F6FF7190FBF1F0BDF8E3
:10C1D0008610084400B2ADF812000FFA8AF01DF084
:10C1E000B5FB00FB0BF047F6FF7190FBF1F0BDF8DB
:10C1F0008410084400B2ADF81000A08AADF87800B1
:10C20000208A00B2ADF87A006079FD2801DD179828
:10C2100003E060791799484300128DF880000120EF
:10C2200013901EA80B9004A80F9005AA1A21384657
:10C230000FF072FB04AB21AA1EA948460CF0F5FDD5
:10C2400005AA1B2138460FF067FB68E0207900281B
:10C2500065D1206900B963E0B5F92000E98B084495
:10C260000090B5F92030D5E90512E06813F038FBED
:10C27000824604A9206911F04FF8BDF88410A08A05
:10C28000081A00B2ADF80800BDF88610E08A081A56
:10C2900000B2ADF80A00BDF808000499C1F38A2184
:10C2A0000844401E00B2ADF80C00BDF80A00049925
:10C2B00000EB5150401E00B2ADF80E006079FD2831
:10C2C00001DD179803E060791799484300128DF853
:10C2D0006B00A08AADF86400E18A18A8C1800AEB5F
:10C2E0008A004FEA400ABAF5616F01DDAAF5616A7A
:10C2F0001FFA8AF0ADF8600018A80C9005AA1A2160
:10C3000038460FF009FB02AA18A9484623690CF029
:10C3100037F905AA1B2138460FF0FEFA00BF00BF0F
:10C32000214622983030F7F78FFD0446002C7FF429
:10C330002BAF23B0BDE8F08F481303082DE9F74F6A
:10C340008AB00C46904694F82A00022802DC0DB010
:10C35000BDE8F08FE08C00B9F9E794F82A90B9F1C4
:10C36000FD0F01DD4FF0FF09414608A808F0A0FECF
:10C37000208D401E05B2BDF82000401B00B2ADF874
:10C380002000BDF82200401B00B2ADF82200BDF82D
:10C390002400284400B2ADF82400BDF8260028444B
:10C3A00000B2ADF8260008A906A808F081FEBDF885
:10C3B0001800E18C401A00B2ADF81800BDF81C005E
:10C3C000E18C084400B2ADF81C00BDF81A00E18C05
:10C3D000401A00B2ADF81A00BDF81E00E18C084406
:10C3E00000B2ADF81E0008A808F04AFF824608A86F
:10C3F00008F0BEFE0746B4F90060BA4501DA5046BF
:10C4000000E038468346B6EB6B0F01DD4FEA6B0662
:10C41000E08C304400B20590A07894F82A10CDE961
:10C420000210A08CADF8040030B2009008AA06A952
:10C43000059B0A98FBF754FC00BF88E7F8B5054652
:10C4400028460FF063FA064628460FF05CFA0446C9
:10C45000606BB0F5A02F54D1A06B072806D2002046
:10C460002169C870216981F8220014E0208F81B20F
:10C470002022304609F0E2FD68B100202169C87031
:10C48000216981F82200122019F076FB0090BDF896
:10C49000001060698181208F81B24FF400423046E4
:10C4A00009F0CCFD98B166202169C87030461CF0B7
:10C4B00025FF0090BDF8001020698180304609F00A
:10C4C000B7FDA16B884202D1B2202169C870208FCC
:10C4D00081B24FF48042304609F0B0FD88B1FF20B0
:10C4E000216981F8220030461CF008FF0090BDF859
:10C4F00000102069C1832069008C401C00B22169B2
:10C500000884F8BD2DE9F04F8BB0814648460FF006
:10C51000FDF905462C4648460FF09FF98346606AB0
:10C5200012F0E8F982469AF8000000283ED1A06A8D
:10C5300000283BD0A06A0078C0B303A80CF040FCF0
:10C5400003AA4FF40021284617F019FB94F85C0069
:10C55000C0F3C00028B19DF8290040F002008DF81A
:10C5600029000021284616F0EDFD07460021284647
:10C5700016F061FF80460021284616F07BFB064638
:10C5800005F1140101A808F0C0FD08EB060002B295
:10C59000B81901B201A808F0BCFE0020009001AA61
:10C5A00003A95846A36A0CF057F800BF0BB0BDE8CA
:10C5B000F08F7CB50446A06985686089002856D153
:10C5C000A089002853D1E088218988424FDAE18888
:10C5D00008B21DF0C3F9B4F90410B4F90E20891A99
:10C5E00048432168498801EBE03000B2ADF8020011
:10C5F000E1885A3108B21DF0B1F9B4F9041048438A
:10C600002168098801EBE03000B2ADF8040021890F
:10C6100008B21DF0A3F9B4F9041048432168498811
:10C6200001EBE03000B2ADF8060021895A3108B2C2
:10C630001DF094F9B4F90410B4F90E20891A484396
:10C640002168098801EBE03000B2ADF800002A460D
:10C6500069466846F6F782F806463EB1A169C1F818
:10C6600008D06A462169A0690DF09AFBC2E0608992
:10C6700010B1A08900287BD16089D0BB20680088D8
:10C68000ADF8000020684088A188084400B2ADF8E9
:10C690000600E18808B21DF061F9B4F90410B4F99C
:10C6A0000E20891A48432168498801EBE03000B226
:10C6B000ADF80200E1885A3108B21DF04FF9B4F923
:10C6C000041048432168098801EBE03000B2ADF85E
:10C6D00004002A4669466846F6F740F806463EB129
:10C6E000A169C1F808D06A462169A0690DF058FB1C
:10C6F00000BFA08900287DD120680088A188084457
:10C7000000B2ADF8040020684088ADF8020021892D
:10C7100008B21DF023F9B4F9041048432168498890
:10C7200001EBE03000B2ADF8060021895A3108B2C1
:10C730001DF014F9B4F90410B4F90E20891A484315
:10C740002168098801EBE03000B2ADF800002A460C
:10C7500069466846F6F702F806463EB1A169C1F897
:10C7600008D06A462169A0690DF01AFB42E0FFE794
:10C770006089A189884205D1608918B12089E18842
:10C78000884211DB6089022802D1A08901280BD0E0
:10C790006089032802D1A089022805D06089032876
:10C7A00028D1A089012825D120680088ADF8000093
:10C7B00020684088ADF8020020680088A1880844FD
:10C7C00000B2ADF8040020684088A188084400B297
:10C7D000ADF806002A4669466846F5F7BFFF0646EB
:10C7E0003EB1A169C1F808D06A462169A0690DF07F
:10C7F000D7FA00BFA06985607CBD7CB50446A069FE
:10C8000085686089012856D1A089012853D1E08824
:10C81000218988424FDAE18808B21DF09FF8B4F907
:10C82000041048432168498801EBE03000B2ADF8BC
:10C830000600E1885A3108B21DF090F8B4F90410EE
:10C84000B4F90E20891A48432168098801EBE030C9
:10C8500000B2ADF80400218908B21DF07FF8B4F9E8
:10C860000410B4F90E20891A48432168498801EB65
:10C87000E03000B2ADF8020021895A3108B21DF053
:10C880006DF8B4F9041048432168098801EBE030E1
:10C8900000B2ADF800002A4669466846F5F75EFF2B
:10C8A00006463EB1A169C1F808D06A462169A0696F
:10C8B0000DF076FAC7E06089012802D0A08901282E
:10C8C0007ED1608901283AD120680088A188401A69
:10C8D00000B2ADF8000020684088ADF80200E188A1
:10C8E00008B21DF03BF8B4F90410484321684988A8
:10C8F00001EBE03000B2ADF80600E1885A3108B231
:10C900001DF02CF8B4F90410B4F90E20891A48432C
:10C910002168098801EBE03000B2ADF804002A4636
:10C9200069466846F5F71AFF06463EB1A169C1F8A7
:10C9300008D06A462169A0690DF032FA00BFA089CB
:10C940000128B7D120680088401E00B2ADF804006D
:10C9500020684088A188084400B2ADF8060021890B
:10C9600008B21CF0FBFFB4F90410B4F90E20891AC8
:10C9700048432168498801EBE03000B2ADF802007D
:10C9800021895A3108B21CF0E9FFB4F90410484378
:10C990002168098801EBE03000B2ADF800002A46BA
:10C9A00069466846F5F7DAFE06463EB1A169C1F868
:10C9B00008D06A462169A0690DF0F2F943E0FFE76B
:10C9C0006089A189884206D16089012803D0208925
:10C9D000E18888420FDB608910B9A08902280AD05B
:10C9E000608910B9A089032805D0608903282AD15D
:10C9F000A089022827D120680088A188401A00B2A7
:10CA0000ADF8000020684088ADF80200206800887A
:10CA1000401E00B2ADF8040020684088A188084498
:10CA200000B2ADF806002A4669466846F5F796FE5C
:10CA300006463EB1A169C1F808D06A462169A069DD
:10CA40000DF0AEF900BFA06985607CBD7CB50446E1
:10CA5000A06985686089022856D1A089022853D12F
:10CA6000E088218988424FDAE1885A3108B21CF007
:10CA700075FFB4F9041048432168098801EBE030E0
:10CA800000B2ADF80000E18808B21CF067FFB4F90D
:10CA90000410B4F90E20891A48432168498801EB33
:10CAA000E03000B2ADF80600218908B21CF056FF54
:10CAB000B4F9041048432168498801EBE03000B222
:10CAC000ADF8020021895A3108B21CF047FFB4F9D1
:10CAD0000410B4F90E20891A48432168098801EB33
:10CAE000E03000B2ADF804002A4669466846F5F722
:10CAF00035FE06463EB1A169C1F808D06A462169F3
:10CB0000A0690DF04DF9CCE06089022802D0A0891F
:10CB100002287DD1608902283CD120680088401E0F
:10CB200000B2ADF8040020684088A188401A00B225
:10CB3000ADF80200E1885A3108B21CF00FFFB4F9D9
:10CB4000041048432168098801EBE03000B2ADF8D9
:10CB50000000E18808B21CF001FFB4F90410B4F938
:10CB60000E20891A48432168498801EBE03000B261
:10CB7000ADF806002A4669466846F5F7EFFD064619
:10CB80003EB1A169C1F808D06A462169A0690DF0DB
:10CB900007F900BFA0890228B5D120680088A188C4
:10CBA000401A00B2ADF8000020684088401E00B274
:10CBB000ADF8060021895A3108B21CF0CFFEB4F955
:10CBC0000410B4F90E20891A48432168098801EB42
:10CBD000E03000B2ADF80400218908B21CF0BEFEBE
:10CBE000B4F9041048432168498801EBE03000B2F1
:10CBF000ADF802002A4669466846F5F7AFFD0646DD
:10CC00004EB1A169C1F808D06A462169A06900E067
:10CC100002E00DF0C5F844E06089A189884206D1A0
:10CC20006089022803D02089E18888420FDB60896F
:10CC300010B9A08903280AD06089012802D1A089EF
:10CC4000032804D0608901282BD1A08948BB206823
:10CC50000088A188401A00B2ADF800002068408822
:10CC6000A188401A00B2ADF8020020680088401E7A
:10CC700000B2ADF8040020684088401E00B2ADF854
:10CC800006002A4669466846F5F768FD06463EB145
:10CC9000A169C1F808D06A462169A0690DF080F841
:10CCA00000BFA06985607CBD7CB50446A06985682D
:10CCB0006089032856D1A089032853D1E0882189AF
:10CCC00088424FDAE1885A3108B21CF047FEB4F9C5
:10CCD0000410B4F90E20891A48432168098801EB31
:10CCE000E03000B2ADF80000E18808B21CF036FE7A
:10CCF000B4F9041048432168498801EBE03000B2E0
:10CD0000ADF8020021895A3108B21CF027FEB4F9AF
:10CD1000041048432168098801EBE03000B2ADF807
:10CD20000400218908B21CF019FEB4F90410B4F90A
:10CD30000E20891A48432168498801EBE03000B28F
:10CD4000ADF806002A4669466846F5F707FD06462F
:10CD50003EB1A169C1F808D06A462169A0690DF009
:10CD60001FF8C7E06089032802D0A08903287ED17C
:10CD7000608903283CD120680088A188084400B25B
:10CD8000ADF8040020684088401E00B2ADF80600EF
:10CD9000E1885A3108B21CF0E1FDB4F90410B4F98D
:10CDA0000E20891A48432168098801EBE03000B25F
:10CDB000ADF80000E18808B21CF0D0FDB4F9041011
:10CDC00048432168498801EBE03000B2ADF8020029
:10CDD0002A4669466846F5F7C1FC06463EB1A16998
:10CDE000C1F808D06A462169A0690CF0D9FF00BFDC
:10CDF000A08903287ED120680088ADF80000206853
:10CE00004088A188401A00B2ADF8020021895A3149
:10CE100008B21CF0A3FDB4F9041048432168098846
:10CE200001EBE03000B2ADF80400218908B21CF03B
:10CE300095FDB4F90410B4F90E20891A484321680D
:10CE4000498801EBE03000B2ADF806002A46694699
:10CE50006846F5F783FC06463EB1A169C1F808D0E3
:10CE60006A462169A0690CF09BFF43E0FFE76089F7
:10CE7000A189884206D16089032803D02089E188EE
:10CE800088420FDB6089022801D1A08950B16089F6
:10CE9000012801D1A08928B1608902282AD1A0895E
:10CEA000012827D120680088ADF80000206840885C
:10CEB000A188401A00B2ADF8020020680088A1885D
:10CEC000084400B2ADF8040020684088401E00B25B
:10CED000ADF806002A4669466846F5F73FFC064667
:10CEE0003EB1A169C1F808D06A462169A0690CF079
:10CEF00057FF00BFA06985607CBD000070B5A4B07D
:10CF000006460D4620AA22A9304615F03BF922A874
:10CF100008F066F928B920A808F062F908B924B029
:10CF200070BD12A930461FF04DF90446012C00D007
:10CF3000F5E72946684614F0B7FB1B48019002202C
:10CF4000029012A804904FF480300D9022A808F0AF
:10CF500047F980B122A803906A461A2130460EF0A4
:10CF6000DBFC22AA12A928460CF01AFF6A461B21F4
:10CF700030460EF0D1FC20A808F032F990B120A87C
:10CF800003906A461A2130460EF0C6FC20A8039092
:10CF900020AA12A928460CF003FF6A461B2130463E
:10CFA0000EF0BAFC00BFBAE7380C03082DE9F04FC9
:10CFB000B1B005460F4605F114012FA8BA68F5F780
:10CFC000CDFB10B931B0BDE8F08FB8682E902FA816
:10CFD000B8602C460021284616F03FF82B9000211F
:10CFE000284616F0A6F92A90284614F048FEB4F810
:10CFF0008410484300120FFA80FA284614F020FEED
:10D00000B4F88610484300120FFA80FB04F12400A4
:10D01000F6F701FF28900021284615F0D0FF823452
:10D0200061884843001227902188491E279801FBF8
:10D0300010A0218890FBF1F000B226902899269844
:10D04000B0FBF1F000B225904FF4A021284615F076
:10D05000B6FF6188823C484300122490284614F0B1
:10D0600079FF01462B98401A00B22390284615F00C
:10D070006BF801462A98401A00B2229014A80CF0CE
:10D08000ABFE14AA4FF4A021284616F053FE14A8B4
:10D09000C07B20F0070114A8C173FF208DF8530056
:10D0A000688BBDF85010084400B2ADF8B6003946A0
:10D0B00002A814F0F9FA4FF4A0200F905D480390F5
:10D0C000042004904FF00008AAE02798504400FB89
:10D0D00008F0B4F8821090FBF1F0A98A014423987B
:10D0E000084400B20190CDF8408004F12400F6F726
:10D0F000B1FE06468CE0307B00F0010000B181E01B
:10D1000094F88800C0F3C00008B9708900E00020DE
:10D1100000B200900198ADF8B000BDF8B0102598AD
:10D1200001442498081A401E00B2ADF8B4002599B5
:10D130000198084400B20190BDF9B400BDF9BC10DB
:10D14000884200DA5EE0BDF9B000BDF9C010884247
:10D1500000DD60E03089ADF8540000984044B4F838
:10D16000821090FBF1F201FB12000FFA80F9706857
:10D1700030F91910307BC0F3001204F16C0030F963
:10D180001200081A00FB0BF02990307BC0F300114D
:10D1900004F1700030F91110307BC0F3001204F17B
:10D1A0006C0030F91200091A299890FBF1F02990CF
:10D1B0002998ABEB0001E88A01442298084400B2A8
:10D1C000ADF8B200706830F9190047F6FF71884277
:10D1D00017D02CA8059014A806901396706830F903
:10D1E0001900129002AA1A2128460EF095FB2CAACB
:10D1F00014A938460CF0D4FD02AA1B2128460EF0D3
:10D200008BFB00BF314604F12400F6F71DFE0646F5
:10D21000002E7FF470AF00BF08F101001FFA80F804
:10D22000B4F8820040453FF750AF2E98B86000BF79
:10D23000C8E60000100E03082DE9F34FB9B083468D
:10D240003A980BF11401826837A8F5F787FA10B9FC
:10D250003BB0BDE8F08F3A988068369037A93A988D
:10D2600081605D46B5F88200022800DAF0E700210F
:10D27000584615F0D8FC33900021584615F0EDFEC5
:10D2800001463398084400B232900021584616F007
:10D2900050F801463398084400B23190584614F0D3
:10D2A000EEFCB5F884104843001200B230905846A6
:10D2B00014F0C6FCB5F886104843001200B22F9057
:10D2C000584614F047FE0146BBF81420329810442B
:10D2D000401A00B22E90584614F036FF0146BBF8B3
:10D2E000162031981044401A00B22D903A980BF154
:10D2F000140182682BA8F5F731FA2A902A9800B910
:10D30000A6E727A80BF0A8FD27AA4FF4A0215846AE
:10D3100016F09CFC19A80CF05FFD19AA4FF400311F
:10D32000584616F007FD4FF40031584616F083FAC0
:10D33000064600EBD67047104FF40031584615F002
:10D34000ECFC064600EBD6704FEA600ABDF99E0081
:10D35000574501DA394600E0514600EBD072B1EB97
:10D36000620F06DD9DF8A50020F0100010308DF84A
:10D37000A500BDF89E00012806D19DF8A50020F06B
:10D38000100010308DF8A500B5F882103098814259
:10D3900001DB012000E00020189005F12400F6F7E1
:10D3A00059FD0446D4E1207B00F0010000B1C9E141
:10D3B0002089ADF89C002089ADF8680095F88800B8
:10D3C000C0F3C00008B9608900E0002006B21796DB
:10D3D0002E98ADF8D4002E98ADF8D000179E179E69
:10D3E000B046606830F91810207BC0F3001205F1D8
:10D3F0006C0030F91200081A2F9948431690207BD0
:10D40000C0F3001105F1700030F91110207BC0F35A
:10D41000001205F16C0030F91200091A169890FB01
:10D42000F1F0169016992F98411A2D98084400B2E1
:10D43000ADF8D20004A83A9914F036F9C84805901E
:10D44000032006904FF4A020119027A80A9019A855
:10D4500008901594BDF9D2000390BDF9D200029056
:10D460004FF0000923E1BDF8D000ADF8D400BDF8BD
:10D47000D200ADF8D600BDF9D4103698B0F904004A
:10D480003844401C814200DD16E1309800FB09F071
:10D49000B5F88210491E90FBF1F12E98084400B2B5
:10D4A000ADF8D00017984844B5F8821090FBF1F21F
:10D4B00001FB120006B2606830F91610207BC0F341
:10D4C000001205F16C0030F91200081A2F99484338
:10D4D0001690207BC0F3001105F1700030F9111097
:10D4E000207BC0F3001205F16C0030F91200091A1C
:10D4F000169890FBF1F0169016992F98411A2D98D6
:10D50000084400B2ADF8D200BDF9D0103698B0F999
:10D510000000C01B401E814201DAB046C3E0B9F1F1
:10D52000000F58D01898E8B3606830F9180047F633
:10D53000FF718842F5D0606830F916008842F0D05B
:10D54000BDF9D2100298814201DA029801E0BDF9DA
:10D55000D2000290BDF9D2100398814201DD0398F8
:10D5600001E0BDF9D2000390BDF9D400BDF9D0109F
:10D57000884230D0BDF9D2000190BDF8D000401EE5
:10D5800000B2ADF8D000BDF8D000ADF8D4000398DB
:10D59000ADF8D6000298ADF8D200BDF9D600BDF9BD
:10D5A000D21000E018E0884205D1BDF8D200401C3E
:10D5B00000B2ADF8D20034AB35AA27A93A980BF0E7
:10D5C00034FCBDF8D000401C00B2ADF8D00001988A
:10D5D00003900198029064E0BDF8D400C01B00B233
:10D5E000ADF80000BDF8D400384400B2ADF8040036
:10D5F000BDF8D600A0EB0A0000B2ADF80200BDF8FD
:10D60000D600504400B2ADF80600A9F10100129016
:10D61000606830F9180047F6FF71884201D035A8DC
:10D6200000E000200D90606830F9160047F6FF71A9
:10D63000884201D034A800E000200E90CDF81CD024
:10D64000606830F91800149004AA1A2158460EF0A8
:10D6500063F9606830F9180047F6FF7188420AD014
:10D66000606830F91600884205D034AB35AA27A986
:10D670003A980BF0DAFB77B1BAF1000F0BD0606883
:10D6800030F9180047F6FF71884204D06A4619A99C
:10D690003A980CF085FB04AA1B2158460EF03CF981
:10D6A00000BFB04600BF09F101001FFA80F9B5F8CC
:10D6B000820048453FF7D7AE00BF1898E8BBB5F8E1
:10D6C000820048453DD1606830F9160047F6FF7189
:10D6D000884236D0BDF8D000C01B00B2ADF80000C3
:10D6E000BDF8D000384400B2ADF80400BDF8D20057
:10D6F000A0EB0A0000B2ADF80200BDF8D200504421
:10D7000000B2ADF80600A9F10100129000200D90C2
:10D710000E90CDF81CD0606830F91600149004AA61
:10D720001A2158460EF0F8F86A4619A93A980CF0F2
:10D7300037FB04AA1B21584600E002E00EF0ECF88B
:10D7400000BF00BF214605F12400F6F77DFB04462B
:10D75000002C7FF428AE3A993698886000BF77E5B0
:10D76000100E03082DE9F34FB3B08146349809F148
:10D770001401826831A8F4F7F1FF10B935B0BDE8A3
:10D78000F08F34988068309031A9349881604D468C
:10D790000021484615F047FA2D900021484615F023
:10D7A0005CFC2C900021484615F0C3FD2B904846A8
:10D7B00014F065FAB5F884104843001200B22A90BC
:10D7C000484614F03DFAB5F886104843001200B2FE
:10D7D0002990484614F0BEFB0146B9F814202C9855
:10D7E00002442D981044401A00B22890484614F084
:10D7F000ABFC0146B9F816202B9802442D98104432
:10D80000401A00B2279024A80BF026FB24AA4FF45C
:10D81000A021484616F01AFA16A80CF0DDFA16AA4E
:10D820004FF40031484616F085FA4FF4003148466F
:10D8300016F001F8064600EBD67047104FF40031A1
:10D84000484615F06AFA064600EBD6704FEA6008C3
:10D85000BDF99200474501DA394600E0414600EB48
:10D86000D072B1EB620F06DD9DF8990020F0100038
:10D8700010308DF89900BDF89200012806D19DF86E
:10D88000990020F0100010308DF8990005F1240067
:10D89000F6F7E0FA044698E1207B00F0010000B1C1
:10D8A0008DE12089ADF890002089ADF85C0095F8F5
:10D8B0008800C0F3C00008B9608900E0002006B20B
:10D8C00015962898ADF8BC002898ADF8B800159EBC
:10D8D000159EB346606830F816000A2847D02A988B
:10D8E0000090236833F91600237BC3F3C00C05F1C5
:10D8F000780333F91C20237BC3F3C00C05F17403B8
:10D9000033F91C10002311F0EBFF00B2ADF8B800A2
:10D91000BDF8B8102898084400B2ADF8B8002998AE
:10D920000090636833F91600237BC3F3001C05F1F4
:10D93000700333F91C20237BC3F3001C05F16C0337
:10D9400033F91C10002311F0CBFF00B2ADF8BA0080
:10D95000BDF8BA102998401A00B2ADF8BA00BDF867
:10D96000BA102798084400B2ADF8BA0005E04EF2AC
:10D970000100ADF8B800ADF8BA0003A8349913F06F
:10D9800093FE4FF4A020109094480490032005903B
:10D9900024A8099016A8079014944FF0000AC8E034
:10D9A000BDF8B800ADF8BC00BDF8BA00ADF8BE00D7
:10D9B00015985044B5F8821090FBF1F201FB12006B
:10D9C00006B2606830F9160047F6FF71884247D00A
:10D9D00029980090636833F91600237BC3F3001C79
:10D9E00005F1700333F91C20237BC3F3001C05F100
:10D9F0006C0333F91C10002311F072FF00B2ADF874
:10DA0000BA00BDF8BA102998401A00B2ADF8BA00B1
:10DA1000BDF8BA102798084400B2ADF8BA002A98A9
:10DA20000090236833F91600237BC3F3C00C05F183
:10DA3000780333F91C20237BC3F3C00C05F1740376
:10DA400033F91C10002311F04BFF00B2ADF8B80001
:10DA5000BDF8B8102898084400B2ADF8B80001E04D
:10DA6000B34662E0BAF1000F5DD0BDF8BC00C01B48
:10DA700000B2ADF80400BDF8BC00384400B2ADF807
:10DA80000800BDF8BE00A0EB080000B2ADF806002B
:10DA9000BDF8BE00404400B2ADF80A00AAF1010092
:10DAA0001190606830F91B0047F6FF71884201D081
:10DAB0002FA800E000200C90606830F9160047F6AF
:10DAC000FF71884201D02EA800E000200D9001A82F
:10DAD0000690606830F91B00139003AA1A2148468B
:10DAE0000DF01AFF606830F91B0047F6FF7188429D
:10DAF00013D0606830F9160088420ED02EAB2FAAE2
:10DB000024A934980BF091F93FB1B8F1000F04D07B
:10DB100001AA16A934980CF043F903AA1B21484620
:10DB20000DF0FAFE00BFB34600BF0AF101001FFA74
:10DB300080FAB5F8820050453FF732AFB5F8820061
:10DB400050453BD1606830F9160047F6FF718842B6
:10DB500034D0BDF8B800C01B00B2ADF80400BDF869
:10DB6000B800384400B2ADF80800BDF8BA00A0EB28
:10DB7000080000B2ADF80600BDF8BA00404400B29B
:10DB8000ADF80A00AAF10100119000200C900D9050
:10DB900001A80690606830F91600139003AA1A21B4
:10DBA00048460DF0B9FE01AA16A934980CF0F8F811
:10DBB00003AA1B2148460DF0AFFE00BF00BF21465F
:10DBC00005F12400F6F740F90446002C7FF464AE1A
:10DBD00034993098886000BFD0E50000100E03082B
:10DBE0002DE9F74FA2B00F46F88D10B925B0BDE86A
:10DBF000F08F97F83600022800DCF7E7F88D01284F
:10DC000008D1B7F93400002804DC388E10B9788EBA
:10DC100000B9EBE724980088398E0844B98E401A81
:10DC200000B2ADF8800024988088398E0844B98EFF
:10DC3000084400B2ADF8840024984088798E0844E6
:10DC4000B98E401A00B2ADF882002498C088798E4F
:10DC50000844B98E084400B2ADF88600B7F92E002A
:10DC600000EBD071BDF88020A2EB6101491E09B222
:10DC7000ADF87810B7F92E0000EBD071BDF8842014
:10DC800002EB6101491C09B2ADF87C10B7F92E0016
:10DC900000EBD071BDF88220A2EB6101491E09B2F0
:10DCA000ADF87A10B7F92E0000EBD071BDF88620E0
:10DCB00002EB6101491C09B2ADF87E1097F83600FD
:10DCC0001D901D98FD2801DDFF201D9022981EA9A2
:10DCD00082681BA8F4F742FD00B987E719A82499C8
:10DCE00007F0E6F94FF0FF32114619A807F000FBE4
:10DCF000B7F9008019A807F0C3FA834619A807F0FE
:10DD000037FA834503DA19A807F0BAFA02E019A82E
:10DD100007F02EFA18901898B8EB600F02DD1898EB
:10DD20004FEA6008B7F90000179020A807F0A8FA9A
:10DD3000834620A807F01CFA834503DA20A807F0E1
:10DD40009FFA02E020A807F013FA1890DDE9170106
:10DD5000B0EB610F02DD189840101790B7F92E1044
:10DD600017980C1804FB04F1480011F007FE8246D6
:10DD7000B7F92E20179803B2514620A81EF0F0FBE9
:10DD80001EA80BF09BFB16904FF00109169820B9C6
:10DD9000F878FF2801DBB87808B14FF000094FF0A0
:10DDA000FF300F90B9F1000F0BD101230FFA88F269
:10DDB00019A910A80BF0FAFE002110A80BF078F8B2
:10DDC0000F901EA807F05CFA834611F0D7FD0E9065
:10DDD0001C2102A812F07DF80CA8029007900E9862
:10DDE0000590B88DADF8100097F836008DF820003A
:10DDF000B8788DF821001EA807F042FA834600EBA0
:10DE0000DB70BDF8781001EB600000B201901EA835
:10DE100007F0AEF9834600EBDB70BDF87A1001EB3A
:10DE2000600000B20090BDF87C00ADF83400BDF891
:10DE30007C00001B401C00B2ADF83000BDF87A0039
:10DE4000ADF83200BDF87A002044401E00B2ADF8B3
:10DE50003600BDF930100198814202DDBDF9300075
:10DE600000E00198ADF83000BDF93610009881420D
:10DE700002DABDF9360000E00098ADF836002298CD
:10DE80000CA982680AA8F4F769FC002866D00FFA8A
:10DE900088F219A90AA8F4F7A2FC00285ED10AA802
:10DEA00007F0EEF983465646BDF92A00BDF97A100F
:10DEB000401A00FB0466BDF92810BDF97C00001B68
:10DEC000401C081A0644B9F1000F09D00FFA88F275
:10DED00019A90AA8F4F7FEFC10B10120099001E08D
:10DEE000CDF82490BBF1000F37DD0E980590BDF8FA
:10DEF0002800ADF83000BDF82C00ADF83400022049
:10DF00008DF81800BDF92A5023E0ADF83250ADF875
:10DF100036500998A8B9224631460E9811F04BFEAA
:10DF2000BDF928105B462A460E980BF077FA8DF85B
:10DF300018009DF81800012804D102208DF818005F
:10DF400000E0059602A922980CF068F92644681CA6
:10DF500005B2BDF92E00A842D7DA00BFBDF87C009B
:10DF6000ADF83400BDF87C00001B401C00B2ADF8D9
:10DF70003000BDF87E00001B401C00B2ADF832003E
:10DF8000BDF87E00ADF83600BDF930100198814231
:10DF900002DDBDF9300000E00198ADF83000BDF9B8
:10DFA00032100098401C814202DDBDF9320001E0D0
:10DFB0000098401C00B2ADF8320022980CA982688B
:10DFC0000AA8F4F7CBFB002866D00FFA88F219A94B
:10DFD0000AA8F4F704FCA8BB0AA807F051F9834685
:10DFE0005646BDF93600BDF92E10401A00FB0466F6
:10DFF000BDF92810BDF97C00001B401C081A06441E
:10E00000B9F1000F09D00FFA88F219A90AA8F4F79C
:10E0100061FC10B10120099001E0CDF82490BBF122
:10E02000000F38DD0E980590BDF82800ADF83000DF
:10E03000BDF82C00ADF8340002208DF81800BDF9B1
:10E040002E5024E028E0ADF83250ADF83650099853
:10E05000A8B9224631460E9811F0ADFDBDF9281041
:10E060005B462A460E980BF0D9F98DF818009DF8FA
:10E070001800012804D102208DF8180000E0059650
:10E0800002A922980CF0CAF82644681E05B2BDF910
:10E090002A00A842D7DD00BFBDF87800204400B2B6
:10E0A000ADF83000BDF87C00001B00B2ADF83400C4
:10E0B000BDF87A00ADF83200BDF87A002044401E69
:10E0C00000B2ADF83600BDF936100098814202DA90
:10E0D000BDF9360000E00098ADF8360022980CA992
:10E0E00082680AA8F4F73AFB00286FD00FFA88F28A
:10E0F00019A90AA8F4F773FB002867D10AA807F04A
:10E10000BFF883465646BDF92A00BDF93210401AC1
:10E1100000FB0466B9F1000F09D00FFA88F219A9C3
:10E120000AA8F4F7D7FB10B10120099001E0CDF85F
:10E130002490BBF1000F48DD099810B90E980590A6
:10E1400001E000200590BDF82800ADF83000BDF8D2
:10E150002C00ADF83400BDF92A5032E0ADF8325051
:10E16000ADF836500998C8B931785A460E9811F072
:10E1700076FEBDF928105B462A460E980BF04EF944
:10E180008DF818009DF81800012802D102208DF8A2
:10E19000180002A922980CF041F80FE01D98FF2802
:10E1A00001D1307804E0307897F8361048430012F7
:10E1B0008DF8200002A922980CF030F82644681C43
:10E1C00005B2BDF92E00A842C8DA00BF97F83600A4
:10E1D0008DF82000BDF87800204400B2ADF8300082
:10E1E000BDF87C00001B00B2ADF83400BDF87E0025
:10E1F000001B401C00B2ADF83200BDF87E00ADF847
:10E200003600BDF932100098401C814202DDBDF994
:10E21000320001E00098401C00B2ADF832002298B4
:10E220000CA982680AA8F4F799FA00287ED00FFAA0
:10E2300088F219A90AA8F4F7D2FA002878D10AA816
:10E2400007F01EF883465646BDF93600BDF92E107C
:10E25000401A00FB0466BBF1000F66DDB9F1000F48
:10E2600009D00FFA88F219A90AA8F4F733FB10B104
:10E270000120099001E0CDF82490099810B90E987A
:10E28000059001E000200590BDF82800ADF83000B1
:10E29000BDF82C00ADF83400BDF92E5041E0ADF8CA
:10E2A0003250ADF83650B9F1000F09D00FFA88F2AC
:10E2B00019A90AA8F4F70EFB10B10120099001E09A
:10E2C000CDF824900998C8B931785A460E9811F0C3
:10E2D000C6FDBDF928105B462A460E980BF09EF845
:10E2E0008DF818009DF81800012802D102208DF841
:10E2F000180002A922980BF091FF0FE01D98FF284B
:10E3000001D1307804E0307897F836104843001295
:10E310008DF8200002A922980BF080FF2644681E89
:10E3200005B2BDF92A00A842B9DD00E000E000BF57
:10E3300097F836008DF82000BDF87C00001B401CCB
:10E3400000B2ADF83000BDF87C00ADF83400BDF887
:10E350007A00204400B2ADF83200BDF87E00001B08
:10E3600000B2ADF83600BDF932100098401C814271
:10E3700002DABDF9320001E00098401C00B2ADF8AD
:10E380003200BDF936100098814202DDBDF9360039
:10E3900000E00098ADF83600BDF9301001988142D8
:10E3A00002DDBDF9300000E00198ADF830002298A0
:10E3B0000CA982680AA8F4F7D1F9E0B30FFA88F241
:10E3C00019A90AA8F4F70BFAA8BB0AA806F058FF87
:10E3D00083465646601E00FB0466BDF92810BDF951
:10E3E0007C00001B401C081A0644B9F1000F09D03C
:10E3F0000FFA88F219A90AA8F4F76CFA10B10120F3
:10E40000099001E0CDF82490099808B1304600E069
:10E410000E980590BBF1000F33DDBDF82800ADF874
:10E420003000BDF82C00ADF8340002208DF8180043
:10E43000BDF92A5021E025E0ADF83250ADF8365054
:10E440000998A0B95A4631460E9811F0B4FBBDF9AF
:10E4500028105B462A460E980AF0E0FF8DF8180057
:10E460009DF81800012802D102208DF8180002A999
:10E4700022980BF0D3FE681C05B2BDF92E00A8420D
:10E48000DADA00BF5646002515E030463319591E2A
:10E49000002208E0037891F800C080F800C00B70FB
:10E4A000401C491E521C04EBD47CB2EB6C0FF1DB18
:10E4B0002644681C05B2A542E7DBBDF87800ADF83C
:10E4C0003000BDF878002044401E00B2ADF83400A2
:10E4D000BDF87A00204400B2ADF83200BDF87E00ED
:10E4E000001B00B2ADF83600BDF932100098401C98
:10E4F000814202DABDF9320001E00098401C00B20E
:10E50000ADF83200BDF936100098814202DDBDF948
:10E51000360000E00098ADF83600BDF934100198DF
:10E52000401E814202DABDF9340001E00198401E2C
:10E5300000B2ADF8340022980CA982680AA8F4F75A
:10E540000DF9D0B30FFA88F219A90AA8F4F747F920
:10E5500098BB0AA806F094FE83465646601E00FB50
:10E560000466BDF92800BDF93010401A0644B9F11F
:10E57000000F09D00FFA88F219A90AA8F4F7AAF92E
:10E5800010B10120099001E0CDF82490099808B15C
:10E59000304600E00E980590BBF1000F33DDBDF86A
:10E5A0002800ADF83000BDF82C00ADF83400022092
:10E5B0008DF81800BDF92A5021E025E0ADF8325061
:10E5C000ADF836500998A0B95A4631460E9811F068
:10E5D000F2FABDF928105B462A460E980AF01EFF93
:10E5E0008DF818009DF81800012802D102208DF83E
:10E5F000180002A922980BF011FE681C05B2BDF9A3
:10E600002E00A842DADA00BFBDF87800ADF830007D
:10E61000BDF878002044401E00B2ADF83400BDF8CB
:10E620007A00ADF83200BDF87A002044401E00B2F6
:10E63000ADF83600BDF934100198401E814202DA6F
:10E64000BDF9340001E00198401E00B2ADF834007D
:10E65000BDF936100098814202DABDF9360000E0BB
:10E660000098ADF8360022980CA982680AA8F4F741
:10E6700075F8D0B30FFA88F219A90AA8F4F7AFF821
:10E6800098BB0AA806F0FCFD83465646BDF92A0051
:10E69000BDF93210401A00FB0466BDF92800BDF92F
:10E6A0003010401A0644B9F1000F09D00FFA88F271
:10E6B00019A90AA8F4F70EF910B10120099001E098
:10E6C000CDF824900E980590BBF1000F36DDBDF813
:10E6D0002800ADF83000BDF82C00ADF83400022061
:10E6E0008DF81800BDF92A5024E028E0ADF832502A
:10E6F000ADF836500998A8B9224631460E9811F067
:10E700005AFABDF928105B462A460E980AF086FE92
:10E710008DF818009DF81800012804D102208DF80A
:10E72000180000E0059602A922980BF077FD264418
:10E73000681C05B2BDF92E00A842D7DA00BFBDF8AB
:10E740007800ADF83000BDF878002044401E00B2DB
:10E75000ADF83400BDF87E00001B401C00B2ADF8DF
:10E760003200BDF87E00ADF83600BDF932100098D9
:10E77000401C814202DDBDF9320001E00098401CDE
:10E7800000B2ADF83200BDF934100198401E81424C
:10E7900002DABDF9340001E00198401E00B2ADF884
:10E7A000340022980CA982680AA8F3F7D7FFD0B3E7
:10E7B0000FFA88F219A90AA8F4F711F898BB0AA869
:10E7C00006F05EFD83465646BDF93600BDF92E10B3
:10E7D000401A00FB0466BDF92800BDF93010401A4C
:10E7E0000644B9F1000F09D00FFA88F219A90AA856
:10E7F000F4F770F810B10120099001E0CDF82490F1
:10E800000E980590BBF1000F36DDBDF82800ADF87D
:10E810003000BDF82C00ADF8340002208DF818004F
:10E82000BDF92E5024E028E0ADF83250ADF8365056
:10E830000998A8B9224631460E9811F0BCF9BDF9E5
:10E8400028105B462A460E980AF0E8FD8DF818005D
:10E850009DF81800012804D102208DF8180000E06E
:10E86000059602A922980BF0D9FC2644681E05B231
:10E87000BDF92A00A842D7DD00BFBDF878002044CA
:10E8800000B2ADF83000BDF87C00001B00B2ADF85E
:10E890003400BDF87A00204400B2ADF83200BDF873
:10E8A0007E00001B00B2ADF836000E98059022984D
:10E8B0000CA982680AA8F3F751FFA0B30FFA88F2F7
:10E8C00019A90AA8F3F78BFF68BB0AA806F0D8FCC1
:10E8D0008346BBF1000F25DDBDF82800ADF8300000
:10E8E000BDF82C00ADF83400BDF92A5016E0ADF8A3
:10E8F0003250ADF8365059460E9811F021FBBDF953
:10E9000028105B462A460E980AF088FD8DF81800FC
:10E9100002A922980BF082FC681C05B2BDF92E00FA
:10E92000A842E4DA00BFB9F1000F05D110A80AF03F
:10E93000A1FD0F980BF022FA504611F09BF80E98AB
:10E9400011F098F800BFFFF751B900002DE9F74F1B
:10E95000DEB05E985D90609806F0A0FC804600EB0B
:10E96000D8704FEA600A609806F010FC074600EB8A
:10E97000D7704010824507DA609806F08FFC064693
:10E9800006EBD670401006E0609806F0FFFB0546E7
:10E9900005EBD570401000B25B90609801885B98E1
:10E9A000084400B2ADF87001609841885B98084453
:10E9B00000B2ADF8720158A80AF04EFA58AA4FF406
:10E9C000C0215E9815F042F99DF8690120F0100011
:10E9D00010308DF8690150A80AF0F2F950AA4FF4EE
:10E9E000C0215E9815F0CBF82CA85F9912F05CFE60
:10E9F000FE482D904FF4C020399003202E9058A847
:10EA000032905D982430F5F725FA044641E23D94B2
:10EA1000A18B5B98084406B2A088301A00B22B90F4
:10EA2000A089301A0FFA80FABDF870112B98081AD5
:10EA300000B2ADF8A400BDF872112B98081A00B20C
:10EA4000ADF8A600BDF870112B98084400B2ADF8DF
:10EA5000A800BDF872112B98084400B2ADF8AA00C6
:10EA6000012347F6FF7229A94AA80BF09FF8BDF8C9
:10EA70007001A0EB0A0000B2ADF89C00BDF8720175
:10EA8000A0EB0A0000B2ADF89E00BDF87001504442
:10EA9000401E00B2ADF8A000BDF872015044401E07
:10EAA00000B2ADF8A200012347F6FF7227A944A8DF
:10EAB0000BF07CF8BDF87001801B00B2ADF894003B
:10EAC000BDF87201801B00B2ADF89600BDF8700170
:10EAD0003044401E00B2ADF89800BDF872013044D9
:10EAE000401E00B2ADF89A00002347F6FF7225A938
:10EAF0003EA80BF05BF800213EA80AF0D9F924905B
:10EB00004FF0FF302390608910B16089401E01E012
:10EB10004FF6FF7022904FF00009A4E12298401CAC
:10EB200022900020219061892298814203D1002007
:10EB3000229001202190A06900906088421E00214F
:10EB40004846636910F0CCFE07463C97219810B107
:10EB50002089209001E02068209020981F90219823
:10EB600008B1E08900E0E0880FFA80F8CDF87880FD
:10EB7000DDF878805D983030F5F76CF905465FE098
:10EB80002879022800D055E0A868B84251DCE8682E
:10EB9000B8424EDB288A40440FFA80F8698AA88A76
:10EBA000814202D1688A209043E0A87D00F00100F4
:10EBB00050B1FF20009000233846D5E9021210F032
:10EBC0008FFEC0B2139009E0FF200090002338466A
:10EBD000D4E9051210F084FEC0B21390A98A1191F5
:10EBE000698A1291139800F1040C4FEAEC00BDF809
:10EBF00048C04CEA0C4CDFF8F8E10CEA0E01BDF815
:10EC000044C04CEA0C4C0CEA0E03A3EB010C0CFBC9
:10EC100000FC01EB5C1C0CEA0E0242EA124C1FFAEB
:10EC20008CFCCDF840C0BDF840E0F446CDF880C083
:10EC300000BF00BF29465D983030F5F705F905465D
:10EC4000002D9DD1E08B00FB09F001026088401E81
:10EC500091FBF0F01D901D9800121C901C98401C18
:10EC60001B901D9800F0FF0B228C1C99114408B2D8
:10EC70001AF074FE1A90228C1B99114408B21AF0F3
:10EC80006DFE1990CBF580711A984143199800FBDD
:10EC90000B1000121890228C1C99114408B21AF023
:10ECA00055FE1790228C1B99114408B21AF04EFEA3
:10ECB0001690CBF5807117984143169800FB0B1006
:10ECC00000121590BDF88000ADF86001ADF86281CA
:10ECD000BDF8702106EB0801159848437F3002EB20
:10ECE000E03000B2ADF85000BDF8722106EB08012B
:10ECF000189848437F3002EBE03000B2ADF8520084
:10ED000014A835905CA83590CDF8E89050A83190C3
:10ED1000219800287CD024980BF030F8B4F910002A
:10ED2000AAEB00001390BDF8702113991598484381
:10ED30007F3002EBE03000B2ADF84800BDF8722140
:10ED40001399189848437F3002EBE03000B2ADF8D9
:10ED50004A00202250A90AA810F02DFF0AA83190DD
:10ED60003B4624A2102106A818F080F906A8379087
:10ED70002CAA1A215E980CF0CFFD002141F6FF72FB
:10ED8000BDF95201CDE901210090BDF9543105A82A
:10ED9000509A37991AF0D0FEBDF9140000EBD071EB
:10EDA000BDF84820A2EB610109B2ADF80C10BDF925
:10EDB000160000EBD071BDF84A20A2EB610109B248
:10EDC000ADF80E10BDF80C00BDF81410084400B2E8
:10EDD000ADF81000BDF80E00BDF81610084400B2E2
:10EDE000ADF812000020009003AA06E048130308C3
:10EDF0001FF8E007256400000AE0379B31995F980F
:10EE000009F02AFC00213EA80AF052F8249007E0FD
:10EE10000020319037902CAA1A215E980CF07CFDCE
:10EE2000219909B144A900E04AA9084600210AF045
:10EE30003FF823905CAB14AA58A95F9809F0F5FF3E
:10EE400023980AF09BFF2CAA16215E980CF064FD13
:10EE5000BDF87C00ADF860011E98ADF8620109F1C3
:10EE6000010000F0FF09608848453FF757AE4AA807
:10EE70000AF000FB44A80AF0FDFA3EA80AF0FAFAEC
:10EE800024980AF07BFF21465D982430F4F7DCFFDC
:10EE90000446002C7FF4BBAD61B0BDE8F08F0000EC
:10EEA0002DE9F04FB1B005468B4690462E464146BF
:10EEB000284602F08BFF04462089C0F30E0001288B
:10EEC00002DC31B0BDE8F08F2089C0F3C03020B93A
:10EED000208810B9608800B9F3E70021284614F0B3
:10EEE000BCF882460021284613F09DFE504400B233
:10EEF0002E90284612F0C3FEB6F884104843001244
:10EF000000B22D9025A809F05BFF25AA4FF4C0217F
:10EF1000284614F034FE284613F01CF80146AA8A4D
:10EF20002E981044401A00B22490B8F1020F0ED16E
:10EF30002089C0F3C03028B14FF4C021284613F017
:10EF4000AFFF00E000202390B5F91A900DE0208972
:10EF5000C0F3C03028B14FF4C021284614F0E9F9BD
:10EF600000E000202390B5F91690B8F1020F16D1F9
:10EF7000DBF80800B0F90600484500DAA1E723985D
:10EF800048442599B1F908100844B4F90010084420
:10EF9000DBF80810B1F90210884200DA91E720A8E6
:10EFA00009F05AFF20AA4FF4C021284614F04EFE63
:10EFB0000020ADF88600ADF8840059460EA812F086
:10EFC00073FBA6480F900620109002201C904FF46F
:10EFD000C0201B9025A8139020A81490B8F1020F10
:10EFE00001D0012000E000200D9096F8880000F08C
:10EFF0000700022822D10021284613F0E0FFB6F8CE
:10F00000841048434FEA202A2D985044B6F88210C5
:10F0100090FBF1F000B20B900B99A1EB0A0000EB12
:10F02000D0714A102499114409B224910B98A0EB95
:10F030000A012D98401A00B22D9000BFADF8C29081
:10F040002089C0F30E00401E6168C1F30E414843A1
:10F050000C900027FBE000200B906068C0F30E408E
:10F06000B7FBF0F100FB117008B901200B90BDF95E
:10F0700082102D98401A78430C99B0FBF1F1249836
:10F08000084400B2ADF8C000ADF8BC000D9868B1FE
:10F09000BDF9C2100B9810B1B4F9000001E0B4F949
:10F0A0000200081A00B2ADF8BE000CE0BDF9C210B3
:10F0B0000B9810B1B4F9000001E0B4F90200084463
:10F0C00000B2ADF8BE0030A817902FA8189096F89F
:10F0D000880000F00700032810D106F178000D9990
:10F0E00030F91100009006F1740030F91130002160
:10F0F00038460C9A10F0F4FB824604E06068C0F3D6
:10F100000E40B7FBF0FACDF878A00B98002871D02C
:10F110002089C0F3C03000286CD0534650A2102183
:10F1200007A817F0A3FF25A8139007A8199010208F
:10F130001A900EAA1A2128460CF0EEFB002141F687
:10F14000FF72BDF9A600CDE901210090BDF9A830FC
:10F1500006A8259A19991AF0EFFCBDF9180000EBE2
:10F16000D071BDF8BC20A2EB610109B2ADF810105E
:10F17000BDF9180000EBD071BDF8BC2002EB6101B5
:10F1800009B2ADF814100D9878B1BDF8BE102398EF
:10F19000081A00B2ADF81600BDF81600BDF81A1036
:10F1A000401A00B2ADF812000EE0BDF8BE10239870
:10F1B000084400B2ADF81200BDF81200BDF81A10F4
:10F1C000084400B2ADF81600BDF91400B5F91410EA
:10F1D00088420DDBBDF91010B5F91800814207DC3B
:10F1E0000020009004AA25A95846199B09F034FA7A
:10F1F00009E0FFE70020139019901A900EAA1A2137
:10F2000028460CF089FBBDF9821001EBD172BDF9E3
:10F21000C03003EB6202B5F914309A4211DBBDF93C
:10F22000820000EBD072BDF9BC30A3EB6203B5F9EC
:10F230001820934205DC2FAB30AA20A9584609F0CC
:10F24000F4FD0EAA1B2128460CF066FB7F1C0C98CF
:10F2500087427FF600AF00BF33E60000100E0308C0
:10F26000256400002DE9F74FB2B0054616463195EA
:10F270003146284602F0AAFD04462089C0F30E005C
:10F28000012802DC35B0BDE8F08F2089C0F3C03022
:10F2900020B9208810B9608800B9F3E70EB10120C9
:10F2A00000E0002083460021284613F0BCFC2E908D
:10F2B0000021284614F03DF82D90284612F0C0FC9D
:10F2C0003199B1F886104843001200B22C902846BC
:10F2D00012F03AFF0146EA8A2D9802442E98104413
:10F2E000401A00B22B904EB94FF4C021284613F0BB
:10F2F000B4FE0746B5F914002A9008E04FF4C02187
:10F30000284613F053FF0746B5F918002A90B4F9C0
:10F3100000002990B4F902002890012E07D1299805
:10F32000404200B229902898404200B2289025A877
:10F3300009F092FD25AA4FF4C021284614F086FC5E
:10F340001DA809F03DFD1DAA4FF4C021284614F068
:10F3500016FC0BA8339912F0A7F989480C900620E7
:10F360000D9019960004189025A811901DA81090D2
:10F370002089C0F30E00401E6168C1F30E4100FBFE
:10F3800001F94FF00008F6E0BDF996102C98401AEC
:10F3900000FB08F0B0FBF9F12B98084400B2ADF87F
:10F3A000C200ADF8BE002A98ADF8C00036B9BDF86D
:10F3B000C000401E00B2ADF8C00005E0BDF8C000BE
:10F3C000401C00B2ADF8C00000200A906068C0F395
:10F3D0000E40B8FBF0F100FB118008B901200A9043
:10F3E0000A9838B1BDF8C0102998081A00B2ADF8D3
:10F3F000BC0006E0BDF8C0102898081A00B2ADF8AD
:10F40000BC0030A814902FA815903198703030F9B6
:10F410001B00009031996C3131F91B30A9EB0800C9
:10F420004A46002110F05CFA8246CDF86CA00A989A
:10F43000002872D02089C0F3C03000286DD0534618
:10F4400050A2102106A817F011FE1DA8109006A8C2
:10F450001690102017900BAA1A2128460CF05CFA7F
:10F46000002141F6FF72BDF98600CDE9012100902F
:10F47000BDF9883005A81D9A16991AF05DFBBDF9F3
:10F48000160000EBD071BDF8BE20A2EB610109B2FD
:10F49000ADF80E10BDF9160000EBD071BDF8BE201E
:10F4A00002EB610109B2ADF81210BBF1000F0FD1F0
:10F4B000BDF8BC00BDF81410401AC01B00B2ADF876
:10F4C0000C00BDF8BC00C01B00B2ADF810000EE08F
:10F4D000BDF8BC00384400B2ADF80C00BDF8BC006B
:10F4E000BDF814100844384400B2ADF81000BDF95E
:10F4F0001210B5F9160081420DDBBDF90E10B5F9F9
:10F500001A00814207DC0020009003AA1DA9169B67
:10F51000339809F0A1F809E0FFE700201090169059
:10F5200017900BAA1A2128460CF0F6F9BDF996108F
:10F5300001EBD172BDF9C23003EB6203B5F91620BD
:10F54000934211DBBDF9960000EBD072BDF9BE30DD
:10F55000A3EB6203B5F91A20934205DC2FAB30AA66
:10F5600025A9339809F061FC0BAA1B2128460CF051
:10F57000D3F908F10108C8457FF606AF00BF81E660
:10F58000100E0308256400002DE9FE4F06460C46C8
:10F59000174698462021304614F0DEF900287DD029
:10F5A0000C98032803D1304612F0BAFD02E0304631
:10F5B00012F0C0FD81460EF07DFA05464FF0000ABC
:10F5C000002002900C98032843D10021304613F00C
:10F5D0001DFD83460021304613F0C1FD0190B9F1B5
:10F5E000010F23D0B9F1020F28D0B9F1030F2ED1AA
:10F5F00006F1140005F005FEA0EB0B010198081AB6
:10F60000009000EBD0700BEB6000B18A08440FFA59
:10F6100080FA05F1140005F0F4FD009000EBD070C5
:10F62000A98A01EB600000B2029010E0B08A584451
:10F630000FFA80FAB5F91400029008E0318B0198B6
:10F64000081A0FFA80FAB5F91800029000BF00BF3F
:10F6500045E00021304613F045FE83460021304648
:10F6600013F0F7FB0190B9F1010F25D0B9F1020FAA
:10F670002AD0B9F1030F30D106F1140005F04EFD88
:10F68000A0EB0B010198081A009000EBD0700BEB77
:10F690006001F08A08440FFA80FA00E054E005F1B6
:10F6A000140005F03BFD009000EBD0704110E88A9B
:10F6B000084400B2029010E0F08A58440FFA80FA31
:10F6C000B5F91600029008E0718B0198081A0FFA3C
:10F6D00080FAB5F91A00029000BF00BF00BFB8F170
:10F6E000000F17DAB9F1000F05D00298504502DD7E
:10F6F0002046BDE8FE8F002C01DAA01E04B2002CCB
:10F7000001DDA01C04B22146E01704EB90708010CC
:10F7100000B2EEE7002F16DAB9F1000F04D002981C
:10F72000504501DA2046E4E7002C01DAA01E04B2BD
:10F73000002C01DDA01C04B22246E01704EB9070FF
:10F74000801000B2D5E709E008EB0400002802DAD7
:10F75000C8F1000004B2381B00D53C462046C8E77B
:10F7600010B50446207EC0F3800008B1002010BD13
:10F77000207A232802D0242803D100E000BF0120F2
:10F78000F5E700BF00BF4FF48041606814F0E4F873
:10F7900008B90020EBE7207A11381C2823D2DFE8D3
:10F7A00000F00E0F1011121314151617182222193B
:10F7B00022221A1D1B1C222222221E1F222000BFD1
:10F7C00000BF00BF00BF00BF00BF00BF00BF00BF41
:10F7D00000BF00BF00BF00BF00BF00BF00BF00BF31
:10F7E00000BF0020C3E70120C1E72DE9F041044636
:10F7F0000EF04CF907469FB13868806818B1217A3D
:10F80000386882689047207EC0F3400010B1012024
:10F81000BDE8F081207E00F0010008B10020F7E78C
:10F8200001260EB9002003E00021606812F07EFA84
:10F8300005464FF0000827E02868F0B1287A00F06C
:10F840008000802819D1287A802805D0287A20F0D5
:10F850008000217A884210D16868E06020462968DB
:10F860008847207EC0F3400008B10120D0E7207E09
:10F8700000F0010008B10020CAE708F10108414684
:10F88000606812F053FA05460DB1012ED4D021461E
:10F89000002012F02FF906460EB9002003E00021E7
:10F8A000606812F043FA05464FF0000823E028682C
:10F8B000D0B1287A00F08000B0B9287A18B1287A3F
:10F8C000217A884210D16868E0602046296888471C
:10F8D000207EC0F3400008B1012099E7207E00F0AF
:10F8E000010008B1002093E708F101084146606873
:10F8F00012F01CFA05460DB1012ED8D0012E11D1FF
:10F900006068406870B12046FFF72AFF50B1606818
:10F91000406860602046FFF768FF0646012E01D070
:10F92000002075E7304673E72DE9F0438046DDE9B6
:10F93000074521B92A7022701A70BDE8F0834FEA9A
:10F94000282000F00209B9F1000F04D000BF994649
:10F950002B464D4600BF00F00409B9F1000F04D05A
:10F9600000BFA1462C464D4600BF00F00609B9F184
:10F97000000F09D100F00109B9F1000F0ED100BF4D
:10F98000994623464C4609E000F00109B9F1000F01
:10F9900004D000BF994623464C4600BF22706FEA50
:10F9A000010909F0FF0602FB06F74FEA272985F84F
:10F9B000009008F0FF0C00F00109B9F1000F0DD123
:10F9C000BCF1000F02D14FEA012905E0CCF100099A
:10F9D00009F0FF0909FB01F94F4601E001FB0CF7B3
:10F9E0003E126FEA060909F0FF0602FB06F74FEA2E
:10F9F000272983F8009000BF9FE700002DE9FF4F03
:10FA000087B005468B469146DDE914A6584605F0B9
:10FA100022FC0690584605F09DFB0590179801289A
:10FA200004D0022804D0032806D103E0494F08E09F
:10FA3000494F06E0494F04E000BF00BF0BB0BDE8EE
:10FA4000F08F00BF8EBB288804902888524601465C
:10FA500002900A98B84703904FF0000821E0002474
:10FA600018E0BDF8100035F8141088420CD005EBF2
:10FA700044000088049005EB44000088524601468B
:10FA800002900A98B847039005EB4400BDF80C10AB
:10FA90000180641C06988442E3DB05EB490508F10C
:10FAA000010805988045DADB51E0FFE7002002906D
:10FAB000288804903078FD2801DB504603E0307838
:10FAC00000FB0AF0000A0190019A04990A98B847CD
:10FAD00003904FF0000836E000242BE0305D00B9C1
:10FAE00027E0315D0298814205D1BDF8100035F85C
:10FAF0001410884217D0305DFD2801DB504603E02A
:10FB0000305D00FB0AF0000A019005EB440000881C
:10FB100000900146019A0A98B8470390305D029020
:10FB200035F81400049005EB4400BDF80C1001807A
:10FB300000BF641C06988442D0DB05EB490516988B
:10FB4000064408F1010805988045C5DB00BF00BFE9
:10FB500074E70000C16D0008ED6E0008636E0008D8
:10FB60002DE9FF4F89B004469246DDE91685F4F78A
:10FB700085FC08900A9805F06EFB81460A9805F00E
:10FB8000E9FA8346002D78D1B8F1FD0F0CDB002790
:10FB900007E04A4620460C9907F0ECFA04EB4A04C9
:10FBA0007F1C5F45F5DB7DE100BF0020014602467A
:10FBB0004FEAD20CBDF804306CF304034FEA910C09
:10FBC0000193BDF804306CF34A134FEAD00C019353
:10FBD000BDF804306CF3CF230193BDF804C0634635
:10FBE0000293BDF8081008460790424607990C9802
:10FBF00007F05EFC06900C9904A80291BDF808106D
:10FC0000C90A01FB08F10180BDF80810C1F34511D4
:10FC100001FB08F14180BDF8081001F01F0101FB54
:10FC200008F1818000BFC8F1FF000390002720E0A9
:10FC3000002619E0BDF81C0034F8161088420DD0DB
:10FC400004EB46000088079004EB46000088029011
:10FC5000014604A8039A07F0B3FC069004EB4600A3
:10FC6000BDF818100180761C4E45E3DB04EB4A0416
:10FC70007F1C5F45DCDB15E1FFE7BDF8300000EBE2
:10FC800000400790B8F1FD0F6FDBA9F1040006906A
:10FC90000027B4E0002614E02878FF2803D1BDF83F
:10FCA000300020800AE02A782088014604900C98D1
:10FCB00007F0FEFB0590BDF8140020806D1CA41C0D
:10FCC000761C4E4503DA05F003000028E4D172E00B
:10FCD000286805900598401CA8B904F0030048B1B5
:10FCE000BDF830102180A01C07990160BDF83010CC
:10FCF000E18005E02046079901600799416000BF57
:10FD000008342D1D56E00598002851D02878FF288A
:10FD100003D1BDF8300020800AE02A78208801460F
:10FD200003900C9807F0C4FB0490BDF810002080ED
:10FD30006D1CA41C2878FF2803D1BDF8300020805A
:10FD40000AE02A782088014603900C9807F0B0FB5F
:10FD50000490BDF8100020806D1CA41C2878FF289A
:10FD600004D1BDF8300020800BE04CE02A782088D8
:10FD7000014603900C9807F09BFB0490BDF810001F
:10FD800020806D1CA41C2878FF2803D1BDF830000A
:10FD900020800AE02A782088014603900C9807F01A
:10FDA00087FB0490BDF8100020806D1CA41C01E0AE
:10FDB0002D1D0834361D0698864289DD14E028780A
:10FDC000FF2803D1BDF8300020800AE02A7820887F
:10FDD000014604900C9807F06BFB0590BDF81400E9
:10FDE00020806D1CA41C761C4E45E8DBAAEB0900A4
:10FDF00004EB40041898A0EB090005447F1C5F4504
:10FE0000FFF648AF4DE0002004902088069020883F
:10FE1000059000200390002740E0002635E0287878
:10FE200088B329780498814209D02878FF2801D125
:10FE3000404603E0287800FB08F0000A0390297888
:10FE40000498814205D1BDF8180034F81610884294
:10FE500014D00398FF2802D10C98059009E004EB18
:10FE60004600008802900146039A0C9807F020FB98
:10FE700005902878049034F81600069004EB4600AC
:10FE8000BDF8141001806D1C761C4E45C7DB04EBD9
:10FE90004A041898A0EB090005447F1C5F45BCDBB1
:10FEA00000BF00BF0DB0BDE8F08F2DE9FF4F85B05A
:10FEB00081460C46DDE912A7F4F7E0FA804607BB5D
:10FEC000B4F9026018E0B4F9005010E0CDF808A0D1
:10FED000BDF82000ADF8040030B20090D8F8000062
:10FEE0002BB2D0F81CC04946079AE0476D1CB4F904
:10FEF0000400A842EADA761CB4F90600B042E2DA5D
:10FF00002EE0204605F0A7F98346204605F022F9A9
:10FF10000490002620E0002519E0785DB0B1785DFE
:10FF200000FB0AF0000A0290BDF82000ADF80400C2
:10FF30006088304400B20090218829440BB2D8F880
:10FF40000000D0F81CC04946079AE0476D1C5D458B
:10FF5000E3DB14980744761C04988642DBDB00BF81
:10FF600009B0BDE8F08F10B502460B4610681C685A
:10FF7000A04201D1012010BD0020FCE710B50246CF
:10FF80000B46506820F040401C68A04203D25068E5
:10FF900020F040401860002010BD2DE9F04F89B0DE
:10FFA00004460020089007900DF070FD069006981A
:10FFB0000068057ED4F820800027B946B4F9140003
:10FFC000002802DDB4F9140002E0B4F91400404244
:10FFD000B4F91610002902DDB4F9161002E0B4F9E4
:10FFE00016104942884201DD012701E04FF0010966
:10FFF000CAE01021404613F0AFFCB0B94FF4807155
:020000040801F1
:10000000404613F0A9FC08B907B1C1E04FF40071F4
:10001000404613F0A1FC18B9B9F1000F00D0B7E0C9
:10002000404611F0F1FE8046AEE0CA46CDF814908D
:100030000497BB46404611F05FFF064606F00100FC
:1000400008B90020049006F0020008B94FF0000B38
:1000500006F0040008B94FF0000A06F0080008B9DD
:1000600000200590404612F06FF80390404611F0D2
:10007000E3FE0290404611F06DFF0190404611F002
:10008000E1FF00900398002802DC0298002811DDAF
:10009000BAF1000F03D0B4F91600A84206DA0598A9
:1000A00040B1B4F916006942884203DCCDF82080E3
:1000B0000C2007900198002802DC0098002811DD30
:1000C000049818B1B4F91400A84207DABBF1000F84
:1000D00008D0B4F914006942884203DCCDF82080CE
:1000E000032007900398002801DC4FF0000A0298D3
:1000F000002801DC002005900198002801DC002088
:1001000004900098002801DC4FF0000B049818B10F
:10011000B4F91400A84215DABBF1000F04D0B4F909
:100120001400694288420DDDBAF1000F03D0B4F922
:100130001600A84206DA059878B1B4F916006942AB
:1001400088420ADC0FB1032000E00C2094F83C1038
:1001500060F3030184F83C101AE04FF480714046CC
:1001600013F0FAFB08B907B112E04FF400714046F2
:1001700013F0F2FB18B9B9F1000F00D008E04046C7
:1001800011F042FE804600BFB8F1000F7FF431AF9E
:1001900000BF089858B194F83C10079860F3030129
:1001A00084F83C100898A0620021A182E18208989E
:1001B00009B0BDE8F08F00002DE9FF4F83B0044681
:1001C000204611F0ADFF0290029818B9002007B048
:1001D000BDE8F08F41F6FF750021204612F016FFB2
:1001E00007460021204612F0BAFF8246204611F051
:1001F000C4FC83464FF000086AE0A068006850F82D
:1002000028603949304613F0B2FB00B15EE04FF48C
:100210008051304613F0A0FB002856D04FF0000963
:10022000002001900298012804D0022809D0032858
:100230002CD10EE0B6F91490A08A384400B2019097
:1002400025E0B6F91890208BA0EB0A0000B20190CF
:100250001DE006F1140004F0D4FF009000EBD07014
:10026000B18A01EB60000FFA80F904F1140004F088
:10027000C8FFC01BA0EB0A00009000EBD070A18A61
:10028000394401EB600000B2019000E01EE000BFC5
:10029000069848440FFA80F90498814514DB0598C4
:1002A000814511DC0199A9EB010108B2002801DDAB
:1002B000014600E04142002D01DD2A4600E06A428D
:1002C000914200DA054600BF00BF00BF08F10108F7
:1002D000D84592D341F6FF70854201D1002000E05D
:1002E000684200B273E70000010004002DE9FF4FEF
:1002F00083B00446204611F01DFF0290029818B901
:10030000002007B0BDE8F08F41F6FF7500212046C0
:1003100012F0E8FF07460021204612F09AFD8246BF
:10032000204611F02AFC83464FF000086AE0A068DE
:10033000006850F828603949304613F018FB00B1C6
:100340005EE04FF48051304613F006FB002856D093
:100350004FF00009002001900298012804D00228E3
:1003600009D003282CD10EE0B6F91690E08A384463
:1003700000B2019025E0B6F91A90608BA0EB0A005C
:1003800000B201901DE006F1140004F0C7FE0090D9
:1003900000EBD0704110F08A08440FFA80F904F1A4
:1003A000140004F0BBFEC01BA0EB0A00009000EBA1
:1003B000D0704110E08A3844084400B2019000E057
:1003C0001EE000BF069848440FFA80F90498814562
:1003D00014DB0598814511DC0199A9EB010108B2F4
:1003E000002801DD014600E04142002D01DD2A46E2
:1003F00000E06A42914200DA054600BF00BF00BF3C
:1004000008F10108D84592D341F6FF70854201D129
:10041000002000E0684200B273E700000100040021
:100420002DE9FF4F87B00E469046DDE91494002178
:10043000079813F0F3F906900021079812F060FC7A
:100440000590F078C0F34000A8B1F07800F001000A
:1004500020B142F2D1710698884208D0F07800F0BD
:10046000010040B942F2D1710598884203D1F07879
:1004700020F00200F070F07800F0010008B196481A
:1004800000E096480490F07800F0010008B9924826
:1004900000E09248824600206080A0802061208099
:1004A000A060E060CDF80C800399079811F047FB3D
:1004B0000546E0E00398404506D04FF40001284689
:1004C00013F04AFA00B1D9E08549284613F04FFAF3
:1004D00000287CD10021284612F0E8FB0290029807
:1004E000002875D02069401C2061A088484400B2D3
:1004F000A080207D00F0010000286AD0216901EB76
:10050000810188000FF03AFA074600BF1FB900BF0B
:1005100000BF00BFFEE700BF1FB903980BB0BDE8E6
:10052000F08FE06858B12069401E00EB8000820027
:100530003846E1680FF03FFBE0680FF09BFA206956
:10054000401E00EB800047F82050F07800F00100DA
:1005500058B14FF0000B41F202025946284612F002
:1005600077FF0190019800B20BE04FF0000B41F2D1
:1005700005025946284612F06BFF0190019800B21F
:1005800000BF2169491E01EB810107EB81018880D1
:10059000F07800F0010058B14FF0000B41F2030277
:1005A0005946284612F054FF0190019800B20BE022
:1005B0004FF0000B41F206025946284612F048FF60
:1005C0000190019800B200BF2169491E02E03EE09F
:1005D00017E02CE001EB810107EB8101C880029854
:1005E0002169491E01EB810107EB8101C8600021EF
:1005F0002069401E00EB800007EB80000161E7608E
:1006000015E02846049988470746F078C0F3400073
:1006100030B1B4F90400C1190A98814200DD2DE01F
:10062000A08807EB0901084400B2A08000BF28465B
:10063000D047B4F90010884202DD2846D04701E0D7
:10064000B4F900002080A068401CA06000BFF078D2
:10065000C0F3800010B14FF0FF3000E0012003999B
:10066000084403900398002800DA07E003990798EC
:1006700011F065FA0546002D7FF41CAF00BFB4F9F8
:100680000400002804DDA088A0EB090000B2A080CF
:10069000206908B10A9801E0B4F904006080CDB186
:1006A0000398404516D1079880680068039950F870
:1006B0002150F078C0F3800103AA079801F075F883
:1006C00045B12846D0472080284604998847608055
:1006D0000120A060039821E79F380208691D0208E5
:1006E000010006002DE9F04F97B0044600BF00BF9F
:1006F0004FF0000BDE4802885946204612F0A8FE53
:100700000A900A98C6B200BFF0439DF85B1060F3F0
:1007100000018DF85B10B0089DF85B1060F341019B
:100720008DF85B10F0089DF85B1060F382018DF886
:100730005B1000BFCF4802885946204612F088FE61
:100740000A900A98C0B28DF8580000BFCA480288C3
:100750005946204612F07CFE0A900A98C0B28DF8E5
:10076000590000BFC54802885946204612F070FE65
:100770000A900A98C0B28DF85A000021204612F063
:10078000D1F9012800D100E0002015909DF85B0010
:1007900000F0010020B90021204612F003FC03E024
:1007A0000021204612F084FD14909DF85B0000F0BB
:1007B000010020B10021204612F0F4FB03E00021EB
:1007C000204612F075FD13909DF85B0000F00100CB
:1007D00018B1204611F053FA02E0204611F030FA29
:1007E00012904FF0000B41F232025946204612F0AF
:1007F0002FFE0A900A9800B2119000BF41F6100235
:100800005946204612F024FE0A900A98E18A0144D3
:10081000119801EB000B204611F0AAFCABEB000095
:1008200000B210904FF0000B41F6120259462046DC
:1008300012F00EFE0A900A98A18A0144119801EB69
:10084000000B204611F08AFCABEB000000B20F90C9
:100850009DF85A709DF85B0000F0010008B110A8E7
:1008600000E00FA805460021204612F0D7FF0E90A9
:100870000021204612F044FA0D909DF85B0000F034
:10088000010040B142F2D1710D98884203D1608CD1
:10089000C0F3402068B19DF85B0000F0010048B94A
:1008A00042F2D1710E98884204D1608CC0F380204E
:1008B00000B90027159850B19DF85B0000F00100C9
:1008C00028B90FB9012702E0012F00D100274FF00E
:1008D000000800200C900B90002F49D09DF85B0081
:1008E000C0F3800018B1A0684068401E00E00020FE
:1008F000814617E000200A9005A91398CDE9000170
:100900004A4616A92046129BFFF78AFD8246BDF88B
:1009100014101498084440440FFA80F80B98401CB7
:100920000B90D146A0684068484502DDB9F1000F40
:10093000E0DA0B9820B11498A8EB00000FFA80F8C9
:100940009DF85B0000F0010018B1204611F078F925
:1009500002E0204611F093F983460CA8CDE900503F
:100960000B9803B24246594638461AF057F900BF71
:100970009DF85B00C0F3800018B1A0684068401E7D
:1009800000E000208146159840B19DF85B0000F022
:10099000010018B92888404400B228804DE00120A9
:1009A0000A9005A91398CDE900014A4616A92046E8
:1009B000129BFFF735FD8246159850B19DF85B00FC
:1009C00000F0010028B92888BDF81410401A00B2C0
:1009D000288005AABDF94030DDE91210CDE90131CA
:1009E000CDE90302BDF93C0053464A4616A90090E2
:1009F0002046F5F76BFDD14608980FF03BF8002034
:100A00000890159868B19DF85B0000F0010040B9AE
:100A10002988BDF8302014981044081A00B22880A4
:100A20000AE02988BDF81400BDF83020024414986B
:100A30001044084400B2288000BFA06840684845C0
:100A400002DDB9F1000FAADA42F2D1710E988842A4
:100A500002D00D98884202D1204613F0F4FE002205
:100A60002B2120460AF058FF17B0BDE8F08F000098
:100A7000D8010020DA010020DC010020DE01002086
:100A80002DE9FC5F044689469246207E00F0010075
:100A900008B1BDE8FC9FE56800264FF0010B01207E
:100AA000019000BF85B9207EC0F3C00000B956B9DF
:100AB000019800B9EDE72046C84705464FF0000B06
:100AC0000020019000E0E4E716B92E4606B9E0E701
:100AD000BBF1000F06D029462046D0470546B54257
:100AE00000D1D6E74FF0010B05B9DBE7286811F01C
:100AF0009FFF00F0800000B1D4E72F6809E00121DA
:100B0000384612F029FF00B105E0384611F07CF9B3
:100B10000746002FF3D100BF2FB10121384612F054
:100B20001BFF00B1BEE700BF00BFE068A84200D1D4
:100B3000AFE7E06890B1204600F06DFB0090E168FF
:100B400008680F21009A0AF0E7FE0746012F00D03F
:100B50009FE7E168086813F09CFA00BFE560204653
:100B600000F059FB0746E1683A4608680E210AF092
:100B7000D3FE8046B8F1010F00D08AE7E16808682B
:100B800013F087FA206910B120462169884700BF19
:100B90007FE7000070B504460D46E1B20548F1F765
:100BA00043FB00BF80210348F1F7C4FA0028F9D0C5
:100BB000204670BD003801402DE9F0410446204632
:100BC00000F072F9054611480068001B461B0F48EB
:100BD0000068401B0D490860B6B1274661193246CE
:100BE00020460EF0E8FF06E0A068401BA06020460B
:100BF00000F05AF90444054800688442F4D1B81959
:100C000029460FF066F900BFBDE8F081AC01002075
:100C100002460C2070470246002070470246002022
:100C2000704703460C20704770470346002070470A
:100C300030B50546039C0C2030BD10B504460C2091
:100C400010BD03460020704730B50546039C0C20BC
:100C500030BD10B50246114691F83C3003F0030355
:100C600023B1012B04D0022B0CD000BF888C13E0E1
:100C700026235B5C4FF4B4746343642493FBF4F366
:100C800098B209E027235B5C4FF4B4746343642497
:100C900093FBF4F398B200BF00BF10BD2DE9F34FF2
:100CA00087B083465F4605A9584611F007F85846B5
:100CB00012F0F5FD0290584611F056F8019000210F
:100CC000584612F0FEF900900021584612F0A2FAA0
:100CD00080460021584612F060FB814600215846AC
:100CE00012F012F982460021584612F0EEFA05463B
:100CF0000021584612F070F90646284605EBD071DF
:100D00004910491C05F0010211440DB2304606EBB2
:100D1000D0714910491C06F0010211440EB20D2D8C
:100D200001DA284600E00D2005460D2E01DA304696
:100D300000E00D200646B8F10D0F01DA404600E054
:100D40000D208046B9F10D0F01DA484600E00D2074
:100D50008146BAF10D0F01DA504600E00D208246BF
:100D600000248BE0B86A00EBC40103A804F0B2F9D8
:100D7000BDF90C10009881420FDCBDF914100098E9
:100D80000D2801DA009800E00D20081ABDF80C10BB
:100D9000084400B2ADF80C0008E0BDF80C00BDF846
:100DA0001410891B084400B2ADF80C00BDF90E0008
:100DB00048450FDCBDF91600B9F10D0F01DA4946BF
:100DC00000E00D21401ABDF80E10084400B2ADF845
:100DD0000E0008E0BDF80E00BDF81610491B0844CF
:100DE00000B2ADF80E00BDF910100298A0EB08009B
:100DF000801E81420FDBBDF91400B8F10D0F01DA3E
:100E0000414600E00D210844BDF81010084400B22E
:100E1000ADF8100008E0BDF81000BDF81410314422
:100E2000084400B2ADF81000BDF912100198A0EB13
:100E30000A00801E81420FDBBDF91600BAF10D0FCA
:100E400001DA514600E00D210844BDF812100844B3
:100E500000B2ADF8120008E0BDF81200BDF816109F
:100E60002944084400B2ADF81200002203A80899F2
:100E7000F1F78BFD00B105E0601C84B2388EA04212
:100E80003FF770AF00BF388EA04201D14FF6FF741C
:100E9000204609B0BDE8F08F014601F007020AB113
:100EA000104670470120FCE70146B1F90C200323EE
:100EB00003EB420222F0030202F1100070472DE919
:100EC000FC5F05460E4617460021284612F0DFF863
:100ED00080460021284612F083F9824600212846E8
:100EE00012F041FA81460021284611F0F3FF0190EB
:100EF000284612F0D4FCA0EB0800A0EB0A0B284611
:100F000010F032FFA0EB09010198081A834507DAB7
:100F1000284612F0C4FCA0EB0800A0EB0A0006E093
:100F2000284610F021FFA0EB09010198081A009053
:100F300000EBD070401004B2A88A2044404400B2B4
:100F40003080E88A2044484400B2708007B13C8079
:100F5000BDE8FC9F38B504460025044802882946B0
:100F6000204612F075FA0090009838BDC0010020AC
:100F700038B504460025054802882946204612F067
:100F800067FA00900098C0B238BD0000C801002088
:100F900038B504460025054802882946204612F047
:100FA00057FA00900098C0B238BD0000CA01002076
:100FB000F0B504460B46032B01D2012000E00020CF
:100FC0000546611B981E0C2707FB0500C0EB40106F
:100FD000B0FBF7F01044084400EB91006427B1FB2C
:100FE000F7F7C01B4FF4C877B1FBF7F73844072772
:100FF000B0FBF7FC07FB1C06F0B2F0BD2DE9FC4787
:1010000081460E4616B90020BDE8FC87D9F810408D
:10101000606930B160690068B04202D160694068BF
:10102000F2E70025B1E005EB8501A06850F821004A
:10103000371A05EB8501A06800EB81008088B84273
:1010400000D2A0E04FF0000805EB8501A06800EB9E
:101050008100807C022808D105EB8501A06800EBA7
:101060008100C08800EB070884E005EB8501A068DB
:1010700000EB8100807C78B905EB8502A16801EB6B
:101080008201C86805EB8502A16801EB8201C9886D
:10109000C25D01EB02086DE005EB8501A06800EB85
:1010A0008100807C03282AD1B8B201903E4800908C
:1010B00005EB8503A06800EB8300028A05EB85033E
:1010C000A06800EB83000223816801A8F3F74CFBC2
:1010D0008246BAF1000F11D005EB8502A16801EB41
:1010E00082018968AAEB0101481005EB8502A1681D
:1010F00001EB8201C98801EB000800BF3AE005EB73
:101100008501A06800EB8100807C012832D1B8B253
:1011100001902548009005EB8503A06800EB830053
:10112000028A05EB8503A06800EB83000223816837
:1011300001A8F3F719FB8246BAF1000F19D005EBAD
:101140008503A26802EB83029268AAEB02025010A8
:1011500005EB8503A26802EB8302D16805EB8503EA
:10116000A26802EB8302D28831F8103002EB030848
:1011700000BF00BF606920B1606906606069C0F8A7
:101180000480404640E7681C85B2608AC0F30800CE
:10119000A8423FF748AF606920B16069066000204F
:1011A0006169486000202FE799FC02082DE9F84F9B
:1011B00080460D46C146404600F0FDF9064616B988
:1011C0000020BDE8F88FF08A281A05B200213046C9
:1011D00012F00BFA009000980AF0FCFC8246002105
:1011E000304612F072FA0446204604EBD07105EB4B
:1011F00061010DB20AEB04000FFA80FB95FBFBF0D6
:1012000087B2B9F83400B84203DCB9F83400401EA4
:1012100087B23846D5E72DE9F0410546002600277C
:1012200000200CF039FC044616E020460CF083FC4C
:101230008046206DA8420AD1B8F1020F02D12046A3
:10124000BDE8F081B8F1040F00D1264627462046BC
:101250000CF022FC044600BF002CE6D10EB1304653
:10126000EEE70FB13846EBE700200CF015FCE7E79E
:101270002DE9F04107460C463D46384610F0FFFC8C
:10128000B5F884104843001206B20021384611F028
:10129000E4FE8046A4EB080004B2002C02DA002031
:1012A000BDE8F081B44203DDB5F88200401EF7E7E7
:1012B00095F8880000F0070001280BD1314606EBB5
:1012C000D1704210B5F88200401E04FB002090FB54
:1012D000F6F0E5E795F8880000F00700022805D150
:1012E000B5F88200604390FBF6F0D9E70020D7E71D
:1012F0000246114600E0096821B18869C0F30F1069
:101300000028F8D009B9002070478869C0F30F1091
:10131000FAE700002DE9FC5F80460D461646D8F836
:1013200010704FF0000A788AC0F34030002840D196
:10133000FC68A068800FD8B9D4F8009005EB0620AF
:1013400080B2019026480090A06820F0404202231D
:10135000494601A8F3F708FA8346BBF1000F06D00F
:10136000ABEB09014810616811F900A000BF1FE054
:101370000121A068B1EB907F1AD1D4F8009005EB61
:101380000640019017480090A06820F040420423D6
:10139000494601A8F3F7E8F98346BBF1000F06D0F0
:1013A000ABEB09018810616811F900A000BF00BF14
:1013B00012E0F8684368595D83689A5D00290ADD88
:1013C000002A08DD531E4C1E90F80DC004FB0C33A0
:1013D000046814F903A000BF5046BDE8FC9F00005C
:1013E0000D3D0108ED3C01082DE9FE4F07460C4676
:1013F000254600260021204611F053FB834600EBD2
:10140000DB70C0F34F064FF44031204611F032FE3E
:1014100080464FF44031204611F0D5FE81464FF40E
:101420004031204611F092FF82464FF44031204671
:1014300011F043FD0290A08A298D0844801BA0EB87
:10144000080000B2ADF80000E18A688D0844801BF6
:10145000A0EB090000B2ADF80200A08A298D084473
:101460003044504400B2ADF80400E18A688D08446D
:1014700081190298084400B2ADF80600009838605F
:1014800001987860BDE8FE8F2DE9F04F87B0814666
:101490000F469246984600BF00BF4C464FF40031BD
:1014A000484611F00BFB834658460BEBD0714D10AC
:1014B000AAEB05000FFA80FAA68C94F83400C0F36A
:1014C000410018B9208D304486B223E094F83400EE
:1014D000C0F34100022803D1E08C304486B219E009
:1014E00094F83400C0F34100012813D1B4F930203E
:1014F000B4F93230D11801EBD1725010B4F92E107A
:10150000814203DAE18C31448EB202E0218D314414
:101510008EB200BF06F15A0000B218F01FFA00FBAD
:101520000AF0C01300B2069030B218F017FA00FBB0
:101530000AF0C01300B205904FF44031484611F054
:10154000A6FD04904FF44031484611F049FE039047
:101550004FF44031484611F006FF02904FF44031FD
:10156000484611F0B7FC0190398806980144049868
:10157000081A401B00B2A8F80000398806980144F8
:1015800003980844284400B2A8F804007988059814
:1015900001440298081A401B00B2A8F8020079889A
:1015A0000598014401980844284400B2A8F80600B0
:1015B00007B0BDE8F08F70B504462546686A08B9E3
:1015C000002070BD0021686A10F0B9FAF9E710B583
:1015D00004460021204610F0B2FA10BD70B5044652
:1015E0000E46002513E0E06800EBC5004068C0F33C
:1015F000006058B1E06800EBC500406820F07F4013
:10160000B04203D1E06850F8350070BD6D1C608CAD
:10161000C0F3C500A842E6D8608CC008401C618CAD
:1016200060F3C8016184628CC2F3C502D100E06836
:101630000EF08CFAE06000BFE06818B900BF00BF90
:1016400000BFFEE700BF608CC0F3C500451E1AE076
:10165000681EE16801EBC0004068C0F3006038B963
:10166000681EE16801EBC0004068C0F3406000B153
:101670000BE0E06800EBC5010246681E02EBC00209
:1016800005CA05C16D1E002DE2D100BFE16801EB66
:10169000C50008210EF01DFC08200EF035F9E168A8
:1016A00041F83500E16851F8350016F029F8E06896
:1016B00000EBC500406820F0807000F18070E168A8
:1016C00001EBC5014860E06800EBC500406866F3C7
:1016D0001700E16801EBC5014860E06850F835008B
:1016E00093E700002DE9FC41074688461646386816
:1016F000C068C068B0FBF8F4B44200DD3446194855
:1017000000680068806958B30020ADF80000ADF8AB
:101710000400ADF8020025B200BF681E00B2ADF8AB
:1017200006001049096808680E49096809688A694D
:1017300069469047684603F0FFFCA04200DC03E0E6
:10174000681E05B2002DE8DC00BF002D04DC00BFE0
:1017500000BF0020BDE8FC81BDF90600441C00BFAD
:101760002046F7E7A401002070B505460C46641E2C
:10177000002C01DA6D1E0C340C2C01DB6D1C0C3CB2
:10178000012C04D1284602F08BF81C300BE0072016
:1017900094FBF0F100FB114606EBD6704010A6EB6F
:1017A0004000C0F11F00C0B270BD10B5034669B162
:1017B0001068401E10601068002805DB98680068FB
:1017C000146850F8240010BD0020FCE71068401C8D
:1017D000106010689C686468A04205DA9868006828
:1017E000146850F82400EEE70020ECE730B504461A
:1017F000481CE56835F8100035F81150401B00B260
:101800001080A06830F8110000B21880E06830F84D
:1018100011006568284430BD2DE9F84F06460C4696
:101820001546B0460CF032F981460CF084F9824638
:10183000BAF1010F0DD0BAF1030F0AD015B14FF66E
:10184000FF70288014B14FF6FF7020800020BDE8A3
:10185000F88F0CF01BF9814669460CF031F9002D28
:101860003ED0304610F07AFCBDF8001008440FFA64
:1018700080F90021304611F07CF901280AD10021BD
:10188000304611F0FBFC318B081AA0EB09000FFA6F
:1018900080F90CE0B08AA9EB00000FFA80F9002172
:1018A000304611F042FCA9EB00000FFA80F900204D
:1018B0002880002728800CE02988D8F8300030F8EC
:1018C0001100384407B2B94500DA07E02888401C07
:1018D00028802888B8F824108842EDDB00BF00BFBC
:1018E0006CB3304610F044FCBDF8021008440FFA07
:1018F00080F9F08AA9EB00000FFA80F90021304648
:1019000011F08CFDA9EB00000FFA80F90020208077
:10191000002720800CE02188D8F82C0030F8110036
:10192000384407B2B94500DA07E02088401C20801F
:101930002088B8F826108842EDDB00BF00BF0120E8
:1019400085E72DE9F04F87B00446884691461E464C
:101950004846F2F7A1FD01218140C8B206904FF040
:10196000FF3A208C05900598C04380B2049094F80B
:101970002200C0F380000290002530E0E06800EB18
:10198000C5077868C0F3406000B92DE0029800B147
:1019900024E0E16801EBC501496821F07F4014F0C3
:1019A00066F88346C34500D018E038688079069908
:1019B000084000B912E003AA4946386815F020FE35
:1019C00008B1012000E000200190019828B103989F
:1019D0003060012007B0BDE8F08F00BF6D1C608C47
:1019E000C0F3C500A842C9D800BF41E0E06800EBE1
:1019F000C50BE16801EBC501496821F07F4014F097
:101A000036F80090E16801EBC501496821F07F409C
:101A100014F031F807460098404500D027E0DBF885
:101A2000000080790699084000B920E00498384009
:101A300000B11CE0574500DC19E003AA4946DBF879
:101A4000000015F0DDFD08B1012000E0002001904C
:101A5000019858B10598874203D10398306001205E
:101A6000B8E7BA4502DABA460398306000BF6D1C89
:101A7000608CC0F3C500A842B8D8BAF1000F03DBF0
:101A8000039830600120A5E70020A3E72DE9FC5F63
:101A900083468A4690461D46082001907F2000908C
:101AA000404608EBD0714C1008F0010080F00109AD
:101AB000CBF15A0108B217F051FFAAEB04014843D9
:101AC000C611584617F04AFFAAEB04014843C71154
:101AD000002E0ADDA6F17F000612301B484400B23A
:101AE0002880301900B2A8800AE006F17F000612B3
:101AF000301B00B228803019A0EB090000B2A8808A
:101B0000002F0ADDA7F17F000712381B484400B2FE
:101B10006880381900B2E8800AE007F17F000712F8
:101B2000381B00B268803819A0EB090000B2E880C9
:101B3000BDE8FC9F38B504460025044802882946C4
:101B4000204611F085FC0090009838BDC4010020AB
:101B50002DE9FF4F89B083469246DDE919785C464E
:101B6000A08C0A99484380B2069000BFBAF80800DA
:101B70003844404400B20590069D4FF0000986E0CD
:101B8000A06A50F8250000287BD0206B30F919009E
:101B90000790002600BF1EE0A919A06A50F8210096
:101BA000B0B10021AB19A26A52F8230000B101784C
:101BB00001F0010252B109EB0602521C236B33F80B
:101BC0001230079A1A4412B2079200E009E000E0CE
:101BD00007E0701C86B206EB0901A08C401E814212
:101BE000DADB00BF00200490A06A50F8250020B185
:101BF000A06A50F8250000780490049800F00200D4
:101C000090B100BFBAF90800384400EB080105980C
:101C1000814205DD00BFBAF908003844404400E0C5
:101C2000059800B205902BE0DDE917010144079803
:101C3000401A00B207900022079916988DE8070015
:101C4000A06A50F82500411C524608A80C9B17F0CA
:101C500073FFBDF92200384400EB0801059881426A
:101C600005DDBDF922003844404401E009E0059853
:101C700000B20590A81985B209EB06001FFA80F999
:101C800000BF681C85B209F101001FFA80F9A18C20
:101C900006980844A8423FF773AF05980DB0BDE819
:101CA000F08F000038B50446002505480288294613
:101CB000204611F0CDFB00900098C0B238BD000066
:101CC000CE01002038B50446002505480288294683
:101CD000204611F0BDFB00900098C0B238BD000056
:101CE000D00100202DE9FF5F06460C46002130465A
:101CF00011F093FC03904FF48021304611F08DFCDD
:101D00000290039809F06EFF0746029809F06AFFF7
:101D100080460021304611F0F2FC814608EB0700B6
:101D200000EBD07109EB61010DB2304610F01CF8E8
:101D3000834600EBDB704110F08A0844AA4605EBAD
:101D4000DA71A0EB610000B260806088284400B2C4
:101D5000E080694630460FF0B1FFBDF800002080FA
:101D6000BDF80400A080BDE8FF9F2DE9FF470546B0
:101D70002846FFF72CFC06461EB9002004B0BDE83B
:101D8000F0874FF48021284611F047FC80464FF43D
:101D9000802741F25A423946284611F059FB0290F9
:101DA000029804B200BF30460CF0A4FD814600202A
:101DB00041F6FF71CDE900012346424649460290B3
:101DC00003A817F0B9FEBDF90C00D7E702460B4691
:101DD000114633B1012B0AD0022B05D0042B0CD1B4
:101DE00008E001F13C00704701F14800FBE701F118
:101DF0005400F8E701F16000F5E70020F3E770B563
:101E000004460E46002510E0E06800EBC50040687F
:101E1000C0F3406040B1E06800EBC500406820F0CE
:101E20007F40B04200D105E06D1C608CC0F3C5005E
:101E3000A842E9D800BF608CC0F3C500A84203D017
:101E4000E06800EBC50070BD608CC008401C618C70
:101E500060F3C8016184628CC2F3C502D100E068FE
:101E60000DF074FEE060608CC0F3C500451E09E013
:101E7000E06800EBC5010246681E02EBC00205CA1D
:101E800005C16D1E002DF3D10821E0680EF021F888
:101E900008200DF039FDE1680860E168086815F078
:101EA0002FFCE068406820F0007000F10070E168ED
:101EB0004860E068406866F31700E1684860E068E1
:101EC000C1E7000037B584B005461446114890F8C4
:101ED000200000F0010070B10221122013F0F6FD85
:101EE00022460390059905F005FB0290BDF8081005
:101EF000084607B030BD0221122013F011FE224621
:101F00000190059905F0F6FA0090BDF8001008461A
:101F1000EFE700009C4400202DE9F04F064688467C
:101F20001746DDE9095CDDE90B490022B8F1000F35
:101F300003D09246A4F800A069E0052F03D0062F35
:101F400001D0042F03D10023012D00D1012700214E
:101F500006E03CF811A09A4492440FFA8AF2491C18
:101F6000A942F6D3A2EB030A0FFA8AF2072F4DD249
:101F7000DFE807F00409144C3E2C1B004FF0000A68
:101F8000A4F800A042E0A6EB020A0AEBDA7B4FEAD3
:101F90006B0B0FFA8BFBA4F800B037E0A6EB020A3C
:101FA0000FFA8AFAA4F800A030E04FF0000AA4F873
:101FB00000A0A6EB020A0FFA8AFBA5F1010A0FFAAC
:101FC0008AFA9BFBFAFA0FFA8AF31FE0A6EB020AE1
:101FD0000FFA8AFA0FFA85FB9AFBFBFA0FFA8AF3DB
:101FE0009A4603EBDA7B4FEA6B0BA4F800B00DE0E6
:101FF000A6EB020A0FFA8AFB05F1010A0FFA8AFA28
:102000009BFBFAFA0FFA8AF3238000BF00BF00217E
:102010000CE034F811A03CF811B0DA449A440FFAFD
:102020008AFA01F1010B24F81BA0491CA5F1010A51
:102030008A45EED834F81AB03CF81AA0DA44B4F85D
:1020400000B0AAEB0B0A0FFA8AF0B9F1000F10D01A
:1020500000210CE034F811A0A6EB0A0A3CF811B0FC
:10206000AAEB0B0A0FFA8AFA24F811A0491CA9421C
:10207000F0D3BDE8F08F2DE9F04F8DB0044600BFDE
:1020800000BF2046FEF766FF81462046FFF752FD5F
:102090000746B9F1000F00D017B90DB0BDE8F08FB9
:1020A00006A92046F3F7C8FD0C2103A80DF011FF87
:1020B0004FF0000B41F232025946204611F0C8F9A8
:1020C0000090009805B200BF00BF41F612025946C9
:1020D000204611F0BDF90090009828440FFA80FACC
:1020E00000BF41F610025946204611F0B1F90090A8
:1020F0000098284400B20290204610F02FF8A18AE0
:102100005144081A00B2ADF81400204610F030F81F
:102110000146E28A02981044401A01B2ADF8161046
:10212000002609E0A068006850F826B003AA06A9B6
:10213000584601F0CBFB761CA0684068B042F1D84D
:1021400006A8F4F789F80021204611F05AFB019007
:102150000021204610F0C7FD804642F2D17101985F
:10216000884202D00846804502D1204612F06BFB1F
:1021700000222B21204609F0CFFB00BF8DE7000095
:102180002DE9F04106463746788E002802DC002013
:10219000BDE8F0817D6A002409E0F96A31F8140095
:1021A000F3F73EFD08B10120F2E7601C84B255F858
:1021B000240050B155F8240005A1EEF761FB20B1D1
:1021C00055F8240000780028E7D10020E0E700005F
:1021D0000A00000001460020302905DB392903DC14
:1021E000A1F13002D0B21CE0612902DBA1F1200292
:1021F000D1B2A1F14102062A10D2DFE802F00305B4
:1022000007090B0D0A200BE00B2009E00C2007E06A
:102210000D2005E00E2003E00F2001E0002000BFAC
:1022200000BF70472DE9F04105462C464FF4404170
:10223000606A03F01DFB94F92E10A08D0122FEF7B9
:10224000B7FE0746206B18B300261EE0206B30F85F
:102250002600A18D884216D1206B00EB860090F9F4
:10226000021094F92E0081420DD1226B02EB8602FE
:1022700092F90320521E3A44D21D91B24FF400420B
:10228000606A03F0EFFE701C86B2A08EB042DDDC07
:10229000A08D218D884210D194F92E1094F92A0036
:1022A00081420AD194F92B20521E3A44D21D91B298
:1022B0004FF48042606A03F0D5FEBDE8F081000073
:1022C0002DE9F04104460D46606D18B900BF00BF0E
:1022D000BDE8F081606DA96830F92160606DA96882
:1022E00000EB8100B0F90270A87B1A490978884296
:1022F00006D0A87B012801D100BF01E000BF00BFCC
:10230000A87B01280AD1B4F90C00B04203D1B4F97A
:102310000E00B84202D0201D00F094FE201D00F0F7
:102320000FFF00B1D4E726816781A87B012803D184
:10233000201D00F027FD02E0201D00F083FE201D7F
:1023400000F0FEFE00B1C3E72189A1816189E1812E
:1023500000BFBDE78C01002070B504460421404851
:10236000006811F0F9FA20B13D49E06A0968884235
:1023700000D170BD3A4800680FF0ECFC0546E06AF9
:1023800018B1E06A0FF0E6FC00E000200646B54216
:1023900024D14DB1324800680AF058F8204600F0C8
:1023A000CFFE002857D0E4E7E06A50B12D49E06A3B
:1023B0000A680F2109F0B0FA204600F0C1FE00B112
:1023C000D7E728480E2102682548006809F0A4FADA
:1023D000204600F0B5FE00283DD0CAE766B9E06AA5
:1023E00050B12049E06A0A680F2109F095FA2046A9
:1023F00000F0A6FEC8B1BCE7E06AB0B156B9194911
:10240000E06A0A680F2109F087FA204600F098FE7A
:1024100058B1AEE71349E06A0A68102109F07CFA66
:10242000204600F08DFE00B1A3E745B10C480068DE
:102430000AF00CF8204600F083FE60B199E70948E5
:102440000E2102680648006809F066FA204600F08E
:1024500077FE00B18DE702480168E16200BF88E7BE
:1024600088010020840100202DE9F04704460D4634
:10247000A87B012805D16079C0F3C00008B1BDE890
:10248000F0876079C0F3C00058B1607920F008018E
:10249000617100216164607920F0010161710021A6
:1024A0002172277AA97B21726968E160D4F8508093
:1024B000B8F1000F00D1E2E740460AF03DF8ED49DF
:1024C00008600846006800B9D9E7A87B08B1002079
:1024D000A88140460AF030F8E649086008460068DE
:1024E00000B9CCE7A87B012853D1002F51D100BF00
:1024F00000BF16F030FF606468680A2820D1DD480C
:10250000006811F019FE28B91021DA48006811F0AE
:1025100023FA08B1012000E00020064640460AF0F8
:1025200003F800B95EB9D44801210268D1480068B7
:1025300009F0F2F9201D00F003FE00B19FE74AE127
:102540006868142804D1A889401E00B2A88142E11D
:102550006868132804D1A889401C00B2A8813AE118
:1025600068681B2810D11B2140460AF071F8C24848
:1025700020210268BF48006809F0CEF9201D00F054
:10258000DFFD0028DBD07AE7404669680AF060F892
:1025900021E1A87B012870D1012FFCD1607900F0E6
:1025A0000100B8BB606C16F0C9FE2168898B8842B7
:1025B00044D9607920F00100401C607116F0CBFE18
:1025C000A06468680A2833D1AA48006811F0B4FDF5
:1025D00028B91021A748006811F0BEF908B1012000
:1025E00000E000200646B6B1404609F0B0FF0128E1
:1025F0001DD900BF00BF404609F096FF80F00109D9
:10260000494640460AF033F820219A4800680EF007
:10261000A8FD0CE012E09848052102689548006882
:1026200009F07AF9201D00F08BFD00B127E700BF0B
:10263000607920F00100401C6071CCE0607900F00E
:10264000010000288BD0A06C16F078FE2168C98BA1
:10265000884284D916F07FFEA06468680A280DD1EC
:102660008548062102688348006809F055F9201D55
:1026700000F066FD00288BD001E719E06868142897
:1026800004D1A889401E00B2A881A4E0686813287C
:1026900004D1A889401C00B2A8819CE0404669682A
:1026A00009F0D6FF201D00F04BFD0028C5D0E6E65E
:1026B000A87B002870D1012F6ED100BF00BF6868D1
:1026C0000A286BD16B48006811F036FD28B910213B
:1026D0006848006811F040F908B1012000E00020CE
:1026E00006463EBB6448082102686248006809F05B
:1026F00013F9201D00F024FD00B1C0E6607900F060
:10270000010030B95C48042102685A48006809F0A9
:1027100003F9201D00F014FD00B1B0E65648072172
:1027200002685448006809F0F7F8201D00F008FD21
:1027300088B3A4E6404609F0F7FE70B3607900F074
:10274000010020B1404609F002FF01282CD84A4878
:10275000082102684748006809F0DEF8201D00F0F3
:10276000EFFC00B18BE64448042102684148006850
:1027700009F0D2F8201D00F0E3FC00B17FE63E48EE
:10278000072102683B48006809F0C6F8201D00F0E8
:10279000D7FC20B173E617E01DE00BE015E00A213D
:1027A000404609F055FF0FE02021324800680EF046
:1027B000D8FC09E0607900F0010028B900BF00BF33
:1027C0000121404609F053FF00BF00216164607998
:1027D00020F001016171002026490860A88928B312
:1027E000404609F0A1FE10B300BF00BFB5F90C00D0
:1027F00000280CDA002604E01421404609F028FFE6
:10280000761CB5F90C004042B042F5DC0EE0B5F99B
:102810000C0000280ADD002604E01321404609F0E0
:1028200017FF761CB5F90C00B042F6DC20E000BFC3
:1028300000BFB5F90C0000280BDA002603E0404683
:1028400009F060FE761CB5F90C004042B042F6DC9F
:102850000DE0B5F90C00002809DD002603E0404634
:1028600009F0E8FD761CB5F90C00B042F7DC00BFBA
:1028700000BF04E6880100208401002070B50446F2
:10288000A06A00B170BD94F83D0000F0010000B1F5
:10289000F8E7256A03E028460FF0B6FA054635B199
:1028A0004FF40041284611F057F80028F3D105B93C
:1028B000E8E7B4F91000002802DDB4F9100002E0E6
:1028C000B4F910004042484909680968897E884285
:1028D00012DAB4F91200002802DDB4F9120002E0A5
:1028E000B4F912004042404909680968897E88426B
:1028F00002DA002121876187218F208A084401B2F2
:102900002187618F608A084401B26187B4F9380079
:10291000002802DDB4F9380002E0B4F93800404282
:10292000314909680968C97E88420FDCB4F93A0068
:10293000002802DDB4F93A0002E0B4F93A0040425E
:10294000294909680968C97E88424ADD012184F85D
:102950003D10B4F93800002802DDB4F9380002E077
:10296000B4F938004042B4F93A10002902DDB4F954
:102970003A1002E0B4F93A104942884213DDB4F942
:102980003800002807DD94F83C0020F0F0002030EB
:1029900084F83C001AE094F83C0020F0F00010307D
:1029A00084F83C0012E0B4F93A00002807DD94F8FE
:1029B0003C0020F0F000803084F83C0006E094F801
:1029C0003C0020F0F000403084F83C0006480C2128
:1029D0000268284608F0A0FF204600F0B1FB00B1D5
:1029E00050E700BF4EE70000840100202DE9F041D0
:1029F00004460D46A87B012805D16079C0F3C000CC
:102A000008B1BDE8F0816079C0F3C00058B16079C9
:102A100020F00801617100216164607920F00101FA
:102A2000617100212172276D07B9EAE7384609F084
:102A300083FD914908600846006800B9E1E7D4F8D1
:102A40000C806968E160267AA97B2172A87B012845
:102A500053D1002E51D100BF00BF16F07CFC606442
:102A600068680A2810D10A21384609F0F1FD834828
:102A7000012102688048006808F04EFF201D00F028
:102A80005FFB002838D0BCE768681B2810D11B21E9
:102A9000384609F0DDFD7948202102687648006853
:102AA00008F03AFF201D00F04BFB0028EAD0A8E711
:102AB000686809280CD10021384609F0D8FD38464D
:102AC00009F0B8FC201D00F03BFB0028DAD098E7A5
:102AD00068680B280CD10021384609F0C8FD38463B
:102AE00009F010FD201D00F02BFB0028CAD088E75C
:102AF0003846696809F0ACFDB8E0A87B01287BD1B5
:102B0000012E79D168680A280BD15C48022102683D
:102B10005948006808F000FF201D00F011FB00B1CB
:102B20006FE7607900F00100F0B9606C16F006FC08
:102B30002168898B884217D9607920F00100401CF8
:102B4000607168680A28D7D116F005FCA0644B486C
:102B5000052102684848006808F0DEFE201D00F0EC
:102B6000EFFA0028C8D04CE7607900F00100002897
:102B70007CD0A06C16F0E2FB2168C98B884275D925
:102B800016F0E9FBA06468680A280CD13B480621CE
:102B900002683948006808F0BFFE201D00F0D0FA36
:102BA000002863D02DE7686809280CD10021384639
:102BB00009F05DFD384609F03DFC201D00F0C0FA2B
:102BC000002853D01DE768680B280CD10021384637
:102BD00009F04DFD384609F095FC201D00F0B0FAD3
:102BE00088B30EE708E03846696809F031FD201D1A
:102BF00000F0A6FA38B304E7A87B20BB012E35D13C
:102C000000BF00BFC5F8048068680A2828D11B48A7
:102C1000082102681848006808F07EFE201D00F0B8
:102C20008FFA00B1EDE6607900F0010060B9134859
:102C3000042102681048006808F06EFE201D00F0B4
:102C40007FFA08B1DDE611E00C48072102680A4866
:102C5000006808F061FE201D00F072FA00B1D0E6B5
:102C600000216164607920F0010161710020024956
:102C7000086000BFC5E60000880100208401002034
:102C800070B505460C462868066921882982618846
:102C900069823068007CC0F30110022805D03068DA
:102CA000007CC0F3011003280DD130680088218812
:102CB000401A401E00B22080306840886188401A67
:102CC000401E00B260803068007CC0F30110012813
:102CD00005D03068007CC0F3011003280AD1B4F994
:102CE00002002188618031684988091A491E09B2A9
:102CF000218000BFB4F90000002801DA00BF00BF46
:102D00002968086905F052F9B4F90010884201DC1D
:102D100000BF00BFB4F90200002801DA00BF00BF05
:102D20002968086905F0A8F9B4F90210884201DCA5
:102D300000BF00BFE86C90B1B5F90C00B4F9001009
:102D4000884205D1B5F90E00B4F90210884206D0C8
:102D5000B4F90220B4F90010E86C12F0A8FB218845
:102D60002981618869812879012803D1281D00F013
:102D700009F802E0281D00F065F92989A98169890F
:102D8000E98170BD2DE9F041044600BF00BFAB49A9
:102D9000206A08606078C0F3C00008B1BDE8F08127
:102DA000A7480068006805690026A448006810BBB1
:102DB000284605F016F90746211D0AF0F0FF9F4945
:102DC00008600846006840B9284605F017F907462C
:102DD000211D0AF0E4FF994908609848006840B94D
:102DE000284605F027F90746211D0AF0D8FF934928
:102DF000086001262AE0A06A40BB4FF400518F48CA
:102E0000006810F0A9FD08BB284605F0EAF807465F
:102E1000211D0AF0C4FF894908600846006840B9CE
:102E2000284605F0EBF80746211D0AF0B8FF834954
:102E300008608248006840B9284605F0FBF807465C
:102E4000211D0AF0ACFF7D490860012666B1606A69
:102E500050B10021218361832046F0F720FE2046F7
:102E600000F06EF900B199E77449206A0968884258
:102E700054D0A1882181E1886181206A60B1276AEC
:102E80006F4803210268384608F046FD204600F0EE
:102E900057F900B182E700BF684801682162016804
:102EA00061620068002839D016F055FA2064607815
:102EB00020F0010060700021A182E18294F83C00C2
:102EC00020F00F0184F83C1094F83C0020F0F00151
:102ED00084F83C10002184F83D102187618721820D
:102EE00061825748012102685448006808F014FDC7
:102EF000204600F025F900B150E7514800684079BC
:102F0000C0F3C00000B149E74D480068001DFFF75D
:102F100023FA204600F014F900B13FE7A188208988
:102F2000081A01B22182E1886089081A01B261821F
:102F3000B4F9180040F35C002083B4F91A0040F3A0
:102F40005C016183218BB4F91000800001EBE0008B
:102F500001B22183618BB4F91200800001EBE00023
:102F600001B26183A169E16134480068002863D03F
:102F70003348022102683148006808F0CDFC204641
:102F800000F0DEF800B109E72D4800684079C0F391
:102F9000C00000B102E72046F0F7E6FC204600F052
:102FA000CFF800B1FAE62046FFF768FC204600F0B3
:102FB000C7F800B1F2E6A06A00BB607800F001003B
:102FC000E0B9206C16F0BAF91D4909680968898BC7
:102FD000884213D91A48052102681848006808F089
:102FE0009BFC204600F0ACF800B1D7E6607820F0FA
:102FF0000100401C607016F0AEF96064A06AD8B998
:10300000607800F00100B8B1606C16F097F90C49D7
:1030100009680968C98B88420ED9094806210268E7
:103020000648006808F078FC204600F089F800B1F6
:10303000B4E616F090F9606400BFAFE688010020A6
:103040008401002070B504466078C0F3C00048B128
:10305000002121626162002020646064607820F0B9
:10306000080060702049206A0860A56A0846006868
:1030700078B300BF00BF1D48082102681A480068E5
:1030800008F04AFC204600F05BF800B170BDDDB9E5
:10309000607800F0010058B9144804210268124811
:1030A000006808F039FC204600F04AF800B1EDE76E
:1030B0000E48072102680C48006808F02DFC2046E5
:1030C00000F03EF800B1E1E7002121620020206419
:1030D00060643DB12046F0F7E2FC204600F030F895
:1030E00000B1D3E700BFD1E78801002084010020B0
:1030F0004179C1F3400100291ED000224262826260
:10310000C262417921F0010242710022426482646C
:103110000283428390F8401021F00F0280F8402093
:1031200000228283C2838287C287417921F0020212
:1031300042710021014A116070470000880100209F
:1031400001464878C0F3400010B10020024A1060E8
:103150004878C0F340007047880100202DE9FE4FF9
:103160000646344694F82A0000F0010000284AD0B0
:10317000A08C072190FBF1F085B2E08C90FBF5F17B
:1031800005FB1100E084E08C032101FB0500E084D5
:10319000E08C90FBF5F105FB11002085208D0321CB
:1031A00001FB050020850021304610F036FA029020
:1031B0000021304610F0A3FA8146029808F012FD73
:1031C000074630460EF03CFD80463046FEF7FFF9DC
:1031D0000190E08C07EB090148430FFA80FA414661
:1031E00008EBD1725210384607EBD073A2EB6302A2
:1031F0000FFA82FBABEB0A0000B20090DDE9001091
:1032000012F01CFC00BFBDE8FE8F0000F8B50446BC
:10321000A56A8021284610F09FFB50B941F6FF7047
:10322000034642421146009004F1300002F082F859
:10323000A7E028460EF07EFF012804D0022816D011
:10324000032843D125E0E88A401C01B2002341F65F
:10325000FF722846FDF74AF86086E88A401E02B2EF
:10326000002352492846FDF741F8E08635E0B5F9DC
:103270001A10002341F6FF722846FDF737F86086E2
:10328000B5F91A20002349492846FDF72FF8E086B2
:1032900023E005F1140001F041FF074600EBD77071
:1032A0004110E88A084406B2002341F6FF72701C00
:1032B00001B22846FDF71AF86086701E02B200239C
:1032C0003A492846FDF712F8E08606E04EF2010181
:1032D000618641F6FF71E18600BF00BF28460EF00F
:1032E0001FFF012804D0022814D0032841D123E075
:1032F000B5F91410002341F6FF722846FCF75CFF75
:103300002086B5F91420002328492846FCF754FFED
:10331000A08635E0B5F91810002341F6FF72284663
:10332000FCF74AFF2086B5F9182000231F492846DC
:10333000FCF742FFA08623E005F1140001F061FFD5
:10334000074600EBD770A98A01EB600006B20023A4
:1033500041F6FF72701C01B22846FCF72DFF208653
:10336000701E02B2002311492846FCF725FFA086F3
:1033700006E04EF20101218641F6FF71A18600BFF1
:1033800000BF208E10B94EF201012186A08E10B927
:1033900041F6FF71A186608E10B94EF2010161867F
:1033A000E08E10B941F6FF71E186F8BD01E0FFFF44
:1033B0002DE9F04704460D4616461F4604F1380035
:1033C00000EBC61050F8278000BFB8F1000F03D102
:1033D00000BF00BF00BFFEE700BF00BF1DB900BFB8
:1033E00000BF00BFFEE700BFC5F80880EC60C8F86A
:1033F0000C5000BF2846F2F750FB82462846F2F7F1
:103400004CFB81460421F1F76EFE824503D000BFDC
:1034100000BF00BFFEE700BF04F1380000EBC6109C
:1034200040F827500121B14020690843206104F190
:10343000140050F826000121B940084304F114019A
:1034400041F82600BDE8F08770B505460C4600201F
:103450000F49086022461D21284608F05DFA0C48F5
:10346000006890B10A480068007808B9002070BD73
:10347000214607480068EDF703FA30B104480168B7
:10348000284615F013FA0020F1E70120EFE70000CD
:10349000580300202DE9F04F89B006460C4615462A
:1034A0001F4600BF00BF304610F08CFE10B909B0B7
:1034B000BDE8F08FB046AC4200D1F8E7B4F5B47F78
:1034C00002DDA4F5B47084B2B5F5B47F02DDA5F5D4
:1034D000B47085B2B8F82400204484B2B8F824004F
:1034E000284485B2B4F5B47F02DDA4F5B47084B28B
:1034F000B5F5B47F02DDA5F5B47085B208AA07A9B9
:103500003046FDF7DCFC394630460FF0D7FA8146ED
:10351000B246BB465122594650460FF099FF0390E0
:10352000039808B1012000E00020069004A9069845
:1035300008B1012000E00020CDE90059CDE90201E9
:10354000BDF820309AB2BDF91E10BDF91C0023460B
:1035500004F0F7FD04A9304610F0D5FD00BFA6E742
:103560001FB5044602AA03A92046FDF7A8FC6B4636
:10357000BDF9082003A92046FDF786FF69462046CD
:1035800010F0C1FD1FBD2DE9FF4781460C464FF6E7
:10359000FF70844201D1BDE8FF874E46308EA042C5
:1035A00000DCF8E7B06A00EBC40102A801F092FD6C
:1035B000694648460EF082FB002148460FF085FE22
:1035C0000746002148460FF007FD804648460EF0AA
:1035D00081FB824604F0D8FC05460A2195FBF1F0F8
:1035E000B84201DA384602E00A2095FBF0F007B253
:1035F0000A2095FBF0F0404501DA404602E00A203F
:1036000095FBF0F00FFA80F8BDF80800BDF8001047
:10361000C91B084400B2ADF80800BDF80A00BDF8A7
:103620000210A1EB0801084400B2ADF80A00BDF891
:103630000C00BDF800103944084400B2ADF80C008D
:10364000BDF80E00BDF802104144084400B2ADF8C8
:103650000E00B08EA0420ED1F06A30F8140000F4D3
:10366000007040B102A801F0A6FDBDF80A10081ACA
:1036700000B2ADF80A0002A9484610F044FD00BFB0
:1036800089E71CB5044621466846FDF7ADFE69464C
:10369000204610F038FD1CBD2DE9F04F87B00546DF
:1036A0000E462C46B4F88200B04202DC07B0BDE8FA
:1036B000F08F28460EF0E3FAB4F884104843001265
:1036C00007B228460EF046FC824694F88800C0F304
:1036D000C00018B9284610F0DCFCE7E794F8880031
:1036E00000F0070001287CD1002128460FF09BFA4A
:1036F0000690002128460FF0B0FC0590A98A059895
:10370000014406980844A0EB0A000FFA80FB4FF42E
:10371000A020029040F64902284602990FF098FE38
:103720000190019800B280464FF40031284610F015
:1037300082F8814600BFA88AADF80C00E88AADF88F
:103740000E00288BADF81000688BADF8120000BF9A
:10375000BDF80E0008EB0901401A00B2ADF80E00EA
:10376000BDF8120008EB0901084400B2ADF81200E0
:10377000B4F88200401EB0421FDD07FB06F0B4F82B
:103780008210491E90FBF1F05844A0EB0800A0EB1A
:10379000090000B2ADF80C00701C7843B4F8821038
:1037A000491E90FBF1F058444044484400B2ADF843
:1037B000100003A9284610F0A6FC002E21DD701E83
:1037C0007843B4F88210491E90FBF1F05844A0EB06
:1037D0000800A0EB090000B2ADF80C0007FB06F0F2
:1037E00000E00FE0B4F88210491E90FBF1F058445D
:1037F0004044484400B2ADF8100003A9284610F038
:1038000082FC4BE094F8880000F00700022838D1D1
:10381000002128460FF0D3FBB4F8841048434FEA48
:10382000202807EB0800B4F8821090FBF1F00FFAA3
:1038300080F909FB06F00FFA80FB002128460FF003
:103840000CFCA98A084458440FFA80FB05A92846B5
:103850000EF034FAABEB0A0000B2ADF81400BDF87C
:103860001400484400B2ADF81800BDF81400A0EBF5
:10387000080000B2ADF8140005A9284610F043FC7A
:103880000CE094F8880000F00700032803D12846D4
:1038900010F0FFFB02E0284610F0FBFB00BF05E73D
:1038A000014601F0030070B96420B1FBF0F200FBA7
:1038B000121030B94FF4C870B1FBF0F200FB1210D7
:1038C00008B9012070470020FCE700002DE9F74F00
:1038D00094B004460D46F249204610F048F810B165
:1038E00017B0BDE8F08F2046FDF752FB139020463D
:1038F000FEF7E8F91290129808B1139800B9EFE7B3
:103900002046FDF735FB06462046FEF7CBF9074675
:1039100000BF00200390E3480288204603990FF07F
:1039200097FD02900298C0B2119000BF0020039052
:10393000DD480288204603990FF08AFD0290029824
:10394000C0B21090286830F916100F9129681398AA
:103950003044401E31F81010AA6813983044401EBD
:1039600032F81000084400B20E90DDE90E01401A52
:1039700000B20D90686830F917100C9169681298C0
:103980003844401E31F81010EA6812983844401E3E
:1039900032F81000084400B20B90DDE90B01401A28
:1039A00000B20A90002120460FF0AFF8012809D19B
:1039B000119810B90220119004E01198022801D149
:1039C0000020119000BF208BA18A401A401C00B239
:1039D000099000BF608BE18A401A401C00B2089039
:1039E000119830B1012818D0022827D0032808D018
:1039F00000BF286830F916A0608C20F480606084D5
:103A00002CE0286830F916A00D980990608C20F4FD
:103A1000806000F58060608420E0296831F816300D
:103A2000099A0D99881A00EBD07103EB61010FFA26
:103A300081FA608C20F4806060840FE020460FF0F3
:103A40002EFF296831F816200D991144081A0FFA33
:103A500080FA608C20F48060608400BF00BF109802
:103A600030B1012818D0022827D0032808D000BF81
:103A7000686830F917B0608C20F4007060842CE026
:103A8000686830F917B00A980890608C20F40070CC
:103A900000F50070608420E0696831F81730089AFA
:103AA0000A99881A00EBD07103EB61010FFA81FBD0
:103AB000608C20F4007060840FE020460EF054F912
:103AC000696831F817200A991144081A0FFA80FB27
:103AD000608C20F40070608400BF00BF20460FF0AF
:103AE000DEFE0999884205D120460EF03DF908997D
:103AF00088422BD000BFA08AADF80800E08AADF85C
:103B00000A00208BADF80C00608BADF80E0000BFF2
:103B1000204610F0BEFA04F11400099901F017FCD8
:103B200004F11400089901F00CFC204610F0B1FAE1
:103B300002AA2921204607F0EFFE20460EF064F984
:103B400022462221019007F0E7FE00BF00200390EB
:103B500043F20C02204603990FF07AFC029002987F
:103B60000FFA80F800BF0020039043F20D022046B8
:103B700003990FF06DFC029002980FFA80F900BFD4
:103B800020460FF08CFE079020460EF0EDF80690D0
:103B900008F4C040B0F5005F01D1012000E0002032
:103BA00030B128F4C040B0F5FA6F01DC012000E02C
:103BB000002090B128F4C040B0F57A7F04DD28F4ED
:103BC000C040C0F57A7001E028F4C040079948432E
:103BD000642190FBF1F00FFA80F809F4C040B0F5D1
:103BE000005F01D1012000E0002030B129F4C04085
:103BF000B0F5FA6F01DC012000E0002090B129F45B
:103C0000C040B0F57A7F04DD29F4C040C0F57A7079
:103C100001E029F4C04006994843642190FBF1F08B
:103C20000FFA80F90AEB08000FFA80FA0BEB090093
:103C30000FFA80FB169800895044A18A401A00B2FE
:103C400005901698408900EB0B01E08A081A00B233
:103C50000490059808B90498F8B1204610F019FAB4
:103C6000A18A0598084400B2A082218B05980844D7
:103C700001B22183E18A0498084401B2E182618B98
:103C80000498084401B26183204610F002FA01232F
:103C90002046DDE9042110F0D9FA00BF20E600003B
:103CA00001000600CC010020D20100202DE9F041E6
:103CB00006460F461546002016F0BAFE04460DE0F3
:103CC00039462046B047012804D105B12C600120B7
:103CD000BDE8F081204616F0ABFE044624B16068D2
:103CE00020F040400028EBD10020F1E730B502463B
:103CF00014460B4620881D88A84203D020881D88C2
:103D0000401B30BD60885D88401BFAE730B5024635
:103D100014460B4620781D78A84203D020781D78E1
:103D2000401B30BD60785D78401BFAE770B50546F2
:103D30000C462646686820F040403168884204D12D
:103D40002846FCF739FF012070BD0020FCE72DE973
:103D5000F0410546284607F078FD0446284607F05E
:103D6000D5FD074638460EF04FF806462A2C01D0FE
:103D7000292C09D1002138460BF0A2FA304617F061
:103D8000A5FB304618F0F8FCBDE8F0812DE9F041C4
:103D9000044620460DF0F1FE0746002607E0A06825
:103DA000006850F826502846FFF7F0FF761CBE4208
:103DB000F5D394F8220000F0010008B9BDE8F081C5
:103DC000608C20F001006084204610F03CFD20460D
:103DD00010F0C8FBD7B1002120460EF0B8FF054611
:103DE0009DB10B48006885420FD8681E09490968D3
:103DF00001EBC000D0F80480681E0649096851F83C
:103E0000302041462046904700BF00BF00BFD5E7A5
:103E100098010020E80200202DE9F04F85B0074608
:103E20008B4691461E460E9DE86900FB0BF0801202
:103E30000490E86900280DDD0498484516DD95F8E2
:103E40002800C0F3400018B1012005B0BDE8F08F94
:103E50000020FAE70498484508DA95F82800C0F3EE
:103E6000400008B10120F0E70020EEE70BEB06016F
:103E7000E869484380120490E86900280BDD049843
:103E8000484514DA95F82800C0F3400008B1002036
:103E9000DBE70120D9E70498484508DD95F82800BC
:103EA000C0F3400008B10020CFE70120CDE7E8696A
:103EB000002806DD4FEA0920A969484380120390D3
:103EC00006E009F101000002A9694843801203904D
:103ED0000398001202900398C0B20190019810B9A3
:103EE0004FF0FF0807E00198C0F1FF00696A4843FE
:103EF000FF21A1EB20280298A0EB0B040198D8B178
:103F0000002C18DBB44216DA0198C0F1FF00C8F1AA
:103F1000FF014843FF21A1EB602000F0FF0A95F864
:103F20002800C0F3400008B1CAF1FF0A385D5146CD
:103F300016F0FFFB3855641C1BE0002C12DBB4426A
:103F400010DAA88CA8EB600000F0FF0A95F82800B2
:103F5000C0F3400008B1CAF1FF0A385D514616F0BF
:103F6000E8FB3855686AA8EB0008641CB44200DB23
:103F700002E0686A4045E0DB00BFB4421DDA002C75
:103F80001BDBA86900FB08F080120090009800FB82
:103F900008F0C0F3472AE869002801DACAF1FF0AED
:103FA00095F82800C0F3400008B1CAF1FF0A385D57
:103FB000514616F0BEFB385500BF95F82800C0F3F7
:103FC000400068B10298A0EB0B04B44201DD002070
:103FD0003BE7002C0FDB214638460BF07AFF0AE066
:103FE000641C002C01DA00202FE7B44203DC311BF3
:103FF00038190BF06EFF022027E72DE9FF4F87B03D
:1040000007468A461E46149DA869099948438012AE
:104010000690A869002802DD0698401C06900698C4
:1040200050450ADA95F82800C0F3400018B1012085
:104030000BB0BDE8F08F0020FAE7A8690999484362
:10404000801206900AEB06010698814208DA95F87C
:104050002800C0F3400008B10020E9E70120E7E7AD
:1040600009980002A96948438012059005984FEA13
:10407000202B0598C0B204900998401C0002A96941
:104080004843801203900398001202900398C0B234
:104090000190ABEB0A040298834509D0A869002877
:1040A00006DA049820B9FF200490DDF808B0641EF9
:1040B0000298834534D1002C12DBB44210DA019906
:1040C00004980844C0F3470895F82800C0F340005E
:1040D00008B1C8F1FF08385D414616F02AFB385593
:1040E000641C95F82800C0F3400060B1ABEB0A04F3
:1040F000B44201DB00209BE7002C03DB214638465D
:104100000BF0E7FEC9E0B44200DD34460CB90020F4
:104110008EE7002CF6DD311B38190BF0DAFEBCE01F
:10412000A86900285ADAE8694042049948434FEAEE
:10413000A029002C12DBB44210DA049809FB00F02D
:10414000C0F3472895F82800C0F3400008B1C8F133
:10415000FF08385D414616F0ECFA3855641EC9F187
:10416000FF00A9694942484380120090002C16DBE9
:10417000B44214DAC9F1FF0000994843FF21A1EBD2
:10418000602000F0FF0895F82800C0F3400008B157
:10419000C8F1FF08385D414616F0CBFA3855A41C2B
:1041A00095F82800C0F3400068B1ABEB0A00441E4C
:1041B000B44201DD344610E0002C0EDD21463846C5
:1041C0000BF087FE09E0B44201DD012030E7002C4E
:1041D00003DB311B38190BF07CFE5DE00498C0F165
:1041E000FF00E96948434FEAA029002C17DBB442DD
:1041F00015DA0498C0F1FF0000FB09F0FF21A1EBE4
:10420000602000F0FF0895F82800C0F3400008B1D6
:10421000C8F1FF08385D414616F08BFA3855641C2A
:10422000C9F1FF00A969484380120090002C13DBFC
:10423000B44211DAC9F1FF0000994843C0F347289E
:1042400095F82800C0F3400008B1C8F1FF08385DB8
:10425000414616F06EFA3855641C95F82800C0F3F4
:10426000400060B1ABEB0A04B44201DD0020DFE6A0
:10427000002C10DB214638460BF02BFE0BE0B4423D
:1042800000DD34460CB90020D2E6002C03DD311BE2
:1042900038190BF01EFE00BF00BF0220C8E62DE952
:1042A000F843044627467D6AA84609F0EFFB064618
:1042B000C6B1304609F03FFC012804D0304609F071
:1042C0003AFC03280ED16946304609F0F9FBBDF9E6
:1042D00002102846FCF76AFFA8F83A0020460FF0C3
:1042E000D8FE00BFBDE8F8832DE9FC470546A84687
:1042F000D8F824703C4609F0C9FB8146484609F0CD
:104300001AFC04280ED1E08E208738460DF022FDDD
:104310008246504608F008F918B10021504608F0CE
:10432000A6F900BF484609F006FC012804D048461B
:1043300009F001FC03280CD16946484609F0C0FB8E
:10434000BDF902103846FCF731FFE086E08E208789
:1043500000BF384606F06FFEA06A10B938460FF06D
:1043600098FEE08E019001AA1C21384607F0D4FA8D
:104370000646012E02D03046BDE8FC870120FBE74F
:104380002DE9F04105460E464FF000081148EFF7C1
:104390003CFD044618E021460E48EFF74EFD074667
:1043A0002068A84200D075B96068B04200D056B904
:1043B00021460848EFF7A8FD20460BF073FBF1F704
:1043C0007BF84FF001083C46002CE4D14046BDE8A4
:1043D000F08100001845002070B506460D460B48D8
:1043E000EFF713FD04460DE02068B04205D1606888
:1043F000A84200D00DB9204670BD21460348EFF712
:104400001CFD0446002CEFD10020F5E718450020E4
:1044100010B50446402120460BF05BFD4FF4FA70C6
:10442000A0620020E061642060620120A08705484E
:10443000A06194F83E0020F00100401C84F83E008A
:1044400010BD0000CF440108F8B504464FF4806069
:10445000009000231946D4E90A200BF041FA0646E1
:104460004FF480604FF46E7332220021009030468A
:1044700001F092F90746E169606A401A00FB07F50E
:10448000AD12E06905442846F8BDF8B504464FF47E
:104490008060009000231946D4E90A200BF020FA2E
:1044A00006464FF4806040F2B6334FF4617200214B
:1044B0000090304601F070F90746E169606A401AE1
:1044C00000FB07F5AD12E06905442846F8BDF8B5D4
:1044D00004464FF48060009000231946D4E90A2076
:1044E0000BF0FEF90646E169606A401A00FB06F52A
:1044F000AD12E06905442846F8BD0146D1E90A201D
:10450000904201DB486A7047C869FCE74A42C262D0
:10451000704741607047416070474160704741603B
:1045200070474160704781617047816170474163A6
:104530007047C1607047C160704781877047816272
:104540007047816270478162704781627047C161C4
:10455000016242627047C161016242627047C1619B
:10456000016242627047C161016242627047C1618B
:1045700001624262704701607047016070470160EC
:10458000704730B503468D1A002D01DD8D1A00E00D
:10459000551A2C464FF47A756543B5FBF3F000B914
:1045A000401C30BD70B50546686818B1D5E90001FA
:1045B000FFF7E6FE2148EFF79BFC18B114F0CBFEA5
:1045C0001F4908601D48EFF753FC044600BF1CB9A3
:1045D00000BF00BF00BFFEE700BF0CB9002070BDE8
:1045E0004022294620460BF0E6FA2868A84200D16E
:1045F00024601448017814F83E0F61F382002070A3
:1046000014F83E0900F00100A0B1206950B1204625
:10461000216988470646E0693044E061606A3044B9
:10462000606200BF606828B1206818B1D4E9000258
:10463000E1699047F0F740FF2046D0E71845002099
:10464000DC020020E102002070B506460C4625463B
:104650000020A884872068852D20A8858720E884ED
:1046600040002885A88E20F00600A8864FF4004060
:10467000E885A88E20F008000830A886002028864B
:1046800064206886A88E20F00100A8864FF434705C
:10469000E88614F060FEA863288D00B2A887022186
:1046A00020460CF001F84FF4407120460CF018FD44
:1046B0000D21204610F0F0FD70BD00002DE9F04FF7
:1046C000ABB08346584607F021F982465446584617
:1046D00007F0C3F82A9028AA29A95046FCF7EFFB57
:1046E00016A82A990CF0E0FFBDF9A000002831DDE2
:1046F00012A803F0FAFC12AA002150460FF07EF92E
:1047000000202390634817900020189029A81F903C
:10471000BDF9A000ADF8940012A81E9016AA1A21A7
:10472000504607F0F9F8A08DA18C084480B2618D45
:10473000A28C114489B2CDE90010BDF8940083B277
:1047400029AA12A92A9803F0B2FC16AA1B215046E6
:1047500007F0E2F84FF4003150460EF098FC0646A0
:104760004FF4003150460EF03BFD07464FF4003148
:1047700050460EF0F8FD80464FF4003150460EF0E2
:10478000A9FB0546BE4201DD304600E03846A8459B
:1047900001DD414600E02946884205DDBE4201DDDB
:1047A000304606E0384604E0A84501DD404600E01A
:1047B0002846BDF8A010081A0FFA80F9B9F1000FC9
:1047C0003BDD12A803F091FC12AA4FF400315046D1
:1047D0000FF014F94FF4003023902E481790012069
:1047E000189029A81F90ADF8949012A81E9016AAB0
:1047F0001A21504607F090F8BDF94A00BDF994100F
:10480000884203DDBDF89400ADF84A00208DA18CEC
:10481000084480B2E18CA28C114489B2CDE9001029
:10482000BDF8940083B229AA12A92A9803F03FFC8C
:1048300016AA1B21504607F06FF810ABBDF9A02057
:1048400029A95046FCF720FE02A805F0C5FA02AAE5
:104850004FF4403150460FF06DFA4FF44030239042
:104860000C4817900220189010A8199002A81A90CE
:1048700016AA1A21504607F04FF810AA02A92A9842
:1048800005F08EFA16AA1B21504607F045F82BB00A
:10489000BDE8F08FD84B03082DE9F34F8DB0F948F0
:1048A0000E990DF027F90C900C98012802D00FB04A
:1048B000BDE8F08F0E9806F0C8FF06460E9807F088
:1048C00025F80B900E9807F021F80446022E7CD1B3
:1048D00009F0DCF80A900A9800B9E8E70A9809F0AC
:1048E0002AF909900998012800D0E0E708A90A9858
:1048F00009F0E6F806AA07A90B98FCF7E0FABDF85C
:104900002000BDF81C10401A00B2ADF82000BDF820
:104910002200BDF81E10401A00B2ADF8220094F833
:10492000340000F00100002849D14FF400310B9809
:104930000EF0C4F80190BDF818100198081A00B2E2
:1049400006904FF480310B980FF006F830B1BDF8A7
:1049500018100198081A00B2069015E0BDF9181059
:10496000CA1701EB92729310019A934206DDBDF9CA
:104970001800C21700EB9272921000E0019ABDF885
:1049800018309A1A12B20692BDF91800012801DAFD
:1049900001200690BDF920004043BDF9221001FB23
:1049A0000101BDF918004043814207DDA08E20F0CF
:1049B0000100401CA08614F0CEFCA06300BF94F858
:1049C000340000F0010008B971E7B9E0BDF820003B
:1049D00018B9BDF8220000B969E7A08D0FFA80FA76
:1049E000A08D618D884204DAA08D00F5B4700FFAB5
:1049F00080FABDF92010BDF9220000F0AEFC05B22E
:104A0000A08C281A05B2608D281A05B2002D02DA92
:104A100005F5B47005B2608DAAEB00000FFA80FBBB
:104A2000A08F618D401A00B205900598281A07B230
:104A3000002F01DD384600E07842B0F58C7F08DDBC
:104A400094F83400C0F3C00008B1002510E05D46C2
:104A50000EE00BEBDB71B5EB610F05DAA08E20F0F9
:104A600008000830A08603E0A08E20F00800A08691
:104A70000598281A07B2A06B14F060FC0490E18E30
:104A8000049841434FF47A70B1FBF0F00FFA80F9CB
:104A90004F4501DD4F4606E0C9F10000874202DACA
:104AA000C9F1000007B20598384405B2B4F93200E4
:104AB000B4F93010401A618DAAEB0101C90091FBD5
:104AC000F0F003900398001D001103900398284410
:104AD00005B2608D284405B2B4F92E000290B4F9F5
:104AE00032000090B4F93030618D524628460AF009
:104AF000F7FE0FFA80F80B9800F04AF9404513D002
:104B000014F029FCA06341460B9800F07AFA029851
:104B1000804509D000221C210B9806F0FDFE0C9068
:104B20000C98012800D0C2E6B4F93000404503D00B
:104B3000B4F93200404502D114F00DFCA06325E128
:104B4000082E01D0032E19D1A08E20F00100A086DE
:104B50000B980DF0FFF88046404607F0E5FC05464F
:104B600008F094FF814608F0E6FF0746042F04D1C1
:104B70001DB10021404607F07AFD07E10D2E31D12D
:104B80000E9806F0C0FE0578B4F92E70132D01D0F2
:104B9000112D0AD10B9800F0FBF8401C0FFA80F899
:104BA00041460B9800F02DFA0DE0142D01D0122D86
:104BB00009D10B9800F0ECF8401E0FFA80F841463E
:104BC0000B9800F01EFAB4F92E00B84209D000226A
:104BD0001C210B9806F0A0FE0C900C98012800D028
:104BE00065E6D3E0112E4FD10E9806F08CFE0746F5
:104BF00009AA0AA90B98FCF762F900250B988068AE
:104C000018B10B988068B0F9145000210B980DF082
:104C100055FF804608EB0500BDF82410081A00B2C5
:104C20000990BDF82A00BDF82410084400B2009095
:104C3000BDF82800084403B2BDF82A00401A02B2A9
:104C4000BDF82800401A01B207A800F073FB47F630
:104C5000FF7207A83968EDF798FE10B1002038718F
:104C600025E608EB450002B208EB450001B207A8B3
:104C700000F03EFB47F6FF7207A83968EDF785FEA6
:104C8000387183E0D84B0308132E7AD100210B989A
:104C90000EF0FDF90A9000210B980EF0A1FA099090
:104CA00000210B980EF05FFB089000210B980EF08E
:104CB00011F90790DDE90910884201DD0A9A00E048
:104CC000099ADDE90710884201DD089800E007989D
:104CD000824207DDDDE90910884201DD0A9808E01B
:104CE000099806E0DDE90710884201DD089800E038
:104CF000079806904FF440310B980EF0C8F98046A3
:104D00004FF440310B980EF06BFA81464FF440316E
:104D10000B980EF028FB82464FF440310B980EF0B2
:104D2000D9F80746C84501DD404600E04846BA4587
:104D300001DD514600E03946884205DDC84501DD08
:104D4000404606E0484604E0BA4501DD504600E032
:104D50003846801C0FFA80FB0E9806F0D4FD0546FD
:104D6000B5F900100698ABEB0000814203DDB5F900
:104D7000000003E005E00698ABEB000000B22880DD
:104D800004E0152E02D10E98FFF798FC00BF8EE5C7
:104D9000014600BF00BFB1F92E00704770B505464F
:104DA0000E4614462146284600F094F8314628461F
:104DB00000F0E1F870BD70B505460E461446214678
:104DC000284600F005F83146284600F042F870BD4C
:104DD0002DE9F04180460F4600BF00BF4646B7F5BB
:104DE000B47F02DDA7F5B47087B2B08D718D401A23
:104DF00004B2708D381A05B2002C02DA04F5B470D2
:104E000004B2002D02DA05F5B47005B2281B0028A3
:104E100001DD281B00E0601BB42803DD40460FF0D5
:104E200038F910E0A54206DAB28D00233946404633
:104E3000FEF730FB07E0AC4205DAB18D00233A46BD
:104E40004046FEF727FBB78540461BF07FFABDE8DA
:104E5000F0812DE9F04180460F4600BF00BF464675
:104E6000B7F5B47F02DDA7F5B47087B2B08D718D50
:104E7000401A04B2B08DC01B05B2002C02DA04F552
:104E8000B47004B2002D02DA05F5B47005B2281B27
:104E9000002801DD281B00E0601BB42803DD40462C
:104EA0000FF0F7F810E0A54206DA718D00233A46BC
:104EB0004046FEF7EFFA07E0AC4205DA728D0023B8
:104EC00039464046FEF7E6FA778540461BF03EFA43
:104ED000BDE8F0812DE9F04180460F4600BF00BFDC
:104EE0004646B7F5B47F02DDA7F5B47087B2308DC2
:104EF000F18C401A04B2F08C381A05B2002C02DA98
:104F000004F5B47004B2002D02DA05F5B47005B2F0
:104F1000281B002801DD281B00E0601BB42803DDEE
:104F200040460FF0B6F812E0A54207DA328D4FF492
:104F3000003339464046FEF7ADFA08E0AC4206DAE7
:104F4000318D4FF400333A464046FEF7A3FA40460F
:104F5000FEF706FB37854046FEF702FBBDE8F08111
:104F600070B504460D4600BF00BF2646B5842046F6
:104F70000FF08FF870BD2DE9F04180460F4600BF5D
:104F800000BF4646B7F5B47F02DDA7F5B47087B21F
:104F9000308DF18C401A04B2308DC01B05B2002C4C
:104FA00002DA04F5B47004B2002D02DA05F5B4702B
:104FB00005B2281B002801DD281B00E0601BB42877
:104FC00003DD40460FF065F812E0A54207DAF18CE8
:104FD0004FF400333A464046FEF75CFA08E0AC4234
:104FE00006DAF28C4FF4003339464046FEF752FAA7
:104FF0004046FEF7B5FAF7844046FEF7B1FABDE841
:10500000F0812DE9F04107460D4600BF00BF3C4648
:10501000B4F92E00A84201D1BDE8F081B4F9320004
:10502000A84202DAB4F9320000E028460646B4F994
:105030003000B04202DDB4F9300000E030460646F0
:10504000B4F92E00B04200D1E6E7E68538461BF001
:105050007DF900BFE0E70A8802804A8842808A889A
:105060008280CA88C28070470A8802804A8842804B
:105070008A888280CA88C28070470A8802804A88EB
:1050800042808A888280CA88C28070470A880280EB
:105090004A8842808A888280CA88C28070470A888B
:1050A00002804A8842808A888280CA88C28070478B
:1050B0000A8802804A8842808A888280CA88C280A0
:1050C00070470A8802804A8842808A888280CA881B
:1050D000C28070470A8802804A8842808A8882801B
:1050E000CA88C28070470A8802804A8842808A88BB
:1050F0008280CA88C28070470A8802804A884280BB
:105100008A888280CA88C28070470A8802804A885A
:1051100042808A888280CA88C28070470146C888D7
:105120004A88801A401C00B270470146C8884A88E5
:10513000801A401C00B270470146C8884A88801A0D
:10514000401C00B270470146C8884A88801A401C3B
:1051500000B270470146C8884A88801A401C00B2D5
:1051600070470146C8884A88801A401C00B27047C0
:105170000146C8884A88801A401C00B27047014620
:10518000C8884A88801A401C00B270470146C88807
:105190004A88801A401C00B270470146C8884A8875
:1051A000801A401C00B270470146C8884A88801A9D
:1051B000401C00B270470146C8884A88801A401CCB
:1051C00000B270470146C8884A88801A401C00B265
:1051D00070470146C8884A88801A401C00B2704750
:1051E00010B50146B1F90420B1F90030D21A521CB1
:1051F000B1F90630B1F902401B1B5B1C02FB03F046
:1052000010BD014688880A88801A401C00B2704789
:10521000014688880A88801A401C00B270470146FF
:1052200088880A88801A401C00B270470146888826
:105230000A88801A401C00B27047014688880A8894
:10524000801A401C00B27047014688880A88801A7C
:10525000401C00B27047014688880A88801A401CAA
:1052600000B27047014688880A88801A401C00B244
:105270007047014688880A88801A401C00B270472F
:10528000014688880A88801A401C00B2704701468F
:1052900088880A88801A401C00B2704701468888B6
:1052A0000A88801A401C00B27047014688880A8824
:1052B000801A401C00B27047014688880A88801A0C
:1052C000401C00B27047014688880A88801A401C3A
:1052D00000B27047014688880A88801A401C00B2D4
:1052E0007047014688880A88801A401C00B27047BF
:1052F00003885B1A1BB2038083880B441BB2838034
:1053000043889B1A1BB24380C38813441BB2C380DB
:10531000704703880B441BB2038083880B441BB285
:105320008380438813441BB24380C38813441BB259
:10533000C380704710B5029C018042808380C48086
:1053400010BD42880A44521E12B2C28070470288C1
:105350000A44521E12B282807047F0B506460D46CE
:105360000024002E02DA601CC4B276423746002DBB
:1053700002DAA01CC4B26D42AC46674509D9CCEB39
:105380000C1000EB4000B0FBF7F304F11000C4B2C6
:1053900005E0C7EB071000EB4000B0FBFCF3002278
:1053A000D9B2162910DD2C2901DC501CC2B22929E2
:1053B00001DC501CC2B2252901DC501CC2B22029DC
:1053C00012DC501CC2B20FE0022901DB501CC2B239
:1053D000062901DB501CC2B20A2901DB501CC2B2F3
:1053E0000F2901DB501CC2B2134404F0100008B1B5
:1053F000C3F15A0304F0020038B104F0010008B10F
:10540000B43307E0C3F1B40304E004F0010008B1D1
:10541000C3F5B47398B2F0BD70B504460D46264688
:10542000F56030680EF035FE70BD2DE9F04106469E
:10543000346827683D464FF0FF30E06005F13C00DE
:10544000844202D1A068686205E005F14C00844204
:1054500001D1A068286320680EF01BFEBDE8F08132
:1054600070B506460C4625460020A8626420E86216
:10547000002028636862A88600212987E986698759
:1054800085F85C0005F13C01204600F0C8F805F104
:105490004C01204600F0C3F8082120460BF020FE06
:1054A000102120460BF01CFE00221146204600F081
:1054B000F3F870BD70B506460C462546002105F18F
:1054C0003C00FEF75DFF002105F14C00FEF758FFA0
:1054D00070BD00002DE9F34F83B03C4804990CF0F7
:1054E00009FB02900298012802D005B0BDE8F08FB8
:1054F000049806F0AAF90546049806F007FA06464D
:10550000132D50D14FF4003130460BF070FC019058
:10551000049806F0F8F90446B4F9001001988142A5
:1055200002DDB4F9000000E001982080002130463F
:105530000DF0BAFD8046002130460DF05EFE81463A
:10554000002130460DF01CFF8246002130460DF050
:10555000CEFC0746C84501DA404600E04846BA4559
:1055600001DA514600E03946884205DAC84501DAD9
:10557000404606E0484604E0BA4501DA504600E0FD
:1055800038468346BBF1000F0CDAB4F90000CBF1CA
:105590000001884202DDB4F9000001E0CBF1000017
:1055A00000B220800FE0012D01D0082D06D1344635
:1055B00004F1340130460EF0A6FD04E0152D02D1B1
:1055C0000498F4F715F900BF8FE70000F44B0308C7
:1055D000014600BF00BF0A4692F85C0000F00300DD
:1055E0007047024600BF00BF114691F85C0000F012
:1055F0000300022801D0886A7047886D401C08B1FA
:10560000486DF9E7086BF7E7024600BF00BF114697
:10561000886C401C08B1486C7047486AFCE7086019
:1056200000224A608A60521ECA607047F8B506467A
:105630000D46174600BF00BF344694F85C0000F0EA
:105640000300022800D0F8BDD4E90A10A84201DD09
:10565000284600E0E06A814201DDA06A05E0E06AD8
:10566000A84201DD284600E0E06A0546606AA842DB
:1056700001DA606A00E028460546206BA84200D1A6
:10568000E1E704F14C0304F130022946304600976B
:1056900000F036F800BFD6E7F8B506460D461746C7
:1056A00000BF00BF3446606AA84200D1F8BDD4E90B
:1056B0000A10A84201DD284600E0E06A814201DDCF
:1056C000A06A05E0E06AA84201DD284600E0E06A41
:1056D0000546206BA84201DD206B00E02846054608
:1056E000606AA84200D1E1E704F13C0304F124021E
:1056F00029463046009700F003F800BFD6E70000C7
:105700002DE9F04792B007460D4616461C46DDF8D7
:105710006890B9F1000F04D1356038460EF0B9FC3D
:1057200033E0E068401C18B930686060A56002E0B2
:10573000A0686060A560356000212046FEF720FE6D
:1057400002A8FEF765FE00BF029400BF1048039058
:1057500000BF00204FF4807109900A900B9100BFA8
:105760000C48059000BF4FF0000A652251463846AC
:105770000DF06EFE0190DDF8048000BFCDF83080A2
:1057800000BF02A8FEF70EFF00BF12B0BDE8F08711
:10579000195401082B5401082DE9F04F04460D4619
:1057A000C4F5806101FB01F0860A06FB01F04FEAB7
:1057B000902C04FB04F0870A07FB04F04FEA9028C2
:1057C0000CFB05F04FEA902906EB4600604350437E
:1057D0004FEA105A01EB4100784358434FEA105BFF
:1057E000099808FB00F04FEA902E09EB0A00584494
:1057F0007044BDE8F08F70B505460C461021204678
:105800000BF06EFC4FF4806120460AF04DFF70BD36
:1058100070B5044600BF00BF214604480BF0B1FB41
:10582000054628460BF022FC284670BD104C0308A4
:105830002DE9F04107460C46164600BF00BF3D4625
:10584000288EA04201DCBDE8F081E86A30F814003F
:10585000B043E96A21F8140021463846FDF793FE6B
:1058600006F4007010B138460FF090F900BFEAE777
:105870002DE9F04105460E4600BF00BF2F4600242B
:1058800006E0324621462846FFF7D2FF601C84B26C
:10589000388EA042F5DCBDE8F081000070B5064608
:1058A0000C4625460020288668864FF6FF70A8869D
:1058B0000020A862E862686285F836000249204646
:1058C00000F022FC70BD00003C03002070B50446CF
:1058D00000BF00BF214604480BF053FB0546284695
:1058E0000BF0C4FB284670BD2C4C030870B506466F
:1058F0000C462546A86A0AF0D5F8E86A0AF0D2F8FC
:105900000020A862E86270BD2DE9F34F83B0FB4828
:1059100004990CF0EFF80746012F02D005B0BDE85E
:10592000F08F049805F091FF0546049805F0EEFF0E
:1059300080464446132D18D1049805F0E4FF06462E
:105940004046FCF71DFC68B1608E002806DD40462D
:105950000CF076F9618E90FBF1F000E0002000B2CF
:10596000308001E00020308000BF2A2D04D1404665
:10597000616A00F0C9FB29E3292D04D14046616A20
:1059800000F0C2FB22E3012D60D1049805F0BBFFBB
:105990008246A18E4046FDF7F6FD08F077F80646F0
:1059A00008F0C9F88146B9F1010F02D0B9F1030F2F
:1059B0001ED102A9504608F083F802A94046FBF721
:1059C0006DF906464FF6FF70864210D0E16A31F855
:1059D0001600F0F721F950B9E16A31F81600F0F736
:1059E00017F920B9A686A18E4046FDF7CCFD00BF71
:1059F000A08E4FF6FF71884227D0A28EE16A31F85F
:105A00001200F0F701F900BBA28EE16A31F8120032
:105A1000F0F706F9C8B9A28EE16A31F81200F0F782
:105A2000FBF890B9A28EE16A31F81200F0F7F0F8B5
:105A300058B9A08E019001AA1C21404605F06CFFC8
:105A40000746012F00D069E700BFBFE2022D59D100
:105A5000049805F058FF82464FF6FF7608F016F8D6
:105A60008346584608F067F88146B9F1040F02D022
:105A7000B9F1020F00D151E702A9584608F020F809
:105A800002A94046FBF70AF90646A08EB04238D07C
:105A9000A08E4FF6FF71884203D0A18E4046FDF7DD
:105AA00072FDA686504608F049F94FF6FF7086420F
:105AB00027D0E16A31F81600F0F7AEF808BBE16ACA
:105AC00031F81600F0F7A4F8D8B931464046FDF792
:105AD0005AFDE16A31F81600F0F796F888B9A28EFF
:105AE000E16A31F81200F0F79BF850B9019601AA6B
:105AF0001C21404605F010FF0746012F00D00DE79E
:105B000000BF63E2082D69D1A08E4FF6FF71884275
:105B10005FD0A28EE16A31F81200F0F76DF880B321
:105B2000A28EE16A31F81200F0F776F848BBA28E37
:105B3000E16A31F81200F0F75BF878B194F83600BA
:105B400000F0010050B9A18EE06A30F8110020F099
:105B50008000A28EE16A21F8120009E0A18EE06ABD
:105B600030F8110040F08000A28EE16A21F81200A6
:105B700094F8360000F0010018B1A18E404614F0F0
:105B8000F3FAA28EE16A31F81200F0F73DF830B96D
:105B9000A28EE16A31F81200F0F742F8C8B1A28E85
:105BA000E16A31F81200F0F737F890B9A28EE16A95
:105BB00031F81200F0F72CF858B9A08E019001AA24
:105BC0001C21404605F0A8FE0746012F00D0A5E69F
:105BD00000BFA18E4046FDF7D6FCF7E1062D28D187
:105BE000A08E4FF6FF7188428BD0A28EE16A31F809
:105BF0001200F0F71DF80028EFD1A28EE16A31F80B
:105C00001200F0F709F80028E7D1A28EE16A31F816
:105C10001200EFF7FDFF0028DFD1A08E019001AA4E
:105C20001C21404605F078FE0746012F00D075E69E
:105C3000CCE1032D07D1A18E4046FDF7A4FC4FF621
:105C4000FF70A086C2E10E2D5ED1049805F05BFEC8
:105C50008246504607F06FFF8346BAF1000F07D126
:105C6000002007F019FF8246504607F064FF834684
:105C700040460CF06FF8064606F056FC8146A08EB2
:105C80004FF6FF7188423ED1BBF1020F05D0BBF148
:105C9000040F35D1B9F1000F32D0002694F8360048
:105CA00000F00100B8B100E0761CE16A31F816009E
:105CB000EFF7AEFF0028F7D1E16A31F81600EFF7F1
:105CC000ABFF0028F0D1E16A31F81600EFF798FF3A
:105CD0000028E9D00FE000E0761CE16A31F81600F8
:105CE000EFF796FF0028F7D1E16A31F81600EFF7D9
:105CF00093FF0028F0D1A68605E000002C4C030895
:105D00004FF6FF70A08661E10F2D01D0102D0CD150
:105D1000A08E4FF6FF71884203D0A18E4046FDF75A
:105D200032FC4FF6FF70A08650E10D2D79D1A18E87
:105D30004046FDF728FC049805F0E5FD90F800903A
:105D4000B9F1130F2BD1A08E4FF6FF71884202D10B
:105D50000020A08602E0A08E401CA086A08E218E8E
:105D6000884201DB0020A08608E0A08E401CA086AF
:105D7000A08E218E884201DB0020A086A28EE16ADF
:105D800031F81200EFF744FF0028EED1A28EE16A4D
:105D900031F81200EFF740FF0028E6D10CE1B9F12D
:105DA000140F2ED1A08E4FF6FF71884201D1002032
:105DB000A086A08E18B9208E401EA08605E0A08E79
:105DC000002802DDA08E401EA08609E0A08E0028DB
:105DD00003DDA08E401EA08602E0208E401EA0861D
:105DE000A28EE16A31F81200EFF712FF0028EDD120
:105DF000A28EE16A31F81200EFF70EFF0028E5D11C
:105E0000DAE0B9F1120F6AD1002140460DF0E4F852
:105E10008346A08E4FF6FF7188421DD10020A086D8
:105E200009E0CEE0A08E401CA086A08E218E884284
:105E300001DB0020A086A28EE16A31F81200EFF7A4
:105E4000E7FE0028EED1A28EE16A31F81200EFF7EA
:105E5000E3FE0028E6D141E0A28EA16A01EBC20078
:105E6000FFF731FAA28EA16A31F8321001EB60001F
:105E70000FFA80FAA68E28E0A06A00EBC600B0F9FF
:105E80000200A28EA16A01EBC201B1F902108842A0
:105E900019DDA06A30F93600504514DCA06A00EB29
:105EA000C600B0F90400584450450CDBE16A31F8F3
:105EB0001600EFF7B1FE30B9E16A31F81600EFF7DE
:105EC000A7FE00B904E0701C86B2208EB042D3DC7D
:105ED00000BF208EB04200DDA68600BF6CE0B9F1A5
:105EE000110F69D1002140460DF076F88346A08E4F
:105EF0004FF6FF7188421CD10020A08608E0A08EDA
:105F0000401CA086A08E218E884201DB0020A08646
:105F1000A28EE16A31F81200EFF77AFE0028EED186
:105F2000A28EE16A31F81200EFF776FE0028E6D182
:105F300041E0A28EA16A01EBC200FFF7C4F9A28E74
:105F4000A16A31F8321001EB60000FFA80FAA08EDE
:105F500006B229E0A06A00EBC600B0F90200A28EEA
:105F6000A16A01EBC201B1F9021088421ADAA06AF3
:105F700030F93600A0EB0B00504513DCA06A00EBB3
:105F8000C600B0F9040050450CDBE16A31F8160098
:105F9000EFF742FE30B9E16A31F81600EFF738FE4C
:105FA00000B903E0701E06B2002ED3DA00BF002E47
:105FB00000DBA68600BF00BFA18E4046FDF7E3FAD6
:105FC00004E0152D02D10498F4F714FF00BFA5E4F6
:105FD0002DE9F04180460E4600BF00BF4FF6FF702E
:105FE000864202D10020BDE8F0814446208EB042B6
:105FF00001DA0020F7E7002500270CE0781C87B2C3
:10600000681C85B2616A51F8250008A1EAF738FCDE
:1060100008B9681C85B2B742F0D1208EB84201D1D0
:106020000020E0E7606A50F82500DCE70A00000085
:10603000014600BF00BF0A46908E704710B5034668
:1060400000BF00BF1C46208E884201DC002010BD2E
:10605000E06A30F811001040904201D10120F6E7CB
:106060000020F4E72DE9F04107460D46164600BF33
:1060700000BF3C46208EA84201DCBDE8F08194F8C8
:10608000360000F0010030B106F0800018B1802128
:106090003846FFF7EDFBE06A30F815003043E16A5F
:1060A00021F8150029463846FDF76DFA06F4007010
:1060B00010B138460EF06AFD00BFDEE72DE9F04171
:1060C00005460E4600BF00BF2F46002406E03246BC
:1060D00021462846FFF7C6FF601C84B2388EA042D6
:1060E000F5DCBDE8F08170B504460E4600BF00BF88
:1060F0002546298E4A003146E86A09F05CFD2046B3
:10610000696A00F001F870BD2DE9F34F91B0804647
:1061100000BF00BF129810B913B0BDE8F08F44461D
:1061200040461299EFF700F8129E6662002541F290
:106130006A42294620460DF08BF908900898C0B2B3
:106140001090002140460CF0BCFF0F90002140460B
:106150000DF023F90E90002140460DF0B6F80D9099
:10616000002140460CF038FF834640460BF087FD87
:106170000C9040460BF064FD0B90628E521E0D9900
:106180000B9801FB120000B20A9000200990814692
:10619000129E0027A1E00020089000250CE009EBEA
:1061A0000502E16A31F81200FAF776FE0899084410
:1061B00080B20890681C85B256F8250050B156F898
:1061C00025004CA1EAF75CFB20B156F825000078C9
:1061D0000028E4D11DB9681C06EB80067CE00A9813
:1061E0007843618EB0FBF1F10E9801440D9807FBE6
:1061F000001000B20790791C0A984843618EB0FBEA
:10620000F1F10E9801440D9807FB0010401E00B2FA
:106210000690691E0C980BFB110000B205900598C2
:10622000002801DA002005900020049082464DE00D
:10623000E16A31F81900FAF72FFE0390DDE9041046
:1062400048430899B0FBF1F00AFB0B0000B2029042
:10625000DDE903100844059948430899B0FBF1F0C3
:106260000AFB0B00401E00B20190109801280ED1CD
:106270000298019902910190029A0C99891A09B227
:1062800002910C990198091A09B2019100BF0F9966
:106290000298084400B202900F990198084400B295
:1062A000019006980090A16A01EBC900DDE9013177
:1062B000079AFFF73FF8DDE90310084404900AF15C
:1062C000010A09F101090998401C0990AA45AFD3B8
:1062D000681C06EB800600BF7F1C608EB8423FF64C
:1062E0005AAF40460EF052FC40460DF0D2FE00BFC1
:1062F00012E700000A00000070B504460D4600BF1A
:1063000000BF264686F836500021204613F02CFFA9
:1063100070BD70B506460C4600BF00BF3546288EDE
:10632000A04204DC4FF6FF70844200D070BDA98EFD
:106330003046FDF728F9AC8621463046FDF723F9B3
:1063400000BFF3E72DE9F04781460D462C4640F2A9
:10635000E470208501212A2001552B20015540F2AF
:10636000E470A0852E2001552F20015500202063C8
:10637000A086A82104F58C7009F0ABFD002700264B
:1063800026E06EB1701CC11700EB5171C910A0EB73
:10639000C10129B931A104F1380040F8261015E0F7
:1063A000082E07DA2E4850F8261004F1380040F87D
:1063B00026100BE0782104F58C7000F8271000EB14
:1063C0008701E03840F82610781CC7B2701CC6B2AE
:1063D000382ED6DB23A1C4F814112846FFF776FA2D
:1063E000606204F13801606AFFF78EFE4FF4887135
:1063F000606AFFF763FE00231A221B49606A0AF0F5
:106400000BF96420002804DAC0F57A7141F40051D8
:1064100001E040F400510FFA81F84146606A0FF044
:10642000DBFA012128460EF063FF0121606A0EF0BD
:1064300071FF94F92E20A18D284600F01FF894F9E1
:106440002B3094F92A20218D284600F0D9F84FF4FA
:106450008041606A0AF028F9BDE8F0870A00000070
:1064600004020020000000003DC40008014600BFF7
:1064700000BF0A4602F12C00704700002DE9F74FDB
:1064800082B0064600BF00BF34460398A08504983A
:1064900041B22E20015501212F200155A08DADF8CC
:1064A00004002E20005D8DF806002F20005D8DF881
:1064B00007002021606AFFF7DBF9002506E02022B3
:1064C0002946606AFFF7CEFD681CC5B2072DF6DBD2
:1064D0009DF90610BDF80400FBF746F981469DF9C9
:1064E0000610BDF804000122FAF762FD07463D469A
:1064F0004FF001080EE004F58C7101EB8500434676
:106500003EA2042110F0B2FD681CC5B208F10100E2
:1065100000F0FF0809EB0700A842ECDC9DF906201B
:10652000511EBDF80400FBF71FF982460025AAEBB7
:106530000700401C00F0FF0813E004F58C7101EB2C
:10654000850043462DA2042110F090FD2022E91D74
:10655000606AFFF787FD681CC5B208F1010000F012
:10656000FF08BD42E9DB07EB0900C5B24FF00108A7
:1065700013E004F58C7101EB850043461FA2042152
:1065800010F074FD2022E91D606AFFF76BFD681CA6
:10659000C5B208F1010000F0FF082A2DE9DB304602
:1065A000FBF740FE606AFFF743FD4FF6FF7188423C
:1065B00003D0F91D606AFFF7ACFE30460DF069FDAF
:1065C00030460BF0DAFA8346002511E029463046C2
:1065D0000BF0B5FA0090616A0098814200D105E0A5
:1065E00032461C21009805F097F900BF681CC5B21F
:1065F0005D45EBD305B0BDE8F08F000025640000D9
:106600002DE9F04104460E461746984600BF00BFEC
:1066100025462E8579B22C462A2041554FFA88F11D
:106620002B2041552046FBF7FDFDBDE8F08170B5FC
:1066300006460C462546102105F12400EDF710FC16
:10664000102105F13000EDF70BFC0020A5F86C00DF
:10665000A5F8740000216E20415376204153642038
:10666000A5F87000A5F878006421722041537A20C3
:10667000415303207C3568800520A8800A20E880EB
:1066800047F6FF702880287B20F00700401C287305
:10669000287B20F0080028734FF4807028816881DF
:1066A0007C3D70BD2DE9F04180460E46344613E036
:1066B00004F12400EDF7A9FB0546287BC0F3800018
:1066C00010B9686809F0EEF9294604F12400EDF7E5
:1066D0001BFC284609F0E6F9A06A0028E8D104F17D
:1066E0002400EDF77AFB0CE004F13000EDF78DFBB0
:1066F0000746394604F13000EDF706FC384609F04C
:10670000D1F9606B0028EFD104F13000EDF765FBA3
:10671000BDE8F0812DE9F84F884641466F480BF0FF
:10672000E9F98146B9F1010F01D0BDE8F88F404683
:1067300005F08BF80546404605F0E8F80646344675
:10674000012D2FD107F0A2F983466946584607F07C
:10675000B7F9BDF80000B18A401A00B2ADF80000E8
:1067600030460BF0F7FBBDF8001008440FFA80FA32
:1067700051463046FAF77CFD0746B4F87C00B84233
:106780000FD0B9B23046FCF787FFB4F87C10304622
:10679000FCF782FFA4F87C7000221C21304605F033
:1067A000BBF898E0082D09D1B4F87C103046FCF70E
:1067B00073FF47F6FF70A4F87C008CE0292D03D10D
:1067C00030460EF012FA86E0132D33D1B4F9402092
:1067D000B4F94C00824202DDB4F9400001E0B4F9A2
:1067E0004C00B4F95830B4F96420934202DDB4F996
:1067F000582001E0B4F9642090420BDDB4F9402048
:10680000B4F94C00824202DDB4F940000DE0B4F965
:106810004C000AE0B4F95820B4F96400824202DD69
:10682000B4F9580001E0B4F964000146404605F0AF
:10683000A9F850E02C2D16D1404605F064F8074623
:1068400030460BF01CFAB4F884104843001200B232
:10685000388030460BF0F4F9B4F886104843001243
:1068600000B2788037E0152D35D1404604F0F5FFB1
:10687000074639463046F2F789FB39463046F0F78D
:106880006BFE04F12400EDF733FBF8B994F88800AF
:1068900000F00700012804D139463046F6F7CCFC59
:1068A00014E094F8880000F00700022804D139466B
:1068B0003046F6F77BFB09E094F8880000F007000B
:1068C000032803D139463046F6F74CFF39463046A7
:1068D000F2F74CF900BF00BF27E70000100E0308D5
:1068E0002DE9F04F87B081460E4617461D4600BF82
:1068F000B9F1000F03D100BF00BF00BFFEE700BF2A
:1069000000BF1EB900BF00BF00BFFEE700BF00BF51
:1069100000BF4C46B4F88200B84207DC00BF00BF9D
:1069200000202880688007B0BDE8F08F48460BF053
:10693000A6F934F8841F484300120FFA80F848463D
:106940000BF07EF96188484300120FFA80FA207933
:10695000843C00F00700012809D108FB07F0B4F8D7
:106960008210491E90FBF1F000B2288079E094F883
:10697000880000F00700032818D1CDF800803368A4
:1069800033F91700337BC3F3C00C04F1780333F9F8
:106990001C20337BC3F3C00C04F1740333F91C10C7
:1069A000002308F09DFF00B228805AE094F8880088
:1069B00000F00700022854D104F12400EDF72BFA6F
:1069C00005904FF4A02148460CF0F9FA8234618812
:1069D000484300120490002148460CF0F0FA618808
:1069E0004843001203902188491E039801FB10813F
:1069F000208891FBF0F000B2029005990298B0FB5C
:106A0000F1F000B2019008FB07F034F8821990FB16
:106A1000F1F000B228800020009004F12400EDF78E
:106A200019FA00900EE00098B04200D10DE02988DC
:106A30000198084400B2288004F124000099EDF781
:106A400003FA009000980028EDD100BF049A019944
:106A5000881A00EBD0712A8802EB610109B2298003
:106A600000BF002148460CF0DEF88346002148466E
:106A70000CF0F3FA58442988084400B228804846AC
:106A80000BF068FA2988081A00B2288000200690C6
:106A9000706830F91710307BC0F3001204F16C00FD
:106AA00030F91200081A00FB0AF00690307BC0F3A0
:106AB000001104F1700030F91110307BC0F30012A6
:106AC00004F16C0030F91200091A069890FBF1F0FD
:106AD00006900698AAEB000000B2688000214846A4
:106AE0000CF027FC58446988084400B26880484686
:106AF0000BF02AFB6988081A00B2688000BF12E711
:106B000070B506460C46254608A068620120A862BA
:106B10000221204609F0C8FD0821204609F0C4FDE5
:106B20004FF48061204609F0BFFD70BD4368656386
:106B30006B20626F7800000070B506460C46254653
:106B400095F8280000F0010020B9686A08F0AAFF53
:106B50000020686270BD00002DE9F14FBEB03E9884
:106B600004F0D4FE044625463E9804F076FE3D909F
:106B7000002120460CF02DFD074600BFB7F90800A4
:106B80000646A2464FF0000B41F2320259465046EB
:106B90000CF05EFC0290029800B280460021204674
:106BA0000CF008FC40440FFA80F9002120460CF05C
:106BB00095FA404400B23C90002120460CF019FAAE
:106BC0003B904FF4003120460CF088FA3A904FF495
:106BD000003120460CF02BFB39904FF40031204659
:106BE0000CF0E8FB38904FF4003120460CF099F996
:106BF00037904FF4003B40F60A02594650460CF0DD
:106C000027FC0290029800B2369000BF40F60B02BB
:106C1000594650460CF01CFC0290029800B2359088
:106C200027A803F0D9F827AA594620460DF082F884
:106C3000A18A3C98084400B2ADF89400BDF89400D5
:106C400081193A98014439980844401E00B2ADF8C1
:106C50009800E08A484400B2ADF89600BDF896006E
:106C600081193898014437980844401E00B2ADF8A5
:106C70009A0000BFBDF89400ADF88C00BDF89600F6
:106C8000ADF88E00BDF89800ADF89000BDF89A0000
:106C9000ADF8920000BFBDF88C103698081A00B20B
:106CA000ADF88C00BDF890103698084400B2ADF8ED
:106CB0009000BDF88E103598081A00B2ADF88E001D
:106CC000BDF892103598084400B2ADF8920011A8B2
:106CD0003D990AF0E9FC27A815903748129000204A
:106CE000139023A8149058461E9011AA1A212046EA
:106CF00004F012FE23AA27A93D9803F051F811AA27
:106D00001B21204604F008FE002120460CF0D0FC98
:106D10001090002120460CF0A4FC0F90002141F6B9
:106D2000FF721098CDE901210090696A3A460EA8D9
:106D30000F9B12F001FF06A802F042F806AA0021FC
:106D400020460CF01CFF00BFBDF89A10BDF896203D
:106D5000891A491C09B2881B00EBD071491009B28D
:106D60000591BDF898103B98084400B2ADF80C00AE
:106D7000BDF80C00BDF83810084400B2ADF81000A2
:106D8000E08A00EB09010598084400B2ADF80E0056
:106D9000BDF80E00BDF83A10084400B2ADF812007C
:106DA0000020009003AA06A96B6A3D9801F054FCEC
:106DB0003FB0BDE8F08F0000484C03082DE9F04FCC
:106DC0008DB00F4639464C480AF094FE0C900C9852
:106DD000012802D00DB0BDE8F08F384604F035FD33
:106DE0000446384604F092FD05462C2C67D13846FF
:106DF00004F089FD0646AA46002128460CF0E9FB6E
:106E0000804600BFB8F908008146002128460CF0F2
:106E10004FFC8346002128460CF023FC0B900020F9
:106E200041F6FF71CDE900B10290DAF82410424634
:106E30000AA80B9B12F080FE002128460CF0D9F81E
:106E400009904FF4003128460CF048F908904FF4AF
:106E5000003128460CF0EBF907904FF4003128463A
:106E60000CF0A8FA06904FF4003128460CF059F8BF
:106E70000590089809EB00010798084400B2ADF8A6
:106E80001000069809EB00010598084400B2ADF81F
:106E90001200BDF81000BDF82810014409980844FC
:106EA00000B23080BDF91200BDF92A10884202DD1F
:106EB000BDF9120001E0BDF92A0070801AE0132C20
:106EC00013D1384604F01FFD06464FF40031284622
:106ED00009F08DFF8046B6F90000404502DDB6F9A5
:106EE000000000E04046308004E0152C02D1384616
:106EF000FFF732FE00BF6DE7484C030830B504468B
:106F000001F4C040B0F5005F01D1012000E0002095
:106F100030B121F4C040B0F5FA6F01DC012000E08F
:106F2000002080B121F4C040B0F57A7F04DD21F467
:106F3000C040C0F57A7001E021F4C0405843642598
:106F400090FBF5F001B202F4C040B0F5005F01D152
:106F5000012000E0002030B122F4C040B0F5FA6F0B
:106F600001DC012000E0002080B122F4C040B0F537
:106F70007A7F04DD22F4C040C0F57A7001E022F48B
:106F8000C0405843642590FBF5F002B2944201DA08
:106F9000204600E01046884201DA084630BD94429F
:106FA00001DA2046FAE71046F8E730B5044601F466
:106FB000C040B0F5005F01D1012000E0002030B1F9
:106FC00021F4C040B0F5FA6F01DC012000E00020A0
:106FD00080B121F4C040B0F57A7F04DD21F4C040D7
:106FE000C0F57A7001E021F4C0405843642590FB5D
:106FF000F5F001B202F4C040B0F5005F01D101200C
:1070000000E0002030B122F4C040B0F5FA6F01DC9E
:10701000012000E0002080B122F4C040B0F57A7F6A
:1070200004DD22F4C040C0F57A7001E022F4C040D3
:107030005843642590FBF5F002B2944201DA2046F1
:1070400000E01046884201DA084630BD944201DA79
:107050002046FAE71046F8E708B500221146104628
:1070600000F073F90090BDF80010084608BD08B59F
:1070700000221146104600F080F90090BDF8001083
:10708000084608BD1CB5002001460246D408BDF8DC
:10709000003064F304038C080093BDF8003064F3FF
:1070A0004A13C4080093BDF8003064F3CF23009363
:1070B000BDF8004023460193BDF8041008461CBDEE
:1070C00008B500221146104600F09FF90090BDF867
:1070D0000010084608BD01B583B003980190BDF8C3
:1070E0000400C00AC0EBC00202EB0020C01DC0F3C8
:1070F00047108DF80200BDF80400C0F3451000EB06
:10710000400202EB0020C01CC0F387108DF8010084
:10711000BDF8040000F01F00C0EBC00202EB00202D
:10712000C01DC0F347108DF80000FF208DF803004C
:10713000009802909DF808009DF80A20032303FBA5
:1071400002009DF80920042303FB0201C1F3C700DC
:1071500004B000BD13B582B00C46FFF7B1FF224664
:107160000190029900F00AFA0090BDF8001008465C
:1071700004B010BD37B503461C4604F0030525B125
:10718000BDF804501D809B1C521EBDF8045005EB39
:107190000541184610E00160001D0160001D0160FE
:1071A000001D0160001D0160001D0160001D0160E7
:1071B000001D0160001D103A102AECD8034604E0BF
:1071C000BDF804501D809B1C521E002AF8D13EBD04
:1071D0000160704708B5014601F47800000A01F427
:1071E0007C4240EA5210C1F3C40210430090BDF843
:1071F0000020104608BD2DE9F04F85B08246894633
:107200001446CAEB0A204FF4B471B0FBF1F01FFA38
:1072100080FAC9EB0920642190FBF1F000F0FF092E
:10722000C4EB042090FBF1F0C4B2B9F1000F0BD114
:1072300022462146204600F0E8F80090BDF80010F4
:10724000084605B0BDE8F08F2B209AFBF0F0C0B2E5
:1072500004902B21049800FB11A000EB4000400695
:10726000000E0390C9F1FF0060434FEA2028039805
:1072700009FB00F0FF21A1EB2020604300120290E7
:107280000398C0F1FF0000FB09F0A1EB2020604350
:107290004FEA202B0498052818D2DFE800F00307F6
:1072A0000B0F130025465E46474613E0029D264617
:1072B00047460FE0454626465F460BE04546029EA0
:1072C000274607E05D464646274603E025464646F4
:1072D000029F00BF00BF3A463146284600F095F8AD
:1072E0000190BDF804100846ABE718B50346D40872
:1072F000BDF8000064F304008C080090BDF80000A5
:1073000064F34A10DC080090BDF8000064F3CF205D
:107310000090BDF80040204618BD18B50346D408BB
:10732000BDF8000064F304008C080090BDF8000074
:1073300064F34A10DC080090BDF8000064F3CF202D
:107340000090BDF80040204618BD18B50346D4088B
:10735000BDF8000064F304008C080090BDF8000044
:1073600064F34A10DC080090BDF8000064F3CF20FD
:107370000090BDF80040204618BD18B50346D4085B
:10738000BDF8000064F304008C080090BDF8000014
:1073900064F34A10DC080090BDF8000064F3CF20CD
:1073A0000090BDF80040204618BD18B50346D4082B
:1073B000BDF8000064F304008C080090BDF80000E4
:1073C00064F34A10DC080090BDF8000064F3CF209D
:1073D0000090BDF80040204618BD18B50346D408FB
:1073E000BDF8000064F304008C080090BDF80000B4
:1073F00064F34A10DC080090BDF8000064F3CF206D
:107400000090BDF80040204618BD18B50346D408CA
:10741000BDF8000064F304008C080090BDF8000083
:1074200064F34A10DC080090BDF8000064F3CF203C
:107430000090BDF80040204618BD18B50346D4089A
:10744000BDF8000064F304008C080090BDF8000053
:1074500064F34A10DC080090BDF8000064F3CF200C
:107460000090BDF80040204618BD000037B581B03F
:10747000101DC210BDF8080040EA00400B4D00EAA4
:107480000501BDF8040040EA004000EA0503581A6F
:10749000504301EB501000EA050444EA144080B266
:1074A0000090BDF80050284604B030BD1FF8E0073A
:1074B00037B581B0101DC210BDF8080040EA004089
:1074C0000B4D00EA0501BDF8040040EA004000EA67
:1074D0000503581A504301EB501000EA050444EA32
:1074E000144080B20090BDF80050284604B030BD72
:1074F0001FF8E00737B581B0101DC210BDF80800B5
:1075000040EA00400B4D00EA0501BDF8040040EAE6
:10751000004000EA0503581A504301EB501000EAFE
:10752000050444EA144080B20090BDF8005028469B
:1075300004B030BD1FF8E00737B581B0101DC21090
:10754000BDF8080040EA00400B4D00EA0501BDF817
:10755000040040EA004000EA0503581A504301EBDA
:10756000501000EA050444EA144080B20090BDF8CF
:107570000050284604B030BD1FF8E00737B581B091
:10758000101DC210BDF8080040EA00400B4D00EA93
:107590000501BDF8040040EA004000EA0503581A5E
:1075A000504301EB501000EA050444EA144080B255
:1075B0000090BDF80050284604B030BD1FF8E00729
:1075C00007B581B003461888BDF80810C90A01FB49
:1075D0000200803000EBC01101EBC030C00DBDF8DF
:1075E000001060F3CF2100915888BDF80810C1F356
:1075F000451101FB0200803000EBC01101EBC030EF
:10760000C00DBDF8001060F34A1100919888BDF8D4
:10761000081001F01F0101FB0200803000EBC011D7
:1076200001EBC030C00DBDF8001060F30401009103
:1076300000BF00BFBDF80010084604B000BD07B58C
:1076400081B003461888BDF80810C90A01FB020082
:10765000803000EBC01101EBC030C00DBDF8001050
:1076600060F3CF2100915888BDF80810C1F345118F
:1076700001FB0200803000EBC01101EBC030C00DF7
:10768000BDF8001060F34A1100919888BDF8081009
:1076900001F01F0101FB0200803000EBC01101EB83
:1076A000C030C00DBDF8001060F30401009100BFB0
:1076B00000BFBDF80010084604B000BD01B581B0A0
:1076C000BDF80400C00AC0EBC00101EB0020C01DE2
:1076D000C0F347108DF80200BDF80400C0F3451058
:1076E00000EB400101EB0020C01CC0F387108DF8B7
:1076F0000100BDF8040000F01F00C0EBC00101EB69
:107700000020C01DC0F347108DF80000FF208DF849
:10771000030000980CBD08B5FF2211461046FFF784
:107720002CFE0090BDF80010084608BD1CB5FF20D7
:1077300001460246D408BDF8003064F304038C0807
:107740000093BDF8003064F34A13C4080093BDF8F9
:10775000003064F3CF230093BDF80040234601932B
:10776000BDF8041008461CBD70B506460C462546FB
:107770000020A8846421262041552720415530351A
:10778000287B20F003002873287B20F00400287356
:10779000002028606860303D084800782C2148555A
:1077A0004FF48031204608F07FFF4FF440712046AF
:1077B00009F096FC204613F0CBFF70BD5802002064
:1077C0002DE9F34F89B0F9480A990AF093F98046F8
:1077D000B8F1010F02D00BB0BDE8F08F0A9804F0A9
:1077E00034F805460A9804F091F806463446132DFD
:1077F00042D14FF4403130460BF03CFC81464FF40F
:10780000403130460BF0DFFC82464FF440313046C9
:107810000BF09CFD83464FF4403130460BF04DFB9E
:107820000890D14501DD494600E05146089883455E
:1078300001DD584600E00898814205DDD14501DDB3
:10784000484607E0504605E00898834501DD584664
:1078500000E00898801C00B207900A9804F053F8E2
:107860000746B7F900100798814202DDB7F900001A
:1078700000E00798388008E2292D1BD10A9804F00F
:1078800042F8074630460CF00AF8B9883A88891A57
:10789000491C09B2884209D130460AF065FAF988D4
:1078A0007A88891A491C09B2884202D0304613F0FE
:1078B0004FFFEAE12A2D03D1304613F049FFE4E1FE
:1078C0000D2D71D10A9804F01EF80768132F01D00E
:1078D000112F40D1606A089094F83C0000F003003A
:1078E00020B101280ED0022824D117E0A08C401C22
:1078F0004FF4B47190FBF1F201FB120080B2ADF8CD
:10790000200017E02620005D401C642190FBF1F26E
:1079100001FB1200C0B28DF822000BE02720005DB1
:10792000401C642190FBF1F201FB1200C0B28DF803
:10793000230000BF00BF3046089900F0BAF948B1F3
:1079400000221C21304603F0E7FF8046B8F1010F0A
:1079500000D040E747E0142F01D0122F43D1606AD6
:10796000089094F83C0000F0030020B101280ED0EC
:10797000022827D119E0A08C002802DDA08C401E2F
:1079800001E04FF4B47080B2ADF820001AE0262078
:10799000005D002803DD2620005D401E00E064201D
:1079A000C0B28DF822000DE01EE02720005D002807
:1079B00003DD2720005D401E00E06420C0B28DF88A
:1079C000230000BF00BF3046089900F072F948B1AB
:1079D00000221C21304603F09FFF8046B8F1010FC2
:1079E00000D0F8E600BF50E1012D11D111F0B3FC39
:1079F000606306F04BF8074604F1380106F060F8C2
:107A00003046EFF7CBFC8046B8F1010FEBD0E2E651
:107A1000022D7CD106F03AF88246BAF1000F00D16F
:107A2000D9E6504606F087F88346BBF1040F02D032
:107A3000BBF1020F18D130460BF031FF019000EB83
:107A4000D070B18A01EB600000B2ADF82000304682
:107A50000AF08AF9019000EBD0704110F08A0844D6
:107A600000B2ADF8220003E008A9504606F028F85D
:107A7000DAF80000007E0790BDF92000B4F9381054
:107A8000401A002805DDBDF92000B4F93810401A6D
:107A900004E0B4F93800BDF92010401A0799884273
:107AA00014DCBDF92210B4F93A00081A002805DDEB
:107AB000BDF92210B4F93A00081A04E0B4F93A000A
:107AC000BDF92210401A0799884208DD11F043FCE5
:107AD0006063BDF820002087BDF822106187BDF8E3
:107AE0002000B18A401A00B2ADF82000BDF8221083
:107AF000F08A081A00B2ADF8220030460BF0CFFE33
:107B000080B20690002005900021304600E098E009
:107B10000AF0C7FF8146069800EBD07149100FB2FA
:107B2000BDF82000C01B00B2ADF82000BDF8220057
:107B3000C01B00B2ADF8220001200490A7EB0900A1
:107B400007B2412F0ADD494609EBD172521010B23B
:107B5000391A0FB2412F00DA412700BFBDF92000CA
:107B60004043BDF9221001FB010107FB07F08142F0
:107B700001DA00200490606B11F0E0FB03900498A0
:107B8000B0B9DAF80000818B0398814210D294F8E2
:107B90003C00C0F3800058B9304612F02FFF05F0CA
:107BA00075FF019006F036F915E600002C0E03086B
:107BB000049800B90FE6BDF92210BDF92000FDF7C9
:107BC000CCFB4FF4B47190FBF1F201FB120000B258
:107BD0000590606A029094F83C0000F0030020B128
:107BE000012807D002281BD10FE0059880B2ADF81C
:107BF000080015E06421059848434FF4B47190FBE8
:107C0000F1F0C0B28DF80A000AE0642105984843FB
:107C10004FF4B47190FBF1F0C0B28DF80B0000BFCF
:107C200000BF3046029900F044F848B100221C2100
:107C3000304603F071FE8046B8F1010F00D0CAE56E
:107C400023E0112D0CD10A9803F05DFE074647F69C
:107C5000FF7206F114003968EAF797FE387114E0F4
:107C6000152D06D10A98F1F7A5F80A98F2F7CDF884
:107C70000BE0122D09D10A9803F045FE074638782B
:107C8000022801D00120387000BF00BFA3E538B53D
:107C9000044600BF00BF254627235A5D2C462623F5
:107CA000595DA88CFFF7A7FA0090BDF800100846B0
:107CB00038BD73B50546BDF80400B0F5B47F0ADDE4
:107CC000BDF804004FF4B47190FBF1F201FB120017
:107CD00080B2ADF804009DF80600642802DD64203F
:107CE0008DF806009DF80700642802DD64208DF8F9
:107CF000070000BF00BF2C46A08CBDF804108842CE
:107D00000DD12620005D9DF80610884207D127205E
:107D1000005D9DF80710884201D100207CBD0198CC
:107D20006062284613F014FD28460CF0B2F90120D9
:107D3000F4E770B505460C460CB9002013E0284660
:107D400000F022F960435030A02190FBF1F00128AF
:107D500008DD284600F018F960435030A02190FB60
:107D6000F1F000E0012000B270BD2DE9F0410446C1
:107D70000F4615461E461C21204608F0AAF827602B
:107D800065602068A060E660BDE8F0811CB504462F
:107D90004C21204608F09DF84FF4A0702080F02080
:107DA00060804FF0FF30A080E08000202081608163
:107DB000206920F0080008302061206920F0400090
:107DC00020618221206961F3D01020614FF47F404F
:107DD000002100F47C4241EA5211C0F3C402114375
:107DE0000091BDF8002011460191BDF80400A08665
:107DF0000248E0632064382060641CBD11A90108BA
:107E0000FEB505465648ECF733F8044644B900BFC2
:107E10001CB900BF00BF00BFFEE700BF0020FEBDD1
:107E2000A86B98B9686C07F06FFD064600BF1EB9D5
:107E300000BF00BF00BFFEE700BF0EB90020EEE7A5
:107E400031462846EA6B9047AE6300BF4FF4AC71F1
:107E5000204608F03EF82560424807680460224644
:107E60001E21414811F0D6FA606000BF606818B961
:107E700000BF00BF00BFFEE700BF606820B920461A
:107E800007F010FE0020CAE7287CC0F3400070B164
:107E9000B5F90000B5F902104843E968C96888429D
:107EA00005D9286920F00200286100BF00BF00BF8B
:107EB000FF2211461046FFF790FA0190BDF804101A
:107EC00008460290BDF808006085FF2084F829006C
:107ED00011F00AFA88B900200DF04EFE029005203C
:107EE0000DF04AFE01902148002300902046DDE974
:107EF000011211F099F9A06002E011F08BF9A06075
:107F0000002009F0B3F92061002009F0AFF9E06129
:107F1000002009F0ABF92062E0690CF0C7FF206A8D
:107F20000CF0C4FF0221E06909F0DAF80221206AAE
:107F300009F0D6F80021E0690DF0F1FA0021206A7D
:107F40000DF0EDFA20690CF0A4F80648076000680F
:107F500008B904480460606811F07DFB20465EE7C4
:107F6000F4440020CC020020812B0008884903083B
:107F70000021C2681161C268516170470148006800
:107F800070470000CC02002000B5014611B9FFF790
:107F9000F5FF014609B9822000BD08680069C0F3F9
:107FA000C910F9E701460868C068704700B5014686
:107FB00011B9FFF7E3FF014609B9002000BD0868C9
:107FC000007CC0F30110012802D0032805D100E095
:107FD00000BF0868B0F90200F0E70868B0F90000D7
:107FE000ECE710B5044614B9FFF7C8FF04461CB906
:107FF00000BF00BF002010BD206AFCE710B504469A
:1080000014B9FFF7BBFF04461CB900BF00BF002036
:1080100010BDE069FCE7000010B504461CB9044837
:10802000EBF7F3FE10BD21460148EBF706FFF9E739
:10803000F444002010B5044614B9FFF79FFF04462E
:108040001CB900BF00BF002010BD2069FCE710B5BF
:10805000044614B9FFF792FF04461CB900BF00BFE5
:10806000002010BD6069FCE710B5044614B9FFF7A5
:1080700085FF0446A06810BD00B5014611B9FFF7A1
:108080007DFF014609B9002000BD0868007CC0F3EF
:108090000110012802D0032805D100E000BF0868C4
:1080A000B0F90000F0E70868B0F90200ECE72DE94C
:1080B000FC4705460C4690469946DDE90A67207B59
:1080C000022801DCBDE8FC87608800B9FAE7BE42FF
:1080D00000D1F7E7CDE900674B46424621462846E6
:1080E000D5F810C0E04700BFECE73EB504461021CC
:1080F000204607F0EEFE01206080FF20207300BFC5
:10810000002001460246D508BDF8003065F304039F
:108110008D080093BDF8003065F34A13C50800933D
:10812000BDF8003065F3CF230093BDF800502B4617
:108130000193BDF8041008460290BDF808002080A5
:108140003EBD2DE9FF4F83B081468A461F46DDF8CC
:108150004080139C059806B207F5B470804512D193
:10816000A9EB060000B22080AAEB060000B26080F6
:1081700009EB060000B2A0800AEB060000B2E08026
:1081800007B0BDE8F08FB7F5B47F02DDA7F5B47096
:1081900087B2B8F5B47F03DDA8F5B4701FFA80F894
:1081A00011990598401A00B20290129929B11198BC
:1081B00000EBD0714910491C00E000210DB25A209B
:1081C00097FBF0F0C0B201905A2098FBF0F0C0B2DB
:1081D00000900198042801D1032001900098042800
:1081E00001D103200090DDE9001088427CD1474591
:1081F0007ADC019858BB38B211F0B0FB02994843C1
:108200000AEBE030401B00B2608007F15A0000B278
:1082100011F0A4FB704309EBE030284400B2A080C9
:108220000FFA88F011F09AFB70430AEBE030284413
:1082300000B2E08008F15A0000B211F08FFB029901
:10824000484309EBE030401B00B2208096E10198E2
:1082500001282BD138B211F081FB70430AEBE030DA
:10826000284400B2E08007F15A0000B211F076FB1A
:108270000299484309EBE030284400B2A0800FFA8D
:1082800088F011F06BFB029948430AEBE030401B89
:1082900000B2608008F15A0000B211F05FFB704339
:1082A00009EBE030401B00B2208067E10198022812
:1082B0002DD107F15A0000B211F050FB704309EBC9
:1082C000E030401B00B2208038B211F047FB029929
:1082D00048430AEBE030284400B2E0800FFA88F00F
:1082E00011F03CFB704300E040E00AEBE030401B43
:1082F00000B2608008F15A0000B211F02FFB029921
:10830000484309EBE030284400B2A08036E10198F0
:1083100003289BD107F15A0000B211F01FFB02990C
:10832000484309EBE030401B00B2208038B211F026
:1083300015FB70430AEBE030401B00B2608008F18F
:108340005A0000B211F00AFB704309EBE0302844F8
:1083500000B2A0800FFA88F011F000FB02994843A8
:108360000AEBE030284400B2E08007E10198B8BB96
:108370000098012835D108F15A0000B211F0EEFA48
:10838000704309EBE030401B00B220800FFA88F008
:1083900011F0E4FA834638B211F0E0FA834504DACA
:1083A0000FFA88F011F0DAFA02E038B211F0D6FADA
:1083B000029948430AEBE030401B00B2608007F1AD
:1083C0005A0000B211F0CAFA704309EBE0302844B9
:1083D00000B2A0800AEB0600284400B2E080CDE0A5
:1083E000FFE7019801283AD10098022837D1A9EB7C
:1083F0000600401B00B220800FFA88F011F0AEFAA0
:1084000070430AEBE030401B00B2608007F15A0075
:1084100000B211F0A3FA834608F15A0000B211F03D
:108420009DFA834505DD07F15A0000B211F096FA76
:1084300004E008F15A0000B211F090FA02994843A2
:1084400009EBE030284400B2A08038B211F086FA7F
:1084500070430AEBE030284400B2E0808EE00198DF
:1084600002283DD1009803283AD107F15A0000B202
:1084700011F074FA704309EBE030401B00B2208029
:10848000AAEB0600401B00B2608008F15A0000B25F
:1084900011F064FA704309EBE030284400B2A08088
:1084A0000FFA88F011F05AFA029900FB01FB38B27A
:1084B00011F054FA02994843834506DD0FFA88F01B
:1084C00011F04CFA0299484304E038B211F046FA30
:1084D000029948430AEBE030284400B2E0804DE0C6
:1084E000019803283AD10098B8BB08F15A0000B2AD
:1084F00011F034FA834607F15A0000B211F02EFA57
:10850000834505DA08F15A0000B211F027FA04E0B9
:1085100007F15A0000B211F021FA0299484309EB21
:10852000E030401B00B2208038B211F017FA7043DF
:108530000AEBE030401B00B2608009EB06002844E3
:1085400000B2A0800FFA88F011F008FA70430AEB2D
:10855000E030284400B2E08010E0FFE7A9EB06001D
:1085600000B22080AAEB060000B2608009EB060092
:1085700000B2A0800AEB060000B2E08000BFFFE579
:108580002DE9F04105460E4617469846B8F1000F12
:1085900008D100BF00BF14A23946284614F0C3F822
:1085A000BDE8F081F07A022800DCF9E7A86940B163
:1085B00043463A4631462846D5F818C0E0470446B7
:1085C00006E043463A4631462846EEF7B3FD0446F8
:1085D0003CB900BF00BF04A23946284614F0A3F8F6
:1085E000DEE700BFDCE700004E6F0A6461746100E3
:1085F0002DE9F84304460D4616461F46DDF8208057
:10860000606908B9BDE8F883CDF800803B46324682
:1086100029462046D4F814C0E04700BFF2E71CB555
:1086200004461821204607F054FC00BF00221146E2
:108630001046FEF772FE0090BDF80010084601904B
:10864000BDF804002081FF20E072401C6080012002
:1086500020751CBD704700001FB5C0B04198807EDA
:10866000022801DC44B010BD4198006810B900BF79
:1086700000BFF7E74098C06910B900BF00BFF1E73D
:10868000202238A84199E8F7A1F84198006837906E
:10869000439810B14398007800B9E3E740988068A8
:1086A00002460D9034A84299EAF758F8339033986F
:1086B00000B9D7E74198007F32904198C07E319051
:1086C00000BF9DF8C80008B90120329000BF419852
:1086D000407F00F0020020B94298FCF7AEFD3690D2
:1086E0001AE04198407F41F6FF724199B1F91210AA
:1086F000CDE9001202904198B0F914000C90419815
:1087000000680B9002460DA80C9B439911F014FAD7
:10871000BDF93400369000BF00BF3798B0F90800AB
:1087200030904198B0F91210309808442F900020F2
:108730002E9042980088ADF8B40042984088ADF879
:10874000B60000202C902B904198B0F916002C9088
:108750004198B0F918002B90BDF8B6102B9808443A
:1087600000B2ADF8B60000202A90401E299046982D
:1087700040B32B9830BB4298B0F90200002821DAB0
:10878000469881684298B0F90200081A002806DD70
:10879000469881684298B0F90200081A05E04298AC
:1087A000B0F9021046988068081A2F994900C1F55F
:1087B0008061884203DD4FF0FF31469801604698A2
:1087C00000682990469860B12998002809DB29980B
:1087D0002A90BDF8B61046988088084400B2ADF8DB
:1087E000B6004198407F0021CDE900104198B0F9D2
:1087F00014000D902A99439808440C90369803B2BF
:10880000DDE90C023799EBF79DFE2A990844289080
:1088100040E028982A904198407F0021CDE900103F
:108820004198B0F914000D9043992A9808440C908F
:10883000369803B2DDE90C023799EBF783FE014667
:10884000289808442890BDF8B6102F98084400B224
:10885000ADF8B6004698C0B1BDF9B60010F5806F0E
:1088600013DB4698006800280FDA46992A980860BA
:10887000BDF9B6104298B0F90200091A4698416055
:108880004298B0F90210469881602A994398405C5A
:1088900000B9E7E6BDF9B610309801444098806809
:1088A000B0F902008142B4DB9DF8C800022823D150
:1088B0004198407F00904198B0F914000D902A999A
:1088C0002898401A0C90439808440B90DDE90C134B
:1088D000379A11F0A3F92E904298FCF7AEFC2E992E
:1088E000401A0D9000EBD070BDF8B41001EB6000A1
:1088F00000B2ADF8B40022E09DF8C80003281ED1F4
:108900004198407F00904198B0F914000D902A9949
:108910002898401A0C90439808440B90DDE90C13FA
:10892000379A11F07BF92E904298FCF786FC2E992D
:10893000401ABDF8B410084400B2ADF8B400419834
:1089400040682790419881682691DDE92610884289
:1089500006D927980D90269827900D98269000BF4D
:108960004198807F00F0010020B94198807F00F09D
:108970000200E8B123A800F06FFA41988089ADF8B1
:108980008C003798807B18B1379890F90E0000E082
:108990000120ADF88E004198807E8DF894004198BA
:1089A000807FC1089DF8950061F301008DF8950066
:1089B000002022902090FEF74FFB1E900FA801F0A0
:1089C0000BFA4198008AADF84000BDF9B4000E9052
:1089D000EAE1BDF8B4102C98084400B2ADF8B40038
:1089E0000020229021902A99439808440D90FCE0A1
:1089F00000200C904FF6FF71279888420CD02698E3
:108A0000884209D021992A98084401460990EA4AE7
:108A10004398126890470C9021AB0AAA0BA90D98B5
:108A2000EBF774FD4198407F00F0010000287BD0F7
:108A3000E2A000780B99884212D1229820B921989F
:108A4000209001202290D0E02298012802D100201D
:108A5000229005E02298022802D100202290C4E052
:108A60002298012867D10B98202863D1DDE92001E5
:108A7000081A072859D108A8029020990D9808448F
:108A800003900620049002980190039800900CE057
:108A900000980178019801700198401C019000989D
:108AA000401C00900498401E049004980028EFD1C8
:108AB00000BF8DF826009DF821000490F9F78AFB8D
:108AC00004469DF820000490F9F784FB04EB0010A5
:108AD00007909DF823000490F9F77CFB04469DF86D
:108AE00022000490F9F776FB04EB001006909DF845
:108AF00025000490F9F76EFB04469DF824000490CD
:108B0000F9F768FB04EB001005900598C0B20490DB
:108B10000698C0B203900798C0B20290DDE9031234
:108B2000FEF713FC1F9003E005E0419880891F9039
:108B30000220229059E0419880891E9022980228B4
:108B400001D11F981E90DDE90A21379803F027F81C
:108B50001D904FF6FF71279888422ED026988842A4
:108B60002BD027990C98884227D326990C988842B5
:108B700023D2BDF8B400ADF82000BDF8B600ADF8C2
:108B80002200BDF8B4101D9801444198808A084421
:108B9000401E00B2ADF82400BDF8B6102F9808446E
:108BA000401E00B2ADF8260008AA0FA9409801F0B7
:108BB000F7F84198C0891E9000BFBDF87800ADF865
:108BC000EC002DAA38A90B9B409800F01FF91D98C6
:108BD000002809DDBDF8B4104198828A1D98104420
:108BE000084400B2ADF8B40000BF2A992898401A92
:108BF000219988423FF6FCAE4198807F00F0020048
:108C000058B30E9800B2ADF8300041980068B0F942
:108C10000800099000EBD070BDF8B61001EB6001C0
:108C2000BDF98E000A9000EBD07001EB600000B23D
:108C3000ADF83200BDF8B400ADF82C00BDF832003C
:108C4000ADF82E00BDF87800ADF88C000BAB0CAA87
:108C500023A9409800F0E9F800BF4198807F00F018
:108C6000010038B30E9800B2ADF83000BDF8B61070
:108C70004198006800890144419800684089091AB8
:108C8000379890F90D00081A00B2ADF83200BDF81F
:108C9000B400ADF82C00BDF83200ADF82E00BDF8E0
:108CA0007800ADF88C000BAB0CAA23A9409800F01B
:108CB000BCF800BF28982A904198407F0021CDE958
:108CC00000104198B0F914000C9043992A98084478
:108CD0000B90369803B2DDE90B023799EBF732FCC3
:108CE000014628980844289042980088ADF8B400BE
:108CF0009DF8C800022823D14198407F00904198F8
:108D0000B0F914000C902A992898401A0B904398B7
:108D100008440A90DDE90B13379A10F07FFF2E907C
:108D20004298FCF78AFA2E99401A0C9000EBD0700A
:108D3000BDF8B41001EB600000B2ADF8B40022E061
:108D40009DF8C80003281ED14198407F00904198AB
:108D5000B0F914000C902A992898401A0B90439867
:108D600008440A90DDE90B13379A10F057FF2E9054
:108D70004298FCF762FA2E99401ABDF8B4100844E4
:108D800000B2ADF8B400BDF8B6102F98084400B298
:108D9000ADF8B600BDF9B61040988068B0F906008D
:108DA000814200DD5EE400BF2A994398405C0028C0
:108DB0007FF40FAE00BF55E4340300202300000011
:108DC00038B504462021204607F083F8FF20A0761E
:108DD000FEF742F90090BDF80000A0810A4820602B
:108DE0004FF6FF706060A060FEF736F90090BDF8A6
:108DF0000000E08105200CF0BFFE0090BDF80000EF
:108E000020820020E07638BD884903082DE9F04132
:108E100004460D4616461F463B4632462946204626
:108E2000D4F81CC0E047BDE8F0812DE9F0410546CB
:108E30000C4616461F46608808B9BDE8F081207AC6
:108E4000022800DCF9E73B46324621462846D5F8A1
:108E500020C0E04700BFF0E73EB504460A212046A7
:108E600007F037F801206080FF20207200BF00204B
:108E700001460246D508BDF8003065F304038D08AD
:108E80000093BDF8003065F34A13C5080093BDF8A0
:108E9000003065F3CF230093BDF800502B460193BB
:108EA000BDF8041008460290BDF8080020803EBDC1
:108EB00002460B46002106E00C4850F8310000B98C
:108EC00003E0481CC1B21029F6DB00BF102904DB07
:108ED00000BF00BF4FF0FF307047044840F831201A
:108EE00000EBC10043600846F6E70000644600203E
:108EF0002DE9F04F87B081468A4616461D46109CE4
:108F0000B4F90A00301A0690B4F90800AAEB000080
:108F10000590B4F90C00B4287EDAB4F90E00B42838
:108F2000FADAA089002877D0E0890028FBD0B4F9CC
:108F30000C10B4F90E0081426EDDB4F90A00B042A3
:108F400003DD012007B0BDE8F08F606D069948434E
:108F500080120490A16A0698401C41434FEAA12860
:108F6000B4F90C00B0F5877F0ADDB4F90C00B0F558
:108F7000B47F05DAB8F1000F02DA4FF000081BE009
:108F8000B4F90C00002809DDB4F90C005A2805DCFE
:108F9000B8F1000F02DA4FF000080DE0B4F90C0050
:108FA0005A2809DDB4F90C00B0F5877F04DAB8F16E
:108FB000000F01DD4FF00008B4F90E00B0F5877F17
:108FC0000ADDB4F90E00B0F5B47F05DAB8F1000F90
:108FD00002DA4FF000081BE0B4F90E00002809DDAA
:108FE000B4F90E005A2805DCB8F1000F02DA4FF090
:108FF00000080DE0B4F90E005A2809DDB4F90E009E
:10900000B0F5877F04DAB8F1000F01DD4FF00008FA
:109010000498A0EB080000E042E0401003904FF0FD
:10902000010B01200290039808EB000105980F1A2C
:10903000AF4200DD2F46002F10DD04F110003BB2DF
:10904000324651460090484600F076FA8346BBF11E
:10905000000F03D13946484606F03BFFAF4200DD22
:109060002F46002F00DA002704F13C00EA1B13B260
:109070000AEB070211B2009009EB0700324600F03C
:109080005BFA0290029820B9E91B09EB070006F091
:1090900020FF0298834501D1584653E7022051E74B
:1090A000B4F90C00B4287DDDB4F90E00B428FADD63
:1090B000B4F90C10B4F90E008142F4DDB4F90A00E1
:1090C000B04201DA01203DE7606D06994843801205
:1090D0000490A16A0698401C41434FEAA128B4F9C4
:1090E0000C00B0F5877F0ADDB4F90C00B0F5B47F51
:1090F00005DAB8F1000F02DA4FF000081BE0B4F90E
:109100000C00002809DDB4F90C005A2805DCB8F180
:10911000000F02DA4FF000080DE0B4F90C005A28F5
:1091200009DDB4F90C00B0F5877F04DAB8F1000F5F
:1091300001DD4FF00008B4F90E00B0F5877F0ADDBD
:10914000B4F90E00B0F5B47F05DAB8F1000F02DA19
:109150004FF000081BE0B4F90E00002809DDB4F957
:109160000E005A2805DCB8F1000F02DA4FF00008B3
:109170000DE0B4F90E005A2809DDB4F90E00B0F57F
:10918000877F04DAB8F1000F01DD4FF00008049882
:10919000A0EB0800401003904FF0010B012002905B
:1091A000039800E03BE008EB000105980F1AAF427E
:1091B00000DD2F46002F10DD04F13C003BB23246AB
:1091C00051460090484600F0B7F98346BBF1000FC6
:1091D00003D13946484606F07CFEAF4200DD2F46FB
:1091E000002F00DA002704F11000EA1B13B20AEB8B
:1091F000070211B2009009EB0700324600F09CF91B
:109200000290029820B9E91B09EB070006F061FE05
:109210000298834501D1584694E6022092E6012740
:10922000B846B4F90C00B42806D1B4F90A00B0422B
:1092300000DD27E0032725E0A08938B9B4F90A004A
:10924000B04201DD03271DE001271BE0B4F90C004B
:10925000B42803DAB4F90A00B04207DCB4F90C0010
:10926000B42805DDB4F90A00B04201DC032709E0A7
:1092700004F110002B46324651460090484600F05B
:109280005BF90746B4F90E00B42809D1B4F90A0015
:10929000B04202DD4FF003082BE04FF0010828E058
:1092A000E08948B9B4F90A00B04202DD4FF0010884
:1092B0001FE04FF003081CE0B4F90E00B42803DAF5
:1092C000B4F90A00B04207DCB4F90E00B42806DD98
:1092D000B4F90A00B04202DC4FF0030809E004F1DF
:1092E0003C002B46324651460090484600F024F997
:1092F000804617B1B8F1000F01D1002022E6032FFC
:1093000004D1B8F1030F01D100201BE6012F04D1D5
:10931000B8F1010F01D1012014E6022012E600008D
:109320002DE9F84F0646894692461C460A9D002CB8
:1093300001DA002404E0B4F5B47F01DB40F26714E5
:10934000002D01DA002504E0B5F5B47F01DB40F221
:109350006715A54205DAC4F5B4702844A6F868007C
:1093600007E0281B002801DD281B00E0601BA6F891
:109370006800B481F581A6F80890A6F80AA02648EE
:1093800030600120307100BF002C02DBB4F5B47FE7
:1093900003DD00BF00BF00BFFEE700BF002C03DB02
:1093A000B42C01DA002707E0B42C04DBB4F5B47F59
:1093B00001DA012700E0012700BF002D02DBB4F530
:1093C000B47F03DD00BF00BF00BFFEE700BF002D7C
:1093D00004DBB42D02DA4FF0010809E0B42D05DBFF
:1093E000B5F5B47F02DA4FF0000801E04FF0010854
:1093F00023465246494606F11000009700F032F924
:109400002B465246494606F13C00CDF8008000F05C
:1094100029F9BDE8F88F0000F18E01082DE9F84F19
:109420000746884691469A464FF0000B104C15E0CF
:10943000256801262068009053464A464146384632
:10944000D5F800C0E047064616B90020BDE8F88F01
:10945000022E01D14FF0010B083400BF2068002814
:10946000E6D1BBF1000F01D00220EFE70120EDE7CC
:109470006446002070B5044626463079022814D18F
:109480002546686980B168690069002807DA69695A
:10949000486806F007FB686906F004FB04E06869A9
:1094A0004069401E6969486107E03079052804D1A8
:1094B0002546A86806F0F6FA00BF70BD2DE9F04118
:1094C00006463EB91B48006810B10120BDE8F08196
:1094D0000020FBE7002428E0164850F8347007B954
:1094E00021E0387902281BD1124850F83450A87C6A
:1094F00000F0010048B1B5F9102005F1080130462F
:10950000E9F7E8F958B90120E0E7B5F9102005F1CD
:1095100008013046E9F763F908B90120D6E701E010
:109520000120D3E700BF601CC4B2102CD4DB0020A4
:10953000CCE70000644600202DE9F84F82460D4636
:1095400090461E460A9CA08AA8EB00000FFA80F8FD
:10955000608A281A05B2206A00286BD194F8280086
:1095600000F0010010B3207C00F0030020B1207C4B
:1095700000F00300012802D10120BDE8F88F207C13
:1095800000F00300022805D108F10100002801DAEB
:109590000120F2E7207C00F00300032804D1B8F199
:1095A000000F01DD0120E8E70020E6E7207C00F065
:1095B0000300022804D0207C00F00300032801D11E
:1095C0000120DAE7207C00F00300012802D1002D01
:1095D00000DDD2E7207C00F00300A0B9A819002824
:1095E00001DA0120C9E76F42002F01DA0020C4E749
:1095F000002F06DBB74204DAF11B0AEB070006F086
:1096000068FC0220B9E7A819002801DA0020B4E7B5
:109610006F42002F00DA0027B74201DB0020ACE7E1
:10962000002F05DBB74203DA3946504606F051FCFD
:109630000220A2E794F8280000F0010040B1334670
:109640004246294650460094FAF7E6FB814607E079
:1096500033464246294650460094FAF7CEFC8146EE
:1096600048468AE72DE9FC4781460D4616461C46CA
:10967000DDF828A0B42C02DDA4F1B40004B204F19A
:109680005A0000B210F06AF905EB6017204610F09E
:1096900065F906EB60180FFA88F03BB232462946AE
:1096A000CDE9000A484600F003F8BDE8FC87000059
:1096B0002DE9F05F04460F4615469846DDE90A6B32
:1096C0002C21204606F005FCB54206D1BBF1030F64
:1096D00003D1681E05B2701E06B2B54206DD4046D3
:1096E000B846074630462E46054600BF27816581AD
:1096F000A4F80C80E68184F810B06782A582A8EBFC
:109700000700002802DDA8EB070001E0A7EB080036
:10971000711B002901DD711B00E0A91B884201DDDE
:10972000012000E0002094F8281060F3000184F884
:1097300028100020E061A0614748206000202071CF
:10974000A8EB0709A6EB050A94F8280000F0010031
:10975000C0B1B9F1000F07D04FF4801191FBF9F0BF
:1097600000FB0AF18912E161BAF1000F07D04FF452
:10977000801191FBFAF000FB09F18912A161E16906
:10978000216218E0BAF1000F07D04FF4801191FB6D
:10979000FAF000FB09F18912A161B9F1000F07D0BD
:1097A0004FF4801191FBF9F000FB0AF18912E1619D
:1097B000A169216200BF207C00F0030030B994F859
:1097C000280020F0020084F8280039E0207C00F016
:1097D0000300012807D194F8280020F00200801C23
:1097E00084F828002CE0207C00F00300022811D12E
:1097F000206A002807DD94F8280020F00200801C71
:1098000084F828001CE094F8280020F0020084F876
:10981000280015E0207C00F00300032810D1206A06
:10982000002806DD94F8280020F0020084F82800C3
:1098300006E094F8280020F00200801C84F828003C
:10984000206A80106062206A002802DA606A404262
:109850006062BDE8F09F0000399501082DE9F04FE6
:109860008DB080468B4691461D461698807C00F050
:1098700001000C901698B0F910000B901699083161
:1098800009A8FBF70CFC0C9858B9BDF9260048450F
:1098900003DCBDF92A0048450DDA00200DB0BDE813
:1098A000F08FBDF92600484503DCBDF92A00484584
:1098B00001DA0120F2E7BDF924100B98084458455D
:1098C00007DC0BEB0501BDF928200B98101A81422B
:1098D0000BDDBDF926100B980844484559DCBDF94D
:1098E0002A100B98081A484553DB0C9858BBBDF951
:1098F0002400A0EB0B0001900198A84201DD00209C
:10990000CCE70198002803DB4046019906F0E1FA14
:10991000BDF92800A0EB0B0000F1010ABAF1000F1D
:1099200001DC0020BAE7AA4505DAA5EB0A0108EB3D
:109930000A0006F0CEFA019818B9AA4501D1012013
:10994000ACE70220AAE7BDF92400A0EB0B0ABAF1AC
:10995000000F01DA4FF0000AAA4517DCBDF9280014
:10996000A0EB0B00A0EB0A00401C019001985044B2
:10997000A84202DDA5EB0A0001900198002804DB53
:1099800008EB0A00019906F0A4FA00BF00BF02200C
:1099900084E7BDF92400A0EB0B00089009A8FBF7B1
:1099A00053FC079009A8FBF7CEFB0690BDF82400F6
:1099B000ABEB00000FFA80FBBDF82600A9EB00001E
:1099C0000FFA80F90B98814506DA0B98A0EB090095
:1099D000401E00B2039006E00B990698401AA9EBCE
:1099E000000000B20390169904AB05AA48690399D8
:1099F000F7F7FCFE0290DDE9071001440B98081A06
:109A0000BDF81010084406B20B9908980844BDF838
:109A10001010401A401E07B20C98002863D1002491
:109A200025E0BDF91400001B401E029911F800A0AA
:109A3000301900280BDB3019A84208DA301918F861
:109A40000010504610F075FE311908F80100381B5F
:109A50000BD4381BA84208DA381B18F800105046FF
:109A600010F067FE391B08F80100601C04B2BDF954
:109A700014008442D5DB3019A84201DA301900E025
:109A80002846002801DA002005E03019A84201DA52
:109A9000301900E0284606B2A91B08EB060006F0C4
:109AA00018FABDF91400381A401CA84204DABDF9AE
:109AB0001400381A401C00E02846002801DA002073
:109AC0000BE0BDF91400381A401CA84204DABDF9B5
:109AD0001400381A401C00E0284607B239464046B8
:109AE00006F0F7F95FE0002427E0BDF91400401EFE
:109AF000011B0298405CC0F1FF0000903019002863
:109B00000BDB3019A84208DA301918F80010009859
:109B100010F00FFE311908F80100381B0BD4381B68
:109B2000A84208DA381B18F80010009810F001FE5F
:109B3000391B08F80100601C04B2BDF9140084420E
:109B4000D3DB781CA84200DA00E02846002801DABE
:109B5000002004E0781CA84200DA00E028460FFA52
:109B600080FAA6EB0A00A5EB0A01884202DAA6EB0E
:109B70000A0001E0A5EB0A00002801DA00200AE053
:109B8000A6EB0A00A5EB0A01884202DAA6EB0A005E
:109B900001E0A5EB0A0000B2019008EB0A00019970
:109BA00006F097F900BF022078E600002DE9F84F93
:109BB00007468846154699464046FBF745FB8346CF
:109BC0004046FBF7C0FA00900098834501DA5846FA
:109BD00000E000988246B5EB6A0F02DD4FEA6A00AA
:109BE00005B2002D00DA0025414607F10800FBF719
:109BF00056FA3D8287F81290514838600220387139
:109C00001DB900207861BDE8F88F002440E0C4EB66
:109C1000C4004C4901EB8000B0F91800A84236D1CD
:109C2000C4EBC40001EB80004069401CC4EBC401DC
:109C3000444A02EB81014861C4EBC400114601EBC8
:109C400080000169102D01DA012000E0281108448C
:109C5000B0F57A7F0CDAC4EBC4003A4901EB80001E
:109C60000169102D01DA012000E02811084401E00B
:109C70004FF47A70C4EBC401324A02EB81010861EF
:109C8000C4EBC400114601EB80007861BBE7641CA3
:109C9000042CBCD3002600241BE0C4EBC4002949DB
:109CA00001EB8000406998B926B9C4EBC40001EB10
:109CB00080060DE0C4EBC400224901EB800000697E
:109CC0003169884204DAC4EBC4001E4901EB800606
:109CD000641C042CE1D396B91C2005F015FE064641
:109CE00000BF1EB900BF00BF00BFFEE700BF1C21C0
:109CF000304606F0EEF84FF0FF30306119E0706941
:109D0000401C7061002030613169102D01DA0120A2
:109D100000E028110844B0F57A7F07DA3169102D88
:109D200001DA012000E02811084401E04FF47A70C4
:109D300030617E6129467869ECF762FE00BF62E718
:109D40005D980108F445002070B505460026002402
:109D50000DE0094800EBC4004068A84205D1064860
:109D600050F83460204600F009F8601CC4B2102C92
:109D7000EFDB304670BD0000644600200146002045
:109D80004A1C4AB1054A52F831000022034B43F8FD
:109D9000312003EBC1035A60704700006446002085
:109DA00070B505460E46144600BFE0886188401A2B
:109DB000401C00B2012807DB00BFA0882188401AA0
:109DC000401C00B2012800DA70BD22463146284608
:109DD000EB68984700BFF7E738B5044638212046BE
:109DE00006F077F8FDF797FC0090BDF80000A08022
:109DF000FDF791FC0090BDF80000E080FDF737F919
:109E00000090A01DBDF800106181FF212173022187
:109E1000A173FDF72CF90090BDF800000C346082AE
:109E2000FDF725F90090BDF8000020840848A060E7
:109E3000FF2004F8090CA073A077A07584F82A000D
:109E4000E07D20F03E001E30E0750C3C38BD000087
:109E5000884903082DE9F04FC9B081460D461446E4
:109E60009846539F529E287B022802DC49B0BDE8E9
:109E7000F08F688800B9F9E7BE4200D1F6E7B5F97E
:109E800002A0C24501DD0FFA88FA3BA8FFF7A4FF44
:109E9000687B00F003008DF8EE00A86840B1002058
:109EA0008DF8EF00A8683F90287B8DF8060105E04B
:109EB000287B8DF8EF002888ADF8F0002088A0EB13
:109EC000080000B2ADF8E4006088A0EB080000B222
:109ED000ADF8E60020884044401E00B2ADF8E8002E
:109EE00060884044401E00B2ADF8EA0000BFBDF8F3
:109EF000E400ADF8DC00BDF8E600ADF8DE00BDF82A
:109F0000E800ADF8E000BDF8EA00ADF8E20000BFFF
:109F1000BDF8DC006988084400B2ADF8DC00BDF88B
:109F2000DE006988084400B2ADF8DE00BDF8E0004C
:109F30006988401A00B2ADF8E000BDF8E200698817
:109F4000401A00B2ADF8E2004FF0FF3B00BFBDF891
:109F5000E000BDF8DC10401A401C00B2002815DDFE
:109F600000BFBDF8E200BDF8DE10401A401C00B290
:109F700000280BDD012347F6FF7237A931A8FFF750
:109F800015FE002131A8FEF793FF8346002347F614
:109F9000FF7239A92BA8FFF709FE00212BA8FEF7B5
:109FA00087FF2A9006F5B470B84203D007F5B47065
:109FB000864218D147F6FF70ADF8EC0039AA3BA9EC
:109FC0004846FFF7EDFE2A98FFF7D8FE0BF1010097
:109FD00010B15846FFF7D2FE2BA8FFF74BFA31A875
:109FE000FFF748FA42E702E0A6F5B47086B2B6F58C
:109FF000B47FF9DA02E0A7F5B47087B2B7F5B47FA1
:10A00000F9DA38B20090B4F90220B4F9001033B292
:10A010000FA8FFF785F900210FA8FEF749FF0E9062
:10A02000B74204DDB81BC0F5B4700D9001E0F01B21
:10A030000D90D9F808000C900D983C282EDDB8F151
:10A040000A0F2BDD05940FFA88F0ADF81800ADF873
:10A050001A60ADF81C705A2096FBF0F000F0030077
:10A06000ADF81E005A2097FBF0F000F00300ADF8A9
:10A070002000ADF822A03BA8099039A80A90CDF89D
:10A080002C9005A8F2F795FA05A8F2F7B6FB05A8FB
:10A09000F2F7DCFC05A8F2F707FE04E039AA3BA9B9
:10A0A0004846FFF77DFE0FA8FFF7E4F92BA8FFF75E
:10A0B000E1F931A8FFF7DEF90E98FFF75FFE2A9865
:10A0C000FFF75CFE0BF1010010B15846FFF756FE9A
:10A0D000687BC0F3800000287ED00AF0FF0204AB4A
:10A0E0000FFA88F130B2F7F7D1FCBDF810002188E3
:10A0F000084400B2ADF81000BDF8140021880844EF
:10A1000000B2ADF81400BDF812006188084400B236
:10A11000ADF81200BDF816006188084400B2ADF831
:10A12000160004AA02A80C99E8F718FBD0B1002386
:10A1300047F6FF7204A906A8FFF738FD002106A81C
:10A14000FEF7B6FE019002A8C9F8080039AA3BA99B
:10A150004846FFF725FE0198FFF710FE06A8FFF717
:10A1600089F900BF0AF0FF0204AB0FFA88F138B298
:10A17000F7F78CFCBDF810002188084400B2ADF858
:10A180001000BDF814002188084400B2ADF8140096
:10A19000BDF812006188084400B2ADF81200BDF8A5
:10A1A00016006188084400B2ADF8160004AA02A89F
:10A1B0000C99E8F7D3FAE0B1002347F6FF7204A93F
:10A1C00006A8FFF7F3FC002106A8FEF771FE019038
:10A1D00002A8C9F8080000E00FE039AA3BA94846E8
:10A1E000FFF7DEFD0198FFF7C9FD06A8FFF742F96A
:10A1F00000BF0C98C9F8080000BF00BF36E670B574
:10A2000004460D461646324629462046EDF7BCF96F
:10A21000324629462046EDF7ACFB70BD7CB50446BE
:10A220000D46287E022800DC7CBDA26868462968AD
:10A23000E8F794FA00B9F7E7E06A10B12046E16A5E
:10A24000884729462046626B904700BFECE72DE91E
:10A25000F04F89B007460C46E06800B90026E06878
:10A2600020B1207C10B909B0BDE8F08F207C012816
:10A2700001D1002600E0E6687868FAF7ECFF834633
:10A28000BA6807A82168E8F769FA00B9EBE7EAF7C6
:10A29000F5F8814638680690D9F80000C06988B999
:10A2A000BDF91C007968B1F90010401ABDF91E1003
:10A2B0007A68B2F90220891A0BFB0101069800EBBB
:10A2C00041000690D4F804A0BAF1000F14D0206821
:10A2D000FAF7C1FF8046BDF91C002168B1F90010F2
:10A2E000411ABDF91E002268B2F90220821A08FB49
:10A2F00002100AEB400A01E04FF000089EB16069CD
:10A30000FAF7A9FF05466069B0F90000BDF91C1015
:10A31000411A6069B0F90200BDF91E20821A05FBDE
:10A320000210064400E0002578684088404202B2EE
:10A3300078680088404201B207A8FAF7EAFFD9F826
:10A340000000C069D0B1606860B9207ECDE90165C8
:10A350000090208903465A4607A905900698F5F70C
:10A36000A4FD46E0207E53465A4607A9CDE9008069
:10A37000CDE90265069810F03CF93AE06068E8B96A
:10A38000607E60B9207ECDE901650090208903469A
:10A390005A4607A905900698F5F7E2FB29E0607E8A
:10A3A000217ECDE9016500910390208903465A463C
:10A3B00007A905900698F5F721FB1AE0607E58B9C9
:10A3C000207E53465A4607A9CDE90080CDE90265B3
:10A3D00006980FF067FF0CE0607E217E53465A46D8
:10A3E000CDE90081CDE90265049007A906980FF038
:10A3F000CFFE00BF37E72DE9FF4FB1B00C4617463F
:10A40000DDF8F880319988680188ADF8BC10418882
:10A41000ADF8BE108188ADF8C010C188ADF8C2108B
:10A4200000BF2FA8FFF74AF82E901C2127A805F09F
:10A4300050FDE07A8DF8B400207B00F00F008DF81D
:10A44000B5002E9890B9208880B96088B0F5807FDB
:10A450000CD1B8F1040F09D1A07A38B927973498F4
:10A46000289027A93198FFF7D9FE4EE2B8F1050FE1
:10A4700001D1032000E0022081463846FAF7F2FEBF
:10A4800026904FF47F40002100F47C4241EA5211B3
:10A49000C0F3C40211431F91BDF87C2011462491E2
:10A4A00000252FA8FAF75DFE23902FA8FAF7DAFE11
:10A4B0008346BDF8BC00ADF88400BDF8C000ADF81F
:10A4C0008800BDF8BE00ADF88600BDF88600ADF886
:10A4D0008A0021A82790208818B96088B0F5807F6D
:10A4E00001D0012000E0002020902E9800287ED18D
:10A4F00020980028FBD1B8F1050FF8D1A07A0028E8
:10A50000F5D1E9F7BBFF1990FDF750FD1F902FA87B
:10A51000FAF766FE1F99884201D91F9802E02FA81A
:10A52000FAF75EFE1E901E99480005F027FA1D906E
:10A530001E9805F023FA1C901C982A9021A82C90B4
:10A5400002208DF8AC001D982890349EBDF9BE0005
:10A55000B7F90210401A2699484300FB0966BDF975
:10A56000BC00B7F90010401A00FB096600201A90E1
:10A570003BE0B24600201B9013E09AF802001C99C1
:10A58000485548B19AF800109AF8012001EB0221D1
:10A590008AB21D9921F815201B98401C1B90CA44B3
:10A5A0006D1C1B985845E8DB269800FB096605EBF7
:10A5B0000B011E98814206D8BDF88A00401C00B2EB
:10A5C000ADF88A000EE027A93198FFF727FEBDF805
:10A5D0008A00401C00B2ADF88600BDF88600ADF8D8
:10A5E0008A0000251A98401C1A90239900E019E06F
:10A5F0001A988842BDDBBDF98600BDF98A108842F1
:10A6000009D0BDF88A00401E00B2ADF88A0027A923
:10A610003198FFF703FE1C9805F02CFA1D9805F001
:10A6200029FA71E1E9F72AFF0290FDF7BFFC1F90BC
:10A630002FA8FAF7D5FD1F99884201D91F9802E08B
:10A640002FA8FAF7CDFD1E901E99480005F096F947
:10A650001D901E9805F092F906462A9621A82C9086
:10A6600002208DF8AC001D98289000201C904C21F1
:10A6700009A805F02EFC209828B3208800B2ADF878
:10A6800030006088ADF8320034980990269800B206
:10A69000ADF828003846FAF764FDADF82A008DF8C9
:10A6A0003680A088ADF82C00E088ADF82E00208917
:10A6B000ADF83400207D00F001008DF8370009A8C6
:10A6C000E9F738F815E034981C90BDF9BE00B7F9E9
:10A6D0000210411A269841431C9801FB09001C9066
:10A6E000BDF9BC00B7F90010411A1C9801FB090024
:10A6F0001C90002007900890A07AC0F1FF000690FF
:10A70000A07AB0B122890292A07A07A9BDF80820E8
:10A71000D20A42430A80BDF80820C2F345124243E0
:10A720004A80BDF8082002F01F0242438A8000BF21
:10A7300000BFB8F1040F05D1208818B96088B0F5C2
:10A74000807F01D0022000E001208DF8AC002E981F
:10A7500018B130461E9905F0F3FBBDF98600B7F934
:10A760000210401A039000200490B1E0DDF870A0C0
:10A770000295BDF98400B7F90010401A019000203D
:10A7800005904BE02098B8B1DDE90303184402B20C
:10A79000059B0198184401B209A8E8F740FD009014
:10A7A000009810B90020705533E009A8807D7055DD
:10A7B000BDF8380025901EE0B8F1050F05D19AF8D4
:10A7C0000200705500B924E001E0FF2070559AF8AE
:10A7D00000009AF8011000EB012080B22590B8F13A
:10A7E000060F08D1BDF89400BDF89010884202D140
:10A7F000002070550DE0A07A28B107A8069A259987
:10A80000FCF71DFF2590BDF894101D9820F8151039
:10A8100000BF0598401C05906D1CCA44059858451A
:10A82000B0DB2E98E8B1BDF8BEC0049B63441AB2F9
:10A83000BDF98410029BF0185B46FEF7EFFD009017
:10A84000009840B902997018594605F042FB022061
:10A850008DF8AC0004E00098022801D18DF8AC001E
:10A8600000BF26991C9801FB09001C9005EB0B0109
:10A870001E98814206D2BDF88A00401C00B2ADF895
:10A880008A0022E027A93198FFF7C8FCBDF88A00AA
:10A89000401C00B2ADF88600BDF88600ADF88A0015
:10A8A0000025B8F1040F05D1208818B96088B0F5EB
:10A8B000807F01D0022000E001208DF8AC002E98AE
:10A8C00018B130461E9905F03BFB0498401C0490DB
:10A8D000239904988842FFF649AFBDF98600BDF977
:10A8E0008A10884209D0BDF88A00401E00B2ADF837
:10A8F0008A0027A93198FFF791FC304605F0BAF895
:10A900001D9805F0B7F800BF00BF35B0BDE8F08F67
:10A9100070B506460C4625463821284605F0D9FA7A
:10A92000094828610948E8600948A8620948E861BF
:10A930000948686109482862094868620948E8626C
:10A940000948686370BD0000559E0108F9AF010811
:10A95000FFA101086DA90108F7A3010865AA010874
:10A9600069AC010835B001084FA201082DE9F04398
:10A9700087B005460E4690461C460023224603A992
:10A98000306801F07AF88146B9F1000F0ED1202C21
:10A9900009D34FF6FF00844205D042F20C008442F6
:10A9A00001D000BF00BF07B0BDE8F083BDF81400C0
:10A9B00010B1BDF8120000B9F5E7B8F80000BDF815
:10A9C0001610084400B2ADF80800306800893168FC
:10A9D0004989401AB8F802100844BDF81410401A0A
:10A9E000BDF81810401A00B2ADF80A00BDF9080011
:10A9F000BDF812100844A968B1F90010884217DBAD
:10AA0000BDF90800A968B1F90410884210DCBDF94D
:10AA10000A00BDF814100844A968B1F90210884270
:10AA200006DBBDF90A00A968B1F90610884200DD0D
:10AA3000B9E72146039801F011F8074617B900BF9E
:10AA400000BFB0E70398007B00F0030008B100BF2F
:10AA500006E003AB02AA314628460097EFF79AFBBF
:10AA600000BFA0E72DE9F04F93B080460E46144694
:10AA70001D46708810B913B0BDE8F08F307A0228F7
:10AA800000DCF8E7B4F90000B5F90010884206D1FF
:10AA9000B4F90200B5F90210884200D1EBE7B4F92D
:10AAA0000010B5F90020914202DAB4F9001001E07B
:10AAB000B5F90010B6F9020000EBD072A1EB62010B
:10AAC00009B2ADF84410B4F90010B5F90020914274
:10AAD00002DDB4F9001001E0B5F90010B6F902008A
:10AAE00000EBD07201EB620109B2ADF84810B4F985
:10AAF0000210B5F90220914202DAB4F9021001E025
:10AB0000B5F90210B6F9020000EBD072A1EB6201B8
:10AB100009B2ADF84610B4F90210B5F9022091421D
:10AB200002DDB4F9021001E0B5F90210B6F9020035
:10AB300000EBD07201EB620109B2ADF84A1011A925
:10AB400011A8D8F80820E7F709FE8246BAF1000FED
:10AB500000D190E7D8F808B011A8C8F80800B4F9F7
:10AB60000200B5F90210884206D12B462246314632
:10AB70004046EFF7EDFC12E0B4F90000B5F9001023
:10AB8000884206D12B46224631464046EFF7FAFF6F
:10AB900005E02B46224631464046EFF7C5FD707A68
:10ABA000C0F3C00020B9707AC0F38000002857D0ED
:10ABB00003A8FFF711F93088ADF8100047F6FF70D1
:10ABC000ADF80C00307A8DF80F00B6F9020047108E
:10ABD000B07800F0010080F00109707AC0F38000C5
:10ABE000E0B12088C01B00B2ADF804006088C01B33
:10ABF00000B2ADF8060020883844A0EB090000B28E
:10AC0000ADF8080060883844A0EB090000B2ADF848
:10AC10000A0001AA03A94046FFF7C2F8707AC0F300
:10AC2000C000E0B12888C01B00B2ADF804006888FD
:10AC3000C01B00B2ADF8060028883844A0EB09001C
:10AC400000B2ADF8080068883844A0EB090000B2F3
:10AC5000ADF80A0001AA03A94046FFF7A1F800BF1A
:10AC6000C8F808B000BF06E72DE9FF4F93B0904643
:10AC70001E46032E02DA17B0BDE8F08FB8F1000FC0
:10AC800000D1F8E7B00004F079FE044604B9F2E719
:10AC900000201290D8F80000206000251EE038F94E
:10ACA0002510681C38F9200081420AD108EB850084
:10ACB000B0F90210681C08EB8000B0F90200814274
:10ACC0000AD0129804EB800008EB85010968016046
:10ACD0001298401C80B21290681C85B2701EA84267
:10ACE000DDDCB8F9001038F92000814208D1B8F94C
:10ACF0000210701E08EB8000B0F9020081420BD0F8
:10AD0000129804EB8001701E08EB80000068086058
:10AD10001298401C80B21290129E032E03DA204635
:10AD200004F0A8FEA7E7B34903C9CDE91001002547
:10AD30003DE0BDF9400034F92510884202DABDF942
:10AD4000400001E034F92500ADF84000BDF94200B3
:10AD500004EB8501B1F90210884202DABDF9420024
:10AD600003E004EB8500B0F90200ADF84200BDF944
:10AD7000440034F92510884202DDBDF9440001E0A9
:10AD800034F92500ADF84400BDF9460004EB850117
:10AD9000B1F90210884202DDBDF9460003E004EB80
:10ADA0008500B0F90200ADF84600681C85B2B542D6
:10ADB000BFDB139810A982680DA8E7F7CFFC0F90AE
:10ADC0000F9818B9204604F055FE54E71398806890
:10ADD0000C900DA913988160B4F902000B9000202B
:10ADE0000A9001250FE004EB8500B0F902100B98E2
:10ADF000814206DA04EB8500B0F902000B9028B21C
:10AE00000A90681C85B2B542EDDB2C2106FB01F0EF
:10AE100004F0B4FD099009980890DDF828A0DDF849
:10AE200028A0D34600200790DDF828A0AAF101074A
:10AE3000002F00DA37440A9800F10109701E4845D6
:10AE400001DA4FF0000934F827100A9834F820008E
:10AE5000081A01B2069134F829100A9834F8200033
:10AE6000081A01B2059104EB870041880A9804EBA7
:10AE700080004088081A00B2049004EB89004188E1
:10AE80000A9804EB80004088081A00B20390002062
:10AE90000290DDE9040100FB01F2069903984843A2
:10AEA000824201DA0120029000BF029860B9AAF143
:10AEB0000107002F00DA37440BF10109701E4845E5
:10AEC0000EDA4FF000090BE00AF10107701EB842DC
:10AED00000DA0027ABF10109B9F1000F00DAB14443
:10AEE00004EB8700B0F9020004EB8A01B1F902100B
:10AEF00088422CDB04EB8700B0F9020004EB8A01E6
:10AF0000B1F9021088421ED034F9270034F92A1012
:10AF1000884218D0012104EB8700B0F90200CDE986
:10AF2000000134F9273004EB8A00B0F9022034F92B
:10AF30002A100898FEF7BCFBDDE90801FDF7B8FF11
:10AF400008982C3008900798401C0790BA4607983C
:10AF5000B04200D13AE004EB8900B0F9020004EB02
:10AF60008B01B1F9021088422CDB04EB8900B0F9A7
:10AF7000020004EB8B01B1F9021088421ED034F9B3
:10AF8000290034F92B10884218D0002104EB8900E5
:10AF9000B0F90200CDE9000134F9293004EB8B004F
:10AFA000B0F9022034F92B100898FEF781FBDDE997
:10AFB0000801FDF77DFF08982C3008900798401C89
:10AFC0000790CB460798B042FFF46FAF00BF10AABE
:10AFD000DDE91301FEF7E4FE0998FEF7B5FE0998D6
:10AFE00004F048FD204604F045FD13990C98886054
:10AFF00000BF40E69C0D030870B504460D4616469A
:10B00000324629462046F2F7EBFD324629462046D5
:10B01000ECF7BAFA324629462046ECF7AAFC32464B
:10B0200029462046ECF7C1FD324629462046F1F775
:10B0300085F970BD704770B5044600BF00BF01219F
:10B04000204606F08EF825464FF6FF7068870121EE
:10B05000686A05F029FB00222021204600F05CFCF4
:10B0600070BD00002DE9F04180460C4625460020C9
:10B0700045F8240FE86018A0A86000206860287ECA
:10B0800020F0100010302876287E20F0200020309C
:10B09000287600206882A8824FF6FF70E8820020A0
:10B0A0002882287E20F00F00083028764FF4806137
:10B0B000204605F0F9FA09A1204600F04CFB204695
:10B0C00006F0AAFE074600F047F9286055F8246903
:10B0D0007462BDE8F0810000EF81B8004F707469C0
:10B0E0006F6E20310A4F7074696F6E20320A4F7094
:10B0F00074696F6E2033000070B5044600BF00BF56
:10B100002146044805F03DFF0546284605F0AEFF00
:10B11000284670BD644C030870B506460D462C46A3
:10B12000606A20B1606A06F0B1F80020606294F8AD
:10B130003C00C0F3001020B9206B04F0B3FC0020E9
:10B14000206370BD2DE9F84F89464946584806F0FE
:10B15000D1FC8046B8F1010F01D0BDE8F88F484618
:10B1600000F073FB0546484600F0D0FB07463C461E
:10B170000E2D1BD1384606F0EDFD8346584601F0F2
:10B18000D3F9064602F082FC009002F0D4FC82461D
:10B19000BAF1040F09D11EB1384600F033F904E0CA
:10B1A000208FE0863846FFF746FF7FE00F2D01D065
:10B1B000102D03D13846FFF73EFF77E0082D07D169
:10B1C0003846EAF7BCFC8046B8F1010F6ED0C4E700
:10B1D0002A2D03D1384609F008FD67E0292D03D157
:10B1E000384609F002FD61E02C2D0DD1484600F0F3
:10B1F0008AFB06460021384608F0F7F98246504699
:10B2000000F0E8FC708051E00D2D4AD1484600F076
:10B210007AFB0678132E01D0122E13D1384600F097
:10B220008EF818B9384600F0EDF839E0E08E401C91
:10B23000A18E884234DAE08E401CE08638460FF05A
:10B24000ACFD2DE0142E01D0112E11D1384600F0A6
:10B2500076F818B9384600F0D5F821E0E08E0028DD
:10B260001EDDE08E401EE08638460FF096FD17E0AA
:10B270001B2E05D1208FE0863846FFF7DCFE0FE05D
:10B280000A2E0DD102F016FC8246BA4507D0384688
:10B29000EAF755FC8046B8F1010F00D05DE700BF2A
:10B2A00004E0152D02D14846EFF7B0FF00BF54E788
:10B2B000644C0308014600BF00BF0A46D08E7047A9
:10B2C0002DE9F05F81460F46924600BF00BF4D4614
:10B2D0004FF0000B286B20B1286BE5F713FA80467E
:10B2E00003E000203870BDE8F09F002406E0286BE2
:10B2F000005D0A2801D10BF1010B641C444502D208
:10B30000288F5845F3D100260EE0BAF1000F06D081
:10B31000AAF10100B04202D800BF00BF0AE0286BCA
:10B32000005DB855761C641C444503D2286B005D53
:10B330000A28EAD100BF0020B85500BFD3E770B596
:10B34000044600BF00BF25460121686A08F004FBDF
:10B3500080F0010070BD000070B5044600BF00BF62
:10B360002146044805F00DFE0546284605F07EFE00
:10B37000284670BD804C03082DE9F05F834688465F
:10B38000404600F062FA0446182C08D041461C489A
:10B3900006F0B0FB0546012D01D0BDE8F09F404608
:10B3A00000F0B4FA0646D6F824904F46082C09D18E
:10B3B00002F06CFB824602F0AEFBF8B93046F8F7BB
:10B3C00093FF1BE0012C03D13046F8F768FF15E02E
:10B3D000092C06D14FF6FF707887304608F059FEE9
:10B3E0000CE0182C0AD14046EFF7A6FC4146044871
:10B3F00006F080FB0546012D00D0CEE700BFCCE76C
:10B40000804C03082DE9F04F87B0054600BF00BF10
:10B410002C460121284605F084F9284606F0FCFC5C
:10B4200083465946606A09F0C1FF4FF0FF31606AF8
:10B4300008F0EEFF0121606A05F052FE00221F2194
:10B44000284600F069FA2846F6F7B5F80690216B11
:10B45000069803F0DCFF42F2D171606A0AF0BCFA90
:10B4600006980AF00BFB606A08F019FA8346284632
:10B4700008F015FA834513DC94F83C0000F00F0047
:10B48000042805D094F83C0000F00F00082807D1EC
:10B49000284608F004FA83465946606A0AF09CFA86
:10B4A000069806F061FC05900021606A07F0C8FB71
:10B4B00081460021606A07F08AFF484401B2049186
:10B4C0000020D4F824B0029041F6110258460299A7
:10B4D00007F0BEFF01900198484400B20390DDE9F7
:10B4E00004100144039808440FFA80F8464694F883
:10B4F0003C0000F00F0794F83C0000F00F00082813
:10B5000024D1FCF73BFD8346FCF7B6FDB5F91A10D4
:10B51000314488423CDAFCF731FD8346FCF7ACFD50
:10B52000B5F91A10411AB5F91600814204DA042758
:10B53000E88A401E06B22BE0FCF720FD8346FCF7AC
:10B540009BFD698B401A401E06B221E094F83C0036
:10B5500000F00F0004281BD1B5F91600801B17D589
:10B56000FCF70CFD8346FCF787FDB5F91A10411A6C
:10B57000B5F91600814209DD0827FCF7FFFC834678
:10B58000FCF77AFD698B401A06B201E0B5F9166046
:10B59000464500DD46463146606A09F0CAFE284647
:10B5A0000FF0FBFB082F08D10020009000230D2294
:10B5B0002946606A05F038F91FE0042F08D1002001
:10B5C000009000230A222946606A05F02DF914E054
:10B5D000012F08D100200090002310222946606A24
:10B5E00005F022F909E0022F07D100200090002386
:10B5F00013222946606A05F017F9606A0AF03EFADC
:10B6000094F83C0000F00F00012805D094F83C00AD
:10B6100000F00F0002281FD1606A08F06CF9029058
:10B62000606A08F08BF98346FCF7A8FC0190FCF7F0
:10B6300023FD58450FDCFCF7A1FC0090FCF71CFD36
:10B64000ABEB00010298401A401E00B20190606A04
:10B6500001990AF0F3F900BF0021226B069805F06A
:10B6600061FC82465046BAF1010F04D0022810D086
:10B67000032807D000BF00231A460121069805F0D1
:10B68000C1F80DE000231A460321069805F0BAF828
:10B6900006E000231A460921069805F0B3F800BF1A
:10B6A00000BF07B0BDE8F08F2DE9F04107460D4619
:10B6B00000BF00BF00BF1DB900BF00BF00BFFEE755
:10B6C00000BF3C460020A086002606E0A85D0A28B0
:10B6D00002D1A08E401CA086761CA85D0028F5D162
:10B6E000A08E401CA0860020E08620872846E5F733
:10B6F00009F800F10108206B48B194F83C00C0F350
:10B70000001020B9206B04F0CDF9002020634046E2
:10B7100004F0FAF8206300BF206B18B900BF00BF27
:10B7200000BFFEE700BF206B08B9BDE8F0812946E5
:10B73000206BE4F7C3FF94F83C0020F0100084F87D
:10B740003C00384608F0A5FC606A10B1606A08F059
:10B75000A0FC00BFE9E72DE9F04107460D4600BF18
:10B7600000BF00BF1DB900BF00BF00BFFEE700BFA4
:10B770003C460020A086002606E0A85D0A2802D1EB
:10B78000A08E401CA086761CA85D0028F5D1A08E56
:10B79000401CA0860020E086208794F83C00C0F37F
:10B7A000001030B9206B20B1206B04F07BF9002031
:10B7B000206394F83C0020F01000103084F83C0026
:10B7C0002563384608F065FC606A10B1606A08F0CD
:10B7D00060FCBDE8F08170B506460D4600BF00BFB5
:10B7E0003446E08EA84200D170BDA08EA84201DD93
:10B7F000284601E0A08E401EE086E08E208730467D
:10B8000008F047FC00BFEFE770B505460C464FF463
:10B810008061204605F064FC0421204605F060FCB0
:10B820004FF40031204604F03FFF0121204604F090
:10B830003BFF204602F03CFD70BD30B504460B4690
:10B84000586A02460025556230BD0146087A20F04C
:10B850008000704701464868704700B50246107A7C
:10B8600015280ED0107A14280BD0107A162808D07C
:10B87000107A182805D0107A172802D0107A1928C3
:10B8800003D1104600F03FF800BD00BF00BF00200C
:10B89000FAE700B50246107A01282CD0107A022867
:10B8A00029D0107A032826D0107A042823D0107AC1
:10B8B000052820D0107A06281DD0107A07281AD023
:10B8C000107A082817D0107A092814D0107A0A287C
:10B8D00011D0107A0B280ED0107A0C280BD0107AC9
:10B8E0000D2808D0107A0E2805D0107A0F2802D023
:10B8F000107A102803D1104600F005F800BD00BFF3
:10B9000000BF0020FAE70146086970470146086851
:10B9100070470146C8687047F0B587B004460D46C9
:10B92000164614B9012007B0F0BD00BF00BF009457
:10B9300001948DF808500020039004969DF818009B
:10B9400020F001008DF818009DF8180020F0040088
:10B950008DF818009DF8180020F002008DF81800EE
:10B960000748006805900649C1F800D06846F3F71B
:10B970003CFF07460249059808603846D3E70000B7
:10B980007801002010B503460C46187A13280DD113
:10B990001846FFF7B8FF0246B2F90000A04202DDE8
:10B9A000B2F9000000E02046108001E000BF00BFB7
:10B9B00010BD10B500F006F800F08EFC00F05AF94A
:10B9C00010BD000010B500210D4803F03FFD0D49EA
:10B9D00008600BF047FF0C4908800BF043FF40F470
:10B9E00080500A4908800BF03DFF40F48050084920
:10B9F00008800BF037FF40F480500649088010BDE6
:10BA0000E5060108D4010020D8010020DA01002059
:10BA1000DC010020DE0100202DE9F04106460F4642
:10BA2000092F00D12027346939463046F5F7E6FA68
:10BA3000054615B90020BDE8F081606800EBC50837
:10BA4000608A800B30B92068D8F80010C1F3130168
:10BA50000844F0E700BF00BF0020ECE770B50446E3
:10BA60000D4600BF1CB900BF00BF00BFFEE700BF0E
:10BA7000294620466268904770BD2DE9F04706468A
:10BA80000D469046994600BF1EB900BF00BF00BFDB
:10BA9000FEE700BF00BF1DB900BF00BF00BFFEE74B
:10BAA00000BF00202860344600270FE04B46424686
:10BAB00029462046D4F800C0E04707462FB1A87BAE
:10BAC000C0F3001008B92C6002E06469002CEDD1CD
:10BAD00000BF3846BDE8F0872DE9FF4F83B00C4624
:10BAE00091464FF0000AB9F1090F03D14FF0200938
:10BAF0004FF0010A0398066949460398F5F77EFA64
:10BB000007461FB9002007B0BDE8F08F4FF0000BCB
:10BB1000F06868B106990398F5F770FA01900198FA
:10BB200028B13946019A0398F5F7F4FB834600BF24
:10BB3000706800EBC705308A00FB0BF00011029023
:10BB400028684FEA1058BAF1000F01D04FEA4808B0
:10BB50000298804408F108004FEA1018A4F8048005
:10BB6000687920812879E08095F90600608195F94F
:10BB70000700A081708A400AA17B60F30301A173D2
:10BB8000A07B20F01000A073BAF1000F05D0E08870
:10BB90004FF6FF7101EA4000E0800120B3E72DE994
:10BBA000FF4105460E46174600BF1DB900BF00BF46
:10BBB00000BFFEE700BF3B46324669462846FFF716
:10BBC0005CFF044624B1BDF8040004B0BDE8F08178
:10BBD0000020FAE70146B1F9080070470146B1F9C3
:10BBE000080070470146B1F9080070470146B1F9F5
:10BBF0000800704770B50446606808B90B2070BD36
:10BC00006068C06808B90920F9E7D4E90010C26883
:10BC1000904705466068408858B1A06848B1A06860
:10BC2000C06818B1A168C86803F03CFFA06803F0C1
:10BC300039FF002020606060A0602846DFE710B573
:10BC400004463021204604F044F910BD70B5054685
:10BC50000748E8F70DF9044600BF1CB900BF00BF54
:10BC600000BFFEE700BF04B970BD256000BFFBE761
:10BC70000C45002010B5F4F7D7FF0F48FFF7DFFFA2
:10BC800030200D490870002048800C4888600C481E
:10BC9000C8600C4808610C4848610C4888610C4831
:10BCA000C8610C4888620C4808620C484862084623
:10BCB000FFF7CCFF10BD00006C4400202B0C0108E6
:10BCC000110C0108310C0108490C01083B0C01085A
:10BCD000430C0108170C01081D0C0108230C010876
:10BCE00070B505460948E8F790F804460AE0206870
:10BCF0000078A84201D1206870BD21460348E8F7CA
:10BD00009CF80446002CF2D10020F5E70C450020F9
:10BD100070B505462846E4F7F5FC04460EE0285DBC
:10BD20002E2802D1601C284470BD285D2F2802D027
:10BD3000285D5C2801D103A0F6E7641E002CEED13B
:10BD400000A0F1E700000000401C01783A2900D172
:10BD5000401C70472DE9F04705460F46914627B92C
:10BD600000BF00BF0B20BDE8F08797F80080404679
:10BD7000FFF7B6FF04461CB900BF00BF0320F2E77F
:10BD8000606838B120466168884718B900BF00BFB5
:10BD90000120E8E7A06818B900BF00BF0920E2E76A
:10BDA0003846FFF7D1FF82464A4651462046A368EF
:10BDB000984706460EB1701C08B90C20D3E76C609A
:10BDC0002E60608878B1102003F09EFDA86000BF4F
:10BDD000A86818B900BF00BF00BFFEE700BF102170
:10BDE000A86804F076F80020BDE72DE9FC41044680
:10BDF0000F4690461D460DB100202860606810B9BE
:10BE00000B20BDE8FC816068006908B90920F8E7EB
:10BE1000002001906068408838B101AB4246394645
:10BE2000204600F011F8064609E001A80090D4E988
:10BE3000001043463A46D0F810C0E04706460DB120
:10BE4000019828603046DCE72DE9F04F87B00446C2
:10BE50000F4615469A4600200690A068D0F808B014
:10BE6000A06800680590A06840680490A068D0F8B9
:10BE70000C806068B0F80290059858454AD804983C
:10BE8000834547D20598ABEB000080B2039003983E
:10BE9000A9EB000086B2B54207D8039808EB000171
:10BEA0002A46384603F087FE33E0039808EB00018A
:10BEB0003246384603F07FFE4D450AD9AB1BBA190E
:10BEC000CDF800A0D4E90010D0F810C0E0470690EB
:10BED0001FE00020029002A80090D4E900104B4619
:10BEE0004246D0F810C0E0470690A0684068401C69
:10BEF000A1680860A068006802990844A1684860C9
:10BF0000A81B80B20190B8194146019AE4F719FCC8
:10BF100000BF39E04D4509D9CDF800A0D4E90010A3
:10BF20002B463A460669B04706902DE0B8F1000F5F
:10BF300010D1484603F0E8FCA168C86000BFA068C3
:10BF4000C06818B900BF00BF00BFFEE700BFA0680F
:10BF5000D0F80C800020039003A80090D4E90010D2
:10BF60004B4642460669B0470690A068C0F800B04C
:10BF7000A068006803990844A16848602A464146C1
:10BF80003846E4F7DEFB00BF069830B9CAF8005027
:10BF9000A06880682844A1688860069807B0BDE85A
:10BFA000F08FF8B504460D461746606808B90B20B7
:10BFB000F8BD6068806908B90920F9E70026606863
:10BFC000408800284ED027B1012F1AD0022F48D127
:10BFD00032E0A0688560A0688068A168096888422E
:10BFE00005D3A0688068A1684968884208D9A36819
:10BFF0009A68D4E900100023D0F818C0E04706463C
:10C000002FE0A06880682844A1688860A0688068E4
:10C01000A1680968884205D3A0688068A16849685A
:10C02000884208D9A3689A68D4E900100023D0F8A0
:10C0300018C0E047064614E0D4E900103B462A4603
:10C04000D0F818C0E047064656B9D4E900106A4651
:10C05000C3699847064616B90098A168886000BF72
:10C0600000BF07E0D4E900103B462A46D0F818C0CC
:10C07000E047064630469BE72DE9F04F87B004467F
:10C080000E461746A07870434FEA202A574507DC32
:10C0900020880690BDF81810084607B0BDE8F08F5C
:10C0A000207A401E04EB8000807870434FEA202BFA
:10C0B0005F4509DB207A401E04EB80000088069073
:10C0C000BDF818100846E8E70020039001252AE093
:10C0D00004EB85008078704300120190019887423C
:10C0E0001FDC681E04EB800000880090FBF7E6FA76
:10C0F000059004EB850000880090FBF7DFFA0490C0
:10C10000681E04EB8000807870434FEA202A04EB1D
:10C110008500807870434FEA202BABEB0A00039038
:10C1200004E0681CC5B2207AA842D1DC00BFA7EBAE
:10C130000A0007B2C7EB0721039891FBF0F000F06B
:10C14000FF08C8F1FF099DF8100000FB08F09DF8FA
:10C15000141001FB090000EBC01101EBC030800E90
:10C16000BDF8081060F3040102919DF8110000FB76
:10C1700008F09DF8151001FB090000EBC01101EB60
:10C18000C030400EBDF8081060F34A1102919DF8CE
:10C19000120000FB08F09DF8161001FB090000EBEF
:10C1A000C01101EBC030800EBDF8081060F3CF2144
:10C1B0000291BDF8081008466FE710B504466068A4
:10C1C000C00F10B1204603F06DFC10BD2DE9FE43F9
:10C1D00005460E461746687A00F0070010B90020A1
:10C1E000BDE8FE832848007828B9002000F050F808
:10C1F000012025490870687A00F00700022801D163
:10C20000304600E038468046324641462846EAF746
:10C21000BEFE02900020019001AA02A91B48F7F778
:10C2200045FD01280AD101984068401C01994968E0
:10C2300060F31D01019841600198D1E73A4631460B
:10C240002846E8F7CBFF0190019818B900BF00BF5E
:10C250000198C5E7002410E00198B0F90E102246BD
:10C260002846FFF709FF00900198806800EB440022
:10C27000BDF800100180601C04B20198B0F90E00F6
:10C28000A042E9DC0198ABE7B001002067FF00089D
:10C2900010B504460D48006803F004FC204603F086
:10C2A00033FB0A4908600A49086000BF0748006874
:10C2B00018B900BF00BF00BFFEE700BF214603481A
:10C2C000006803F006FE0348046010BDF802002079
:10C2D000AC010020A801002010B50021204803F087
:10C2E000B5F8204908600BF0BDFA40F480501E49B3
:10C2F00008800BF0B7FA40F480501C4908800BF01E
:10C30000B1FA40F480501A4908800BF0ABFA40F4BF
:10C310008050184908800BF0A5FA40F48050164967
:10C3200008800BF09FFA40F48050144908800BF00D
:10C3300099FA40F48050124908800BF093FA40F4C7
:10C340008050104908800BF08DFA40F480500E495F
:10C3500008800BF087FA40F480500C49088010BD2B
:10C3600077200108BC010020C0010020C40100208A
:10C37000C2010020C6010020D0010020CE01002013
:10C38000CA010020C8010020CC010020D2010020F9
:10C390002DE9F04107460C460FB9BDE8F08100BF1A
:10C3A00000BF3846E7F731FD06460AE03068A04294
:10C3B00002D100BF00BFF0E731463846E7F73DFD48
:10C3C0000646002EF2D1204605F0C4FC8046B8F1A6
:10C3D000000F0DD0A068806850B1A0688068C06868
:10C3E0000068A04204D1404600F0B7F800BF00BF8B
:10C3F000A06810B9204604F051FCA0688760384658
:10C40000E7F756FD054600BF1DB900BF00BF00BFDE
:10C41000FEE700BF05B9C0E72C603846E7F7F5FC3A
:10C42000A84202D1384600F098F800BF00BF00BF14
:10C43000B3E7000010B50446024A03492046F4F76A
:10C440001FFB10BD3B3E00080B3E00082DE9F041EC
:10C4500006460EB9BDE8F081304605F07BFC044687
:10C4600004B9F7E7207E00F0010000B1F2E70021F7
:10C47000204600F0FCF82046E7F7C7FC05463CE004
:10C480002868B04234D1E068B0B1E0680068B042DA
:10C4900012D02046F4F7BFFE8046E16842460868A5
:10C4A0000F21FFF739FA0746012F00D0D2E7E168E4
:10C4B000086807F0EEFD00BFE560E068B8B12069EC
:10C4C00010B12046216988472046F4F7A4FE804633
:10C4D000E168424608680E21FFF71EFA0746012F61
:10C4E00000D0B7E7E168086807F0D3FD00BF06E0B9
:10C4F00029462046E7F7A1FC0546002DC0D100BF24
:10C5000000BFA7E710B50446024A03492046F4F7E6
:10C51000B7FA10BD493E0008553E000801480068C2
:10C520007047000080010020014609B900207047D3
:10C53000087EC0F34000FAE7014609B900207047C1
:10C54000C86808B90020FAE7C8680068F7E710B5BE
:10C5500004462046E7F75FFC10BD70B50446207E18
:10C56000C0F3C005207E20F0080008302076207E31
:10C57000C0F3800018B92046FFF75CFF06E0207E7C
:10C58000C0F3800010B12046FFF7BCFF207E65F3AA
:10C59000C300207670BD2DE9F0410546284605F020
:10C5A000D9FB04460CB9BDE8F08100BF00BFE068CC
:10C5B00008B3E0680068A84221D1207E00F00100A5
:10C5C00018B1207E20F0010020762046E7F71DFC00
:10C5D000E168884210D12046E7F73CFCE1688842D8
:10C5E0000AD12046F4F717FE0746E1683A46086884
:10C5F0000F21FFF791F902E02046FFF7AEFFE06858
:10C6000028B1E0680068A84201D10020E06020461F
:10C61000E7F7FBFB064614E03068A8420CD1314630
:10C620002046E7F771FC304603F03CFAA86810B1E9
:10C630000020A968886006E031462046E7F7FDFB48
:10C640000646002EE8D100BF00BF00BF00BFAAE72A
:10C6500073B505462846FFF76FFF04460CB9012065
:10C660007CBD01AA0D212046FFF756F9F8E72DE918
:10C67000F04704460D460CB9BDE8F0872E46207EF3
:10C68000C0F340003546A84200D1F5E7207E66F3AE
:10C69000410020762046FFF74FFF074697B120461E
:10C6A000F4F7B9FD8146E1684A4608680E21FFF7B4
:10C6B00033F98046B8F1010F00D0DDE7384607F0C6
:10C6C000E8FC00BF00BFD7E72DE9FF4303469C68A5
:10C6D000187800F01F0005280DD11868C0F38A20D3
:10C6E000504300EB400001EB41068519A81C205C7B
:10C6F00004B0BDE8F083187800F01F000B281BD1B0
:10C7000001F00705C9101868C0F38A20C01DC010C9
:10C7100000FB0216A05DC5F107084FF0010C0CFAF2
:10C7200008FC00EA0C00C5F1070C40FA0CF70FB149
:10C730000020DDE7FF20DBE7187800F01F000C2861
:10C740001CD12CA0006803908807450F8910186839
:10C75000C0F38A20C01C801000FB0216A05DC5F14A
:10C7600006084FF0030C0CFA08FC00EA0C00C5F1B7
:10C77000060C40FA0CF703A8C05DB9E7187800F082
:10C780001F000D2826D10FF27009D9E901C8D9F888
:10C790000000D9F80C90CDE901C8CDF80C900090BC
:10C7A000C807450F49101868C0F38A20401C401084
:10C7B00000FB0216A05DC5F104084FF00F0C0CFA47
:10C7C00008FC00EA0C00C5F1040C40FA0CF71DF857
:10C7D00007008DE7187800F01F000E2806D11868B2
:10C7E000C0F38A2000FB0215605D81E700BFFF20D7
:10C7F0007EE700000055AAFF0011223344556677FA
:10C800008899AABBCCDDEEFF2DE9FF4383B0044637
:10C810000D46174600BF0020014602464FEAD20CE3
:10C82000BDF800306CF304034FEA910C0093BDF89F
:10C8300000306CF34A134FEAD00C0093BDF800307F
:10C840006CF3CF230093BDF800C063460193BDF89D
:10C85000041008460290A668207800F01F00042803
:10C8600009D0207800F01F00062804D0207800F0BE
:10C870001F00052815D1217801F01F0000F090F865
:10C880004FEAE0082068C0F38A20784300FB08F0F4
:10C8900005FB080906EB0901022202A803F0C7FA0A
:10C8A00078E0207800F01F00072816D1083605F040
:10C8B0000700ED102268C2F38A22D21DD21002FBBB
:10C8C0000751725CC0F1070C012303FA0CF31A4004
:10C8D000C0F107031A4102925CE0207800F01F00CB
:10C8E000082816D11036AA07500FAD102268C2F3DF
:10C8F0008A22D21C921002FB0751725CC0F1060C16
:10C90000032303FA0CF31A40C0F106031A41029202
:10C9100040E0207800F01F00092816D14036EA07D1
:10C92000500F6D102268C2F38A22521C521002FB73
:10C930000751725CC0F1040C0F2303FA0CF31A4088
:10C94000C0F104031A41029224E0207800F01F0095
:10C950000A2809D106F580662168C1F38A2101FB06
:10C960000750315C029115E0207800F01F000B2881
:10C970000ED0207800F01F000C2809D0207800F09D
:10C980001F000D2804D0207800F01F000E2801D1D0
:10C9900006980290BDF80810084607B0BDE8F0837D
:10C9A000014600200F291DD2DFE801F008091C1CF8
:10C9B0000B0E0C101316191114171A0000BF0020CB
:10C9C00012E000BF10200FE018200DE000BF012092
:10C9D0000AE000BF022007E000BF042004E000BF1F
:10C9E000082001E0002000BF00BF70470146002082
:10C9F0008A1E0D2A13D2DFE802F00812120712096C
:10CA00000A0B0C0D0E0F100000BF00BF00BF00BFCF
:10CA100000BF00BF00BF00BF00BF012001E0002039
:10CA200000BF00BF704701460020032902D006293D
:10CA300002D100BF012001E0002000BF00BF70470D
:10CA400070B506460C462546002045F8240F287D83
:10CA500020F00300C01C2875287D20F07C0028757C
:10CA6000204606F01CFF2881204605F07DF96881EC
:10CA70000020A8814FF480706882287D20F080001B
:10CA8000803028750020A880243D002169856886B3
:10CA9000A98685F839000221204604F021FB4FF4D5
:10CAA0008031204603F000FE70BD000070B50446E2
:10CAB00000BF00BF2146044804F063FA054628463B
:10CAC00004F0D4FA284670BD9C4C030870B50646A5
:10CAD0000D466C6AA4B1287C012802D12046FFF7DC
:10CAE00089F8E06810B1E06802F0DCFF206910B15D
:10CAF000206902F0D7FF204602F0D4FF00206862D0
:10CB000070BD00002DE9FF4781460D4614462846BA
:10CB100000F05AFF0746E7B9287800F01F01042902
:10CB200001DB0E2903DD002004B0BDE8F087286892
:10CB3000820A206862F3942020602868420D2068F1
:10CB400062F35F5020602878226860F3040222605C
:10CB500049E0012F30D12846FFF7DAF8804623A1BB
:10CB6000E3F78EFE08B10020DEE70222294601A885
:10CB7000FFF7F0F8064696B96B460422214601A855
:10CB8000FFF733F9064601A8FFF734F816B9009805
:10CB9000042803D000BF00BF0020C5E700BF2078F5
:10CBA00000F01F00042804DB207800F01F000E288E
:10CBB00001DD0020B8E716E0022F10D10121206826
:10CBC00061F3942020602068C0F3140000F5001089
:10CBD0002060206820F01F000B30206003E000BFC1
:10CBE00000BF0020A0E701209EE7000062696E0000
:10CBF0002DE9FF4F8DB004460D4691466BA00068AD
:10CC00000C906BA000680B906AA30FCB07AE0FC609
:10CC100020890690002610E0BDF81800C1B206EB8E
:10CC200046021A988154BDF81800020A06EB460025
:10CC3000401C1A990A54701C06B210988642EBDB0D
:10CC400000200590217D01F01F00FFF7A9FE82461C
:10CC5000012101FA0AF0401E80B2049000274FF033
:10CC6000000800200390207D00F01F000B2806D054
:10CC70000C2816D00D2827D00E2841D137E0606946
:10CC8000C0F38A20C01DC71007FB09F000EBE500C8
:10CC9000804405F00700C0F1070003900CA8059040
:10CCA0002EE06069C0F38A20C01C871007FB09F0E2
:10CCB00000EBA500804405F003000621A1EB400035
:10CCC00003900BA805901BE06069C0F38A20401C0C
:10CCD000471007FB09F000EB6500804405F00100F8
:10CCE0000421A1EB8000039007A8059008E060698B
:10CCF000C0F38A2707FB095080440020039000BF3F
:10CD000000BF606A0290384602F038FE8346BBF1ED
:10CD1000000F03D1002011B0BDE8F08F002001907A
:10CD2000207C20B960688168414401910DE00022B7
:10CD300008F104010298FFF734F900233A465946F6
:10CD40000298FFF752F8CDF804B0002625E00199CB
:10CD50000978039A1141049A01EA0200217D01F049
:10CD60001F010E2901D1024601E005990A5C06EB7C
:10CD70004601891C1A9B5A540399A1EB0A0149B236
:10CD800003910399002906DACAF1080149B2039117
:10CD90000199491C0191701C06B210988642D6DB9D
:10CDA000584602F067FE0120B5E7000000FF0000D2
:10CDB0000055AAFF00112233445566778899AABB13
:10CDC000CCDDEEFF2DE9FF4F85B004460E469146BF
:10CDD000217D01F01F00FFF7E3FD0490012104987D
:10CDE00001FA00F0401E80B203900027002002905C
:10CDF0000025207D00F01F00072806D0082815D048
:10CE0000092825D00A2840D134E06069C0F38A207F
:10CE1000C01DC71007FB09F000EBE600054408350C
:10CE200006F00700C0F1070002902EE06069C0F331
:10CE30008A20C01C871007FB09F000EBA600054400
:10CE4000103506F003000621A1EB400002901CE023
:10CE50006069C0F38A20401C471007FB09F000EB13
:10CE600066000544403506F001000421A1EB800076
:10CE700002900AE06069C0F38A2707FB0960054455
:10CE800005F580650020029000BF00BFD4F824B0F3
:10CE9000384602F073FD8246BAF1000F03D100203C
:10CEA00009B0BDE8F08F00200190207C20B96068B7
:10CEB0008168294401910CE00022291D5846FFF7A2
:10CEC00070F800233A4651465846FEF78EFFCDF8DB
:10CED00004A04FF0000837E001990978029A114147
:10CEE000039A01EA0200DBF80C1001EB400109880B
:10CEF0000091BDF80010CAB208EB48031299CA5459
:10CF0000BDF800100B0A08EB4801491C129A535453
:10CF1000DBF810100B5C08EB4801891C129A535483
:10CF2000049A0299891A49B202910299002907DAF2
:10CF30000499C1F1080149B202910199491C01917A
:10CF400008F101000FFA80F808988045C4DB5046CC
:10CF500002F090FD0120A3E72DE9FC5F04460E4698
:10CF600017469846606A0190217D01F01F00FFF787
:10CF700017FD82466069C0F38A2007FB006000FB52
:10CF80000AF04FEAE00B0BF1040B0022594601981E
:10CF9000FFF707F88146B9F1000F04D000BF00BFCA
:10CFA0000020BDE8FC9F4FEAEA0000FB08F50020E6
:10CFB00000906B462A460C990198FEF716FF8146B1
:10CFC000B9F1000F02D10098854203D000BF00BF25
:10CFD0000020E6E70120E4E72DE9FE4F82460C46FB
:10CFE000207C012843D16068FEF792FE804680A134
:10CFF000E3F746FC10B10020BDE8FE8F0222684630
:10D000006168FEF7A7FE06461EB100BF00BF002004
:10D01000F2E7606AC0B9142002F076FC606200BFDB
:10D02000606A18B900BF00BF00BFFEE700BF606ABA
:10D0300030B900BF00BF6846FEF7DCFD0020DBE72B
:10D040001421606A02F045FF676A38466A460C217F
:10D050000346944607E09CF8008083F800805B1C40
:10D060000CF1010C491E0029F5D100BF06E0207C1F
:10D0700020B96068806808B90020BDE7207D00F015
:10D080001F05042D03D0052D01D0062D08D1207CCD
:10D0900020B960688068A0610120ADE70120ABE79E
:10D0A000072D05D0082D03D0092D01D00A2D70D1F0
:10D0B0002846FFF775FC8346012000FA0BF8606AEA
:10D0C000A8B9142002F020FC606200BF606A18B9A1
:10D0D00000BF00BF00BFFEE700BF606A18B900BF15
:10D0E00000BF002088E71421606A02F0F2FE666A41
:10D0F0004FEA480002F008FCF06000BFF06818B981
:10D1000000BF00BF00BFFEE700BF404602F0FCFBCF
:10D11000306100BF306918B900BF00BF00BFFEE733
:10D1200000BFF06808B1306938B900BF00BF2146C0
:10D130005046FFF7CBFC00205EE7207C012823D17E
:10D14000002204213046FEF72CFF002719E00023BF
:10D15000042202A93046FEF748FE9DF808209DF8FB
:10D1600009109DF80A00FAF720F90190F06800EB29
:10D170004700BDF8041001809DF80B003169C855C7
:10D180007F1C4745E3D31FE06068D0F80890002774
:10D1900017E01BE019F8272009EB8703597809EB02
:10D1A00087039878FAF701F90290F06800EB4700DE
:10D1B000BDF80810018009EB8700C0783169C855B7
:10D1C0007F1C4745E6D300BF012015E70B2D05D096
:10D1D0000C2D03D00D2D01D00E2D01D101200BE718
:10D1E00021465046FFF772FC00BF00BF002003E756
:10D1F00062696E002DE9F84F82460C4616461F46BE
:10D20000DDE90A854FF00009207D00F01F000428A9
:10D2100009D0207D00F01F00052804D0207D00F0FB
:10D220001F0006280BD1207C012847D143463A46EF
:10D23000314620460095FFF78FFE81463EE0207D77
:10D2400000F01F000B280ED0207D00F01F000C28DE
:10D2500009D0207D00F01F000D2804D0207D00F0B3
:10D260001F000E2808D143463A4631462046009515
:10D27000FFF7BEFC814621E0207D00F01F0007285B
:10D280000ED0207D00F01F00082809D0207D00F07E
:10D290001F00092804D0207D00F01F000A2808D1B3
:10D2A00043463A46314620460095FFF78BFD8146BE
:10D2B00004E000BF00BF0020BDE8F88F4846FBE750
:10D2C00010B50446206870B12068C06818B12068A5
:10D2D0002146C2689047207C012804D1606802F092
:10D2E000E1FB0020606010BD10B50A48E6F7C0FD04
:10D2F000044600BF1CB900BF00BF00BFFEE700BF6F
:10D300000CB9002010BD1421204602F0E2FD204699
:10D31000F8E70000304500202DE9F04105460E46B3
:10D320000421304602F0D5FD15B90020BDE8F0819A
:10D33000284600F049FB07462FB92946886808B9F6
:10D340000020F3E700BF4FF000080D48E6F75DFD51
:10D35000044610E0206848B132462946204623683A
:10D3600098478046B8F1010F00D106E021460448F5
:10D37000E6F763FD0446002CECD100BF4046D5E73C
:10D38000304500202DE9FF4704460E4699462821E6
:10D39000204602F09EFD1EB9002004B0BDE8F087D3
:10D3A000304600F011FB07462FB93146886808B9AE
:10D3B0000020F2E700BFBDF8080020812774C4F800
:10D3C0000C90207C01281BD13046E3F79BF9824664
:10D3D0000AF1010002F098FA606000BF606818B9B5
:10D3E00000BF00BF00BFFEE700BF606818B900BF04
:10D3F00000BF0020D1E731466068E3F75FF900E045
:10D4000066604FF000081D48E6F7FFFC05462AE07D
:10D41000286808B1686800B920E004F114023146B8
:10D4200028462B6898478046B8F1010F00D015E0D8
:10D430002560214628466A6890478046B8F1010F6A
:10D4400001D14046A9E7042104F1140002F041FD96
:10D4500000202062A0616062E06100BF29460748A9
:10D46000E6F7EBFC0546002DD2D1207C012802D145
:10D47000606802F017FB40468FE70000304500204F
:10D480002DE9FC4704460D4616461F46DDF8288068
:10D490004FF000092068806848B1CDE90078206825
:10D4A00033462A462146D0F808C0E0478146484620
:10D4B000BDE8FC87C16070470160704741607047FC
:10D4C0008160704770B506460D462C4694F83800CA
:10D4D00000F00300012805D094F8380000F00300A4
:10D4E00002280BD1606A02F0DDFA0020606294F835
:10D4F000380020F00300C01C84F8380070BD000024
:10D500002DE9F34F85B00698FEF79FF90646152ED4
:10D510000CD0182E0AD0A248069904F0EBFA054662
:10D52000012D02D007B0BDE8F08F00BF0698FEF7CE
:10D53000EDF9804644462A2E0ED194F8380000F0CA
:10D540000300022804D14046616A00F058F925E141
:10D55000404607F01BFB21E1132E7AD10698FEF717
:10D56000D2F905460021404606F031F98146E08EA9
:10D5700000FB09F000120FFA80F90021404606F086
:10D58000E5F88246208E50440FFA80FABAF1000F77
:10D5900002D1B9F5807F5BD0404606F080F9834622
:10D5A000404604F0E1FB029004F132001FFA89F1D9
:10D5B0005346CDE90010594603A8029AE5F778FCD6
:10D5C000B5F90070B5F90000BDF90C10791A884260
:10D5D00002DDB5F9000002E0BDF90C00381A00B216
:10D5E0002880B5F90000BDF90E10791A884202DDD5
:10D5F000B5F9000002E0BDF90E00381A00B228802B
:10D60000B5F90000BDF910103944A1EB0B018842B7
:10D6100002DDB5F9000004E0BDF910003844A0EBCC
:10D620000B0000B22880B5F90010BDF91200C21934
:10D630000298101A814203DDB5F9000005E008E008
:10D64000BDF91200C1190298081A00B2288000BF63
:10D65000A4E0112E75D10698FEF755F90546002174
:10D66000404606F0B4F80746E08E7843001207B251
:10D670000021404606F06AF88146208E48440FFAA1
:10D6800080F9404606F00BF9B4F92C10884259D1C4
:10D69000404604F069FBB4F92E10884252D1B7F528
:10D6A000807F14D1B9F1000F11D1B4F92CB00BEB7C
:10D6B000DB704010B4F93210884208D1B4F92EA0C2
:10D6C0000AEBDA704110B4F9340081423AD0404696
:10D6D00006F0E5F88246404604F046FB834604F136
:10D6E0003200B9B24B465A46CDE90010514603A864
:10D6F000E5F7DEFBBDF80C00B8F81410084400B2E2
:10D70000ADF80C00BDF80E10B8F81600084400B2D1
:10D71000ADF80E00BDF81000B8F81410084400B2BF
:10D72000ADF81000BDF81210B8F81600084400B2A9
:10D73000ADF81200002203A82968E5F726F9287140
:10D740000BE00BE003A9404604F021FA002203A8F5
:10D750002968E5F71AF9287100BF1FE02C2E14D1B3
:10D760000698FEF7D0F8054694F8390000F003005B
:10D77000012805D1404600F015F80490286003E028
:10D78000A08D2880E08D688008E0152E03D0182E2B
:10D7900001D0122E02D10698EBF760FD00BFC1E662
:10D7A0009C4C0308F0B585B0044625460021204670
:10D7B00006F00DF80646E88E70430612002120465A
:10D7C00005F0C4FF0746288E074405F13200B1B2C8
:10D7D000CDE90010B5F92E20B5F92C103BB202A806
:10D7E000E5F766FB02A8F7F775FDADF8100002A893
:10D7F000F7F7E8FCADF81200049805B0F0BD2DE98C
:10D80000F04F85B00546884600BF00BF284606F0A9
:10D8100040FC404600F0D8F806462C46032E1CD1AA
:10D8200000BF00BF94F8380000F00300022805D0C4
:10D8300094F8380000F00300012802D1606A02F079
:10D8400031F90020606294F8380020F00300C01C19
:10D8500084F8380005B0BDE8F08F04A94046FFF712
:10D860005BFD8EB994F8380000F00300012805D064
:10D8700094F8380000F00300022802D1606A02F038
:10D8800011F9C4F8248034E0012E01D0022E30D1E9
:10D89000606A40452DD04FF0000994F8380000F040
:10D8A0000300012805D094F8380000F00300022896
:10D8B00001D1D4F824904046E2F724FF00F1010A98
:10D8C000504602F021F8074600BF1FB900BF00BF55
:10D8D00000BFFEE700BF07B9BCE741463846E2F7A4
:10D8E000EDFE6762B9F1000F02D0484602F0DAF8A7
:10D8F00000BF022E38D1002741F25942394628464E
:10D9000005F0A6FD02900298814600BF41F25A42FE
:10D910003946284605F09CFD0290029800B28246E6
:10D9200000BF41F25B423946284605F091FD029066
:10D93000029800B28346002041F6FF7153464A46E2
:10D94000CDE900B10290414603A80CF0F5F8BDF80E
:10D950000C10049861F394200490BDF80E10049804
:10D9600061F35F50049000BF2C34207B66F301000C
:10D9700020730498C0F38A2020800498400D6080B2
:10D98000217B049860F3860121730499C1F38A20F6
:10D9900000EBD0714910E1802C3C0499480D00EB5C
:10D9A000D0714910A186284607F01FF9208E18B9BA
:10D9B000E08EB0F5807F02D0284607F0E7F82846D1
:10D9C00006F067FB00BF45E70146032001B9704739
:10D9D0000A461378202B04DB13787F2B01DC01200F
:10D9E00005E01378802B01DB022000E000200328F3
:10D9F00001D100BF00BF00BFE9E710B504462021F8
:10DA0000204602F066FA00202070282020760A20A6
:10DA100060764FF4FA70A0836420E0833220E076D1
:10DA20000320A07610BD000070B50546286910B926
:10DA3000FAF7A4FA2861286918B900BF00BF0020CE
:10DA400070BD1048E6F714FA044644B900BF1CB98B
:10DA500000BF00BF00BFFEE700BF0020F0E7582175
:10DA6000204602F036FA2560607920F00200801C22
:10DA7000607122461E2104480BF0CCFC21684861ED
:10DA80002046DDE7004500206DDB01080148006805
:10DA9000704700008401002010B504461CB90448FA
:10DAA000E6F7B3F910BD21460148E6F7C6F9F9E7F4
:10DAB00000450020014800687047000088010020F0
:10DAC00018B900220A804A80704702681278012A39
:10DAD00008D002681278032A04D04FF0FF320A807F
:10DAE0004A8003E002890A8042894A8000BFEBE74E
:10DAF000014609B90020704708680078012805D060
:10DB000008680078032801D00020F4E791F840006D
:10DB100000F00F00EFE7014609B9002070470868E0
:10DB20000078012805D008680078032801D000207B
:10DB3000F4E7C86AF2E7014609B9002070470868AF
:10DB40000078FBE700220A804A8000B9704702682B
:10DB50001278012A03D002681278032A03D1828A3C
:10DB60000A80C28A4A8000BFF0E700007FB5044601
:10DB70004149E0680860084600680068006900B92B
:10DB80007FBD3D480068F5F7B3FA3B48006840792F
:10DB9000C0F3800000B1F3E700BF69463648006873
:10DBA000E5F7BAFE9DF80F5033480068F5F7A0FA84
:10DBB0000020324908609DF80E002F49096808715D
:10DBC0002D4800680079012808D10BF0C4FB2A49D0
:10DBD000096809680969C1F8540110E0264800681D
:10DBE0000068007804280AD1BDF80C0038B10BF0A9
:10DBF000B2FB2149096809680969C1F854011E4846
:10DC0000006800680078012805D169461A48006854
:10DC1000F5F736F822E01848006800680078022816
:10DC200005D1694614480068F4F7E0FE16E0124892
:10DC3000006800680078042805D169460E4800682D
:10DC4000F4F712FC0AE00C4800680068007803282A
:10DC500004D1694608480068F4F732FB06480068BA
:10DC6000F5F746FA002D98D10020034908600349D2
:10DC7000086000BF84E700008401002088010020C4
:10DC800070B504460D4634B3607920F00200801C64
:10DC9000607128480068A04202D10020264908602F
:10DCA00020680078012803D020680078022840D13D
:10DCB00015B1206BA84201D10021216315B1606A22
:10DCC000A84201D10021616215B1A06AA84230D1F9
:10DCD0000021A1622DE00020FFF7DEFE064622E0D3
:10DCE000707920F00200801C707130680078012883
:10DCF00003D030680078022811D115B1306BA842EA
:10DD000001D10021316315B1706AA84201D100210F
:10DD1000716215B1B06AA84201D10021B1623046EA
:10DD2000FFF7BAFE0646002EDAD10020024908604D
:10DD300000BF70BD840100208801002010B504469A
:10DD4000607920F0010161710BF005FBA0640BF01C
:10DD500002FB606410BD70B502460C460AB9002093
:10DD600070BD032C04D00C2C05D1B2F9221004E0B4
:10DD7000B2F9201001E00020F2E700BF1068457EF4
:10DD8000002308E0581803B2C5F164004843642634
:10DD900090FBF6F001B20029F4D11846E0E72DE936
:10DDA000F0470446884600260121204605F0D4FDB0
:10DDB00010B10020BDE8F0874146204605F0EBFD9C
:10DDC00007460022414604F11400E4F7DEFD28B9BD
:10DDD0004FF40021204605F0BFFDB0B1204603F00E
:10DDE000CCFE8146A9F101050CE0A068006850F85E
:10DDF00025A041465046FFF7D2FF06460EB13046F9
:10DE0000D8E76D1E002DF0DA00BF0FB12046D1E734
:10DE10000020CFE700B97047417921F008010831AF
:10DE2000417100BFF7E70000F8B52548007810B150
:10DE300000BF00BFF8BD00BF00BF01F047FEE6F71E
:10DE400033FBE5F725F8E4F76FFCE5F729F8FAF777
:10DE500001FCE6F78DF94FF4AC711A48E6F700F8CB
:10DE600058211948E5F7FCFFE6F70EFBE5F724FD1E
:10DE700016A52C462078C32804D16078812801D1CA
:10DE8000A07808B100BF00BF114800906E463078FE
:10DE9000112801D1012000E00020074627B100BF72
:10DEA00000BF00BF00BFFEE700BF00BFFDF781FD60
:10DEB00001200349087000BF00BF00BFBAE700009F
:10DEC00090010020F444002000450020C3810000A0
:10DED0004433221170B506460C460421204603F057
:10DEE000FFF825460020A86385F83C0085F83D0032
:10DEF00000231A460521204602F084FC00231C2240
:10DF00000649204602F088FB00221146204607F011
:10DF10003CFC204600F07CF970BD000021DF0108C8
:10DF20002DE9F04782465046FDF7F0FC074600BF5A
:10DF300000BF3C463846F8F77BF806464FF6FF71BF
:10DF40008E4201D1BDE8F0873846F8F771F8804677
:10DF500041463846F8F73CF8054605B9F2E77FA197
:10DF60002846E2F78DFC68B9002084F83C007C4824
:10DF700001683846F8F7C8F87A4801683846F8F773
:10DF8000B2F8DFE778A12846E2F77AFC68B9012009
:10DF900084F83C00724841683846F8F7B5F8714893
:10DFA00041683846F8F79FF8CCE770A12846E2F7B9
:10DFB00067FC68B9022084F83C00694881683846EB
:10DFC000F8F7A2F8674881683846F8F78CF8B9E79F
:10DFD00067A12846E2F754FC20B166A12846E2F783
:10DFE0004FFCB0B9002220213846FDF795FC804651
:10DFF000B8F1010F00D0A5E7A06B48B100222021A5
:10E00000A06BFDF789FC8046B8F1010F00D099E7BD
:10E0100098E759A12846E2F733FCB0B900221F2146
:10E020003846FDF779FC8046B8F1010F00D089E74A
:10E03000A06B48B100221F21A06BFDF76DFC80464C
:10E04000B8F1010F00D07DE77CE700BFA06B00B9FD
:10E0500078E74AA12846E2F713FC20B149A12846F7
:10E06000E2F70EFC98B90A21A06B0AF06DFBA06BD9
:10E070000AF008FF00286ED000221F21A06BFDF7D8
:10E080004BFC8046B8F1010F00D05BE763E03EA196
:10E090002846E2F7F5FB18B9A06B0AF082FD5AE0BA
:10E0A0003AA12846E2F7ECFB18B9A06B0AF088FD0C
:10E0B00051E037A12846E2F7E3FB18B9A06B0AF05C
:10E0C000C5FD48E033A12846E2F7DAFB80BBA06B30
:10E0D0000AF0CCFE1FFA80F8A06B0AF0DCFE814645
:10E0E00099F800002D280FD10121A06B0AF0F0FE55
:10E0F000A06B0AF0ABFD2B21A06B0AF025FB41467B
:10E10000A06B0AF0E5FE21E099F800002B2810D161
:10E110000121A06B0AF0DCFEA06B0AF097FD2D2117
:10E12000A06B0AF011FB4146A06B0AF0D1FE0DE096
:10E130000DE00021A06B0AF0CBFE2D21A06B0AF0B0
:10E1400003FB08F10101A06B0AF0C2FE03E02946BF
:10E15000A06B0AF0ABFB00BFF4E600006162630055
:10E16000600200208402002041424300312300006D
:10E17000EF808D00EF849C00EF808C00456E74650D
:10E1800072000000EFA2A200EF819300EF819400E3
:10E19000EF959A002B2F2D002DE9F04104462646DD
:10E1A00096F83D0000F0010040B196F83C00174A97
:10E1B00052F820102046F7F796FF24E02746398EC4
:10E1C000480001F0A1FB0546388E420096F83C005D
:10E1D0000E4B53F82010284601F0EDFC002007E01C
:10E1E00035F8101021F4007125F81010411C88B288
:10E1F000398E8142F4DC29462046F7F774FF284621
:10E2000001F050FC00BFBDE8F08100008402002056
:10E2100070B50446254695F83C00054A52F8201092
:10E220002046F7F771FF2046FFF7B6FF70BD0000EC
:10E230006002002070B506460C46254600202C35AD
:10E2400045F8080C287F20F008002877287F20F068
:10E25000100028774FF0FF302860287F20F007005B
:10E260002877002028832C3D002146204153481E5A
:10E270002863A9636963000CE86328640020A8622E
:10E2800095F8480020F0400085F84800022120461B
:10E2900002F026FF0021204600F0D0FF02A1204618
:10E2A00001F00EF870BD00005465787400000000A5
:10E2B00070B5044600BF00BF2146044802F061FE6D
:10E2C0000546284602F0D2FE284670BDB84C030829
:10E2D00070B506460C462546204600F00BF895F82A
:10E2E0004800C0F3C00010B9686A01F0DBFB0020F1
:10E2F000686270BD70B505462C4694F84800C0F3BE
:10E30000801020B1A06A10B1A06A01F0CBFB94F894
:10E31000480020F0400084F848000020A06270BD52
:10E320002DE9F04F87B0894649464F4803F0E2FB9C
:10E330008246BAF1010F02D007B0BDE8F08F48461F
:10E34000FDF783FA05464846FDF7E0FA06462A2D12
:10E3500006D1304600F006FF304600F02DFC81E08B
:10E36000132D11D10021304605F04BF9804640466F
:10E37000FDF734FC04462746E01704EB907081104B
:10E380004846FDF7FFFA6DE0292D06D1304600F032
:10E39000E9FE304600F010FC64E02C2D5DD13746DC
:10E3A0000021304605F02DF905900021304605F09A
:10E3B00065F904900021304605F094F903904FF080
:10E3C000000897F84800C0F3001008B148F00108B1
:10E3D00097F84800C0F3401008B148F002083046F2
:10E3E00003F04DFC83460021304605F031FA42F23D
:10E3F000D171884206D1708CC0F3802010B941F6EB
:10E40000FF7B03E0304603F03AFC83460398CDE9F6
:10E4100001B80090796A06A8DDE904320BF08CFBA4
:10E420004846FDF770FA0446B4F90000BDF918102B
:10E43000884202DDB4F9000001E0BDF91800208037
:10E44000B4F90200BDF91A10884202DDB4F90200E5
:10E4500001E0BDF91A00608004E0152D02D14846A4
:10E46000EDF751F800BF67E7B84C030801460A46CC
:10E4700092F84800C0F3801008B1906A704702F12A
:10E480002800FBE72DE9F04F93B006468B4600BF0E
:10E4900000BF00BFBBF1000F03D100BF00BF00BF32
:10E4A000FEE700BF37460020039041F612023046D7
:10E4B000039904F0CDFF02900298BBF80010081AEF
:10E4C00000B2ADF848000020039041F6100230463B
:10E4D000039904F0BDFF02900298BBF80210081ADD
:10E4E00000B2ADF84A0010A9304603F073FB304685
:10E4F00000F000FA81460025002410A8F6F7F1FE8E
:10E500000F900021304605F07CF80E900021304637
:10E5100005F0E8F80D900021304605F0AFF80C90BA
:10E520000E98FDF75BFB0B9000200A9080463E465C
:10E5300097F84800C0F3001008B148F0010897F8B8
:10E540004800C0F3401008B148F0020800213046EE
:10E5500005F07EF942F2D171884205D1708CC0F38A
:10E56000802008B948F00408002130467A6A02F099
:10E57000D9FC079028E00020CDE9000809EB050050
:10E58000DDE90E130C9AE5F7DDFF0444BDF94A20DE
:10E59000DDE90A01084482420EDC039403A94846DF
:10E5A000504A12689047029002980A2803D019F83E
:10E5B000040000B9641C0BE00D990B9801440A9803
:10E5C000084400B20A90254619F805000028D2D167
:10E5D00000BF09EB050008904FF0000A07980228D9
:10E5E00019D1611BCDF800800C9B0E9A08980BF096
:10E5F00015FB039010A8F6F774FE019000EBD070A5
:10E6000041100398029000EBD070A1EB60005044E1
:10E610000FFA80FA14E00798032811D1611BCDF896
:10E6200000800C9B0E9A08980BF0F8FA039010A843
:10E63000F6F757FE0399401A50440FFA80FA00BFCC
:10E6400000200690059005980490D4B334E005AB03
:10E6500002AA03A90898E5F759FF08F0010038B1AC
:10E66000059A0898815C06A8E6F732F800B123E025
:10E67000DDE902210E98FDF792FA00B20190BDF992
:10E68000481001985044814208DB05982844A04274
:10E6900004D00498284419F8000010B90498059093
:10E6A0000EE0019850440FFA80FA0C9850440FFA8B
:10E6B00080FA0598049000BF05982844A042C6D36C
:10E6C00000BF094A059908981268904709902946A1
:10E6D0004846054A1268904701460998084413B015
:10E6E000BDE8F08F2C030020340300202DE9F74F04
:10E6F0008EB0164600BF00BF00BF1EB900BF00BFEE
:10E7000000BFFEE700BF0E980D900E9800F0F2F8E3
:10E710000446224600210E9802F004FC834620782D
:10E7200000BB00207080BBF1010F06D0BBF1020FCF
:10E730000BD0BBF1030F11D102E0002030800DE0BF
:10E740000E9803F09CFA308008E00E9803F097FAD8
:10E75000029000EBD0704010308000BF00BF11B0BD
:10E76000BDE8F08F0BA90E9803F034FA4FF00009C2
:10E7700000270BA8F6F7B5FD0A9000210E9804F0CB
:10E7800040FF099000210E9804F0ACFF0890002192
:10E790000E9804F073FF07900998FDF71FFA069092
:10E7A0000020059080460D9890F84800C0F30010B6
:10E7B00008B148F001080D9890F84800C0F34010E7
:10E7C00008B148F0020800210E9805F041F842F225
:10E7D000D171884206D10E98408CC0F3802008B9D0
:10E7E00048F004082046424A0F99126890470546AF
:10E7F00017E00020CDE9000804EB0900DDE909136A
:10E80000079AE5F79FFE0744BD4201D3E05D00B9DA
:10E810000AE00899069801440598084400B205905A
:10E82000B946E05D0028E4D100BF8DB1681E205CD0
:10E830000A2803D0681E205C0D2809D1605D38B914
:10E840000899069801440598084400B20590A94625
:10E8500004EB09000490A5EB09000390CDF80080BB
:10E86000079B099ADDE903100BF0D8F982460F984F
:10E87000484503D0079850440FFA80FABBF1020FC5
:10E880001AD1A7EB0901CDF80080079B099A0498DB
:10E890000BF0C4F902900BA8F6F723FD009000EBF3
:10E8A000D07041100298019000EBD070A1EB600095
:10E8B00050440FFA80FA15E0BBF1030F12D1A7EB19
:10E8C0000901CDF80080079B099A04980BF0A6F97E
:10E8D00002900BA8F6F705FD0299401A50440FFA72
:10E8E00080FA00BFA6F800A00598708000BF36E748
:10E8F00030030020014600BF00BF0A46506A70473F
:10E90000014600BF00BF0A46106C7047014600BFB9
:10E9100000BF0A46D06B70472DE9F04705460F4609
:10E92000164600BF00BF00BF1EB900BF00BF00BF3A
:10E93000FEE700BF2C4694F84800C0F3C00008B1C1
:10E94000BDE8F087284605F0A4FB606AE1F7DAFE2F
:10E9500080463046E1F7D6FE814609EB080A0AF107
:10E960000101606A01F0F2F8606200BF606A18B9E4
:10E9700000BF00BF00BFFEE700BF606A00B9DFE76D
:10E980004FF6FF70874204D10749606A09688847DB
:10E99000074632463946606AE5F76AFE0021284696
:10E9A00000F08EFC00BFCBE7380300202DE9F04FCC
:10E9B00093B08346894600BF00BF00BFB9F1000F86
:10E9C00003D100BF00BF00BFFEE700BF11A958463A
:10E9D00003F000F95846FFF78DFF0646CDF840B02A
:10E9E0000024002711A8F6F77CFC0F900021584660
:10E9F00004F007FE0E900021584604F073FE0D90BF
:10EA00000021584604F03AFE82460E98FDF7E6F8DB
:10EA10000C90DDF840B000215846DBF8242002F0CD
:10EA200081FA0B9000200A900025DDF840B09BF899
:10EA30004800C0F3001008B145F00105109890F8A7
:10EA40004800C0F3401008B145F0020500215846C7
:10EA500004F0FEFE42F2D171884206D1BBF82200DA
:10EA6000C0F3802008B945F0040519E00020CDE985
:10EA7000000530195246DDE90E13E5F763FD074442
:10EA8000B9F902200C990A980844824200DC0AE095
:10EA9000DDE90C0101440A98084400B20A903C46A2
:10EAA000305D0028E2D100BF4FF00008002009903F
:10EAB0000B98022818D1391B3019534600950E9A2D
:10EAC0000BF0ACF8029011A8F6F70BFC009000EBED
:10EAD000D07041100298019000EBD070A1EB600063
:10EAE00040440FFA80F813E00B98032810D1391B2B
:10EAF0003019534600950E9A0BF090F8029011A829
:10EB0000F6F7EFFB0299401A40440FFA80F800BF75
:10EB10000020089007940798069000200590049024
:10EB20006FB327E007AB04AA05A93046E5F7EEFC72
:10EB300005F0010030B10798315C08A8E5F7C8FD81
:10EB400000B117E0CDF82480DDE904210E98FDF72F
:10EB500026F840440FFA80F8B9F90000404502DA7F
:10EB6000069807900AE008EB0A000FFA80F8079869
:10EB7000069000BF781E07998842D3D200BFDDE916
:10EB800004210E98FDF70BF85044401C0390B9F98E
:10EB900000100998A0EB0A0081420ADBB9F90020B5
:10EBA000039909980844824203DC012013B0BDE8B0
:10EBB000F08F0020FAE700002DE9F04F99B00646EB
:10EBC0003446606A10B919B0BDE8F08F4FF0FF30DD
:10EBD000206317A9304602F0FDFF17A8F6F781FB66
:10EBE00016900021304604F00CFD159000213046AF
:10EBF00004F078FD80460021304604F03FFD814658
:10EC0000002794F84800C0F3001008B147F001074E
:10EC100094F84800C0F3401008B147F00207002103
:10EC2000304604F015FE42F2D171884205D1708C55
:10EC3000C0F3802008B947F004071698CDE900809A
:10EC400002974B46616A14A8159A0AF075FF304680
:10EC500005F0CBFF94F8480000F0070002287CD1B3
:10EC60000021304603F003FF80B21390139850B98F
:10EC7000304603F02FF80546F9F786F9032190FB9B
:10EC8000F1F080B2139003A8F5F7C2FB314603A858
:10EC9000F5F773FC4FF6FF7103A8F5F74EFC4FF440
:10ECA00096700F9000BF0F98119000BF0020029047
:10ECB00017A8F6F716FBBDF95010884253DA17A8CB
:10ECC000F6F70FFBBDF95010A0EB010B5A460021DF
:10ECD00003A8F5F748FCFE4903A8F5F720FCFC491A
:10ECE00003A8F5F71CFCFA493046F5F775FB054615
:10ECF0004FF0000A0020019035B1D5F82CA095F80E
:10ED00003E00C0F3400001900D98504515DDCDF850
:10ED100038A09DF84A0020F001008DF84A000198C3
:10ED200058B19DF84A1021F00201891C8DF84A1053
:10ED30000A980C990A910C9000BF0C9A0A991398A2
:10ED4000F5F71FFC8346594603A8F5F7FCFB03A81B
:10ED50000D99F5F7ECFB03A800E06FE0F5F722FC56
:10ED60000120029006E0DA493046F5F709FB002061
:10ED7000A4F8440017A8F6F72CFABDF952108842FF
:10ED800054DA0298002851D117A8F6F722FABDF9F3
:10ED90005210A0EB010B1598FCF720FFABEB000025
:10EDA00002460021009003A8F5F7DDFBC94903A83E
:10EDB000F5F7B5FBC7493046F5F70EFB05464FF0B2
:10EDC000000A0020019035B1D5F82CA095F83E003E
:10EDD000C0F3400001900D98504515DDCDF838A0E6
:10EDE0009DF84A0020F001008DF84A00019858B1C2
:10EDF0009DF84A1021F00201891C8DF84A100A98EA
:10EE00000C990A910C9000BF0C9A0A991398F5F787
:10EE1000B8FB8346594603A8F5F795FB03A80D995F
:10EE2000F5F785FB03A8F5F7BDFB06E0A9493046D9
:10EE3000F5F7A6FA0021462001538AE194F848002C
:10EE400000F0070003287DD10021304603F00FFEBB
:10EE500085B24DB9304602F03DFF8246F9F794F88D
:10EE6000032190FBF1F085B204A8F5F7D1FA314601
:10EE700004A8F5F782FB4FF6FF7104A8F5F75DFBD8
:10EE80000020039017A8F6F72CFABDF9501088421D
:10EE90003CDA202211461598FCF781FE00EB400079
:10EEA000BDF950104942081A02460021029004A8F8
:10EEB000F5F759FB864904A8F5F731FB28460D9A6A
:10EEC0000B99F5F75EFB0146029004A8F5F73BFBB2
:10EED0007F493046F5F780FA8246BAF1000F02D03A
:10EEE000DAF82C0000E0002083460E98584507DD34
:10EEF000CDF83CB09DF84E0020F001008DF84E009A
:10EF000004A8F5F74FFB0120039006E07049304656
:10EF1000F5F736FA0020A4F8440017A8F6F759F9D7
:10EF2000BDF9521088423BDA0398C0BB1598FCF734
:10EF300055FEBDF952104942081A024600210290BE
:10EF400004A800E034E0F5F70EFB624904A8F5F7E9
:10EF5000E6FA28460D9A0B99F5F713FB0146029045
:10EF600004A8F5F7F0FA5B493046F5F735FA824622
:10EF7000BAF1000F02D0DAF82C0000E0002083463E
:10EF80000E98584507DDCDF83CB09DF84E0020F0B6
:10EF900001008DF84E0004A8F5F704FB07E0FFE739
:10EFA0004C493046F5F7ECF9002146200153D0E0FA
:10EFB00094F8480000F00700012875D117A8F6F76B
:10EFC00008F9BDF95210884203DB4FF0FF30E062D0
:10EFD000BFE01598FCF702FEBDF95210884203DB32
:10EFE0004FF0FF30E062B4E03B49606A096888474F
:10EFF000032803D84FF0FF30E062AAE017A8F6F725
:10F0000070F983462E2211461598FCF7C8FD484436
:10F0100000EB4000ABEB000000B2ADF84C0017A8CD
:10F02000F6F7D7F8ADF84E001598FCF7D7FD404439
:10F03000BDF94E1091FBF0F200FB121012901598E2
:10F04000FCF7CCFD1299884210DCBDF84E101298E6
:10F05000081A00B2ADF84E001598FCF7BFFDBDF8D8
:10F060004E10084400B2ADF84E000DE0BDF84E1051
:10F070001298081A00B2ADF84E00BDF84E00A0EB91
:10F08000080000B2ADF84E0013A93046FFF7FAF9B8
:10F090001190606AE1F736FB1090606A0F4A11998F
:10F0A000126890470F9008E052E00FA90C4A606A7E
:10F0B000126890471198401E11900F98C01C10992B
:10F0C0008842F2D8DDF83CA000200E90002521E017
:10F0D000A9C30208BFC30208380300203003002080
:10F0E0002C030020616A0F9A88181C490968884718
:10F0F0000E990844C0B20E900FA9194A606A1268AE
:10F1000090470E98032803DCDDE90F10814200D9F7
:10F1100002E06D1C032DE5D900BF606A00EB0A0117
:10F1200030460E9A00F056F888B1002505E02E20F2
:10F130000AEB0502616A88546D1C032DF7D3002188
:10F140000AF10300626A11541198C01CE06200E0E9
:10F1500000BF304604F09DFF00BF34E51C030020D3
:10F16000280300202DE9F0478046444694F84800E3
:10F1700000F00700012801D0BDE8F087E06A401CDC
:10F1800000B9F9E7E06AA0F103094946104A606A4C
:10F1900012689047064600254046FFF767F9074684
:10F1A00005E0785D7219616A8854681CC5B27119EE
:10F1B000606A405C0028F4D1785D7219616A8854F5
:10F1C0004046FFF797F84FF0FF30E06200BFD3E70B
:10F1D000300300202DE9F04106460F46154634461F
:10F1E0003046FFF787F8042D1AD9681C00F08CFB15
:10F1F000A062A06A20B900BF00BF0020BDE8F08176
:10F200002A463946A06A00F0D6FC0020A16A48557B
:10F2100094F8480020F04000403084F848000BE0AB
:10F2200094F8480020F0400084F848002A46394607
:10F2300004F1280000F0BFFC0120DFE770B50646AE
:10F240000D4600BF00BF34461B493046F5F798F81D
:10F250001A493046F5F794F80020A4F8440000213C
:10F2600046200153022D03D0032D01D0042D07D1D8
:10F2700094F8480020F02000203084F8480005E091
:10F2800094F8480020F0200084F8480094F84800E2
:10F2900000F00700012805D1E06A401C10B130469B
:10F2A000FFF760FF94F8480065F3020084F8480017
:10F2B0003046FFF781FC70BDA9C30208BFC3020836
:10F2C0002DE9F04106460D4600BF00BF34463046EA
:10F2D00004F0DFFE05B9656A606AA84219D194F8A6
:10F2E0004800C0F3C000A0B9606AE1F70BFA471C00
:10F2F0003946606A00F02AFC606200BF606A18B993
:10F3000000BF00BF00BFFEE700BF606A58BBBDE89A
:10F31000F081606A48B194F84800C0F3C00020B999
:10F32000606A00F0BFFB002060622846E1F7EAF95E
:10F33000471C384600F0E8FA606200BF606A18B9FE
:10F3400000BF00BF00BFFEE700BF606A00B9DEE794
:10F350002946606AE1F7B2F994F8480020F0080005
:10F3600084F8480000BF3046FFF726FC00BFCEE718
:10F370000FB438B5054600BF00BF00BF059818B9E7
:10F3800000BF00BF00BFFEE700BF284604F081FEBB
:10F390002C46059828B92846FFF70EFC38BC5DF8C6
:10F3A00014FB606A48B194F84800C0F3C00020B96B
:10F3B000606A00F077FB0020606206A80090009968
:10F3C0000598E5F7A9F960620020009094F84800DC
:10F3D00020F0080084F848002846FFF7EDFB00BF46
:10F3E000DCE770B504460D4600BF00BF2646356415
:10F3F000204604F04EFE70BD70B504460D4600BFB9
:10F4000000BF2646F563204604F043FE70BD70B58C
:10F4100005460E4600BF00BF2C4694F84800C0F3D6
:10F42000C00030B9606A20B1606A00F03BFB002088
:10F4300060623EB194F8480020F00800083084F87B
:10F44000480066622846FFF7B7FB70BD70B50446FA
:10F450000D4614480068401C1249086008460068C0
:10F46000C1001148006800F071FB0F49086000BF3F
:10F470000846006818B900BF00BF00BFFEE700BF24
:10F4800008480068401E0849096841F830400548AE
:10F490000068401E0449096801EBC000456001484E
:10F4A000006870BD98010020E8020020F8B506460B
:10F4B0000C462546204609F021FF0090BDF80000CB
:10F4C000A884FF2085F82600F8BD00002DE9F04F44
:10F4D000A3B0824688464046FCF7B7F90746152F89
:10F4E0000BD0162F09D04146804802F003FB064698
:10F4F000012E02D023B0BDE8F08F4046FCF706FA9B
:10F500000446152F7ED1254615A8FAF765FC15AAE5
:10F510000021204604F00EFCBDF85A000090F7F7D9
:10F52000DAFD8346F7F7AEFD029035F8240F5A4610
:10F5300000900299F8F700F80190BDF80400ADF8CA
:10F540005A00BDF85E000090F7F7C5FD8346F7F757
:10F5500099FD029028885A4600900299F7F7ECFF2F
:10F56000019015A8BDF80410ADF85E102098F7F7CB
:10F57000B2FD8346F7F786FD029028885A46009030
:10F580000299F7F7D9FF0190BDF80400ADF88000AB
:10F59000BDF872000090F7F79EFD8346F7F772FD05
:10F5A000029028885A4600900299F7F7C5FF01900B
:10F5B000BDF80400ADF872001E98F7F78CFD834685
:10F5C000F7F760FD029028885A4600900299F7F7F5
:10F5D000B3FF0190BDF80400ADF87800F7F752FDD5
:10F5E0000290AA78BDF85A0000900299F7F7A4FF9C
:10F5F0000190BDF80400ADF85A00F7F743FD029002
:10F60000AA7800E06FE0BDF85E0000900299F7F77D
:10F6100093FF019015A8BDF80410ADF85E10F7F740
:10F6200031FD0290AA78BDF8720000900299F7F7B8
:10F6300083FF0190BDF80400ADF87200F7F722FDDA
:10F640000290AA7801462098F7F776FF0190BDF85E
:10F650000400ADF88000F7F715FD0290AA78014686
:10F660001E98F7F769FF0190BDF80400ADF8780027
:10F67000A8785038BDF982104843AF2190FBF1F0D3
:10F6800000B2ADF88200A878243D5038BDF988104A
:10F690004843AF2190FBF1F000B2ADF8880040463E
:10F6A000FCF7DBF88146494603A801F0FDFF04F1B1
:10F6B000140006900D4804900020059015A80790AE
:10F6C0000020109003AA1A212046FCF725F904F126
:10F6D000140215A94846FAF763FB03AA1B2120462A
:10F6E000FCF71AF900BF00BF04E70000DC110308B3
:10F6F00070B506460C46254600202885686285F8C8
:10F700002A000221204601F0EBFC70BD2DE9F34FE9
:10F7100089B072480A9902F0EDF90890089801281A
:10F7200002D00BB0BDE8F08F0A98FCF78EF8804647
:10F730000A98FCF7EBF80646B8F1130F0ED100213A
:10F74000304603F011FB04460A98FCF7DCF8054646
:10F75000B5F90000A04200DA2C80BDE0B8F12C0F12
:10F760003ED134460A98FCF7CEF883464FF00009A4
:10F77000CA46208D002832DD00251BE0606A30F982
:10F780002500484503DD606A30F9250000E0484661
:10F790008146606A00EB8500B0F90200504505DD46
:10F7A000606A00EB8500B0F9020000E05046824636
:10F7B000681C85B2208DA842E0DC0021304603F0B1
:10F7C000D3FA074609EB07000FFA80F90AEB0700A6
:10F7D0000FFA80FAABF80090ABF802A000BF7BE014
:10F7E000B8F1150F78D134460A98FCF736F88346FD
:10F7F000208D08B1606A00B993E706A9304602F08F
:10F800005DFA304602F0AAFCBDF81810081A0FFA8B
:10F8100080F9304602F0ACFCBDF81A10081A07B2A5
:10F82000304602F0A1FA824601A8F9F715FB01AAB9
:10F830000021304604F00AFA002548E0606A30F8FA
:10F840002500484400B2ADF81400681C616A31F824
:10F850002000484400B2ADF8100094F82A0000F0EF
:10F86000010088B9606A00EB85004088384400B226
:10F87000ADF81600681C616A01EB800040883844CE
:10F8800000B2ADF8120014E0606A00EB8500408819
:10F89000AAEB0000384400B2ADF81600681C616A9B
:10F8A00001EB80004088AAEB0000384400B2ADF8BC
:10F8B000120004AB05AA01A95846F9F7B6FA9DF85B
:10F8C0000D0020F004008DF80D00681C85B2208D1D
:10F8D000401EA842B2DC00BF00BF22E7D44C0308A0
:10F8E000F0B50446059D944201DB2846F0BD8C42EC
:10F8F00001DC1846FAE7571AEE1A601A704390FBBB
:10F90000F7F01844F2E7000030B587B0044614B9A8
:10F91000094807B030BD21460848006809F053FF88
:10F9200005463DB900BF00BF684600F0DDF800BFE6
:10F9300000BF00BF2846ECE700030020FC020020C7
:10F9400010B5002415E00C4850F8340078B10A498D
:10F9500051F8340000F0A6F80020074941F83400BF
:10F9600001EBC4018871044901EBC4018880601C6B
:10F97000C4B2102CE7DB10BD744500202DE9F04126
:10F98000054615B90020BDE8F0814FF0FF36002193
:10F990002CE0374800EBC100807900F0010018BB73
:10F9A000334800EBC1008088A8421DD3304800EBEB
:10F9B000C1008088A84208D101202D4A02EBC10273
:10F9C00090712B4850F83100DDE7002E01DA4EB27D
:10F9D0000AE0274800EBC1008088254A02EBC602F6
:10F9E0009288904200DA4EB2481CC1B21029D0DB96
:10F9F000002E08DB01201E4901EBC60188711C485E
:10FA000050F83600BFE7002428E0194800EBC40096
:10FA1000807900F00100F8B9154951F83400294601
:10FA200000F094F8074600BF1FB900BF00BF00BF39
:10FA3000FEE700BF0FB90020A5E701200C4901EB4C
:10FA4000C40188710A4901EBC4018D80084840F85F
:10FA5000347050F8340096E7601CC4B2102CD4DB2C
:10FA600000BF00BF00BF00BF00BF00BFFEE7000037
:10FA700074450020014600200CE0094A52F830206D
:10FA80008A4205D10022064B03EBC0039A717047EE
:10FA9000421CD0B21028F0DB00BF00BF00BFF6E769
:10FAA0007445002010B504460648844200D110BDBC
:10FAB00004B9FCE721460448006809F056FE00BF7F
:10FAC000F5E7000000030020FC02002010B54FF411
:10FAD0000041034809F032FE0249086010BD0000F1
:10FAE000E4460020FC02002070B504461C220021E0
:10FAF000204600F0B4F91348006809F05EFE0546A0
:10FB00002246114909F0E6FE4FF4004020606421CE
:10FB1000A06848432168B0FBF1F0C0F16400207692
:10FB2000A06858B16421E0684843A168B0FBF1F0D7
:10FB30006076607EC0F16400607601E0002060764F
:10FB400070BD0000FC02002091FB010870B5054665
:10FB50000C4624B92846FFF7A5FF0B4870BD0A489C
:10FB6000854203D12046FFF7CFFEF7E7224629461C
:10FB70000648006809F03FFE06461EB900BF00BFF8
:10FB80000020EBE73046E9E700030020FC020020FC
:10FB900030B5044618461AB105696D1C056109E0C7
:10FBA00045686D1C456085680D448560C5688D425B
:10FBB00000D2C16030BD2DE9F0410F461546014627
:10FBC0003A4601F0030602F0030CB4457DD0C2E0D2
:10FBD00092F8008081F80080491C521C92F8008045
:10FBE00081F80080491C521C92F8008081F8008046
:10FBF000491C521C92F8008081F80080491C521C5C
:10FC000092F8008081F80080491C521C92F8008014
:10FC100081F80080491C521C92F8008081F8008015
:10FC2000491C521C92F8008081F80080491C521C2B
:10FC300092F8008081F80080491C521C92F80080E4
:10FC400081F80080491C521C92F8008081F80080E5
:10FC5000491C521C92F8008081F80080491C521CFB
:10FC600092F8008081F80080491C521C92F80080B4
:10FC700081F80080491C521C92F8008081F80080B5
:10FC8000491C521C92F8008081F80080491C521CCB
:10FC900092F8008081F80080491C521C92F8008084
:10FCA00081F80080491C521C92F8008081F8008085
:10FCB000491C521C92F8008081F80080491C521C9B
:10FCC00092F8008081F8008000E053E0491C521C4B
:10FCD00092F8008081F80080491C521C92F8008044
:10FCE00081F80080491C521C92F8008081F8008045
:10FCF000491C521C92F8008081F80080491C521C5B
:10FD000092F8008081F80080491C521C92F8008013
:10FD100081F80080491C521C92F8008081F8008014
:10FD2000491C521C92F8008081F80080491C521C2A
:10FD300092F8008081F80080491C521C92F80080E3
:10FD400081F80080491C521C92F8008081F80080E4
:10FD5000491C521C203D202D3FF63AAF06E092F898
:10FD6000008081F80080491C521C6D1E002DF6D1C8
:10FD7000BDE8F0816EB1C6F1040607E092F800809C
:10FD800081F80080491C521C761E6D1E0EB1002D9C
:10FD9000F4D10B46144630E0D4F80080C3F800805C
:10FDA0001B1D241DD4F80080C3F800801B1D241DDA
:10FDB000D4F80080C3F800801B1D241DD4F80080F7
:10FDC000C3F800801B1D241DD4F80080C3F80080F8
:10FDD0001B1D241DD4F80080C3F800801B1D241DAA
:10FDE000D4F80080C3F800801B1D241DD4F80080C7
:10FDF000C3F800801B1D241D203D202DCCD806E01B
:10FE0000D4F80080C3F800801B1D241D2D1F042D75
:10FE1000F6D81946224606E092F8008081F8008064
:10FE2000491C521C6D1E002DF6D100BFA0E730B555
:10FE300004460B4604E01D782570641C5B1C521EB2
:10FE4000002AF8D130BD30B504460B4604E01D78D9
:10FE50002570641C5B1C521E002AF8D130BDF0B521
:10FE600006460B46344604F003054DB1C5F10405C2
:10FE700003E02370641C521E6D1E0DB1002AF8D1E0
:10FE800003EB032707EB034707EB0361204610E072
:10FE90000160001D0160001D0160001D0160001D6A
:10FEA0000160001D0160001D0160001D0160001D5A
:10FEB000203A202AECD802E00160001D121F042A1B
:10FEC000FAD8044602E02370641C521E002AFAD1BC
:10FED000F0BD30B50446224602F0030353B1C3F12E
:10FEE000040304E000251570521C491E5B1E0BB173
:10FEF0000029F7D1104611E000250560001D0560BE
:10FF0000001D0560001D0560001D0560001D0560E9
:10FF1000001D0560001D0560001D20392029EBD85B
:10FF200003E000250560001D091F0429F9D80246D9
:10FF300003E000251570521C491E0029F9D130BD7F
:10FF400030B50446224602F0030353B1C3F1040363
:10FF500004E0FF251570521C491E5B1E0BB10029E1
:10FF6000F7D1104612E04FF0FF350560001D056027
:10FF7000001D0560001D0560001D0560001D056079
:10FF8000001D0560001D0560001D20392029EAD8EC
:10FF900004E04FF0FF350560001D091F0429F8D863
:10FFA000024603E0FF251570521C491E0029F9D1B5
:10FFB00030BD024600BF00BF906C884201D10120D5
:10FFC0007047506B884205D192F86100012801DC2E
:10FFD0000120F5E70020F3E72DE9F0478046404691
:10FFE000FBF733FC8146B9F1070F40D14046FBF7E0
:10FFF0008DFC06464046FBF78CFC0446606BB04225
:020000040802F0
:1000000004D0A06CB04201D0BDE8F08794F8600045
:1000100084F8610031462046FFF7CBFF00B1F3E7DB
:1000200004F154073846E3F7F0FE8246514638465D
:10003000E3F703FF0546CDB151463846E3F764FFC9
:100040005046FFF72FFD14F8600F401E2070294620
:100050003846E3F759FF2078401E04F8600920462F
:10006000296800F06CF92846FFF71CFD00BF00BFAF
:10007000CAE770B5044600BF00BF25462C4605F10F
:1000800054063046E3F7A9FE002085F8600070BDF5
:100090002DE9F05F83460C4650480168204605F084
:1000A00061F90021204605F023F925466035A8783E
:1000B00020F00600A870A87820F00800A8700020A2
:1000C00028706870A87820F00100A870603D0421B5
:1000D00005F15400E3F7C4FE204601F0C7F868625A
:1000E0000121686A00F0E0FA0020E8636864A8640F
:1000F000E864286421463A4800F043FF064630464B
:1001000000F0B4FF42F26401304605F012F901211B
:10011000304605F0FFF80121304605F0E9F84FF4CC
:100120008041304600F0C0FA0221304600F0D8FF8E
:10013000AE6231462B4800F024FF0746384600F0F7
:1001400095FF42F2D17242F26401384605F001FA9D
:100150000021384605F0CCF802231A460021384623
:1001600005F0A6F80221384600F0BAFF4FF48041AE
:10017000384600F099FA2F63286BF5F749FB804663
:100180002B4607221849404600F046FA4FF48041BA
:10019000404600F089FA0021404605F0A9F8C5F86C
:1001A0003480686BFCF782FC824610A15046FDF754
:1001B00026FB286BFEF77CF881460121484600F0BB
:1001C00073FAC5F838900020E86228652B461C2297
:1001D0000749204600F020FABDE8F09FD401002036
:1001E000F412030810130308D9FF0108EF819300EC
:1001F0005104020870B505460C460021204605F062
:1002000077F802231A460021204605F051F8022112
:10021000204600F065FF70BD2DE9F04107460C4611
:10022000264606F154052846E3F7D7FDBDE8F081E0
:10023000014600BF00BF0A46D06A7047014600BFB2
:1002400000BF0A46106C704770B506460C46204643
:1002500001F0DAFD05462046696A05F0A7F801219C
:10026000204605F045F802231A460021204605F0F5
:100270001FF84FF48041204600F016FA70BD70B5AB
:1002800006460C462546686A20B1686AFFF70AFCF4
:100290000020686270BD70B5054600BF00BF2C46E7
:1002A000206B08B1E06A00B970BD94F86200C0F339
:1002B000410020B101280BD002281BD111E0002100
:1002C000206B04F0A5F80121E06A05F023F811E0A5
:1002D0000021206B04F09CF80021E06A05F01AF878
:1002E00008E00121206B04F093F80121E06A05F099
:1002F00011F800BF00BF206B04F0A5FAE06A04F01B
:10030000A2FA206B05F0BAFB206B01F099FC20B932
:100310000121206B00F0C8F903E00121206B00F0FF
:10032000DFFE00BFC0E770B505460C460121204640
:1003300004F0DEFF0221204600F0D2FE70BD2DE960
:10034000F04106460D4600BF00BF3446E06A18B1D2
:10035000616AE06A05F02AF88DB104F15407384665
:10036000E3F786FD8046C8F8005094F86000401C12
:1003700084F860002846A16A05F018F802E03046CB
:10038000FFF777FEE562206D50B1206C20B10121AE
:10039000206D00F0C6F903E00121206D00F0E1FEC0
:1003A000206C80B394F8620000F00100A8B194F8CA
:1003B0006200C0F3C00040B10121A06C00F090FECB
:1003C0000221A06C00F070F907E00121A06C00F0A0
:1003D0006BF90221A06C00F083FE94F86000022803
:1003E00008DB0121606B00F07BFE0221606B00F0F6
:1003F0005BF923E00121606B00F056F90221606B8C
:1004000000F06EFE1AE0FFE794F86000022804DABC
:1004100094F86200C0F3C00040B10121606B00F0AD
:100420005FFE0221606B00F03FF907E00121606B85
:1004300000F03AF90221606B00F052FE00221C210C
:100440002046FBF769FA3046FFF725FFBDE8F0814B
:100450002DE9F04180464046FBF75BFA07463C46F3
:100460003846FFF7E5FE064686B1A06B70B1706AAC
:1004700040B1716AA06BFEF723FF0121A06B00F071
:100480002FFE03E00121A06B00F00EF93846FFF7C4
:10049000D5FE054685B1E06C70B1686A40B1696A05
:1004A000E06CFEF70DFF0121E06C00F019FE03E0A7
:1004B0000121E06C00F0F8F8BDE8F08170B5064667
:1004C0000C462546242105F12400E3F7C9FC1C2134
:1004D00005F13000E3F7C4FC70BD70B506460C466C
:1004E00000BF00BF254605F13000E3F776FC05F1BB
:1004F0002400E3F772FC70BD2DE9F04F97B00D4674
:100500002946444801F0F6FA16901698012802D0C0
:1005100017B0BDE8F08F2846FBF797F90646284646
:10052000FBF7F4F90446152E71D12846FBF795F92F
:10053000159013A9204601F04DFB13AA20461599EA
:10054000E6F76CFF13AA20461599EEF7FFF913AAF8
:1005500020461599EBF7DAFD13A8F4F79FFE8246C3
:1005600000EBDA704710BDF84C00384400B2ADF82B
:100570004800BDF84E00384400B2ADF84A0004A867
:10058000F9F72AFC04AA4FF40031204603F0D2FB0D
:100590004FF4003A41F201025146204602F058FF62
:1005A0000190019800B2834600EBDB704FEA6008CF
:1005B00000BF41F204025146204602F049FF01907B
:1005C000019800B2834600EBDB704FEA6009BDF88A
:1005D0004800A0EB080000B2ADF80800BDF84A00E2
:1005E000A0EB090000B2ADF80A00BDF84800404495
:1005F00000B2ADF80C00BDF84A00484400B2ADF8B6
:100600000E0002AA04A91598F9F7CAFB00BF00BFA3
:100610007EE70000481303082DE9F04104460D462B
:1006200016461F4600BF00BF204600F037FBA068FB
:10063000807E401CA1688876A268927E02EB42020E
:100640009100A268D068FFF781FAA168C86000BF76
:10065000A068C06818B900BF00BF00BFFEE700BFB8
:10066000A068C168807E401E00EB400041F8205029
:10067000A068C268807E401E00EB400002EB800054
:100680000672A068C168807E401E00EB400001EB4E
:1006900080004760A068C168807E401E00EB40007B
:1006A00001EB8000BDE8F0812DE9FF4105460C46D5
:1006B00000BF00BF284603F069FD064604F00100B4
:1006C00010B1284603F0E5FCE8692043E86104F036
:1006D000010010B1284603F0DCFC284603F056FD6B
:1006E000B04202D104F0C07040B1284601F08CFB4A
:1006F000074603F091FD284603F08EFD04F010003C
:1007000068B16A4602A9284601F03CFD02A92846C4
:1007100003F0F9FC6946284603F0F5FC00BFBDE88C
:10072000FF8170B504460E4600BF00BF208C40EA32
:100730000605208CA84203D02946204604F018FF65
:1007400070BD2DE9F04104468846174600234FF658
:10075000FF72394620460FF043FA002511E0E068A9
:1007600000EBC5004068C0F3406000B108E0E068FD
:1007700000EBC5004068C0F3006000B100E005E098
:100780006D1C608CC0F3C500A842E8D800BF608C27
:10079000C008401C618C60F3C8016184628CC2F3A4
:1007A000C502D100E068FFF7D1F9E060608CC0F3CA
:1007B000C500461E09E0E06800EBC6010246701E57
:1007C00002EBC00205CA05C1761EAE42F3D8E1684D
:1007D00001EBC5000821FFF77CFBE06840F835809D
:1007E000E06800EBC500406867F31700E16801EBC3
:1007F000C50148604FF6FF723946204604F00EFAF4
:10080000BDE8F0812DE9F04106460F4614461D462D
:1008100000223946304604F0ABFF2A4621463046D6
:1008200004F045FEBDE8F0812DE9FF4F87B00E468C
:1008300090469A4600BF00BF079805F01FF91EB901
:10084000079801F0E1FA064600BF00BF4FF000092B
:1008500000200690079801F0D7FA07460021384695
:1008600002F0C7F905900021384602F0DCFB014692
:100870000598084400B204900021384602F03FFD7C
:1008800001460598084400B203900021304602F06A
:10089000B0F902900021304602F0C5FB01460298F3
:1008A000084404B20021304602F029FD01460298B6
:1008B000084405B2B8F1000F0AD10021304602F019
:1008C0000AF9012802D14FF0030801E04FF00108B6
:1008D000B8F1160F32D2DFE808F03132354A5866E7
:1008E000869FB40BD4DDFEFDFCFBFAF9F8F7F6F5B4
:1008F000304601F0C4F9009000EBD0704FEA600B75
:10090000079802F0CCFF019000EBD070ABEB6000D9
:1009100020440FFA80F9304601F092F9009000EB84
:10092000D0704FEA600B079801F01EFA019000EBBF
:10093000D070ABEB6000284400B2069070E1A14695
:1009400006956DE1304601F09AF9009000EBD07009
:100950004FEA600B079802F0A2FF019000EBD07005
:10096000ABEB600020440FFA80F9069558E1304661
:1009700001F085F98346079802F091FFABEB000088
:1009800020440FFA80F906954AE1A146304601F06D
:1009900057F98346079801F0E7F9ABEB00002844CC
:1009A00000B206903CE1304601F069F9009000EB9E
:1009B000D0704FEA600B079802F071FF019000EBD6
:1009C000D070ABEB600020440FFA80F9304601F0A4
:1009D00037F98346079801F0C7F9ABEB00002844CC
:1009E00000B206901CE1304601F049F983460798B1
:1009F00002F055FFABEB000020440FFA80F93046BF
:100A000001F01EF98346079801F0AEF9ABEB000048
:100A1000284400B2069003E1A146304601F010F9E7
:100A2000009000EBD0704FEA600B079801F09CF942
:100A3000019000EBD070ABEB6000284400B2069050
:100A4000EEE0304601F01BF98346079802F027FFDD
:100A5000ABEB000020440FFA80F9304601F0F0F8CB
:100A6000009000EBD0704FEA600B079801F07CF922
:100A7000019000EBD070ABEB6000284400B2069010
:100A8000CEE04FF00009079801F06EF9404200B245
:100A90000690C5E0304602F002FF009000EBD070F7
:100AA0004FEA600B079802F0FAFE019000EBD0705D
:100AB000ABEB60000FFA80F9079801F055F940425E
:100AC00000B209E09CE084E07CE069E04FE045E0B2
:100AD00034E01CE014E001E00690A1E0304602F0B2
:100AE000DEFE8346079802F0DAFEABEB00000FFA59
:100AF00080F9079801F038F9404200B206908FE083
:100B00004FF00009304601F02FF9069088E030469A
:100B100002F0C5FE009000EBD0704FEA600B079822
:100B200002F0BDFE019000EBD070ABEB60000FFA5D
:100B300080F9304601F018F9069071E0304602F075
:100B4000AEFE8346079802F0AAFEABEB00000FFA58
:100B500080F9304601F008F9069061E0079802F04C
:100B60009EFE40420FFA80F90020069058E0079858
:100B700002F095FE40420FFA80F9304601F0F4F899
:100B8000009000EBD0704FEA600B079801F0ECF892
:100B9000019000EBD070ABEB600000B206903FE03C
:100BA000079802F07CFE40420FFA80F9304601F0CF
:100BB000DBF88346079801F0D7F8ABEB000000B2F2
:100BC00006902DE0304602F06AFE81460020069035
:100BD00026E0304602F063FE8146304601F0C4F85C
:100BE000009000EBD0704FEA600B079801F0BCF862
:100BF000019000EBD070ABEB600000B206900FE00C
:100C0000304602F04CFE8146304601F0ADF8834696
:100C1000079801F0A9F8ABEB000000B2069000BF06
:100C200000BF0021384601F056FF01280DD138469B
:100C300001F008FAB18A5144BA8A891A0144049829
:100C4000081A48440FFA80F90CE0384601F082F99E
:100C5000B18A5144BA8A891A01440498081A48444E
:100C60000FFA80F9384601F06FFAF28A14990A44B3
:100C7000F98A511A01440398091A0698084400B2E7
:100C8000069000220121079804F072FD4946DDE933
:100C9000062004F00CFC0BB0BDE8F08F10B5044644
:100CA00000BF00BFA06808BB11480068401C104985
:100CB00008601C20FEF728FEA06000BFA06818B9DD
:100CC00000BF00BF00BFFEE700BFA06800B910BDB5
:100CD0001C21A068FFF7FDF80F20A1684876A068E6
:100CE000007E20F00300C01CA168087600BFEEE77C
:100CF000940100202DE9FC4780460F460121404623
:100D000002F02AFE10B10020BDE8FC87404601F049
:100D100083F80446204600F0DDFF81464846F7F799
:100D200089F9A04210D04846F7F791F9A0420BD0BC
:100D30004846F7F763F9A04206D04846F7F751F95D
:100D4000A04201D00020DFE74FF40021404602F02E
:100D500003FE48BB4046E3F732F9064608F11401AA
:100D60006846F4F781F9BDF80000801B00B2ADF8C9
:100D70000000BDF80200801B00B2ADF80200BDF813
:100D80000400304400B2ADF80400BDF80600304461
:100D900000B2ADF806006A4639463846E1F7DEFC97
:100DA00008B90020B0E700BF404601F02DF8054625
:100DB00019E00121284602F0CFFD08B10020A3E789
:100DC0004FF40021284602F0C7FD40B905F1140296
:100DD00039463846E1F7C2FC08B9002094E72846B6
:100DE00001F012F80546002DE3D101208CE72DE932
:100DF000FE4F05460E464FF000083146284602F0E9
:100E0000C3FB0446002C46D03146284602F0A2FB24
:100E10000090009802283DDD204604EBD071491077
:100E2000491C0CB23146284602F0A1FB204404B212
:100E30003146284602F074FB81463146284602F0CE
:100E40007CFB8246B9F1000F01DD484601E0C9F1A3
:100E50000000BAF1000F01DD514601E0CAF10001C6
:100E6000884207DDB9F1000F01DD484609E0C9F10C
:100E7000000006E0BAF1000F01DD504601E0CAF1C2
:100E80000000204404B2A04501DD404600E02046B9
:100E9000804600BF00BF3146284601F0CDFF07461F
:100EA000C7B13146284601F0ADFF8246BAF1020FC4
:100EB0000FDD3146284601F0B2FF814609EB0700FD
:100EC000404501DA404601E009EB07000FFA80F8DF
:100ED00000BF00BF00BF40F60A023146284602F0BC
:100EE000B7FA009000980FFA80FB00BF00BF40F6F1
:100EF0000B023146284602F0ABFA0090009800B28F
:100F000002900298834501DD584600E00298019066
:100F10000198002803DD019840440FFA80F840460C
:100F2000BDE8FE8FFEB504460D46164600BF41F2F1
:100F30005D422946204602F08BFA00900098C0B22C
:100F4000029000BF41F26A422946204602F080FA30
:100F500000900098C0B2019000BF9DF8080008B949
:100F60000120029000BF9DF80800FEBD02460AB9AC
:100F7000002070471068884201D10120F9E7002065
:100F8000F7E72DE9F04107460C463846F0F7B0F98F
:100F900080464046FEF7B8FC054615B90020BDE87E
:100FA000F08141462846FEF794FF2F606C60002CCC
:100FB00030D1F6F7E3FF06461EB900BF00BF0020A0
:100FC000EDE7F06840B90420FEF79EFCF060F068A1
:100FD0000560012070620DE0706A401C7062726AE8
:100FE0009100F068FEF7B2FDF060706A401EF16893
:100FF00041F820500020A8820021E982F6F7D6FFB0
:10100000401E01B229830020F7F736F8401E01B2D6
:10101000698329E000BF00BFA06810B92046FFF730
:101020003DFEA068006858B90420FEF76DFCA16879
:101030000860A068006805600120A168486013E0AE
:10104000A0684068401CA1684860A268526891008E
:10105000A2681068FEF77AFDA1680860A068D0E970
:101060000010401E41F82050284698E770B504460D
:10107000204603F0D1F8002000F020FB204608F0C5
:10108000B1F8204600F07DF8012000F017FB4FF684
:10109000FF724FF47021204603F0C0FD204603F09C
:1010A000A4FDFBF73BFA06463EB1204603F059F893
:1010B00018B121463046FBF76BF9204600F0A4FE3C
:1010C000054665B1224622212846FAF725FC22462C
:1010D00023212846FAF720FC204602F0DAFF70BDF3
:1010E0002DE9FF4105460C4600BF00BF284603F02E
:1010F0004DF8064604F0100068B16A4602A9284679
:1011000001F040F802A9284602F0FDFF6946284692
:1011100002F0F9FF00BFE869A043E86104F00100B4
:1011200078B1284602F0B5FF284603F02FF840B109
:10113000284600F069FE074603F06EF8284603F0E3
:101140006BF8284603F022F8B04202D104F0C070D8
:1011500028B1284600F058FE074603F05DF8BDE8C8
:10116000FF8170B504460E4600BF00BF208C20EA08
:101170000605208CA84203D02946204604F0F8F941
:1011800070BD70B5044625682068006828B12068E5
:10119000006820602046FFF7F4FF25602068406863
:1011A00018B1206821464268904770BD2DE9F84388
:1011B00081460C4665686DB3284600F0CBFE0746B5
:1011C000284600F0C1FF8046002641F61002314655
:1011D000284602F03DF900900098E98A0844A0EB07
:1011E000080001B2E182E08A401E01B2618300BFC3
:1011F00041F612023146284602F02AF90090009882
:10120000A98A0844C01B00B2A082A08A401E01B275
:10121000218300BF0220E061E06940F48050E0617A
:101220001DB1E06940F40050E0611DB1E06940F497
:101230004070E061E06940F00400E061E06940F086
:101240001000E061E06940F02000E061E06940F0FA
:101250004000E061E06940F40060E0611DB1E069D8
:1012600040F40040E061BDE8F883000070B504463A
:1012700000BF00BF21460448FFF783FE054628460D
:10128000FFF7F4FE284670BD380C03082DE9F04145
:10129000064600BF00BF00BF00BF304602F0F9FEA7
:1012A000304600F0B1FD044614B1204603F0D2FFF1
:1012B0000025002754B9304600F00CFD05460DB955
:1012C000BDE8F0812869B04200D10127304609F01D
:1012D000ECFB84B10021204603F0EAF8204603F03D
:1012E000B9FF002222212046FAF716FB0022242112
:1012F0002046FAF711FB1FB100BF00BF0020286194
:1013000000BF00BF00BFDBE770B506460C462046B5
:10131000E1F7A6FD002000F0D1F900BF184A002136
:10132000204603F024FD00BF012000F0C7F9002192
:101330002046F3F725F8204600F00CFD054615B1D0
:101340002046FBF728F9A068C0B1A068006830B15A
:10135000A1680868FEF7A6FB0020A1680860A068E5
:10136000C06830B1A168C868FEF79CFB0020A16886
:10137000C860A068FEF796FB0020A06070BD00006A
:10138000FFFF0F002DE9F04FA3B082465046FAF759
:101390005CFA06465046FAF7B9FA0446122E6AD1AC
:1013A0005046FAF7B0FA05462878022802D123B051
:1013B000BDE8F08F0021204601F069FC10B1022049
:1013C0002870F4E70021204602F09EF883460021B1
:1013D000204602F0E2F907460021204602F0C3F958
:1013E000804604F1140121A8F3F735FEBDF884000E
:1013F000C01B00B2ADF88400BDF88800384400B2CC
:10140000ADF88800BDF88600A0EB080000B2ADF88A
:101410008600BDF88A00404400B2ADF88A005A4602
:1014200021A96868E1F7DBF910B901202870BEE74F
:101430000021204601F0B6FBFD2802DA01202870C9
:10144000B5E74FF0000968224946204602F000F84F
:1014500020902098C0B210B101202870A7E7002189
:10146000204601F0A8FCFD2802DA012028709EE742
:101470000020287014E1152E7ED15046FAF7EDF9C0
:10148000834615A8F8F7A8FC0021204601F0A2FB2E
:1014900030B19DF8770020F00100401C8DF87700F6
:1014A00015AA0021204602F045FC0021204602F04A
:1014B00074F905460021204602F055F9074604F16B
:1014C000140113A8F3F7C7FDBDF84C00401B00B290
:1014D000ADF84C00BDF85000284400B2ADF8500003
:1014E000BDF84E00C01B00B2ADF84E00BDF8520072
:1014F000384400B2ADF85200594601A800F0D4F8C3
:10150000684802900020039015A8059013A8049045
:1015100000200E9001AA1A212046FAF7FDF90021B9
:10152000204601F0B4FB20B1BDF8540008B1012001
:1015300000E000208146DDF86480B9F1000F01D0A1
:101540000020199013AA15A95846F8F729FCB9F1FB
:10155000000F26D01820FEF711FA0090BDF9542094
:10156000002304F114010098F8F720FB04F59071B2
:101570000098F7F79DFC00E019E0B8F1000F0FD0DC
:1015800000208DF857008DF876008DF87E008DF8DC
:101590008A00CDF8648013AA15A95846F8F700FC14
:1015A00000BF01AA1B212046FAF7B6F978E0182EF1
:1015B00076D15046FAF751F9804641462046EBF77E
:1015C0009DFC0021204601F062FB60B104F59070A3
:1015D000F8F7BAFB05462DB12846F7F74BFF28462A
:1015E000FEF748FA00BF0021204601F0F3FA002878
:1015F00055D015A8F8F7F0FB00208DF857008DF8AE
:101600006E008DF87E008DF88A0015AA0021204614
:1016100002F090FB0021204602F0BFF805460021B1
:10162000204602F0A0F8074604F1140113A8F3F7CE
:1016300012FDBDF84C00401B00B2ADF84C00BDF8E7
:101640005000284400B2ADF85000BDF84E00C01B59
:1016500000B2ADF84E00BDF85200384400B2ADF80B
:101660005200414601A800F01FF80E4802900120E8
:10167000039015A8059013A8049000200E9001AACD
:101680001A212046FAF748F913AA15A94046F8F797
:1016900087FB01AA1B212046FAF73EF900BF00BFD5
:1016A00000BF84E6380C030870B504460D46482197
:1016B0002046FEF70EFC256070BD00000149087051
:1016C000704700009D0100202DE9FF5F88464046DD
:1016D000FAF7BBF804464046FAF7BCF80546012C79
:1016E00004D120212846FFF71CF801E2082C2BD159
:1016F00020212846FFF735FD4046FAF704F9074652
:101700003846FCF708FAF0B90821284602F024F917
:10171000C8B1284601F08CF900F0010020B9012180
:101720002846FEF7FEFF03E001212846FFF719FDDA
:1017300000221C212846FAF7EFF80646012E01D0B8
:10174000BDE8FF9F00BFD3E1032C04D12021284630
:10175000FFF707FDCCE12A2C10D1284600F00DFA46
:101760000746002607E0A868006850F8269048461B
:1017700002F052FD761CBE42F5D3B9E10D2C7CD1AE
:101780000821284602F0E8F808B34046FAF7BBF80B
:101790000678132E01D0112E04D101212846FEF720
:1017A000C0FF07E0142E01D0122E03D101212846DC
:1017B000FFF7D7FC0A2E09D000221C212846FAF791
:1017C000ABF80746012F00D0BAE700BF90E14FF415
:1017D0000161284602F0C0F8002886D0284602F0B1
:1017E000ABFC0028AFD10390284600F0B3FB0746BE
:1017F000284600F027FC81464046FAF784F8067830
:10180000122E14D1284600F0B3FC8346284600F07F
:10181000ABFA8246C0170AEB90700BEBA00000B247
:10182000029001462846039A03F0F8FC85E0112E49
:1018300014D1284600F09CFC8346284600F094FA18
:101840008246C0170AEB9070ABEBA00000B202908A
:1018500001462846039A03F0E1FC6EE0132E36D1D0
:10186000284600F049FB00F0030020B1002F19DCEE
:10187000B9F1000F16DC284600E05FE000F078FCCC
:101880008346284600F070FA8246C0170AEB907033
:101890000BEBA00000B2029001462846039A03F029
:1018A000BDFC4AE0284600F059FC8346284601F07A
:1018B000F6FF8246C0170AEB90700BEBA00000B257
:1018C000029001462846039A03F08CFC35E0142E62
:1018D00033D1284600F010FB00F0030020B1002FA8
:1018E00017DCB9F1000F14DC284600F041FC8346F8
:1018F000284600F039FA8246C0170AEB9070ABEB2D
:10190000A00000B2029001462846039A03F086FC2C
:1019100013E0284600F022FC8346284601F0BFFF72
:101920008246C0170AEB9070ABEBA00000B20290A9
:1019300001462846039A03F055FCD9E00E2C3AD113
:101940004FF48061284602F007F818B101212846BB
:1019500003F02BFC4FF0000A284600F0FBF9834609
:10196000FAF7E2FD82460226FCF790F88146B9F1CB
:10197000000F03D14046F9F78CFF81464846FCF73B
:10198000DAF80746022F01D0042F01D146F00406F1
:10199000BAF1000F06D046F0080631462846FEF799
:1019A000C0FE07E031462846FEF7BBFE0821284668
:1019B000FFF7D7FB9CE0092C04D140212846FEF715
:1019C000B0FE95E00A2C16D140212846FFF7C9FB4E
:1019D000284601F003F802280CD16A4602A92846DD
:1019E00000F0D0FB02A9284602F08DFB694628468C
:1019F00002F089FB7CE00F2C04D10E212846FFF772
:101A0000B0FB75E0292C23D10021284601F015F800
:101A100081460021284601F08DF98246BAF1000F77
:101A200002D1B9F1000F02D0284602F0F5FB28469A
:101A300000F0A3F80746002607E0A868006850F801
:101A400026B0584602F0E8FB761CBE42F5D34FE0C4
:101A5000222C2FD1002641F201023146284601F006
:101A6000F7FC0390039800B2074600BF41F204025E
:101A70003146284601F0ECFC0390039800B2814601
:101A80000021284600F0D9FF82460021284601F0B7
:101A900051F98346BBF1000F08D1BAF1000F05D10F
:101AA00042F2D170874201D0814502D1284602F02E
:101AB000B3FB1DE0132C12D14046F9F724FF064674
:101AC00000212846FFF793F90746B6F90000B8420F
:101AD00002DDB6F9000000E03846308008E0152C41
:101AE00003D0182C01D0122C02D14046FFF74AFC3B
:101AF00000BF25E62DE9F04106460D4616B9686897
:101B0000046800E0346800E0246814B1206900280B
:101B1000FAD014B90120BDE8F081206908B901208C
:101B2000F9E70020E860294620462269904701270E
:101B3000287E00F0010000B100273846EBE702469E
:101B400000BF00BF906808B900207047002908DA7C
:101B5000906840680144002901DA0020F5E70B464F
:101B600000E00B4690684068984201D80020ECE7FE
:101B70009068006850F82100E7E7014600BF00BF09
:101B8000886808B90020704788684068FBE770B52E
:101B900005460C4605F114012046F3F765FAA868DE
:101BA000B8B12088A968898A401A00B22080A0882C
:101BB000A968898A084400B2A0806088A968898AD7
:101BC000401A00B26080E088A968898A084400B29F
:101BD000E08070BD70B506460C4600BF00BF002116
:101BE000304601F006F805462146304600F066F81A
:101BF000684202B2684201B22046F3F779FB002145
:101C0000304601F010FA2188084400B220800021FB
:101C1000304601F0B1FAA188081A00B2A080002174
:101C2000304601F06CFB6188084400B260800021FE
:101C3000304601F01BF9E188081A00B2E08070BD5F
:101C40002DE9F041074600BF00BF0021384601F0F2
:101C500056FB04460021384601F008F905460021EC
:101C6000384600F0C6FF0646384600F07DF8001BF7
:101C7000401B022101FB160000B2BDE8F0812DE9F6
:101C8000F041074600BF00BF0021384601F0CBF904
:101C900004460021384601F06FFA05460021384617
:101CA00000F0A7FF0646384601F0F9FD001B401B77
:101CB000022101FB160000B2BDE8F08170B50546B7
:101CC0000C4600BF00BF05F114012046F3F7CCF924
:101CD00070BD000070B5064600BF00BF706808B94F
:101CE000354603E0304600F097F805460E48E2F727
:101CF0008CF8044611E0002107E0E06850F821006C
:101D0000A84201D1204670BD491C606A8842F4D8BF
:101D100021460548E2F791F80446002CEBD100BFBC
:101D200000BF0020EFE70000F4440020024600BF9F
:101D300000BF906808B9002070479068807E884294
:101D400001D80020F8E79068C06801EB410300EB80
:101D50008300F1E7014600BF00BF886810B18868C2
:101D6000806870470020FCE710B5044600BF00BF44
:101D700004F11400F3F7D9F910BD70B5064600BFA1
:101D800000BF304600F040F805460DB9002070BD98
:101D9000002400BF08E021462846FFF7D0FEB042ED
:101DA00001D12046F3E7641C2846FFF7E6FEA04277
:101DB000F1D84FF0FF30EAE72DE9F04104460F4635
:101DC00090461E46002518E0E06800EBC50040681C
:101DD000C0F3006080B1E06800EBC500406820F00F
:101DE0007F40B04208D1E16851F83500424639469B
:101DF00005F006FCBDE8F0816D1C608CC0F3C500E9
:101E0000A842E1D80020F5E7014609B90020704753
:101E100000BF00BF4868FAE710B5044600BF00BF26
:101E2000224600BF13461846FFF7EEFF0246002A7F
:101E3000F8D1184610BD00002DE9F84F074600BF45
:101E400000BF2B4C3846FFF798FE8046002514E073
:101E5000B868006850F825B02649584601F087FD5B
:101E600000B109E0BBF91A00A04201DA204601E006
:101E7000BBF91A00044600BF6D1C4545E8D300219C
:101E8000384601F049FA00900021384600F0FBFF87
:101E900081460021384600F0B9FE064614488442C7
:101EA00005D0788BA0EB0900801B201A04B23846BD
:101EB00000F09EFD82463846FFF756FF0099401A13
:101EC000A0EB0900022101FB1600AAEB00000FFAAB
:101ED00080FA384600F04CF9AAEB00000FFA80FABD
:101EE000544502DD2046BDE8F88F5046FBE7000070
:101EF00001E0FFFF010004000146886820B1886806
:101F0000407E00F00F0070470F20FCE770B50646DA
:101F10000D460E493046F2F75FFA044614B1606A86
:101F2000404202E0304600F019F900B2288008492A
:101F30003046F2F751FA044614B1606A404202E0BA
:101F4000304600F015F900B2688070BD8DC10208FE
:101F5000A9C102082DE9FC5F044600BF00BF0021B3
:101F6000204600F0C5FD012809D0A06810B9002066
:101F7000BDE8FC9FA068008A404200B2F8E700215B
:101F8000204601F006F901900021204601F058F8A2
:101F900007460021204600F039FE80464FF0000938
:101FA00041F6FF752046FFF7E8FD8246002617E060
:101FB000A068006850F8260000902049009801F0C1
:101FC000D6FC00B10BE00098B0F91400A84201DD86
:101FD000284602E00098B0F91400054600BF761CC0
:101FE0005645E5D341F6FF70854208D0A946A08A40
:101FF00038444044A0EB09000FFA80F901E0DFF813
:102000004090204600F004FD8346204601F047FC46
:102010000199401AC01B022101FB1800ABEB000024
:102020000FFA80FB204600F099F858440FFA80FB25
:10203000D94501DD48469BE7584699E70100040071
:1020400001E0FFFF2DE9F84F044600BF00BF00216B
:10205000204600F04DFD012808D1A06810B90020ED
:10206000BDE8F88FA068B0F91000F9E72A4D2046C6
:10207000FFF783FD8046002614E0A068006850F852
:1020800026B02649584601F072FC00B109E0BBF9C0
:102090001800A84201DA284601E0BBF918000546FD
:1020A00000BF761C4645E8D30021204601F071F8B8
:1020B00081460021204600F0C3FF00900021204609
:1020C00000F0A4FD07461448854205D0208BA0EB04
:1020D0000900C01B281A05B2204600F099FC824670
:1020E000204601F0DCFBA0EB09010098081A022150
:1020F00001FB1700AAEB00000FFA80FA204600F05F
:102100002DF8AAEB00000FFA80FA554501DD2846AC
:10211000A6E75046A4E7000001E0FFFF010004002D
:102120000146886820B18868007EC0F3810070474E
:102130000020FCE70146886820B18868007EC0F373
:10214000011070470020FCE70146886808B90020AC
:1021500070478868408A404200B2F9E701468868C3
:1021600008B9002070478868008A404200B2F9E749
:102170000146886808B9002070478868408A404254
:1021800000B2F9E72DE9F04F95B005460C4616462A
:102190004FF0FF3003460022114600902046F3F72F
:1021A000C9F84FF0FF300346002211460090304638
:1021B000F3F7C0F81021284601F0CEFB10B915B096
:1021C000BDE8F08F284600F009FC8046B8F1000F0A
:1021D00000D1F4E70020FBF75FFC1490B8F1020F88
:1021E00011D109E01498FBF796FCA84200D106E053
:1021F0001498FBF751FC149014980028F2D100BFFA
:10220000149800B9DBE72846FFF79EFF1390284695
:10221000FFF712FE12902846FFF79CFE1190284609
:10222000FFF710FF10902846FFF766FE0F90002082
:102230000E900F9800F00C00A8B1B8F1010F10D06B
:10224000B8F1030F05D1139800280ADC1298002872
:1022500007DCB8F1020F06D11498FBF749FC0C28F3
:1022600001D101200E9000200D900F9800F0030086
:10227000A8B1B8F1010F10D0B8F1030F05D1119832
:1022800000280ADC1098002807DCB8F1020F06D1FC
:102290001498FBF72DFC032801D101200D900D9817
:1022A00010B90E9800B98AE74FF48031284600F043
:1022B0001FFC012800D100E000200C904FF4803179
:1022C000284601F029F883464FF48031284600F073
:1022D000DAFD0B904FF48031284600F0B1FE07463E
:1022E0004FF48031284600F054FF81464FF480308F
:1022F000039041F201022846039901F0A9F80290E7
:10230000029800B20A902846FFF72EFD0990284651
:1023100001F0C5FA08900E9808B10A9800E0002074
:1023200082460D9808B10A9800E0002007904FF40B
:102330008030039021222846039901F089F8029009
:102340000298C0B202280DDA4FF480300390312297
:102350002846039901F07CF802900298C0B2022846
:1023600000DA2CE71399099801441298084400B246
:1023700005900E9800287DD005980028FBD0E88AAB
:102380007080688BF0800C9850B1A88A384400B2F5
:10239000308031880A980844401E00B2B0800AE0BC
:1023A000288BA0EB090000B2B080B1880A98081A07
:1023B000401C00B230800998A0EB0B010B98091A61
:1023C0000798081A09994843059990FBF1F000B263
:1023D00003900020F5F7D8FD00EB8000502101EBC1
:1023E0004000A02190FBF1F001280BDD0020F5F763
:1023F000CBFD00EB8000502101EB4000A02190FBC1
:10240000F1F000E001200399884201DA039819E015
:102410000020F5F7B9FD00EB8000502101EB4000F2
:10242000A02190FBF1F001280BDD0020F5F7ACFDB9
:1024300000EB8000502101EB4000A02190FBF1F067
:1024400000E0012000B203900998A0EB0B010B986B
:10245000091A0798091A0398081A00B206900999F0
:102460000598401A00B20290029800280EDCE88A13
:10247000584400E0BFE000B27080698B0B98091AE5
:102480000798081A401E00B2F080B3E0129906982F
:102490004843029990FBF1F000B20190019906982F
:1024A000401A00B20190E98A01980844584400B2E9
:1024B0007080718803980844401E00B2F080B6F91D
:1024C0000210B5F916005844814242DAE88A5844AD
:1024D00000B270800020F5F757FD00EB800050211E
:1024E00001EB4000A02190FBF1F001280BDD002062
:1024F000F5F74AFD00EB8000502101EB4000A021E0
:1025000090FBF1F000E00120B6F902100844B6F9A2
:10251000061088421DDD0020F5F736FD00EB800037
:10252000502101EB4000A02190FBF1F001280BDDD0
:102530000020F5F729FD00EB8000502101EB400061
:10254000A02190FBF1F000E001207188084400B266
:10255000F080B6F90610B5F91A200798121A0B98F0
:10256000101A814245DD698B0798091A0B98081AE1
:1025700000B2F0800020F5F707FD00EB800050214D
:1025800001EB4000A02190FBF1F001280BDD0020C1
:10259000F5F7FAFC00EB8000502101EB4000A02190
:1025A00090FBF1F000E00120B6F90610081AB6F928
:1025B000021088421DDA0020F5F7E6FC00EB8000EF
:1025C000502101EB4000A02190FBF1F001280BDD30
:1025D0000020F5F7D9FC00EB8000502101EB400012
:1025E000A02190FBF1F000E00120F188081A00B270
:1025F000708000BF00BF11990898014410980844EA
:1026000000B204900D98002879D004980028FBD0DF
:10261000698B0B98081A00B2E080E1880A98081AC2
:10262000401C00B26080A88A2080288BA080089877
:10263000C01BA0EB0900A0EB0A00089948430499CD
:1026400090FBF1F000B203900020F5F79DFC00EB49
:102650008000502101EB4000A02190FBF1F0012807
:102660000BDD0020F5F790FC00EB8000502101EB22
:102670004000A02190FBF1F000E001200399884286
:1026800001DA039819E00020F5F77EFC00EB8000EA
:10269000502101EB4000A02190FBF1F001280BDD5F
:1026A0000020F5F771FC00EB8000502101EB4000A9
:1026B000A02190FBF1F000E0012000B20390089807
:1026C000C01BA0EB0900A0EB0A010398081A00B296
:1026D000069008990498401A00B2029002980028C7
:1026E0001BDC0C9860B1A88A38445044401E00B2EC
:1026F0002080288BA0EB090000B2A0806BE16BE189
:10270000A88A384400B22080288BA0EB0900A0EBF7
:102710000A00401E00B2A0805DE11099069848436F
:10272000029990FBF1F000B2019001990698401ACD
:1027300000B201900C9800287ED0A98A0198084424
:102740003844504400B22080218803980844401E39
:1027500000B2A080B4F90000B5F914103944514416
:10276000884243DAA88A3844504400B220800020CE
:10277000F5F70AFC00EB8000502101EB4000A0219E
:1027800090FBF1F001280BDD0020F5F7FDFB00EBDD
:102790008000502101EB4000A02190FBF1F000E00F
:1027A0000120B4F900100844B4F9041088421DDD7A
:1027B0000020F5F7E9FB00EB8000502101EB400021
:1027C000A02190FBF1F001280BDD0020F5F7DCFBE8
:1027D00000EB8000502101EB4000A02190FBF1F0C4
:1027E00000E001202188084400B2A080B4F9041060
:1027F000B5F91800A0EB0900814244DD288BA0EB5D
:10280000090000B2A0800020F5F7BEFB00EB8000BD
:10281000502101EB4000A02190FBF1F001280CDDDC
:102820000020F5F7B1FB00EB8000502101EB4000E8
:10283000A02190FBF1F001E026E00120B4F90410A2
:10284000081AB4F9001088421DDA0020F5F79CFB45
:1028500000EB8000502101EB4000A02190FBF1F043
:1028600001280BDD0020F5F78FFB00EB80005021E5
:1028700001EB4000A02190FBF1F000E00120A188D5
:10288000081A00B22080A5E0A98A019808443844BB
:1028900000B22080218803980844401E00B2A08026
:1028A000B4F90000B5F914103944884242DAA88A14
:1028B000384400B220800020F5F766FB00EB800072
:1028C000502101EB4000A02190FBF1F001280BDD2D
:1028D0000020F5F759FB00EB8000502101EB400090
:1028E000A02190FBF1F000E00120B4F900100844B1
:1028F000B4F9041088421DDD0020F5F745FB00EB1C
:102900008000502101EB4000A02190FBF1F0012854
:102910000BDD0020F5F738FB00EB8000502101EBC8
:102920004000A02190FBF1F000E001202188084444
:1029300000B2A080B4F90410B5F91800A0EB0A00A9
:10294000A0EB0900814245DD288BA0EB0A00A0EB3B
:10295000090000B2A0800020F5F716FB00EB800014
:10296000502101EB4000A02190FBF1F001280BDD8C
:102970000020F5F709FB00EB8000502101EB40003F
:10298000A02190FBF1F000E00120B4F90410081A36
:10299000B4F9001088421DDA0020F5F7F5FA00EBD3
:1029A0008000502101EB4000A02190FBF1F00128B4
:1029B0000BDD0020F5F7E8FA00EB8000502101EB79
:1029C0004000A02190FBF1F000E00120A188081A4E
:1029D00000B2208000BF00BF00BF13E4014688683A
:1029E00020B18868007E00F0030070470320FCE7F8
:1029F00038B504460548006800906A462C212046F8
:102A0000F8F78AFFBDF9020038BD0000580C030832
:102A100038B504460548006800906A462C212046D7
:102A2000F8F77AFFBDF9000038BD0000540C030828
:102A3000014600BF00BF088C704738B504460D46FC
:102A400041F209022946204600F002FD009000985C
:102A5000C0B238BD38B504460D4641F209022946D8
:102A6000204600F0F5FC00900098C0B238BD38B5A3
:102A700004460D4666222946204600F0E9FC0090F7
:102A8000009838BD38B504460D46512229462046E7
:102A900000F0DEFC0090009808B1012038BD002055
:102AA000FCE738B504460D464FF40562294620463A
:102AB00000F0CEFC0090009800B238BD38B5044656
:102AC0000D464FF405622946204600F0C1FC0090F7
:102AD000009800B238BD38B504460D4641F26A424E
:102AE0002946204600F0B4FC00900098C0B238BDE2
:102AF00038B504460D4641F26A422946204600F0A8
:102B0000A7FC00900098C0B238BD38B504460D4609
:102B100041F26A422946204600F09AFC0090009853
:102B2000C0B238BD38B504460D4641F26A42294666
:102B3000204600F08DFC00900098C0B238BD38B53A
:102B400004460D4641F26A422946204600F080FCC8
:102B500000900098C0B238BD38B504460D4641F229
:102B60006A422946204600F073FC00900098C0B2EB
:102B700038BD38B504460D4641F26A422946204622
:102B800000F066FC00900098C0B238BD38B504462D
:102B90000D4644F220022946204600F059FC0090E0
:102BA000009838BD38B504460D46212229462046F6
:102BB00000F04EFC00900098C0B238BD38B5044615
:102BC0000D4668222946204600F042FC00900098FD
:102BD000C0B238BD38B504460D46342229462046D9
:102BE00000F036FC0090009808B1012038BD0020AC
:102BF000FCE738B504460D4641F23202294620462C
:102C000000F026FC0090009800B238BD38B50446AC
:102C10000D4641F232022946204600F019FC009090
:102C2000009800B238BD38B504460D4641F2320274
:102C30002946204600F00CFC0090009800B238BDF8
:102C400038B504460D4641F232022946204600F0CE
:102C5000FFFB0090009800B238BD38B504460D4621
:102C600041F232022946204600F0F2FB0090009823
:102C700000B238BD38B504460D4641F2320229464D
:102C8000204600F0E5FB0090009800B238BD38B552
:102C900004460D4661222946204600F0D9FB0090EB
:102CA000009808B1012038BD0020FCE738B5044683
:102CB0000D46054802882946204600F0C9FB0090D1
:102CC0000098C0B238BD0000E001002038B50446CD
:102CD0000D4641F204022946204600F0B9FB00905F
:102CE000009800B238BD38B504460D4641F20402E2
:102CF0002946204600F0ACFB0090009800B238BD99
:102D000038B504460D4641F204022946204600F03B
:102D10009FFB0090009800B238BD38B504460D46C0
:102D200041F204022946204600F092FB00900098F0
:102D300000B238BD38B504460D4641F26902294655
:102D4000204600F085FB0090009880B238BD38B571
:102D500004460D4641F269022946204600F078FB00
:102D60000090009880B238BD38B504460D4640F654
:102D700049022946204600F06BFB0090009800B203
:102D800038BD38B504460D4641F2060229462046B4
:102D900000F05EFB0090009800B238BD38B50446E4
:102DA0000D4641F205022946204600F051FB0090F5
:102DB000009800B238BD38B504460D4640F2624274
:102DC0002946204600F044FB00900098C0B238BD70
:102DD00038B504460D4640F262422946204600F0CE
:102DE00037FB00900098C0B238BD38B504460D4698
:102DF00040F262422946204600F02AFB00900098EB
:102E0000C0B238BD38B504460D4640F63C022946EE
:102E1000204600F01DFB00900098C0B238BD38B5C8
:102E200004460D4640F63D022946204600F010FBC0
:102E30000090009800B238BD38B504460D4640F603
:102E40003A022946204600F003FB0090009800B2A9
:102E500038BD38B504460D4641F6110229462046D4
:102E600000F0F6FA0090009800B238BD38B504467C
:102E70000D4641F611022946204600F0E9FA00907D
:102E8000009800B238BD38B504460D4641F611022F
:102E90002946204600F0DCFA0090009800B238BDC8
:102EA00038B504460D4641F611022946204600F089
:102EB000CFFA0090009800B238BD38B504460D46F0
:102EC00041F611022946204600F0C2FA009000980F
:102ED00000B238BD38B504460D4641F61102294608
:102EE000204600F0B5FA0090009800B238BD38B521
:102EF00004460D4641F611022946204600F0A8FA84
:102F00000090009800B238BD38B504460D4641F631
:102F100011022946204600F09BFA0090009800B26A
:102F200038BD38B504460D4641F611022946204603
:102F300000F08EFA0090009800B238BD38B5044613
:102F40000D4641F611022946204600F081FA009014
:102F5000009800B238BD38B504460D4641F611025E
:102F60002946204600F074FA0090009800B238BD5F
:102F700038B504460D4641F611022946204600F0B8
:102F800067FA0090009800B238BD38B504460D4687
:102F900041F615022946204600F05AFA00900098A2
:102FA00000B238BD38B504460D4641F61502294633
:102FB000204600F04DFA0090009800B238BD38B5B8
:102FC00004460D4641F615022946204600F040FA17
:102FD0000090009800B238BD38B504460D4641F661
:102FE00015022946204600F033FA0090009800B2FE
:102FF00038BD38B504460D4641F61502294620462F
:1030000000F026FA0090009800B238BD38B50446AA
:103010000D4641F612022946204600F019FA0090AA
:10302000009800B238BD38B504460D4641F612028C
:103030002946204600F00CFA0090009800B238BDF6
:1030400038B504460D4641F612022946204600F0E6
:10305000FFF90090009800B238BD38B504460D461F
:1030600041F612022946204600F0F2F9009000983D
:1030700000B238BD38B504460D4641F61202294665
:10308000204600F0E5F90090009800B238BD38B550
:1030900004460D4641F612022946204600F0D8F9B2
:1030A0000090009800B238BD38B504460D4641F690
:1030B00012022946204600F0CBF90090009800B299
:1030C00038BD38B504460D4641F612022946204661
:1030D00000F0BEF90090009800B238BD38B5044643
:1030E0000D4641F612022946204600F0B1F9009043
:1030F000009800B238BD38B504460D4641F61202BC
:103100002946204600F0A4F90090009800B238BD8E
:1031100038B504460D4641F612022946204600F015
:1031200097F90090009800B238BD38B504460D46B6
:1031300041F612022946204600F08AF900900098D4
:1031400000B238BD38B504460D4641F61202294694
:10315000204600F07DF90090009800B238BD38B5E7
:1031600004460D4641F613022946204600F070F948
:103170000090009800B238BD38B504460D4641F6BF
:1031800013022946204600F063F90090009800B22F
:1031900038BD38B504460D4641F61302294620468F
:1031A00000F056F90090009800B238BD38B50446DA
:1031B0000D4641F613022946204600F049F90090D9
:1031C000009800B238BD38B504460D4641F61302EA
:1031D0002946204600F03CF90090009800B238BD26
:1031E00038B504460D4641F613022946204600F044
:1031F0002FF90090009800B238BD38B504460D464E
:1032000041F613022946204600F022F9009000986A
:1032100000B238BD38B504460D4641F613022946C2
:10322000204600F015F90090009800B238BD38B57E
:1032300004460D4641F613022946204600F008F9DF
:103240000090009800B238BD38B504460D4641F6EE
:1032500013022946204600F0FBF80090009800B2C7
:1032600038BD38B504460D4641F6130229462046BE
:1032700000F0EEF80090009800B238BD38B5044672
:103280000D4641F613022946204600F0E1F8009071
:10329000009800B238BD38B504460D4641F6140218
:1032A0002946204600F0D4F80090009800B238BDBE
:1032B00038B504460D4641F614022946204600F072
:1032C000C7F80090009800B238BD38B504460D46E6
:1032D00041F614022946204600F0BAF80090009802
:1032E00000B238BD38B504460D4641F610022946F5
:1032F000204600F0ADF80090009800B238BD38B517
:1033000004460D4641F610022946204600F0A0F87A
:103310000090009800B238BD38B504460D4641F61D
:1033200010022946204600F093F80090009800B261
:1033300038BD38B504460D4641F6100229462046F0
:1033400000F086F80090009800B238BD38B5044609
:103350000D4641F610022946204600F079F800900B
:10336000009800B238BD38B504460D4641F610024B
:103370002946204600F06CF80090009800B238BD55
:1033800038B504460D4641F610022946204600F0A5
:103390005FF80090009800B238BD38B504460D467D
:1033A00041F610022946204600F052F8009000989D
:1033B00000B238BD38B504460D4641F61002294624
:1033C000204600F045F80090009800B238BD38B5AE
:1033D00004460D4641F610022946204600F038F812
:1033E0000090009800B238BD38B504460D4641F64D
:1033F00010022946204600F02BF80090009800B2F9
:1034000038BD38B504460D4641F61002294620461F
:1034100000F01EF80090009800B238BD38B50446A0
:103420000D4641F610022946204600F011F80090A2
:10343000009800B238BD38B504460D4641F610027A
:103440002946204600F004F80090009800B238BDEC
:103450002DE9F84305460E461446C4F38029C4F30B
:103460008038B8F1000F01D024F48044002714E024
:103470006B46224631462846EEF763FA074607B107
:103480000DE0B9F1000F00D109E00EB1002604E013
:103490002846FEF7B9FC054600BF002DE8D100BF65
:1034A0000FBB0EBB41F20100844202D0C01C84421B
:1034B0001AD128680AE041F201018C4202D1818AC6
:1034C00019B105E0C18A01B102E000680028F2D11B
:1034D00000BF41F201018C4202D1B0F9141001E0A9
:1034E000B0F91610009103E0204604F019F900909D
:1034F000B8F1000F05D031462846009AE2F7D2F81D
:1035000000900098BDE8F88338B504460D46602267
:1035100029462046FFF79CFF0090009800B238BD76
:1035200038B504460D4640F6410229462046FFF7CD
:103530008FFF0090009800B238BD38B504460D46A4
:1035400040F6420229462046FFF782FF009000988D
:1035500000B238BD38B504460D4640F6450229464E
:103560002046FFF775FF00900098C0B238BD38B50F
:1035700004460D4640F6430229462046FFF768FF01
:103580000090009800B238BD38B504460D464FF49F
:10359000046229462046FFF75BFF0090009800B2C6
:1035A00038BD38B504460D4644F2574229462046F8
:1035B000FFF74EFF0090009838BD38B504460D4621
:1035C00041F2594229462046FFF742FF00900098F9
:1035D00038BD38B504460D4641F2594229462046C9
:1035E000FFF736FF0090009838BD38B504460D4609
:1035F00041F2594229462046FFF72AFF00900098E1
:1036000038BD38B504460D4641F259422946204698
:10361000FFF71EFF0090009838BD38B504460D46F0
:1036200041F2594229462046FFF712FF00900098C8
:1036300038BD38B504460D4641F259422946204668
:10364000FFF706FF0090009838BD38B504460D46D8
:1036500041F2594229462046FFF7FAFE00900098B1
:1036600038BD38B504460D4641F25A422946204637
:10367000FFF7EEFE0090009800B238BD38B5044662
:103680000D4641F25A4229462046FFF7E1FE0090DE
:10369000009800B238BD38B504460D4641F25A4292
:1036A00029462046FFF7D4FE0090009800B238BDAE
:1036B00038B504460D4641F25B4229462046FFF7E5
:1036C000C7FE0090009800B238BD38B504460D46DC
:1036D00041F25B4229462046FFF7BAFE009000986F
:1036E00000B238BD38B504460D4641F25B4229466A
:1036F0002046FFF7ADFE0090009800B238BD38B507
:1037000004460D4641F25B4229462046FFF7A0FEE3
:103710000090009800B238BD38B504460D4641F21D
:103720005B4229462046FFF793FE0090009800B2C6
:1037300038BD38B504460D4641F25B422946204665
:10374000FFF786FE0090009800B238BD38B50446F9
:103750000D4643F60F0229462046FFF779FE0090FA
:10376000009800B238BD38B504460D4640F60B024D
:1037700029462046FFF76CFE0090009800B238BD45
:1037800038B504460D4640F60B0229462046FFF7A1
:103790005FFE0090009800B238BD38B504460D4673
:1037A00040F60A0229462046FFF752FE0090009894
:1037B00000B238BD38B504460D4640F60A02294627
:1037C0002046FFF745FE0090009800B238BD38B59E
:1037D00004460D4643F60E0229462046FFF738FE02
:1037E0000090009800B238BD38B504460D4641F24D
:1037F000010229462046FFF72BFE0090009800B2F8
:1038000038BD38B504460D4641F20102294620462E
:10381000FFF71EFE0090009800B238BD38B5044690
:103820000D4641F2010229462046FFF711FE0090A5
:10383000009800B238BD38B504460D4641F2010289
:1038400029462046FFF704FE0090009800B238BDDC
:1038500038B504460D4641F2010229462046FFF7DD
:10386000F7FD0090009800B238BD38B504460D460B
:1038700041F2070229462046FFF7EAFD0090009832
:1038800000B238BD38B504460D4641F2080229465B
:103890002046FFF7DDFD0090009800B238BD10B55E
:1038A000044600BF00BF04F11400F1F7B1FC10BDE5
:1038B00070B5064600BF00BF3046FEF7A5FA0546C4
:1038C000ADB1B08AA98A401A04B22846FEF746FC78
:1038D000204404B200212846FFF7A5FB201A04B2B9
:1038E00000212846FFF785F9201A04B201E0B6F955
:1038F0001440204670BD70B5064600BF00BF30467C
:10390000FEF782FA0546ADB1F18AE88A081A04B2D8
:103910002846FEF72DFC204404B200212846FFF77C
:10392000EEFC201A04B200212846FFF762F9201AA3
:1039300004B201E0B6F91640204670BD70B50446E9
:1039400000BF00BF2046FFF7D6FF05462046FEF722
:103950000BFA284400B270BD024600BF00BFD06918
:103960000840884201D1012070470020FCE7024650
:1039700000BF00BFD069084008B101207047002097
:10398000FCE7024600BF00BF108C084008B10120D0
:1039900070470020FCE77FB506460D460221304601
:1039A000FFF7DAFF10B9002004B070BD8021304667
:1039B000FFF7E7FF08B10020F6E702A93046FEF75F
:1039C000E6F80022294602A8DEF7DFFF04460CB91C
:1039D0000020E9E74FF480313046FFF7BDFF58B1D2
:1039E000009501208DF804006A4611213046F7F752
:1039F00093FF9DF80400D7E72046D5E72DE9FC4763
:103A000005460E46144600BF4FF40562314628466F
:103A1000FFF71EFD0190019800B26080608808B930
:103A2000BDE8FC8700BF532231462846FFF710FD52
:103A300001900198C0B22073207B022800DCEFE7E0
:103A400031462846FFF7C4F90746FD2F03DA207BED
:103A5000784300122073207B022800DCE0E700BFDF
:103A600044F2520231462846FFF7F2FC00900098DB
:103A70000190BDF80400208000BF54223146284642
:103A8000FFF7E6FC01900198A060A846B1465122DC
:103A900049464046FFF7DCFC0190019808B101203F
:103AA00000E00020617B60F38201617331462846AB
:103AB000FFF784F8617B60F30101617300BFAFE73A
:103AC0002DE9FC4105460E46144600BF462231460C
:103AD0002846FFF7BDFC01900198C0B2E072E07A81
:103AE000022801DCBDE8FC8131462846FFF770F969
:103AF0000746FD2F03DAE07A78430012E072E07A9D
:103B0000022800DCEEE7002020804FF48070608007
:103B100000BF298BAA8A891A491C09B2084601EB01
:103B2000D0714910A18000BF698BEA8A891A491CAB
:103B300009B2084601EBD0714910E18000BF48226C
:103B400031462846FFF784FC01900198C0B2A0726C
:103B5000A07A00280CDD00BF44F247023146284617
:103B6000FFF776FC009000980190BDF804002081DA
:103B700031462846FFF722F8207300BFB2E7F8B5B8
:103B800005460E46144600BF4FF48B623146284668
:103B9000FFF75EFC00900098C0B2A076A07E0228DD
:103BA00000DCF8BD31462846FFF712F90746FD2F25
:103BB00003DAA07E78430012A076A07E022800DC03
:103BC000EFE731462846FFF7ECFC0090BDF8000017
:103BD000A08100BF41F25A4231462846FFF738FC27
:103BE0000090009800B2A08200BF41F25B423146D3
:103BF0002846FFF72DFC0090009800B2608200BFBD
:103C000040F25C4231462846FFF722FC00900098C3
:103C1000A17F60F30201A17731462846FEF7CEFF6F
:103C2000A17F60F3C501A17731462846FFF7C5FCA7
:103C3000206000BF41F25D4231462846FFF708FC94
:103C400000900098C0B2207700BFAAE72DE9FC479A
:103C500005460E46144600BF40F649023146284646
:103C6000FFF7F6FB0190019800B26080608808B908
:103C7000BDE8FC8700BF4E2231462846FFF7E8FB2F
:103C800001900198C0B22072207A022800DCEFE790
:103C900031462846FFF79CF80746FD2F03DA207AC5
:103CA000784300122072207A022800DCE0E700BF8F
:103CB00044F24D0231462846FFF7CAFB00900098B7
:103CC0000190BDF80400208000BF4A2231462846FA
:103CD000FFF7BEFB0190019800B2A080A08848B118
:103CE00000BF4B2231462846FFF7B2FB01900198F6
:103CF00000B2E080A846B1464C2249464046FFF754
:103D0000A7FB0190019808B1012000E00020617A32
:103D100060F382016172607A810861F3C3006072AE
:103D200031462846FEF74AFF617A60F3010161726D
:103D300000BF9DE72DE9FC4706460D46144600BF2F
:103D4000602229463046FFF783FB0190019800B2BC
:103D5000208025B129463046FFF73AF800E0FF20E1
:103D6000804629463046FFF733F80746022F02DD2A
:103D7000B8F1020F09DC0020E07084F8220084F81A
:103D8000360084F82A00BDE8FC8729463046FEF755
:103D900015FFA070E078002870D000BF21222946CE
:103DA0003046FFF755FB01900198C0B2E070E07813
:103DB000022863DD29463046FEF7E8FE0190BDF893
:103DC0000400A08000BF262229463046FFF740FBB2
:103DD000019001988146B9F1000F0AD099F80900C5
:103DE00000F0070028B10A224946A01DFBF7E3FEB8
:103DF00043E000BF232229463046FFF729FB01900C
:103E00000198E17B60F30201E173E07B00F00700C1
:103E100038B329463046FEF7B9FE0190BDF80400DC
:103E2000E08000BF44F2220229463046FFF710FB33
:103E3000009000980190A01DBDF80410618100BFA2
:103E4000242229463046FFF703FB01900198207297
:103E500000BF252229463046FFF7FAFA0190019863
:103E6000207300BF272229463046FFF7F1FA019060
:103E70000198E17B60F3C501E17300BF00BF41F22F
:103E8000320229463046FFF7E3FA0190019800B26A
:103E90002084208C60B394F8220048B300BF312204
:103EA00029463046FFF7D4FA01900198C0B284F851
:103EB000220094F8220002281ADD00BF332229468E
:103EC0003046FFF7C5FA0190019894F8231060F38B
:103ED000450184F8231000BF44F2300229463046E1
:103EE000FFF7B6FA009000980190BDF80400E08357
:103EF00029463046FEF7A0FFE084E08CF0B194F84C
:103F00002A00D8B129463046FEF77CFF84F82A0003
:103F100094F82A00022811DD29463046FEF77FFF7B
:103F2000208500BF44F23B0229463046FFF790FA55
:103F3000009000980190BDF80400A084A07E0028A5
:103F400051D000BF40F6280229463046FFF780FADC
:103F50000190019820612069002844D000BF2922E7
:103F600029463046FFF774FA01900198C0B2A07656
:103F7000A07E022837DD2069F9F726FD02280DD141
:103F800029463046FFF719FB606129463046FFF7A6
:103F900008FB0190BDF80400208324E000BF44F238
:103FA0002A0229463046FFF753FA00900098019004
:103FB000BDF80400208300BF2B2229463046FFF7BE
:103FC00047FA01900198C0B2E076B146AA462C2289
:103FD00051464846FFF73CFA0190019808B101208C
:103FE00000E00020207794F8360080B32946304660
:103FF000FFF7CAFAE085E08D48B394F8360002284E
:1040000025DD29463046FFF7A5FA84F8360094F8F6
:10401000360002281BDD29463046FFF781FA20864C
:1040200029463046FFF789FA608629463046FFF771
:104030009EFAA08600BF44F2440229463046FFF7AC
:1040400007FA009000980190BDF80400A085B8F12F
:10405000FD0F02DA08FB07F00712FD2F17DA1734FD
:1040600014F8140C7843001204F8140CE078784328
:104070000012E070E07A78430012E072E07F78434B
:104080000012E077E07C78430012E074173C00BF38
:1040900079E67CB5054600BF00BF03E02846FDF782
:1040A000B3FE05462846FDF7AFFE30B14FF40021C0
:1040B0002846FFF751FC0028F0D12846DFF77FFFA4
:1040C000044605F114016846F0F7CEFFBDF8000084
:1040D000001B00B2ADF80000BDF80200001B00B2EA
:1040E000ADF80200BDF80400204400B2ADF80400B1
:1040F000BDF80600204400B2ADF806006946284627
:1041000000F001F87CBD2DE9FC4105460E4600BFDC
:1041100000BF31466846F0F7A7FF69462846FCF71E
:10412000E9FD044634B12846FDF7D4FD074669464B
:10413000DFF7D7FDBDE8FC810246116800E00968A1
:1041400021B1087E00F003000028F8D009B9002052
:104150007047087E00F00300012800D1F8E7002036
:10416000F6E70246116800E0096821B1087EC0F355
:1041700081000028F8D009B900207047087EC0F3FC
:104180008100012800D1F8E70020F6E770B5064667
:104190000B493046FFF7EBFB08B1002070BD3046FD
:1041A000FDF732FE04460CB90020F7E70021204657
:1041B000FEF7CDFD05460DB10120EFE70020EDE74C
:1041C000010006007CB5054600BF00BF2846DFF7AA
:1041D000F6FE044605F114016846F0F745FFBDF808
:1041E0000000001B00B2ADF80000BDF80200001B8B
:1041F00000B2ADF80200BDF80400204400B2ADF8F2
:104200000400BDF80600204400B2ADF8060069467F
:104210002846FCF76FFD7CBD70B50446608C20F02D
:104220000100401C60842046FDF7F6FD0546688CC1
:1042300020F00200801C68842846FDF74BFD0646EE
:10424000706810B1706805F00FFA70BD2DE9F04785
:1042500080460D46164699464046FDF78EFC82463E
:10426000002726E0D8F80800006850F82740B9F188
:10427000000F06D04FF480212046FFF76DFB00B100
:1042800016E0A08A284400B2A082E08A304401B23D
:10429000E182208B284401B22183608B304401B23B
:1042A00061830023324629462046FFF7CFFF00BF37
:1042B0007F1C5745D6D3BDE8F0872DE9F04F85B078
:1042C00004460E4617466568002D34D00021284666
:1042D000FEF7A9FE824600212846FFF710F8834624
:1042E0004FF480212046FFF737FB40B1A88A5044A5
:1042F000304406B2E88A5844384407B20FE02846F2
:10430000FDF72CFFA98A5144081A304406B228460A
:10431000FDF72EFFE98A5944081A384407B20021F4
:104320002846FEF766FC814606EB090006B207EB5D
:10433000090007B200BFA08A301A00B2ADF8100021
:10434000E08A381A00B2ADF81200BDF8100028B9A2
:10435000BDF8120010B905B0BDE8F08F2046FFF798
:1043600098FE02A92046FDF7A9FC4FF000087DB198
:1043700069462846FDF72EFC0022694602A8DEF7B2
:104380002EFA8046B8F1000F02D1284600F062FFF5
:10439000A08ABDF81010084400B2A082E08ABDF8DF
:1043A0001210084401B2E182208BBDF810100844BD
:1043B00001B22183608BBDF81210084401B2618301
:1043C000BDF91220BDF9101000232046FFF73EFF73
:1043D00025B1224622212846F7F79EFA2046FFF70C
:1043E00058FE9DB10022694604F11400DEF7F7F98A
:1043F0008146B8F1000F05D1B8F1000F05D1B9F130
:10440000000F02D0284600F025FF00BF00BFA2E742
:104410002DE9F04180460C4600BF00BF002C06DAB3
:104420004046FDF7F1FC0246FDF7A7FB0444404679
:10443000FDF7A3FC07464046FDF7E6FC0646002CC8
:1044400001DABDE8F0813046FDF797FBA04200DCC1
:10445000F7E7BC4200D1F4E73D46BC420DDA09E083
:10446000B0680168681E51F82000B168096841F819
:1044700025006D1EA542F3DC0CE009E0B068016880
:10448000681C51F82000B168096841F825006D1CCE
:10449000A542F3DBB068006840F8248000222221A6
:1044A0003046F7F739FA3046FFF7F3FD00BFC8E7AB
:1044B0002DE9F04107460E463846FDF73BFEC8B9E8
:1044C0003846FDF741FE05463846FDF7B5FC044683
:1044D000002C0EDA002D0CDD6042854201DA284600
:1044E00000E0604204B2334622460021384600F024
:1044F00009FD00BF3846FDF713FE88BB3846FDF7BF
:1045000029FD04463846FDF79DFD05460021384645
:10451000FEF7EEFA012811D0002D20DA002C1EDD66
:104520006842844201DA204600E0684205B2334620
:1045300000222946384600F0E5FC10E0002C0EDA97
:10454000002D0CDD6042854201DA284600E0604221
:1045500005B2334600222146384600F0D3FC00BFA6
:10456000BDE8F0812DE9F14F86B00698FFF70EFE09
:1045700010B107B0BDE8F08F0698FDF745FC059037
:1045800000210698FFF771F9054600210698FFF70C
:1045900079F90446059828B9224629460698FFF776
:1045A0008CFEE6E70598FDF76AFB80460598FDF767
:1045B00047FB064605F4C040B0F5005F01D101207D
:1045C00000E0002030B125F4C040B0F5FA6F01DC06
:1045D000012000E0002088B125F4C040B0F57A7FCA
:1045E00004DD25F4C040C0F57A7001E025F4C04038
:1045F00000FB08F0642190FBF1F005B204F4C04028
:10460000B0F5005F01D1012000E0002030B124F4BA
:10461000C040B0F5FA6F01DC012000E0002080B15D
:1046200024F4C040B0F57A7F04DD24F4C040C0F526
:104630007A7001E024F4C0407043642190FBF1F0F3
:1046400004B2069802900020039043F20C02DDE9C8
:104650000201FEF7FDFE019001980FFA80FA00BFFB
:10466000069802900020039043F20D02DDE902015A
:10467000FEF7EEFE019001980FFA80FB00BF06984E
:10468000FFF70DF981460698FDF76EFB07460AF421
:10469000C040B0F5005F01D1012000E0002030B142
:1046A0002AF4C040B0F5FA6F01DC012000E00020E0
:1046B00090B12AF4C040B0F57A7F04DD2AF4C040FE
:1046C000C0F57A7001E02AF4C04000FB09F06421D3
:1046D00090FBF1F00FFA80FA0BF4C040B0F5005FE8
:1046E00001D1012000E0002030B12BF4C040B0F532
:1046F000FA6F01DC012000E0002088B12BF4C040FB
:10470000B0F57A7F04DD2BF4C040C0F57A7001E08B
:104710002BF4C0407843642190FBF1F00FFA80FB4A
:1047200005EB0A0005B204EB0B0004B20021069869
:10473000FEF790F90490049850B900210598FEF70F
:10474000CAF9012802D10320049001E0012004905D
:104750000498012805D1224629460698FFF7ADFDA9
:104760006FE00498801E082864D2DFE800F004108F
:10477000212534153C4C414608EBD1725210484675
:1047800009EBD073A2EB63022A4415B253E0A8EB05
:104790000900284405B24EE0314606EBD1725210B2
:1047A000384607EBD073A2EB6302224414B242E016
:1047B000F01B204404B23EE0414608EBD172521097
:1047C000484609EBD073A2EB63022A4415B2F01BF2
:1047D000204404B22FE0A8EB0900284405B2F01BE6
:1047E000204404B227E0A8EB0900284405B2314672
:1047F00006EBD1725210384607EBD073A2EB63027E
:10480000224414B217E0414608EBD17252104846D8
:1048100009EBD073A2EB63022A4415B2314606EBD2
:10482000D1725210384607EBD073A2EB63022244D8
:1048300014B200E000BF00BF224629460698FFF7E9
:104840003CFD00BF95E62DE9F04F8DB0044600BF5A
:1048500000BF608CC0F3802038B1608CC0F3402072
:1048600018B100200DB0BDE8F08F2046FDF7CCFA5E
:1048700007460FB90020F5E72046FDF76BFB0C90CB
:1048800000200B900A90608CC0F3802020B120465D
:10489000FFF705F8054680E000212046FEF7A4FF5B
:1048A000054642F2D1718D4201D1012000E0002085
:1048B0000B9005F4C040B0F5005F01D1012000E08D
:1048C000002030B125F4C040B0F5FA6F01DC0120C2
:1048D00000E000200A903846FDF7D1F981460B9898
:1048E00020B12046E1F7ACFB054634E00A98F8B168
:1048F000788CC0F38020E0B900213846FEF774FFC1
:1049000042F2D171884214D100212046FEF771F99C
:10491000019000212046FEF786FB0199084405B26C
:1049200000212046FEF728FC01990844284405B2DE
:1049300011E025F4C040B0F57A7F04DD25F4C040D5
:10494000C0F57A7001E025F4C04000FB09F0642155
:1049500090FBF1F005B20020019041F202022046E6
:104960000199FEF775FD009000980FFA80FA00BFDC
:104970000020019041F2030220460199FEF768FDF4
:10498000009000980FFA80FB00BF4B465A465146F4
:104990002846F2F70AFB054600BF2046FDF7D4FB88
:1049A0000990002008900790608CC0F3402020B14F
:1049B0002046FDF7D9F9064680E000212046FEF7A3
:1049C00085F9064642F2D1718E4201D1012000E004
:1049D0000020089006F4C040B0F5005F01D101202E
:1049E00000E0002030B126F4C040B0F5FA6F01DCE1
:1049F000012000E0002007903846FDF721F98146AC
:104A0000089820B12046E1F77FFA064634E007987F
:104A1000F8B1788CC0F34020E0B900213846FEF7A9
:104A200055F942F2D171884214D100212046FEF797
:104A3000E0F8019000212046FEF761FC019908444E
:104A400006B200212046FEF711FA019908443044CD
:104A500006B211E026F4C040B0F57A7F04DD26F4FA
:104A6000C040C0F57A7001E026F4C04000FB09F0B8
:104A7000642190FBF1F006B20020019041F20502A2
:104A800020460199FEF7E4FC009000980FFA80FAA6
:104A900000BF0020019041F2060220460199FEF776
:104AA000D7FC009000980FFA80FB00BF4B465A4697
:104AB00051463046F2F722FA064600BF0B9808B975
:104AC000089828B100232046099A0C9900F05BFB56
:104AD0002046FEF7E4FEA84206D12046FDF744F941
:104AE000B04201D10020BDE62046FFF7D2FA05A969
:104AF0002046FDF7E3F803A93846FDF76BF80022DE
:104B000003A905A8DDF76BFE8046B8F1000F02D1BE
:104B1000384600F09FFBE08A3044401E01B26183BA
:104B200000212046FDF7D7FF012805D1208B401B2F
:104B3000401C00B2A08204E0A08A2844401E01B2BA
:104B4000218305AA29212046F6F7E6FE22462221E6
:104B50003846F6F7E1FE2046FFF79BFA0021204693
:104B6000FFF7A6FC002203A904F11400DDF737FECD
:104B70000290B8F1000F04D1B8F1000F04D10298EF
:104B800010B1384600F066FB01206BE638B50446EC
:104B900000BF00BF2046DFF712FA05460020009054
:104BA0006A4613212046F6F7B7FEBDF90000A84279
:104BB00002D02046FFF76DFAA06820B1BDF90000D1
:104BC000A168C88209E0BDF8000030B12046FCF7BA
:104BD00065F8BDF90000A168C882BDF90000A842CF
:104BE00002D02046FFF755FA38BD70B504460021C3
:104BF0002046FEF7F9FD054600212046FEF766F83F
:104C0000064642F2D170854203D0864201D0002090
:104C100070BD2046FFF700FB0120F9E72DE9F843BE
:104C200006460F46144600BF00BF3848007808B952
:104C3000BDE8F8833046FFF72CFA384600F017FF3E
:104C4000054604F4805040B3B5F5702F1DD0E5B192
:104C50004FF0000841F2040241463046FEF7F8FBEF
:104C60000090009800B242F2D17188420DD000BF8E
:104C700041F2010241463046FEF7EAFB00900098FF
:104C800000B242F2D171884207D100222A21304677
:104C9000F6F742FE3046FFF7BFFAB5F5702F00D0A9
:104CA0008DB94FF6FF70844202D004F4005050B129
:104CB0003046FDF7A9F88046B8F1000F02D0404613
:104CC000FFF7AAFA00BF4FF6FF70844202D004F447
:104CD000006010B13046FFF759FF3046FFF7D9F9B1
:104CE0004FF6FF70844208D004F4806058B104F499
:104CF000006010B904F4805028B1B5F5803F02D0AF
:104D0000304606F090FE00BF92E700009D010020B3
:104D10002DE9F04105460F46164600BF00BF0024AE
:104D200010E0E86800EBC4004068C0F3006040B1E8
:104D3000E86800EBC400406820F07F40B04200D13A
:104D400005E0641C688CC0F3C500A042E9D800BF30
:104D5000688CC0F3C500A04202D10020BDE8F081FC
:104D6000E96851F83400394602F086FDF6E72DE98E
:104D7000FE4F04460E469146484600F07CFE8246B1
:104D8000484600F074FE80464FF6FF7002901EB158
:104D9000F07908B9002002900025AB4674E0E16884
:104DA00001EBC501496821F07F4000F064FE0190ED
:104DB000E16801EBC501496821F07F4000F057FE32
:104DC00000904FF6FF70824502D0019850450BD1FC
:104DD000B8F5702F02D00098404505D136B1E06893
:104DE00050F83500B04201D06D1C4DE0E06800EB9A
:104DF000C5004068C0F3406030B100234FF6FF7239
:104E0000414620460AF0ECFEE06800EBC500406831
:104E1000C0F3006030B9E06800EBC5004068C0F343
:104E2000406068B1E16851F8350002F0AAFDE16820
:104E300051F83500FAF736FE0020E16841F83500F8
:104E40002F4609E0E06800EBC7010246781C02EB40
:104E5000C00205CA05C17F1C608CC0F3C500401E9E
:104E6000B842EFD8608CC008401E618C60F3C80166
:104E70006184628CC2F3C502D100E068FAF766FE75
:104E8000E0604FF0010B00BF608CC0F3C500A8428A
:104E900085D8BBF1000F06D0029820B141462046CC
:104EA000029AFFF7BBFEBDE8FE8F000010B5044676
:104EB000024A00212046FFF75AFF10BDFFFF0F00F6
:104EC00070B506460E48007800B970BD0020F3F7B3
:104ED000A3F8044610E0002506E0E06850F825102D
:104EE000304606F0C0FE6D1C606AA842F5D8204628
:104EF000F3F792F8044600BF002CECD100BFE4E7C2
:104F00009D0100202DE9F04F91B005460C46164654
:104F10009A461CB916B911B0BDE8F08FBAF1010F6D
:104F20007ED12846FCF7D6FE10906846EFF770FA5F
:104F300000BF009500BF4E48039000BF002C38D042
:104F40001098F3F733F840F35D0B224600215846E2
:104F5000EFF717FB0746C82F00D2C827B7F5C87F61
:104F600001D94FF4C87739466846EFF7E8FA284682
:104F7000FDF7F4F88046C8F100000219C8F10001FD
:104F80006846EFF7E4FA3B496846EFF7C2FA3A4958
:104F90006846EFF7C8FA6A4609212846F6F7BCFCCE
:104FA0008146B9F1010F00D0B5E76846EFF7FAFA8C
:104FB00000BF002E39D01098F3F75EF840F35D0B78
:104FC000324600215846EFF7DCFA0746C82F00D2D8
:104FD000C827B7F5C87F01D94FF4C8773946684666
:104FE000EFF7ADFA2846FDF7C3F88046C8F1000098
:104FF0008219C8F100016846EFF7A9FA1F4968460F
:10500000EFF787FA1C496846EFF78DFA6A460921DF
:105010002846F6F781FC8146B9F1010F01D07AE705
:1050200004E06846EFF7BEFA00BF1EE013492846C9
:10503000EFF7A6F907460F492846EFF7A1F9804692
:1050400032462146284607F003F817B9B8F1000F99
:105050000AD000220A212846F6F75EFC8146B9F103
:10506000010F00D057E700BF00BF00BF53E70000AB
:10507000C1BC02088DC102088B440108A9C1020805
:105080002DE9FF5F0E46174616B90FB9BDE8FF9F21
:10509000009800F0F3FC0098FDF760F840420FFA2A
:1050A00080F808EB060004B200210098FDF720FD0F
:1050B00001281BD0002C00DD0024002C2EDA0098E3
:1050C000FCF748FF83460098FCF7BCFF58440FFAF2
:1050D00080FABAF1000F01DA4FF0000ACAF10000BD
:1050E000844202DACAF1000004B217E0002C00DAB0
:1050F0000024002C12DD0098FCF72CFF834600985A
:10510000FCF7A0FF58440FFA80FABAF1000F01DA59
:105110004FF0000A544500DD544600BF0098FDF7EB
:1051200027F840420FFA80F909EB070005B2002D7D
:1051300000DD0025002D16DA0098FDF705F88346FE
:105140000098FCF779FE58440FFA80FABAF1000F84
:1051500001DA4FF0000ACAF10000854202DACAF112
:10516000000005B200BFA4EB080006B2A5EB0900E1
:1051700007B206B92FB13A463146039B0098FFF7B4
:10518000C1FE00BF82E72DE9F04106460F461446F6
:105190001D462A463946304600F024F82A46214664
:1051A000304600F03BF8BDE8F081F8B504460E4605
:1051B000204600F063FC0020009027463846FCF7AC
:1051C00023FE05460BE033466A46394604F11400D7
:1051D00006F088FD2F462846FCF716FE0546002DF2
:1051E000F1D1F8BD2DE9F04106460C4615460A49B5
:1051F0003046EFF7C5F83046FCF7B0FF074660428F
:1052000038440FFA80F82B46002241463046FFF71B
:1052100037FFBDE8F08100008DC102082DE9F041A3
:1052200006460C4615460A493046EFF7A9F83046BF
:10523000FCF79EFF0746604238440FFA80F82B4681
:10524000424600213046FFF71BFFBDE8F081000019
:10525000A9C102081FB504466A4602A92046FCF708
:1052600091FF02A8EFF7BCFF20B96846EFF7B8FF3F
:1052700000B91FBD02A8EFF7B3FF18B102A920467D
:10528000FEF741FF6846EFF7ABFF18B169462046CD
:10529000FEF739FF00BFECE770B504460D4600BFCE
:1052A00000BF2046FBF7FAFCA068858270BD0000B5
:1052B0002DE9F04106460F4614461D4600223946A8
:1052C000304600F0C9FA00222146304600F094FA38
:1052D00000222946304600F0CFFA0448008881B207
:1052E0000022304600F0E5FABDE8F081D40100204C
:1052F00070B504460D4600222946204600F08CFA7F
:105300000348008881B20022204600F0D2FA70BD26
:10531000D401002070B504460D46002229462046DF
:1053200000F08AFA2046FCF76FFD0646FEF774FF90
:1053300070BDF8B506460D4600BF00BF00236A46A3
:1053400041F204013046FCF737FD0446012C02D13E
:105350000098A84200D124B900222946304600F026
:105360009BFAF8BD70B505460C4600BF00BFA1B260
:105370000022284600F09DFA2846FEF74DFF70BD3A
:105380002DE9FF4106460C461D4629463046ECF7FE
:1053900025F9074621463846029A02F098FC224633
:1053A00029463046FFF73AFCBDE8FF812DE9F04180
:1053B00006460D4600BF00BF00BF00BF706818B9A9
:1053C00000BF00BFBDE8F08115B900BF00BFF9E71D
:1053D0003046FEF75EFE2846FBF760FC74683046F8
:1053E000FCF7CBFC074609E0A0680168781C51F87F
:1053F0002000A168096841F827007F1C2046FCF7BF
:10540000BCFB801EB842EFDAA0684068401EA1686D
:105410004860A068406848B1A26852689100A268DC
:105420001068FAF793FBA168086006E0A1680868B5
:10543000FAF738FB0020A1680860A8684068401CA3
:10544000A9684860AA6852689100AA681068FAF7CB
:105450007DFBA96808602846FCF78FFB401EA96801
:10546000096841F82060756000212046FFF720F8A8
:105470002046FFF7EFFE324622212046F6F74CFA8F
:10548000002224212046F6F747FA324622212846F8
:10549000F6F742FA002223212846F6F73DFA304675
:1054A000FEF7BAFE3046FEF7F4FD00BF8AE770B59E
:1054B00005460E46144600BF00BF3146284600F0A0
:1054C000A4FA2146284600F0B9FA70BD70B5054629
:1054D0000C462846FBF7E2FBA868407E00F00F0070
:1054E000A04201D0A9684C7670BD70B504460D4647
:1054F0002046FBF7D3FBA068007E65F38300A1681C
:10550000087670BD70B504460D462046FBF7C6FB15
:10551000A068007E65F30510A168087670BD70B5BF
:1055200004460D4600BF00BF2046FBF7B7FBA0684E
:10553000007E00F00300A84200D170BDA068007E8C
:1055400065F30100A16808762046FEF7A2FD00BFC2
:10555000F3E770B505460E46144600BF00BF31465E
:10556000284600F039FA21462846FFF7E2FE70BDD2
:105570002DE9F04F89B007468946388C484502D15D
:1055800009B0BDE8F08F00BF00BF388C0890A7F8C5
:1055900020904A4638460899DEF7F2FD8246BAF175
:1055A000000F00D1ECE74FF42070FAF7E7F9054659
:1055B0004FF420712846FAF78CFC0024002697E06F
:1055C000F86800EBC6000790F96801EBC60149686E
:1055D00021F07F4000F04FFA0690F96801EBC60118
:1055E000496821F07F4000F042FA0590069820EAD1
:1055F000090000B17BE007984068C0F3406000B14B
:1056000075E0079904AA0868672102F003F800B959
:105610006DE0DDF810804FF0000B60E0002003909B
:1056200026E0039800EB800005EB800040680290C4
:10563000029800F020FA0190029800F018FA009009
:10564000D8F8000030F81B10039800EB800005EB41
:1056500080000089814208D105990098884204D1D0
:1056600006990198884200DB05E00398401C0390EE
:105670000398A042D5D300BF0398A0422DD1B8F81B
:105680000C0004EB840125F82100B8F8100004EBAD
:10569000840105EB8101488004EB840105EB810165
:1056A000D8F80800C860D8F8000030F81B0004EBF8
:1056B000840105EB8101088104EB840105EB810184
:1056C000D8F8040008610798406820F07F4004EB98
:1056D000840105EB81014860641C0BF1010BD8F8D3
:1056E000000030F81B0008B1202C97D300BF761CB7
:1056F000788CC0F3C500B04202D9202CFFF460AF13
:10570000002613E006EB860105EB8101486800F0F6
:10571000AEF9804606EB860005EB80004B46009014
:1057200041463846089ADEF753FC761CA642E9D378
:105730002846FAF79FF9BAF1010F03D13846FEF770
:10574000A8FC13E0BAF1030F07D14FF6FF724FF434
:1057500070213846FFF762FA08E0BAF1020F05D16E
:105760003846FEF796FC3846FFF710FA00BF07E709
:10577000F8B506460C46154600942B4641F2090141
:105780003046009AFFF7FCFDF8BDF8B506460C461A
:10579000154600942B4641F26A413046009AFFF7C5
:1057A000EFFDF8BD37B582B005461446BDF80C00D4
:1057B000ADF80400234620212846019AFFF7E0FDBA
:1057C00005B030BDF8B506460C46154600942B468C
:1057D00040F628013046009AFFF7D2FDF8BDF8B533
:1057E00006460C46154600942B4621213046009A69
:1057F000FFF7C6FDF8BD0000F8B506460C46154695
:1058000000942B46034801883046009AFFF7B8FD04
:10581000F8BD0000DC010020F8B506460C46154630
:1058200000942B46034801883046009AFFF7A8FDF4
:10583000F8BD0000D8010020F8B506460C46154614
:1058400000942B46034801883046009AFFF798FDE4
:10585000F8BD0000E0010020F8B506460C461546EC
:1058600000942B46034801883046009AFFF788FDD4
:10587000F8BD0000DA010020F8B506460C461546D2
:1058800000942B46034801883046009AFFF778FDC4
:10589000F8BD0000DE010020F8B506460C461546AE
:1058A00000942B4641F204013046009AFFF768FD50
:1058B000F8BDF8B506460C46154600942B4641F255
:1058C00069013046009AFFF75BFDF8BDF8B5064662
:1058D0000C46154600942B4641F202013046009AD0
:1058E000FFF74EFDF8BDF8B506460C461546009488
:1058F0002B4641F611013046009AFFF741FDF8BDF5
:10590000F8B506460C46154600942B4641F61201A2
:105910003046009AFFF734FDF8BDF8B506460C4650
:10592000154600942B4641F613013046009AFFF7C6
:1059300027FDF8BDF8B506460C46154600942B46E3
:1059400041F610013046009AFFF71AFDF8BDF8B590
:1059500006460C46154600942B4641F25D41304602
:10596000009AFFF70DFDF8BD37B582B00546144625
:10597000BDF80C00ADF80400234640F2574128461C
:10598000019AFFF7FDFC05B030BDF8B506460C46A0
:10599000154600942B4641F201013046009AFFF76C
:1059A000EFFCF8BDF8B506460C46154600942B46AC
:1059B00041F207013046009AFFF7E2FCF8BDF8B566
:1059C00006460C46154600942B4641F20801304627
:1059D000009AFFF7D5FCF8BDF8B506460D4600BFA6
:1059E00000BF00236A4641F201013046FCF7E4F9AA
:1059F0000446012C02D10098A84200D124B900220B
:105A000029463046FFF7C1FFF8BDF8B506460D46FA
:105A100000BF00BF00236A4641F207013046FCF791
:105A2000CBF90446012C02D10098A84200D124B938
:105A3000002229463046FFF7B5FFF8BDF8B5064607
:105A40000D4600BF00BF00236A4641F20801304600
:105A5000FCF7B2F90446012C02D10098A84200D10B
:105A600024B9002229463046FFF7A9FFF8BD0146B8
:105A700001F47F007047014688B2704770B5054653
:105A80001148007810B100BF00BF70BD01200E4961
:105A900008702846FCF7C0F904460AE000BF00BFC2
:105AA000608C20F0020060842046EEF76FF900BFA2
:105AB00000BF94F82200C0F340000028EED1024954
:105AC000087000BFE1E700009C0100203EB50546DC
:105AD0000C46132D08DB00BF00BFF1F7F1FA02906E
:105AE000BDF8081008463EBD0CB1042C08DD00BF0F
:105AF00000BFF1F7E5FA0190BDF804100846F2E79F
:105B0000601EC4B2054800EBC50000EB44000088ED
:105B10000090BDF800100846E5E70000884A030839
:105B20003EB505460C46132D08DB00BF00BFF1F75C
:105B3000C7FA0290BDF8081008463EBD0CB1052C0E
:105B400008DD00BF00BFF1F7BBFA0190BDF80410FB
:105B50000846F2E7601EC4B205EB8500054901EB7B
:105B6000400000EB440000880090BDF8001008469B
:105B7000E3E70000CA4903081CB50446132C08DB00
:105B800000BF00BFF1F79CFA0190BDF80410084671
:105B90001CBD044800EB440000880090BDF80010D4
:105BA0000846F5E7A44903080146002904DAC1F5CF
:105BB0007A7040F4005001E041F4005000B27047A8
:105BC0002DE9F0470246B2F90490B2F900A0A9EB22
:105BD0000A0000EBD0794FEA69090FFA89F31088BF
:105BE000184405B25088184406B20888401B07B212
:105BF0004888801B04B203FB03FC07FB07F004FB8F
:105C00000408E04502D80120BDE8F0870020FBE74A
:105C100010B5E1F7BFFB4FF4C86300220A490B48F7
:105C2000F2F7A3F80A48F2F7B1F84FF4A070084968
:105C30000880F0204880074848610448C86008464A
:105C4000F2F7DEF810BD0000683600204C36002068
:105C5000E84200206F73000810B509F027FE0748DE
:105C6000F7F7CBFE01200549087005484860084653
:105C7000F7F7DAFE0349086010BD00003443002046
:105C8000B5F802086C010020F0B503460C4601206F
:105C9000002113E002F001053DB10546A5FB037CA0
:105CA00001FB03C600FB0461384652101E46A6FBEA
:105CB000067C04FB06CC04FB03C43B46002AE9D166
:105CC000F0BD00002DE9F04F87B00546734800682D
:105CD0000068846B714800680068C0688068206054
:105CE0006E4800680068007CC0F3400038B96B481B
:105CF00000680068007C00F00100002849D0674877
:105D00000068F2F7B9F9401E0FFA80FA634800689C
:105D1000F2F74CF9401E0FFA80FB5B460022114659
:105D200001A8CDF800A0EFF705FB01A860605B4873
:105D300000680068007CC0F3400090B157480068DC
:105D40000068C068806920F00200801C534909681F
:105D50000968C968886101A8A060204600F0A0F821
:105D600014E04E4800680068C06880694B490968C3
:105D70000968C968896960F341014848006800689A
:105D8000C0688161A560204600F08AF807B0BDE8D0
:105D9000F08F2846EFF743FA06902846EFF7CCF944
:105DA00005903E480068F2F767F9B5F90610884299
:105DB00005DC3A480068F2F75FF9401E01E0B5F9EA
:105DC000060006B23548DDE905210068EBF78AFCDC
:105DD00080464FF00009B5F9027033E02888ADF82D
:105DE0000C00A888ADF81000ADF80E7007EB0800A5
:105DF000401E00B2ADF8120003A86060A060274802
:105E000000680068C06880682060BDF91200B04278
:105E100001DDADF81260BDF912904E450CD11F485E
:105E200000680068C068806920F00200801C1B497F
:105E300009680968C9688861204600F031F807EBF5
:105E4000080007B207EB0800401EB042C6DD4E4511
:105E500022D02888ADF80C00A888ADF81000ADF865
:105E60000E70ADF8126003A86060A0600B48006877
:105E70000068C06880682060084800680068C068E2
:105E8000806920F00200801C044909680968C9681B
:105E90008861204600F004F800BF77E7A4010020E5
:105EA0002DE9F0418EB0044666480068F2F77AF8B2
:105EB0000646306890B1706880B90CE061480068AF
:105EC0000068806A38B15F4A126810685D4A1268DB
:105ED0001268916A884730690028EFD100270025B1
:105EE00058480068F2F7A6F880464146606800F01E
:105EF00023F9074653480068406930B1514A126897
:105F00005169606800F018F90546002F66D1002D30
:105F100064D1A06AE8B16846F3F75EFF49480068BB
:105F2000C06A04904748006890F829008DF81A006C
:105F300044480068408DADF804004248006890F87D
:105F400029008DF8030069462046A36A62689847D5
:105F500044E03C480068C06A60B33A490968C86ACE
:105F60000DA9F7F7D9F98046B8F1010F1FD101212A
:105F70000D98C1EB505000900D98C0F38A20431E3D
:105F8000002211460BA8EFF7D5F905A8F2F747FB59
:105F90002C48006890F829008DF81F0029480068F7
:105FA0000BAA05A9C36A2046F2F7EAFA01E000BF8E
:105FB00000BF13E06846F3F70FFF22480068408DEA
:105FC000ADF804001F48006890F829008DF8030020
:105FD000694620466268F3F7E3FE00BF194800688F
:105FE000406938B115B91748006845692946204607
:105FF00000F0C0F917B91348006807693946204610
:1060000000F0B8F90F480068F1F7F8FF8046414604
:10601000204600F0AFF90B480068F1F7E2FF804638
:106020004146204600F0A6F9064800680068007C5A
:10603000C0F3400018B903480068E2F795FA0EB0C3
:10604000BDE8F081A401002070B500203849086047
:1060500038480068B0F8500100B970BD00253548D7
:106060000068B0F85001441E08E03248006800F5AE
:106070009870005D08B9254602E0641E002CF4DA31
:1060800000BF2C4800680068C068806920F00100EB
:10609000284909680968C968886126480068006855
:1060A000C068806920F00200224909680968C9684F
:1060B0008861002434E01F48006800F59870005D96
:1060C00068BBAC420CD11B4800680068C06880699E
:1060D00020F00100401C174909680968C9688861F7
:1060E000144800680068C068806920F00200114907
:1060F00009680968C96888610E490968303101EB8F
:10610000C400FFF7DFFD0B490968303101EBC40023
:10611000EFF766F806490968084405490860641CF9
:1061200004480068B0F85001A042C4DC00BF94E706
:10613000A0010020A40100202DE9FC4780460C4668
:106140000026002204F114014046DCF748FB80B32E
:1061500001212046FDF700FC58BB00208DF800000F
:10616000CDF804806A4612212046F5F7D5FB9DF84C
:106170000000022802D10020BDE8FC872046FBF782
:10618000FCFC074600250BE0A068006850F825904D
:1061900049464046FFF7D0FF064606B102E06D1CB7
:1061A000BD42F1D300BF1EB99DF8000000B92646DC
:1061B00000BF3046E0E700002DE9FC4100255AE031
:1061C0003148006800F59870405D00B152E000244D
:1061D00049E02D48006800F59870005D08B9A542B7
:1061E00000D13FE0284A1268303202EBC401264A4F
:1061F0001268303202EBC500DCF74FFB00B931E02A
:1062000021480068303000EBC4021F48006830307D
:1062100000EBC5016846DCF781FC6846EEF7E0FF5D
:10622000064619490968303101EBC500EEF7D8FF81
:10623000074615490968303101EBC400EEF7D0FF7D
:10624000384486420DD210490968303101EBC5004F
:106250006946EEF712FF01210B48006800F59870BF
:10626000015500BF641C08480068B0F85001A04206
:10627000AFD800BF6D1C04480068B0F85001A842B8
:106280009ED8BDE8FC810000A40100202DE9F04F5C
:1062900087B004460D4601212846FDF75DFB10B18D
:1062A00007B0BDE8F08FA66803A92846FBF706FDF6
:1062B0002846DDF784FE83465A46594603A8EFF781
:1062C00017F803AA314605A8DCF748FA00B9E7E752
:1062D00005A8A060224614212846F5F71DFB22469A
:1062E00015212846F5F718FB224616212846F5F712
:1062F00013FB4FF001084FF400212846FDF72CFB5B
:1063000020B1306801907068029008E005F1140235
:10631000314601A8DCF722FA08B94FF00008B8F1BD
:10632000000F13D001A8A0602846FBF726FC814689
:10633000002708E0A868006850F827A051462046CA
:10634000FFF7A4FF7F1C4F45F4D300BF05A8A06052
:10635000224617212846F5F7DFFA2246182128465B
:10636000F5F7DAFA224619212846F5F7D5FAA6609C
:1063700000BF95E72DE9F05F07460C4624B9234896
:106380000068F1F757FE04460CB9BDE8F09F2146BE
:106390003846FFF77BFFA0462046FBF735FD054654
:1063A0002FE04FF0000A2846FBF7E7FB8346002664
:1063B00010E0A868006850F82690BAF1000F04D1E8
:1063C000C14506D14FF0010A03E049463846FFF7C0
:1063D0005DFF761C5E45ECD33A4617212846F5F75B
:1063E0009BFA3A4618212846F5F796FA3A461921BB
:1063F0002846F5F791FAA8462846FBF705FD05461D
:1064000000BF002DCDD100BFBFE70000A4010020D8
:106410002DE9F04107460C46254695F82A0020F064
:10642000010085F82A000020A884E884288510212E
:106430002046FAF755FE4FF400712046FAF750FE59
:1064400000BF00BF21460848FAF79BFD06463046CC
:10645000FAF70CFE002205A1204600F057F900BF14
:1064600000BFBDE8F08100000C4D03084F70746957
:106470006F6E20310A4F7074696F6E20320A4F7050
:1064800074696F6E20330A4F7074696F6E20340A1E
:106490004F7074696F6E2035000000002DE9F84FD1
:1064A000884641467248FBF725FB8146B9F1010F4A
:1064B00001D0BDE8F88F4046F5F7C7F905464046DC
:1064C000F5F724FA07463C462C2D08D14046F5F74F
:1064D0001AFA06463846EBF748FC3080C5E02A2D0C
:1064E00011D13846EBF773F8064626B100222A216F
:1064F0003046F5F711FA3846FEF777FB00213846AB
:1065000005F064F9B1E0292D04D10021384605F0E9
:106510005DF9AAE0012D0BD1A06A20F40030A06241
:106520003846EBF754F806465249EDF729FF9CE050
:10653000022D20D1F7F7AAFA824669465046F7F7AE
:1065400001FBBDF80200A8B13846EBF740F88346DE
:106550005846FDF7D0F9BDF80210084406B231469E
:106560005846FFF76BFAA06A20F4003000F50030BF
:10657000A06200BF79E0082D01D0032D03D1384679
:1065800005F072FA71E00E2D22D13846FBF7E2FBDE
:1065900083465846F5F7C8FF0646F7F777FA0090A6
:1065A000F7F7C9FA8246BAF1040F0ED156B9E08C5A
:1065B000218D88420BD0208DE0840121384605F0E2
:1065C00005F904E0E08C208501E0E08C20854CE0BA
:1065D0000F2D0AD1E08C218D884246D0208DE08499
:1065E0000121384605F0F2F83FE00D2D2CD1404650
:1065F000F5F789F90678132E01D0122E10D1E08C10
:10660000401CA18C88421EDAB4F828A0E08C401C03
:1066100081B20122384600F0F6F8A4F828A012E072
:10662000142E01D0112E0ED1E08C00280BDDB4F811
:1066300028A0E08C401E81B20122384600F0E3F829
:10664000A4F828A000BF10E0132D07D13846EAF7C0
:10665000BEFF06463046FEF799FA06E0152D01D03A
:10666000182D02D14046E5F79EF800BF21E7000053
:10667000F04C0308D5C302082DE9F05F0F463846F9
:10668000F5F7E3F80446152C08D039461E48FBF709
:1066900031FA0546012D01D0BDE8F09F3846F5F7E7
:1066A00035F98246132C1DD13846F5F72CF90646EC
:1066B0005046FBF7A9FB83465846EBF756FB80464E
:1066C0005046FDF7ECF88146B6F90000A8EB090149
:1066D000884202DDB6F9000001E0A8EB090000B233
:1066E00030800EE0292C07D15046FBF78DFB064683
:1066F000002105F06BF804E0152C02D13846E3F7D1
:10670000CDFC00BFC8E700000C4D03082DE9F84F91
:1067100005460E46934600BF00BF00BF1EB900BF2E
:1067200000BF00BFFEE700BF2C462846EAF74FFF38
:1067300000900020E0842085A084804608E016F8C0
:1067400008000A2802D1A08C401CA08408F101088E
:1067500016F808000028F2D1A08C401CA084BBF1E0
:10676000000F0AD194F82A0020F0010084F82A00D2
:1067700031460098F8F7A4FD3EE094F82A0020F096
:106780000100401C84F82A003046D9F7BBFF00F115
:106790000109C9EBC900F9F7F1F807464FF0000A03
:1067A0000FE009FB0A703146D9F788FF0A210AF188
:1067B000010009FB00F0401E39540AF1010000F00D
:1067C000FF0ABAF1070FECDB0021C9EBC900401E3C
:1067D000395439460098F8F773FD3846F9F74AF905
:1067E000A08C00EB4000E084A08CC0EBC000A08433
:1067F0002846ECF7B3FC00BFE08C20850098FEF73C
:10680000C5F9BDE8F88F2DE9F04105460E4617465B
:1068100000BF00BF2C4694F82A0000F0010070B1C0
:106820003146E28C072392FBF3F290B210B1C0EB39
:10683000C002891AC0EBC0020A4496B200BFA08C05
:10684000B04201DD304601E0A08C401EE084E08CC7
:1068500020853946284604F0B9FFBDE8F0812DE9CE
:10686000F04107460C462546002045F8700F287970
:1068700020F001002871287920F002002871703D75
:106880004FF440712046FAF72BFC10212046FAF70E
:1068900027FC0020F1F778FB502101EBC000A0217C
:1068A00090FBF1F0012809DD0020F1F76DFB50218C
:1068B00001EBC000A02190FBF1F000E0012006B246
:1068C00031462046FEF7E8FCBDE8F0812DE9F34FA4
:1068D0008BB0FE480C99FBF70DF90A900A98012835
:1068E00002D00DB0BDE8F08F0C98F4F7AEFF05466E
:1068F0000C98F5F70BF806463446304600F08DFB51
:106900008046112D31D10C98F4F7FDFF0746B06891
:1069100018B1B068B0F9140000E00020814604F11D
:10692000680108A8EEF7E8FB4A46494608A8EEF7D2
:10693000DFFC002208A83968DCF727F838713879BD
:1069400090B9B8F1020F0FD104F1600108A8EEF779
:10695000D3FB4A46494608A8EEF7CAFC002208A81D
:106960003968DCF712F838714FE3012D78D13046E1
:10697000FDF78FFB94F8740020F00100401C84F8B0
:106980007400B8F1000F02D0B8F1010F03D104F187
:106990002400206757E1B8F1020FFBD1F7F776F832
:1069A000834609A9F7F78CF83046FCF778FF834651
:1069B0003046FBF7D9F9834501DB012000E00020D8
:1069C000089000213046FCF7C7F8074608980028D1
:1069D00076D0012F05D0BDF92410B4F96C008142A6
:1069E00007DC012F09D1BDF92400B4F968108842F1
:1069F00003DA04F12400206724E1012F05D0BDF95A
:106A00002400B4F96010884207DB012F09D1BDF9D9
:106A10002410B4F96400814203DD04F130002067E2
:106A200010E1B4F96430B4F960C0A3EB0C0202EBDE
:106A3000D2730CEB6303BDF924C0A3EB0C03002B52
:106A40000FDDB4F96430B4F960C0A3EB0C0101EBC5
:106A5000D1730CEB6303BDF924C0A3EB0C030EE070
:106A6000F2E0B4F96430B4F960C0A3EB0C0000EBC1
:106A7000D0730CEB6303BDF924C0ACEB03030FFA36
:106A800083F9B4F96C30B4F968C0A3EB0C0202EBE3
:106A9000D2730CEB6303BDF924C0A3EB0C03002BF2
:106AA0000FDDB4F96C30B4F968C0A3EB0C0101EB55
:106AB000D1730CEB6303BDF924C0A3EB0C030EE010
:106AC00026E0B4F96C30B4F968C0A3EB0C0000EB1D
:106AD000D0730CEB6303BDF924C0ACEB03030FFAD6
:106AE00083FACA4509DA04F12400206794F8740097
:106AF00020F0020084F87400A4E004F13000206764
:106B000094F8740020F00200801C84F8740099E06E
:106B1000BDF92610B4F96A00814203DA04F12400B9
:106B200020678FE0BDF92610B4F96600814203DDCD
:106B300004F13000206785E0B4F966C0B4F9623032
:106B4000ACEB030202EBD2734FEA630CB4F9623090
:106B50006344BDF926C0A3EB0C03002B11DDB4F98F
:106B600066C0B4F96230ACEB030101EBD1734FEABC
:106B7000630CB4F962306344BDF926C0A3EB0C0387
:106B800010E0B4F966C0B4F96230ACEB030000EB7E
:106B9000D0734FEA630CB4F962306344BDF926C088
:106BA000ACEB03030FFA83F9B4F96EC0B4F96A30A1
:106BB000ACEB030202EBD2734FEA630CB4F96A3018
:106BC0006344BDF926C0A3EB0C03002B11DDB4F91F
:106BD0006EC0B4F96A30ACEB030101EBD1734FEA3C
:106BE000630CB4F96A306344BDF926C0A3EB0C030F
:106BF00010E0B4F96EC0B4F96A30ACEB030000EBFE
:106C0000D0734FEA630CB4F96A306344BDF926C00F
:106C1000ACEB03030FFA83FACA4509DA04F1240046
:106C2000206794F8740020F0020084F8740009E0F2
:106C300004F13000206794F8740020F00200801CFA
:106C400084F8740000BFE0E1022D78D1206F0028A5
:106C500075D0F6F71BFF09900998F6F76CFF01282D
:106C600000D03EE608A90998F6F72AFF0021304631
:106C7000FBF772FF07903046FCF711FE8246304664
:106C8000FBF772F8834600213046FCF734FA069091
:106C900000213046FCF7D8FA059000213046FCF779
:106CA000A3FB049000213046FCF748F98146D4E963
:106CB0000A10401A03900027E06A0290A06A01902F
:106CC000DA4521DB0699AAEB010201E0284D030811
:106CD0000599511A08B20799012907D1B6F9182068
:106CE0000599511ABDF920208F1A06E0BDF9202020
:106CF000B6F9143006991944571A0399794391FB50
:106D0000F0F7A16A0F4412E0ABEB09020499511AA3
:106D100008B2BDF92220B6F91A104944571A79422F
:106D2000039A514391FBF0F7A16A0F4400BF04F1AD
:106D30003000216F814203D1606A029002E01EE0C0
:106D4000206B01900198874201DA019F03E00298CD
:106D5000874200DD029F206F0068B8420ED0206F8E
:106D600007603046FDF795F900221C213046F4F704
:106D7000D3FD0A900A98012800D0B2E545E1082D1C
:106D800001D0032D3ED194F8740020F0010084F866
:106D90007400002020673046FDF77BF93046FAF793
:106DA000D9FF82465046F5F7BFFB0746F6F76EFE61
:106DB0008346F6F7C0FE8146B9F1040F21D107B32F
:106DC000304600F02AF9022817D194F87400C0F375
:106DD000400038B994F8740020F00200801C84F858
:106DE00074000EE094F8740020F0020084F874003F
:106DF00000215046F5F73BFC03E000215046F5F733
:106E000036FC02E10E2D10D1F6F740FE8146F6F772
:106E100092FE0746042F01D0022F05D194F874008A
:106E200020F0020084F87400EFE0292D03D13046F1
:106E3000FDF7ACFEE9E0132D7ED14FF44031304632
:106E4000FCF759F909904FF440313046FCF7FCF952
:106E500008904FF440313046FCF7C6FA82464FF4B2
:106E600040313046FCF76AF807904FF4403B43F658
:106E70000E0259463046FCF7EBFA0390039800B235
:106E8000069059463046FCF795FC05905946304629
:106E9000FCF776FC04903046FCF701FD02220599D0
:106EA00002FB010B3046FAF75FFF0222049902FB56
:106EB0000100834507DA3046FCF7F1FC0222059910
:106EC00002FB010006E03046FAF74EFF0222049969
:106ED00002FB0100401007B206987843001207B287
:106EE000DDE90810884201DD099900E0089907985A
:106EF000504501DD079800E05046814207DDDDE99D
:106F00000810884201DD099807E0089805E0079815
:106F1000504501DD079800E05046384407B2B81CE0
:106F200007B24FF440313046F9F761FF384407B2F9
:106F30000C98F4F7E8FC00E00BE08146B9F900009A
:106F4000B84202DDB9F9000000E03846A9F80000B7
:106F50005BE00D2D54D10C98F4F7D5FC0778132F76
:106F600001D0112F23D194F87400C0F3400050B920
:106F7000304600F061F800F101090122494630462F
:106F800000F06AF809E0304600F041F800F101092C
:106F900001224946304600F055F800221C213046B7
:106FA000F4F7BAFC0A900A98012828D099E4142F23
:106FB00001D0122F23D194F87400C0F3400050B9CF
:106FC000304600F039F8A0F1010901224946304667
:106FD00000F042F809E0304600F019F8A0F101098C
:106FE00001224946304600F02DF800221C2130468F
:106FF000F4F792FC0A900A98012800D071E404E0AA
:10700000152D02D10C98E2F731FF00BF69E410B5ED
:1070100004462046EEF7E5FA10BD70B50546284651
:10702000EEF7D6FA0446012C00D170BD022C01D136
:107030000220FAE70020F8E710B504462046EEF7F4
:10704000E3FA10BD70B504460D4616463246294691
:107050002046EEF7EBFA70BD70B504460D461646B5
:10706000324629462046EEF717FB70BD0FB47CB5BB
:1070700004460D4609A80190019800902A46214631
:107080000548089BDDF700FD0646002001903046CC
:107090007CBC5DF814FB00000B4A000870B5064686
:1070A0000C4600BF00BF2546002045F8600F288A27
:1070B00020F0F0002882288A20F00F00401D28824E
:1070C0000120E860104868604042A860288A20F4E7
:1070D00080702882288A20F4C06000F580602882B1
:1070E000603D0121204601F079FF0121204601F099
:1070F000E4FE82212046FEF76FFC204600F08EF968
:1071000000BF00BF70BD00009F86010070B505463E
:1071100000BF00BF2C46E16E206E401AA16E88426F
:107120000EDBE16E206E401A05D5206E002802DDD0
:10713000206E40422066E16E206E401A20660DE00F
:10714000B4F87000C0F3002030B1A16E206E884208
:1071500002D1606E206601E0A06E2066284600F035
:107160005DF970BD2DE9F34F83B00120029077489F
:107170000499FAF7BFFC02900298012802D005B0EA
:10718000BDE8F08F0498F4F760FB06460498F4F726
:10719000BDFB07463C46082E7ED1F6F777FC0190F2
:1071A0000198F6F7C8FC042840D13846FAF7D2FD1A
:1071B0000546F5F7B9F9002811D094F8700000F0F1
:1071C0000F0001280BDDB4F87000C0F34120022845
:1071D00014D1E06E012803DD384600F0E6F87AE0CD
:1071E00094F8700000F00F00821E0A200021FEF7C4
:1071F0004BFDE066384600F0EBF86CE094F8700068
:1072000000F00F00421E0A200021FEF73DFDE26E55
:10721000D317101A8B4103DA384600F0D9F85AE038
:107220000A20E066384600F0C0F854E0384601F025
:1072300032FE82465046D9F765FA8346206C1AF82A
:1072400000002E2803D1384601F0ABFC11E0206C81
:10725000584505D1ABF10101384601F039FE08E08F
:10726000206C30B9A06E002803DA0121384601F005
:107270002FFE94F8700000F00F00401E0090402098
:10728000005B85B294F87010C1F30311206C884242
:1072900008D994F8700000E01EE0C0F3031008B1B4
:1072A000681E85B20098A0EB0508A06E002801DAE0
:1072B00008F101080120E0664FF0000908E0E06EE7
:1072C00000EB80004000E06609F101001FFA80F940
:1072D000C145F4D300BF36E00D2E34D1F6F7D6FB0E
:1072E0008146F6F728FC80460498F4F70CFB056805
:1072F000132D0AD1B8F1040F03D1384600F028F855
:1073000020E0384600F051F81CE0142D0AD1B8F105
:10731000040F03D13846FFF7F9FE13E0384600F0BA
:1073200057F80FE0112D03D1384600F011F809E0AD
:10733000122D03D13846FFF7E9FE03E0294638460F
:1073400001F002FA00BF00BF19E70000B8130308FC
:1073500070B5054600BF00BF2C46E16E206E0844A4
:10736000616E88420FDCE16E206E0844002805DD66
:10737000206E002802DA206E40422066E16E206E08
:10738000084420660DE0B4F87000C0F3002030B16E
:10739000D4E91801884202D1A06E206601E0606E37
:1073A0002066284600F03AF870BD70B5064600BF6A
:1073B00000BF34460A21E06E90FBF1F5002D01DD9F
:1073C000E56601E00120E066304600F027F870BD78
:1073D0002DE9F041054600BF00BF2C46D4E9191045
:1073E000002802DAA06E404200E0A06E814201DD7A
:1073F000606E06E0A06E002802DAA06E404200E057
:10740000A06E0746E06E00EB80004600BE4200DC46
:10741000E666284600F002F8BDE8F0812DE9F04F5D
:107420008BB081464D46122106A8F8F752FD06AEF4
:107430004FF0000BA86E002808DA286E002801DB48
:107440002B2000E02D203070761C03E00BF10100B2
:1074500000F0FF0B286E002801DD286E01E0286E89
:10746000404203463EA20E2102A8FFF7FFFD02A8FC
:10747000D9F748F995F8701001F00F01A1EB000859
:10748000B8F1000F15DD02A8D9F73CF984B206E087
:1074900002A8005D04EB080102AA5054641E002CEF
:1074A000F6DA002403E0302002A90855641C4445A4
:1074B000F9DB95F87000C0F3031020B995F870005F
:1074C00000F00F0003E095F87000C0F30310019086
:1074D000002404E002A8005D3070761C641C019852
:1074E000844203DA02A8005D0028F3D195F8700009
:1074F000C0F3031090B12E203070761C04E002A877
:10750000005D3070761C641C95F8700000F00F0070
:10751000A04203DD02A8005D0028F0D106A948467C
:1075200001F0AEFDD5F86CA095F8700000F00F07E3
:1075300004E00A209AFBF0FA781EC7B2BAF10A0FEB
:10754000F7DA0198874201DD781CC7B2A7EB0B0080
:10755000C7B23946484601F0BBFC0BB0BDE8F08F1E
:107560002564000030B591B005460C460221204646
:10757000F9F7B6FD01A8ECF74BFF00BF019400BF7F
:107580001A4901A8ECF7C9FF01A84FF6FF718187DE
:1075900000BF174908680B9000BF1648006800F547
:1075A000B4721448016801A8ECF7D9FF01A8ECF700
:1075B000F9FF1148079000BF4FF4B472002101A8F1
:1075C000ECF7CDFF0D4901A8ECF7A7FF01A8ECF7F8
:1075D000E9FF4FF4B47200212046EDF7ECFB4FF4C5
:1075E00087712046EDF7BCFC11B030BD1D57000877
:1075F000A8020020AC020020494401082D570008D1
:1076000070B504460D46164632462946204600F01F
:107610003CF870BDF0B503469888C00B68B11C6893
:1076200007E02088884203D1606810600120F0BD27
:10763000083420880028F4D1F9E7D87908B9002067
:10764000F5E7D879012815DDD8791F6807EB8005A3
:107650002E4600240AE036F81400884205D11F683F
:1076600057F8240010600120E1E7641CD879A0429B
:10767000F1D808E09888C0F30E00884203D118685A
:1076800010600120D3E70020D1E7F0B503469888C9
:10769000C00B68B11C6807E02088884203D160688D
:1076A00010600120F0BD083420880028F4D1F9E7EB
:1076B000D87908B90020F5E7D879012815DDD879FF
:1076C0001F6807EB80052E4600240AE036F81400F8
:1076D000884205D11F6857F8240010600120E1E7B7
:1076E000641CD879A042F1D808E09888C0F30E0055
:1076F000884203D1186810600120D3E70020D1E749
:1077000010B5044608212046F8F7E3FB10BD0146FA
:1077100000BF00BFC87908B9012070470020FCE70E
:107720003EB504464E2C75D01EDC332C73D00EDCD7
:10773000292C78D006DC202C45D0222C53D0252CA7
:107740006CD177E0302C4FD0312C67D168E0462CDB
:1077500068D004DC3B2C49D0442C79D145E0472C3F
:1077600048D04D2C74D143E040F63C01601A8C4265
:107770005AD010DC40F25741A4EB01008C4238D0C3
:1077800004DC522C33D0532C62D150E0012848D075
:107790000B285DD143E040F2CA72811A904253D067
:1077A00006DC092841D0A0F2C770002850D14AE079
:1077B000A1F2534088B3A0F50C50B53870BB4FF41C
:1077C0008070029048E000BFFF2211461046EFF79C
:1077D00034FE0090BDF8001008460190BDF804008A
:1077E000ADF8080038E000BF00BF00BF00BF00BF19
:1077F00000BF00BF00BF002211461046EFF71DFE7C
:107800000090BDF8001008460190BDF80400ADF8E6
:10781000080021E00AE010E005E011E018E000BFF8
:1078200000BF00BF00BF00BF00BF00BF00BFFF2000
:10783000029011E0FF2002900EE00F2002900BE07A
:107840000748029008E000BF41F6FF70029003E095
:1078500000200290029000BF00BF02983EBD0000D1
:107860008849030803480088401C024908800846EC
:1078700000887047040300202DE9FE4F0446884627
:1078800000BF00BFA088C00B20B100BF00BF002018
:10789000BDE8FE8FE07908B90020F9E7E07901281A
:1078A0000ED1A088C0F30E00404507D1A0886FF329
:1078B0000E00A0800020E0710120E9E70020E7E74A
:1078C000E079216801EB80060296029E002553E0D4
:1078D00036F8150040454ED1D4F80090E0790228E2
:1078E00012D10120E0710DB9708800E03088A188C4
:1078F00060F30E01A1801DB9D9F80400206035E0C5
:10790000D9F80000206031E0E079401E00EB400033
:10791000400001900198F7F7F7FF8246BAF1000F97
:1079200001D10020B4E7C4F800A0E079401EE07166
:10793000E0790AEB8000029002980090D34600277D
:107940003D460FE036F8170040450AD059F8271099
:107950004BF8251036F8172028466D1C009921F8A1
:1079600010207F1CE079B842ECD200BF4846F8F7FF
:1079700099F801208CE76D1CE079A842A8D8002076
:1079800086E710B5044600BF00BFA088C00B10B149
:1079900000BF00BF10BDE079012802DD2068F8F7C4
:1079A00081F808212046F8F794FA00BFF2E738B5CD
:1079B00005460C46009465212846009A00F087F998
:1079C00038BD13B582B00446BDF80C00ADF8040014
:1079D00052212046019A00F07AF91FBD38B50546BC
:1079E0000C46009451212846009A00F070F938BDE9
:1079F00038B505460C4600944FF405612846009AB8
:107A000000F065F938BD13B582B00446BDF80C002E
:107A1000ADF8040020212046019A00F058F91FBD5E
:107A200013B582B00446BDF80C00ADF80400222165
:107A30002046019A00F04BF91FBD38B505460C46AB
:107A4000009440F628012846009A00F040F938BD1D
:107A500038B505460C46009421212846009A00F0CE
:107A600036F938BD13B582B00446BDF80C00ADF848
:107A7000040030212046019A00F029F91FBD38B5D5
:107A800005460C46009431212846009A00F01FF963
:107A900038BD38B505460C46009434212846009A76
:107AA00000F015F938BD38B505460C460094332171
:107AB0002846009A00F00BF938BD38B505460C464B
:107AC000009441F232012846009A00F000F938BDD6
:107AD00038B505460C46009461212846009A00F00E
:107AE000F6F838BD38B505460C46009463212846A3
:107AF000009A00F0ECF838BD38B505460C46009405
:107B000064212846009A00F0E2F838BD38B50546F1
:107B10000C46009441F204012846009A00F0D7F880
:107B200038BD13B582B00446BDF80C00ADF80400B2
:107B30004D212046019A00F0CAF81FBD38B5054610
:107B40000C46009440F649012846009A00F0BFF820
:107B500038BD38B505460C46009441F2060128466A
:107B6000009A00F0B4F838BD38B505460C460094CC
:107B700041F203012846009A00F0A9F838BD13B578
:107B800082B00446BDF80C00ADF804003B2120464D
:107B9000019A00F09CF81FBD38B505460C460094CC
:107BA00040F63C012846009A00F091F838BD38B5FF
:107BB00005460C46009440F63D012846009A00F028
:107BC00086F838BD38B505460C46009440F63A01B3
:107BD0002846009A00F07BF838BD70B504460D4683
:107BE0002946204600F03BF82946204600F042F89E
:107BF0002946204600F054F82946204600F001F8B6
:107C000070BD38B505460C46009441F61101284672
:107C1000009A00F05CF838BD38B505460C46009473
:107C200041F615012846009A00F051F838BD70B5AC
:107C300004460D462946204600F027F829462046EE
:107C4000FFF7EAFF70BD70B504460D462946204691
:107C500000F005F82946204600F00CF870BD38B554
:107C600005460C46009441F612012846009A00F0A1
:107C70002EF838BD38B505460C46009441F6130180
:107C80002846009A00F023F838BD38B505460C4662
:107C9000009441F614012846009A00F018F838BD07
:107CA00038B505460C46009441F610012846009A66
:107CB00000F00DF838BD70B504460D462946204643
:107CC000FFF7EEFF29462046FFF79BFF70BD2DE929
:107CD000F74F82B004460F4600BF00BFA088C00B1C
:107CE00020B100BF00BF05B0BDE8F08FE0790128EA
:107CF00043DDE079216801EB8008C246E079451E4A
:107D000009E03AF81500B84204D12068049A40F816
:107D10002520E8E76D1E002DF3DAE079401C00EB2A
:107D200040004000019020680199F7F70FFF0646D8
:107D300006B9D8E72660E07906EB8008C246E0790C
:107D4000451E05E03AF81510A81C2AF810106D1E03
:107D5000002DF7DAE079401CE071E07906EB80084D
:107D6000C246B346E079401E2AF81070E079401E02
:107D70005E4604994BF8201037E0E07901282CD1B9
:107D8000A088C0F30E00B84202D104982060AAE790
:107D9000E079401C00EB40004FEA400B5846F7F7F3
:107DA000B3FD054605B99EE7206801902560E0799E
:107DB000401CE071E07905EB8008C2462E46A088A1
:107DC000C0F30E00D046AAF80000AAF802703546AB
:107DD000019830600498706007E00120E071A0888D
:107DE00067F30E00A080049820603846DCF754FB4F
:107DF0008146A179012202FA09F21143A17100BF63
:107E000071E738B505460C46009460212846009A73
:107E1000FFF75DFF38BD13B582B00446BDF80C0016
:107E2000ADF8040044212046019AFFF750FF1FBD22
:107E300038B505460C46009440F642012846009AA3
:107E4000FFF745FF38BD38B505460C46009440F6AF
:107E500045012846009AFFF73AFF38BD38B5054678
:107E60000C46009440F643012846009AFFF72FFF86
:107E700038BD38B505460C4600944FF404612846D9
:107E8000009AFFF724FF38BD70B504460D46294619
:107E9000204600F054F829462046FFF737FE70BD13
:107EA00038B505460C46009441F25D412846009ADB
:107EB000FFF70DFF38BD13B582B00446BDF80C00C6
:107EC000ADF8040040F257412046019AFFF7FFFE4B
:107ED0001FBD38B505460C46009441F2594128466D
:107EE000009AFFF7F4FE38BD38B505460C460094FD
:107EF00041F25B412846009AFFF7E9FE38BD38B5EC
:107F000005460C46009440F60B012846009AFFF700
:107F1000DEFE38BD38B505460C46009440F60A0131
:107F20002846009AFFF7D3FE38BD38B505460C4603
:107F3000009467212846009AFFF7C9FE38BD38B57E
:107F400005460C46009441F201012846009AFFF7CD
:107F5000BEFE38BD2DE9F04704460D4616461F46C5
:107F6000DDE9088914212046F7F7B3FF25600EB933
:107F7000054800E03046A060E760C4F81080C4F80F
:107F80000490BDE8F0870000CF44010870B50446B6
:107F90000D46264675623046FCF77BF870BD70B51D
:107FA000044625684FF0FF3068622846FCF771F8F8
:107FB00070BD70B506460C4625464FF0FF3068622E
:107FC00010212046F9F78CF808212046F8F76CFBC1
:107FD0004FF480612046F8F767FB70BD70B5064628
:107FE0000C46254600212846ECF7CAF970BD000072
:107FF0002DE9FC5F0F4639463D48F9F77BFD0190BE
:108000000198012801D0BDE8FC9F3846F3F71DFC1C
:1080100005463846F3F77AFC0090132D58D14FF4FB
:1080200040310098FBF774F880464FF440310098D7
:10803000FBF717F981464FF440310098FBF7E1F95F
:1080400082464FF440310098FAF785FF8346C845D1
:1080500001DD404600E04846D34501DD594600E0D9
:108060005146884205DDC84501DD404606E04846E8
:1080700004E0D34501DD584600E050460646B01CFA
:1080800006B24FF440310098F8F7B1FE304406B222
:108090003846F3F738FC0446B4F90000B04202DD7C
:1080A000B4F9000000E0304620804FF40031009821
:1080B000F8F79DFEB4F90010884202DAB4F9000026
:1080C00004E04FF400310098F8F791FE20800DE0B5
:1080D0001C2D06D1009800F00DF80098FBF7D9FF91
:1080E00004E0152D02D13846E3F74BFC00BF8AE7C8
:1080F000444D03082DE9F04790B0804600BF00BF13
:1081000044460025652229462046FBF7A1F90F9039
:108110000F9F00BF002F47D04046FAF789FC00F0C0
:10812000010A606A401C80B9BAF1000F01D000203A
:1081300001E04FF480700546BAF1000F02D04FF411
:10814000807000E00020064608E0656ABAF1000F82
:1081500002D04FF4807000E000200646A81B0028E3
:1081600001DDA81B00E0701B78434FEA10290021B5
:108170002046ECF705F96846ECF74AF900BF009491
:1081800000BF0B48019000BF00BF079508950996F6
:1081900000BF0848039000BF00BFCDF8289000BF83
:1081A0006846ECF7FFF900BF10B0BDE8F0870000AB
:1081B0008D7F02089F7F020870B506460C46254653
:1081C0000120A884E884A98C4800F7F79DFB286368
:1081D000E98C4800F7F798FBE8628220296B088059
:1081E000E96A0880EA8CAB8C5A439100A86AF7F7D9
:1081F000ADFCA8620020A96A086070BD2DE9F041BD
:1082000007460E46344600250EE0A06A50F82500C9
:1082100040B1A16A51F82500F7F744FC0020A16A9B
:1082200041F82500681C85B2A08CE18C4843A84227
:10823000EBDCA06A10B1A06AF7F734FCE06A10B179
:10824000E06AF7F72FFC206B10B1206BF7F72AFCE0
:10825000BDE8F0812DE9F34F83B083480499F9F725
:1082600049FC8146B9F1010F02D005B0BDE8F08F9D
:108270000498F3F7EAFA06460498F3F747FB8246B8
:1082800054462A2E04D10021504603F057FBE9E062
:108290002C2E27D10498F3F736FB80464FF0000BC5
:1082A000002506E0206B30F8150058440FFA80FBDB
:1082B0006D1CA08CA842F5D80027002505E0E06AD7
:1082C00030F81500384407B26D1CE08CA842F6D88F
:1082D000ABF1010000B2A8F80000781E00B2A8F8C7
:1082E0000200BFE0012E01D0022E1BD102AA01A97B
:1082F0005046E9F791FA0546012D12D1A08EBDF83E
:108300000810884204D1E08EBDF80410884208D0DD
:10831000BDF80800A086BDF80400E0865046FBF7D3
:10832000B8FE9FE0082E2BD15046FBF7B2FEF5F7C2
:10833000ADFB80464046F5F7EEFB0746A08E4FF6B4
:10834000FF7188420DD0E08E88420AD04FB90022DA
:108350001C215046F3F7E0FA8146B9F1010F00D035
:1083600083E7F5F793FB8346F5F7E5FB0546012D1B
:1083700001D0032D03D14FF6FF70A086E08671E097
:108380000E2E03D15046FBF784FE6BE00D2E64D118
:108390000498F3F7B8FAD0F80080A78EE58E4FF670
:1083A000FF70874201D0854206D10020A086E0867A
:1083B0005046FBF76EFE58E7A08CB84200DC002761
:1083C000E08CA84200DC0025B8F1140F01D17F1E1B
:1083D0000FE0B8F1130F01D17F1C0AE0B8F1110FC3
:1083E00001D16D1E05E0B8F1120F01D16D1C00E046
:1083F0003BE7A08CB84209DCE08C401EA84202DDBD
:1084000000276D1C0AE0A08C471E07E0002F05DA4C
:108410001DB1A08C471E6D1E00E00027E08CA84215
:1084200002DCE08C451E02E0002D00DA0025A08E63
:10843000B84202D1E08EA8420ED0A786E58650460B
:10844000FBF727FE00221C215046F3F765FA814610
:10845000B9F1010F00D008E704E0152E02D104980D
:10846000E3F772FB00BF00E7604D03082DE9F0471A
:1084700081460D462C465148007884F82C0094F82B
:108480002C00012810D0022813D0042802D008287C
:1084900014D104E001212846FCF72AFF0EE009214F
:1084A0002846FCF725FF09E000212846FCF720FFBD
:1084B00004E008212846FCF71BFF00BF00BF42F282
:1084C000640211462846FDF744F82846EDF7FEF908
:1084D00007462846F8F7CAFE804601213846EDF7E0
:1084E0000BFF0420F7F710FA606235A0616A08609C
:1084F0003846616AEDF708FE00231C2231493846F0
:10850000F8F78AF84FF480413846F8F7CDF80023A1
:108510001A462D494046F8F77FF800214046FCF7FF
:10852000FEFF94F82C00012819D0022818D0042846
:1085300002D0082826D100E000BF2448B0F900206E
:1085400042F264013846FDF704F842F26401404605
:10855000FDF742FA01214046FCF7DCFE12E000BFC5
:1085600042F264021948B0F900103846FCF7F1FFF6
:1085700042F264014046FCF7DCFE01214046FCF774
:10858000C9FE00BF00BFF3F7C9FF06461EB139465A
:108590003046F3F7FDFE00214046FCF7A9FE03211B
:1085A0004046FCF7A2FF80214046F8F77DF84FF4E3
:1085B00080614046F8F794FDBDE8F087B0020020E6
:1085C00000000000C55B00089F6F0008B202002099
:1085D0002DE9F04107460E46344694F82C0000F091
:1085E0000C0070B1002509E0616A51F82500F7F729
:1085F00059FA0020616A41F825006D1C208DA842BF
:10860000F2D894F82C0000F0030080B100250BE0B4
:108610006A00616A51F82200F7F744FA00206A0004
:10862000616A41F822006D1C208DA842F0D8606A72
:10863000F7F738FA00206062BDE8F0812DE9F047D5
:1086400081460C4621460E48F9F754FA0646012E9B
:1086500001D0BDE8F0872046F3F7F7F8054620463D
:10866000F3F754F90746292D08D1384600F011F8E0
:10867000804600224146384600F018F800BFE8E77F
:10868000F013030810B5044601212046F9F757FA04
:1086900010BD014600BF00BF0A46508D704710B59F
:1086A000044600212046F9F74AFA10BD2DE9FC5F87
:1086B00080460C46934600BF00BF4646308DA04220
:1086C00001D8308D441E4046FDF7D8F94046FFF7EB
:1086D000D9FF05460DB9BDE8FC9F4FF0000A41F6F1
:1086E000150251462846FAF7B3FE0090009807B2EB
:1086F00000BF2846F9F7C3FA814600214046FAF741
:108700001EFA012808D007EB0900604301B25A465F
:108710002846FCF767FD0BE0C4F1000A07EB0900EF
:1087200000FB0AF001B25A462846FCF75BFD00BF89
:108730004046FFF7B4FF0190A1B280220198EDF707
:1087400091FC748500BFC6E72DE9F34792B0074658
:1087500000BF00BF3C46139810900020119010AD50
:1087600029463846EAF770FE0646012E02D014B0BC
:10877000BDE8F08794F85C00C0F3C00040B11398E6
:108780000A2802D013980D2802D100BF00BFEEE7DF
:10879000002113A8414A126890478146494638464D
:1087A000DDF75CFE10B900BF00BFE0E794F85C00A5
:1087B000C0F3800010B1384602F012FEA06A50B13A
:1087C000606AF6F797F8804698F8000010B93846C6
:1087D000FBF75FFC00BF2A46216C606AF6F79CF845
:1087E000384600F025F994F85C00C0F380000028BA
:1087F00044D0E06AD7F786FF82462846D7F782FF43
:10880000504400F101084146E06AF7F79FF9E06241
:1088100000BFE06A18B900BF00BF00BFFEE700BF9D
:10882000E06A00B9A3E72A46216CE06ADBF720FF83
:10883000208F18B9384602F0D3FD1FE06846EBF7E9
:10884000E7FD21466846EBF79AFE15496846EBF7C7
:1088500068FE218F6846EBF778FE0122002168460A
:10886000EBF785FE0F496846EBF75FFE0E49684659
:10887000EBF761FE6846EBF795FE00BF384600F067
:10888000F5FA00F101084146384600F021FB0022CC
:108890001C213846F3F740F800BF68E728030020A2
:1088A00099B40208FB4401089BB402082DE9F04387
:1088B00091B006460D4600BF00BF00BF1DB900BF06
:1088C00000BF00BFFEE700BF344694F85C00C0F371
:1088D000800010B1304602F083FD304600F0C0FA4F
:1088E00018B9304600F0C8FAC8B1002010900FE067
:1088F00010A92846484A1268904780464046474992
:1089000009688847814649463046FFF71DFF00BF8A
:108910001098285C0028EBD111B0BDE8F0832946FF
:108920003046EAF791FD0746012F00D0F4E7A06A30
:1089300050B1606AF5F7DEFF804698F8000010B984
:108940003046FBF7A6FB00BF2A46216C606AF5F7AC
:10895000E3FF304600F06CF894F85C00C0F3800050
:10896000002844D0E06AD7F7CDFE81462846D7F7E5
:10897000C9FE484400F101084146E06AF7F7E6F80D
:10898000E06200BFE06A18B900BF00BF00BFFEE7A9
:1089900000BFE06A00B9BFE72A46216CE06ADBF756
:1089A00067FE208F18B9304602F01AFD1FE001A8BB
:1089B000EBF72EFD214601A8EBF7E1FD184901A8D0
:1089C000EBF7AFFD218F01A8EBF7BFFD01220021DE
:1089D00001A8EBF7CCFD134901A8EBF7A6FD12495E
:1089E00001A8EBF7A8FD01A8EBF7DCFD00BF3046BE
:1089F00000F03CFA814628460C490968884709EB93
:108A000000084146304600F063FA00221C2130463F
:108A1000F2F782FF00BF7FE7280300202003002039
:108A200099B40208FB4401089BB4020838030020F3
:108A300070B5054600BF00BF2C46606AF5F766FFBB
:108A40004FF6FF71884206D1606AF5F759FF4FF67D
:108A5000FF71884209D04FF6FF71606AF6F7CCFCCF
:108A60004FF6FF71606AF6F7BCFC70BD2DE9F0416E
:108A700007460C46254695F85C0020F0040085F872
:108A80005C000020E86240F2DC5028870020286368
:108A900068635020405D20F00100401C5021485583
:108AA000012129645020405D20F00200801C5021EB
:108AB00048550020A88795F85C0020F0080085F84C
:108AC0005C0095F85C0020F0020085F85C00002056
:108AD0006862A8622046F5F7EBFB68626420FDF748
:108AE00063F806463146686AFCF776FF0BA1686AB0
:108AF000F6F7E6FB00231A460949686AF7F78CFD8A
:108B00004FF480612046F7F7CFFD0021204600F0AA
:108B1000DFF9204603F030FEBDE8F08100000000E0
:108B20004F3D01082DE9F84F054600BF00BF2C4618
:108B3000284600F09BF980466A464146606AF5F790
:108B4000D5FD00212846FAF7F4FD06460021284607
:108B5000FAF77BFD81464846F3F748F80746BDF82B
:108B60000210B819401C084400B2ADF80200A08FF2
:108B7000ADF80000606AF9F7F7F8BDF90210884215
:108B80000DDD6946606AF5F77DFC8246B4F93C80EC
:108B90005146284600F09CF9A4F83C8000BFBDE88F
:108BA000F88F70B5054600BF00BF284600F05EF99B
:108BB000044624B1641E2146284600F089F970BDA0
:108BC00070B5054600BF00BF284600F04FF90446C7
:108BD000641C2146284600F07BF970BD2DE9F84F52
:108BE000044600BF00BF2546204600F03FF98346FB
:108BF0002C466A465946686AF5F778FD00212046FA
:108C0000FAF797FD064600212046FAF71EFD814639
:108C10004846F2F7EBFF0746BDF80210B819401EB0
:108C2000081A00B2ADF80200A88FADF8000069463E
:108C3000686AF5F727FC8246B5F93C805146204624
:108C400000F046F9A5F83C80BDE8F88F2DE9F8431F
:108C5000054600BF00BF2C46276C0FB9BDE8F8835E
:108C60002AA00068009069462846EAF7EDFB064610
:108C7000012E00D0F2E7606AF5F73CFE8146206CD9
:108C8000411E01224846DBF71BFC4946606AF6F7A5
:108C900017FB2846FFF7CCFEA06A50B1606AF5F7D3
:108CA00029FE804698F8000010B92846FBF7F1F934
:108CB00000BF94F85C00C0F38000D0B1226C511E5C
:108CC0000122E06ADBF7FCFBE06AD7F71BFD00F14D
:108CD00001084146E06AF6F739FFE06200BFE06A4A
:108CE00018B900BF00BF00BFFEE700BFE06A00B9CF
:108CF000B4E7206C411E284600F0EAF800221C214F
:108D00002846F2F709FE00BFA8E700007F00000038
:108D100070B5054600BF00BF284600F0A7F804461E
:108D2000611C284600F0D4F8284600F09FF8A042C5
:108D300002D02846FFF78AFF70BD70B506460D4683
:108D40002C46E06A20B1E06AF6F7ACFE0020E06253
:108D5000A06A20B1A06AF6F7A5FE0020A06270BD4F
:108D60002DE9F04781460E4631463C48F8F7C2FEF1
:108D70000746012F01D0BDE8F0873046F2F765FDC8
:108D800005463046F2F7C2FD80460E2D03D140461F
:108D900003F0F2FC60E00D2D47D13046F2F7B3FD51
:108DA0000468132C03D14046FFF70AFF3CE0142C63
:108DB00003D14046FFF7F5FE36E0112C03D14046C3
:108DC000FFF70CFF30E0122C03D14046FFF7AAFE5C
:108DD0002AE0082C03D14046FFF738FF24E07F2C1F
:108DE00003D14046FFF794FF1EE0022C04D100217E
:108DF000404600F06DF817E0032C05D147F6FF71EF
:108E0000404600F065F80FE00A2C09D1404600F01A
:108E100039F828B100221F214046F2F77DFD03E01A
:108E200021464046FFF790FC16E0012D05D0022DAB
:108E300003D0032D01D0082D03D1304606F031FFB9
:108E40000AE0152D03D13046E3F75CFB04E0182D52
:108E500002D13046DFF7E2FD00BF8CE77C4D03080E
:108E6000014600BF00BF0A46106B7047014600BFB5
:108E700000BF0A46106C7047014600BF00BF0A469B
:108E8000506B7047014600BF00BF0A4692F85C0075
:108E9000C0F3C000704770B5054600BF00BF2C4648
:108EA00094F85C00C0F3800020B9606AF5F722FDF9
:108EB000064600E0E66A304670BD10B500BF00BF50
:108EC000024650239B5C61F341035024A35410BD20
:108ED0002DE9FC5F80460C4600BF00BF4546286C6C
:108EE000A04201D1BDE8FC9F686AF5F703FD3A494D
:108EF0000090096888470646002C00DA3444B442E2
:108F000003DC47F6FF70844200D134462C644046AF
:108F1000FCF7B4FD00214046FAF797FB834601AA0F
:108F20002146686AF5F7E2FB5846F2F75FFE07460E
:108F30004046F9F709F9BDF90610884205DDBDF98B
:108F4000061001224046FCF769F94046F8F778FE22
:108F500081464046F9F7F8F8BDF906103944081A79
:108F6000484509DDBDF80600A0EB0900384401B210
:108F700001224046FCF752F94046F8F7EBFFBDF9F5
:108F80000410884205DDBDF9041001224046FCF7BB
:108F900029F94046F8F773FE82464046F8F7DAFFB3
:108FA000BDF904103944081A504509DDBDF8040024
:108FB000A0EB0A00384401B201224046FCF712F946
:108FC000BDF80400A887404603F0D6FB404602F0F7
:108FD0007DFA00BF86E70000380300202DE9F0414C
:108FE00005460E4600BF00BF2C4694F85C00C0F357
:108FF000C000B04201D1BDE8F08106B394F85C0036
:1090000020F00800083084F85C0042F2D171606AF8
:10901000FCF7E2FC6420FCF7C7FD07460022394656
:10902000606AFCF753FC42F2D1712846FCF781F9E3
:1090300000231A4619462846FCF7A5F81EE094F8C6
:109040005C0020F0080084F85C006420FCF7ACFDB4
:1090500007463946606AFCF7BFFC00221146606A89
:10906000FCF734FC002241F204012846FBF750FED5
:1090700000231A4619462846FCF785F800BFBAE7D0
:109080002DE9F04190B006460D4600BF00BF00BF7D
:109090001DB900BF00BF00BFFEE700BF3446304629
:1090A000FFF7C6FC3046FFF7DBFE18B93046FFF786
:1090B000E3FE40B345A1606AF6F702F947F6FF7197
:1090C0003046FFF705FF94F85C00C0F3800010B154
:1090D0000020E16A087000200F900FE00FA92846D9
:1090E0003B4A12689047074638463A49096888471C
:1090F000804641463046FFF727FB00BF0F98285CAB
:109100000028EBD108E02946606AF6F7D9F847F65F
:10911000FF713046FFF7DCFEA06A48B1606AF5F7E0
:10912000E9FB0746387810B93046FAF7B2FF00BFBE
:1091300094F85C00C0F3800000283FD02846D7F7A1
:10914000E1FA471C3946E06AF6F700FDE06200BF2D
:10915000E06A18B900BF00BF00BFFEE700BFE06AC9
:1091600010B910B0BDE8F0812946E06AD7F7A6FA39
:10917000208F18B9304602F033F91FE06846EBF74C
:1091800047F921466846EBF7FAF913496846EBF7C9
:10919000C8F9218F6846EBF7D8F90122002168460B
:1091A000EBF7E5F90D496846EBF7BFF90C4968465E
:1091B000EBF7C1F96846EBF7F5F900BF00221C2177
:1091C0003046F2F7A9FB00BFCBE70000000000002B
:1091D000280300202003002099B40208FB44010862
:1091E0009BB4020870B50446204600F099F8054685
:1091F00005B970BD00BF064A00212046FBF7B7FD48
:1092000000BF21462846DCF779FA00BFF1E70000ED
:10921000FFFF0F0000B500F067F808B9002000BD9F
:109220000048FCE79C4400202DE9FF4104461E460F
:109230000A9D00F059F860B90020254908704FF4E4
:109240001270F6F761FB234908600846006822495E
:109250000860EEF793FE0746EEF7A8FEB0F5A07F94
:1092600003DC03201D4908700EE0EEF787FE074679
:10927000EEF79CFEB0F5347F03DA02201749087040
:1092800002E00120154908701548C460BDF80410BB
:109290000182BDF80810418245618561C5611148B0
:1092A0000F4908600846066203F0AAFA2CB120466E
:1092B000EEF7DAFE0A49884202D10020FBF700FEF1
:1092C000012003490870064804B0BDE8F0810000A1
:1092D000F2010020F0020020E4010020E80100205B
:1092E0009C440020C1E502080348006808B1012041
:1092F00070470020FCE70000F002002038B505466A
:10930000284600F00DF8044614B1208A009003E0CE
:109310001120FCF731FC0090BDF80010084638BD64
:1093200070B504461CB12046F8F7D4FC01E0EEF716
:1093300025FE05462846EEF797FE70BD70B504463B
:1093400000F009F80546A54201D32C1B01E0644258
:109350002C44204670BD10B507F028F910BD000060
:1093600070B505460C4642F2640211462046FCF7F1
:10937000F0F800231A4608492046F7F74DF98021F6
:109380002046F7F791F903212046FCF7AEF80321B8
:109390002046FCF7B7F870BDADF702082DE9F0479D
:1093A00081460C462046F8F72FFD804642F26402C3
:1093B00011462046FCF7CDF82046FCF75FFB4046FF
:1093C000F8F73EFC10490988484306B24046F8F7D2
:1093D00056FC0E490988484307B2324639462046B2
:1093E000FCF765F825460A48007885F82400074808
:1093F000006838B90448006820B90548017840463B
:10940000FCF764F8BDE8F087BC020020B802002039
:10941000B40200202DE9F04105460E46174600240F
:109420000F48DAF725FD044600BF1CB900BF00BF96
:1094300000BFFEE700BF14B90020BDE8F081266040
:10944000A5604FF0FF30206100206061FFF783FFCF
:109450006060E7600120034908702046EDE70000E6
:10946000E84400200B03002010B5044621460548BF
:10947000DAF74AFD0120044908702046F6F712FB8E
:1094800010BD0000E84400200A03002001490870D4
:10949000704700000803002070B50446207D00F0EE
:1094A000010008B1002070BD0025204600F0DFF863
:1094B00088B926692069002802DD2069401E2061E4
:1094C000FFF749FF6060A06818B116B12046A16897
:1094D0008847012500BF0548007820B9206910B9E8
:1094E0002046FFF7C1FF2846DDE700000A03002001
:1094F0000148007870470000090300202DE9F04181
:109500004948007810B10120BDE8F08101204649AA
:1095100008704648007818B9002008700120F3E769
:10952000FFF719FF074667B941480068401C4049EA
:10953000086008460068642803D90020086000BF5E
:1095400000BF00BF00203B4908703B4908703B4802
:10955000DAF75BFC3A49086013E03948016837489C
:10956000DAF76BFC044636480068FFF795FF30B128
:109570003148007810B92F48007800B105E0304834
:1095800004602F4800680028E7D100BF2C4800681D
:109590000028D7D1461E2948DAF737FC044610E0E8
:1095A000207D00F0010038B9204600F060F88046C8
:1095B000B04500D2464600BF21462048DAF73DFCC0
:1095C0000446002CECD13846FFF7B8FE1D49096867
:1095D00008441C4908601C480068FFF7AFFE0546B8
:1095E000B5F5FA7F1AD31748006864214843B0FBE9
:1095F000F5F01649087008460078642801DD00205F
:1096000003E012480078C0F164001049087000209F
:109610000C490860FFF79FFE0B49086000200249D3
:109620000870304670E700000C030020080300209B
:10963000180300200A0300200B030020E844002048
:10964000EC02002014030020100300200903002076
:1096500001214161704710B50446FFF77CFE216887
:10966000401A401E606010BD00214161704770B516
:1096700004466068FFF762FE05462068A84201D8EC
:10968000002070BD2068401BFBE72DE9F04707462E
:109690000C46164600F0ADF88046A6EB0800042103
:1096A000DBF713FD0546E11704EB91718910A4EB7C
:1096B000810121B100BF00BF0020BDE8F0870C2D63
:1096C00002D3B5F5004F03D900BF00BF0020F4E777
:1096D0006FF00301204601F08FFA81462946484683
:1096E000DCF781F94846DCF76FF94846DCF776F994
:1096F00049463846DCF74DF84846DCF770F88246B4
:1097000000215046DCF76FF95046DCF772F95046FD
:10971000DCF75FF92046D0E710B50446E11704EB0B
:1097200091718910A4EB810119B100BF00BF002025
:1097300010BD2046DDF78BFC2046F9E72DE9F0410E
:1097400004460D462046FFF7E7FF064600F0BEF848
:109750002F1A00F0BBF800EB04083A4641463046A9
:10976000FFF793FF3046BDE8F0812DE9F041054653
:109770000C4604B32F462046DCF707F8064600BF28
:109780003046DCF718F818B100BF00BF00BFFEE795
:1097900000BF3046DCF756F831463846DCF793F820
:1097A000064631463846DCF767F806463146384605
:1097B000DBF7EFFF00BFBDE8F08100B5014600F028
:1097C00085F8084400BD2DE9F04104460D462646C3
:1097D00004212846DBF761FC074639463046DCF7B2
:1097E00007F880463A4641463046DCF7B0F8BDE817
:1097F000F081082070472DE9FE4F80460C46154643
:10980000C2464FF000092CB125B921464046FFF76A
:10981000ACFF58E02CB929464046FFF7D4FF8146FB
:1098200051E02046DBF7B1FF02900298DCF773F8B5
:1098300001900298DCF7E2F806460198DCF7DEF8C2
:109840003044001D009004212846DBF726FC074623
:1098500000BF0298DBF7AFFF18B100BF00BF00BF29
:10986000FEE700BFB7421ED90198DBF7A4FF10B195
:109870000098874217D929464046FFF7A4FF814642
:10988000B9F1000F1ED0AE4201D2304600E02846AA
:1098900083465A4621464846F6F78DF9214640460A
:1098A000FFF763FF0EE0B74206D950460299DBF797
:1098B000E3FF0298DBF7D3FF3A4650460299DCF704
:1098C00016F9A14600BF4846BDE8FE8F4FF49760E9
:1098D000704700002DE9F05F07460D4616460DB1B2
:1098E000284600E0144880466FF00301384601F036
:1098F00083F9044617E02046DBF75DFF08B9012035
:1099000000E0002081462046DCF778F882462046B9
:10991000DCF7C3F8834633464A465146C0472046E3
:10992000DBF7F9FF044624B12046DBF749FF0028A6
:10993000E1D0BDE8F09F00006973000810B504464F
:1099400004F15A0000B200F009F810BD10B5044649
:1099500004F15A0000B200F001F810BD01460020E9
:109960004FF4B47291FBF2F302FB1311002902DAF7
:1099700001F5B47211B25A2903DA134A32F911000F
:1099800020E05A2908DBB42906DAC1F1B40211B289
:109990000D4A32F9110015E0B4290BDBB1F5877FD0
:1099A00008DAA1F1B40211B2074A32F8112052428A
:1099B00010B207E0C1F5B47211B2034A32F81120B7
:1099C000524210B270470000204B03082DE9FF4FB0
:1099D00085B08346139CBBF1000F02D09BF80000BA
:1099E00018B9002009B0BDE8F08F069808B900202A
:1099F000F8E7129800F0020010B141F6FF700890ED
:109A00004FF00008002004900390002581460026B6
:109A10008246471E019004A95846444A126890475E
:109A200005460498039065E003A958463F4A12682A
:109A3000904781460AF1010A129800F0010050B1E6
:109A400029461498DAF744FE28B1DDF8108003980F
:109A500004904D464EE04A4629460698F2F79FF894
:109A600000B202900298304406B20298002802DD4B
:109A70000798304406B2781C40B90798311A089804
:109A8000814203DD4746AAF1010001900A2D1DD055
:109A90000D2D1BD028460022B0F59C4F05D349F66A
:109AA000A573984201D801230FE0002107E020A30D
:109AB0005B5C834201D1012205E04B1CD9B21CA39F
:109AC0005B5C002BF3D100BF13464BB1B8F1000F24
:109AD00003D1781C08B904B12660AAF1010A0DE08F
:109AE00014B1781C00B92660DDF81080039804904A
:109AF0004D4600BF1BF80800002895D100BF781C18
:109B000058B9BAF1000F04D00D2D04D1B9F10A0FE4
:109B100001D1DDF81080404664E7159808B1384659
:109B200060E70CB10020206000205BE728030020E4
:109B3000202C2E3B3A2D5F002DE9FF4F83B00446C9
:109B40000E469046DDF848B0DDF8409000202080B9
:109B5000608016B907B0BDE8F08FB8F1000F00D1F2
:109B6000F8E70BF0020010B141F6FF7011900025EC
:109B7000AA4600BFB8F8080087B231E00020CDE95E
:109B8000000B70194146119B069ADAF7DBFC824400
:109B9000B4F9020038444844B0F5004F02D300BF86
:109BA00000BFD7E76088384400B2608060884844CE
:109BB00000B26080AAEB05017019CDF800B04246F2
:109BC000069B00F02BF80290B4F900100298814235
:109BD00001DA029801E0B4F900002080554600BF88
:109BE000705D0028CAD16DB1681E305C0A2803D0B0
:109BF000681E305C0D2805D1608807EB0901084418
:109C000000B26080608810B938B2608004E060887B
:109C1000A0EB090000B2608000BF9BE72DE9FF4781
:109C200005460E4617469846DDF830A01DB90020BF
:109C300004B0BDE8F0870FB90020F9E7287808B92B
:109C40000020F5E7002003900024029046B31FE0B7
:109C500003AB6A4601A92846DAF758FC0AF001006E
:109C600028B102A80199DAF733FD00B110E03846B7
:109C7000DDE90021F1F793FF0FFA80F9B9F1000F48
:109C800005DD04EB090004B204EB080004B200BFD8
:109C90000398B042DCD3002C02DDA4EB080004B230
:109CA0002046C5E708B50146802901D2084608BD0F
:109CB000B1F5006F11D2C1F3841040F0C0008DF8EF
:109CC000000001F03F0040F080008DF8010000200E
:109CD0008DF802008DF8030033E0B1F5803F15D216
:109CE000C1F3033040F0E0008DF80000C1F38510AF
:109CF00040F080008DF8010001F03F0040F080004E
:109D00008DF8020000208DF803001AE0B1F5881FDD
:109D100017D2C1F3824040F0F0008DF80000C1F38B
:109D2000053040F080008DF80100C1F3851040F04F
:109D300080008DF8020001F03F0040F080008DF8B7
:109D400003006A461068B2E731B582B0029800F0AD
:109D50008000E8B1042202A901A8F6F774F89DF882
:109D6000040000069DF8051000EB01409DF8061068
:109D700000EB01209DF807104418002504E0E0B234
:109D800000B9240A681CC5B2042DF8DB029400BF98
:109D900002983EBD2DE9F04105460E4600240027FD
:109DA0000CE028190949096888478046B8F1000F76
:109DB00001D0404600E0012004447F1CB74202D29B
:109DC000285D0028EDD12046BDE8F0811C0300206D
:109DD000F8B506460C4600200090002505E06946CF
:109DE0003046044A126890476D1C0098A042F6D392
:109DF0002846F8BD2803002038B504460025002079
:109E0000009005E069462046044A126890476D1CA0
:109E10000098205C0028F5D1284638BD2803002092
:109E200008B5024600230020009001B96946086881
:109E3000105C00F0800028B90868135C0868401CBA
:109E400008608FE00868105C00F0E000C02817D1BF
:109E50000868105CC006430D0868401C086008686C
:109E6000105C00F0C000802801D0002008BD086808
:109E7000105C00F03F0003440868401C086071E07B
:109E80000868105C00F0F000E02828D10868105C39
:109E90000007030C0868401C08600868105C00F0AC
:109EA000C000802801D00020E0E70868105C00F0C6
:109EB0003F0003EB80130868401C08600868105CD2
:109EC00000F0C000802801D00020CFE70868105CB7
:109ED00000F03F0003440868401C086042E0086846
:109EE000105C00F0F800F02839D10868105C4007D9
:109EF000C30A0868401C08600868105C00F0C000D5
:109F0000802801D00020B1E70868105C00F03F0015
:109F100003EB00330868401C08600868105C00F020
:109F2000C000802801D00020A0E70868105C00F085
:109F30003F0003EB80130868401C08600868105C51
:109F400000F0C000802801D000208FE70868105C76
:109F500000F03F0003440868401C086002E0086805
:109F6000401C0860184681E72DE9F84306460C4678
:109F700000272068401E206000BF042F02DB002065
:109F8000BDE8F883216888190D49096888470546A6
:109F90003DB9206818B12068401E206001E0002013
:109FA000EEE7781CC7B2002DE7D020680090694624
:109FB0003046044A1268904780464046E0E7000079
:109FC0001C030020280300200146087800F08000D0
:109FD00008B901207047087800F0E000C02801D1DE
:109FE0000220F7E7087800F0F000E02801D1032014
:109FF000F0E7087800F0F800F02801D10420E9E744
:10A000000020E7E77FB582B004460D461646059866
:10A0100033462A46214600900248DAF735FD06B05D
:10A0200070BD00000B4A00082DE9F04782460C463F
:10A030002046F7F7E9FE05462846F7F795FE8046E5
:10A040002846F9F72CFC8146424649462046FBF754
:10A0500080FA01212046FBF74BF92046F7F706F975
:10A0600006461048B0F9002042F264013046FBF782
:10A0700070FA00213046FBF73BF902231A46002113
:10A080003046FBF715F92046F7F7F0F807460121AF
:10A090003846FBF73FF942F264013846FBF79CFC77
:10A0A000BDE8F087C00200201CB54FF44070D7F720
:10A0B00071FED7F7FFFF14A0D6F7F2F9F3F7B4FE5D
:10A0C000FBF7A6FDFBF7C8FDD7F738FE15A0D6F7BE
:10A0D000E7F9D7F791FF1A48012100230A02CDE9D9
:10A0E000001018A11A4806F021FA1A48012100238D
:10A0F0004A02CDE9001018A11A4806F017FA06F036
:10A1000021F800201CBD0000E7AA97E58FA3E58891
:10A110009DE5A78BE58C96E5AE8CE6AF952E2E0AD5
:10A1200000000000E5B18FE5B995E5889DE5A78BB6
:10A13000E58C96E5AE8CE6AF952E2E0A0000000069
:10A1400028000020537461727455705461736B0061
:10A15000A51F00082C0000204C76676C5461736BBF
:10A1600000000000811D000870B504460D468022E5
:10A1700029462046EBF762FF064680212046EBF792
:10A1800077FB26B1802229462046EBF76BFF70BD96
:10A190002DE9FF4F87B0054692461F46DDF850B0C7
:10A1A000DDF858800898EBF756F806900898EAF71B
:10A1B000D1FF05901898012804D0022805D0032863
:10A1C00009D105E0DFF8D0900AE0DFF8D09007E091
:10A1D000DFF8CC9004E000BF00BF0BB0BDE8F08F0B
:10A1E00000BFB8F1000F21D100261BE0002411E0D0
:10A1F00005EB44000088039007EB440000880290C0
:10A20000159A0399C847049005EB4400BDF8101057
:10A210000180641C06988442EADB05EB4A0507EBE3
:10A220004B07761C05988642E0DB33E000262EE0E3
:10A23000002422E018F8040000B91DE018F804001A
:10A24000FD2801DB159804E018F80400159948432F
:10A250000012049005EB44000088029007EB4400D4
:10A2600000880190049A0299C847039005EB4400C6
:10A27000BDF80C10018000BF641C06988442D9DB35
:10A2800005EB4A0507EB4B0717988044761C0598A9
:10A290008642CDDB00BFA0E7C16D0008ED6E00086F
:10A2A000636E00082DE9FF4F85B005461F46DDF8B7
:10A2B00050900698EAF7CFFF83460698EAF74AFFE0
:10A2C0000490B9F1000F3DD11398FD2814DB4FF035
:10A2D00000080DE04FEA4B0239462846F5F76BFCC3
:10A2E000079805EB4005129807EB400708F10108B5
:10A2F00004988045EEDB79E14FF000081EE0002471
:10A3000012E005EB44000088029007EB440000884F
:10A310000190139A0299EDF7CBF8039005EB4400F6
:10A32000BDF80C100180641C5C45EADB079805EB66
:10A330004005129807EB400708F101080498804592
:10A34000DDDB53E11398FD287DDDABF104000390C4
:10A350004FF000080EE14E4600241FE03078D8B1DF
:10A360003078FF2806D105EB440007EB440109884B
:10A37000018011E0327805EB44000088019007EB82
:10A380004400008800900199EDF792F8029005EBE7
:10A390004400BDF808100180761C641C5C4503DA9B
:10A3A00006F003000028D9D1B246B1E0DAF8000087
:10A3B00000281ED0DAF80000401CD8B905EB440094
:10A3C00007EB440109880180601C05EB400107EBA5
:10A3D000400000880880A01C05EB400107EB40000E
:10A3E00000880880E01C05EB400107EB4000008876
:10A3F00008808AE056463078D8B13078FF2806D1F8
:10A4000005EB440007EB44010988018011E0327834
:10A4100005EB44000088019007EB440000880090A1
:10A420000199EDF745F8029005EB4400BDF80810DE
:10A430000180761C307808B33078FF2809D1601C81
:10A4400005EB400100E09AE007EB4000008808803F
:10A4500014E03278601C05EB400000880190601C1D
:10A4600007EB4000008800900199EDF721F8029079
:10A47000601C05EB4000BDF808100180761C3078A8
:10A48000F8B13078FF2807D1A01C05EB400107EB9D
:10A4900040000088088014E03278A01C05EB4000E2
:10A4A00000880190A01C07EB4000008800900199F3
:10A4B000ECF7FEFF0290A01C05EB4000BDF8081071
:10A4C0000180761C3078F8B13078FF2807D1E01C85
:10A4D00005EB400107EB40000088088014E032786B
:10A4E000E01C05EB400000880190E01C07EB4000F9
:10A4F000008800900199ECF7DBFF0290E01C05EB6F
:10A500004000BDF808100180761C0AF1040A241DE1
:10A5100003988442FFF64AAF56461FE03078D8B120
:10A520003078FF2806D105EB440007EB4401098889
:10A53000018011E0327805EB44000088019007EBC0
:10A540004400008800900199ECF7B2FF029005EBFF
:10A550004400BDF808100180761C641C5C45DDDBFE
:10A56000079805EB4005129807EB400715988144C2
:10A5700008F1010804988045FFF6EDAE36E04FF093
:10A58000000830E0002422E019F80400F0B119F8C6
:10A590000400FD2801DB139804E019F80400139966
:10A5A00048430012064605EB44000088029007EB82
:10A5B00044000088324601900299ECF779FF03903D
:10A5C00005EB4400BDF80C10018000BF641C5C4525
:10A5D000DADB079805EB4005129807EB4007159862
:10A5E000814408F1010804988045CBDB09B0BDE83F
:10A5F000F08F2DE9FF4F85B082460E461F46DDF8ED
:10A6000048B0DDF85080D9F739FF81463046EAF787
:10A6100022FE04903046EAF79DFD0390B8F1000F4A
:10A6200023D100251DE0002415E01398029007EBCC
:10A6300044000088ADF804007088284400B20090FF
:10A64000318821440BB2D9F80000D0F81CC0514623
:10A65000079AE047641C04988442E6DB07EB4B074B
:10A660006D1C03988542DEDB2BE0002526E00024EC
:10A670001CE018F80400C0B118F80400139948430E
:10A68000000A029007EB44000088ADF804007088CF
:10A69000284400B20090318821440BB2D9F8000060
:10A6A000D0F81CC05146079AE047641C04988442C5
:10A6B000DFDB1598804407EB4B076D1C0398854240
:10A6C000D5DB09B0BDE8F08F2DE9F04104460F4617
:10A6D0009046802C06D200252046E11704EB9171AC
:10A6E0008E1009E0204605F0D6F80546681F24FACA
:10A6F00000F080F02006AD1F3D60C8F80060BDE8A6
:10A70000F0812DE9F04104460D461646802C09D310
:10A71000204605F0C0F8401F012101FA00F0471E55
:10A720003C4400BF324629462046FFF7CDFFBDE836
:10A73000F0810246FD2901DB10467047022901DC49
:10A740000020FAE702FB01F000EBC01303EBC0307E
:10A75000C0F3C750F1E700002DE9F843054628464D
:10A76000F1F7D4F804462046F7F74EFB8046404602
:10A77000F7F74AFB81464846EBF778FE0646306815
:10A78000009000214046F7F7DAF9A04214D19DF875
:10A790000200012809D10C208DF80200BDF800004C
:10A7A000401E80B2ADF800001AE09DF80200401E85
:10A7B00040B28DF8020013E09DF802000C2809D188
:10A7C00001208DF80200BDF80000401C80B2ADF8F9
:10A7D000000005E09DF80200401C40B28DF8020028
:10A7E0009DF90220BDF800104846EBF747FE012115
:10A7F0004046F7F7A4F907469DF90200401E0549B7
:10A8000051F82030BDF8002003A13846F4F7B0FD20
:10A81000BDE8F88320020020256420257300000095
:10A820002DE9F84304462046F1F770F80746204624
:10A83000F1F76FF880463846F0F73CFD0546404694
:10A84000EBF714FE064630680090681C40B28DF8A5
:10A8500002009DF90220BDF800104046EBF70EFE05
:10A86000BDE8F8832DE9F04782460D4600212846D1
:10A87000F9F7CEFD00212846FAF73AFD002302221F
:10A8800019462846FAF714FD2846EAF7C1FF814623
:10A8900000222FA14846FAF795FF6420002804DA29
:10A8A000C0F57A7141F4005101E040F400510CB25E
:10A8B00021464846FAF73DFD4846FBF7DFF8484693
:10A8C000F7F752FA064631464846FBF785F800236B
:10A8D000072220494846F5F79FFE04214846F6F72F
:10A8E000FFFB2846F3F7E4FC074603213846F4F75C
:10A8F000A5FC002202213846FBF729F80121384641
:10A90000FAF708FD2846EAF783FF8046002212A1E5
:10A910004046FAF757FF324631464046FAF719FEED
:10A92000002307220B494046F5F776FE04214046F6
:10A93000F6F7D6FB00231C2208492846F5F76CFEE3
:10A9400000221C212846F0F7E7FFBDE8F087000051
:10A95000EF81930059A70208EF819400A902030830
:10A960002DE9F04180460C462046F7F74DFA0546A2
:10A9700000212046F9F74CFD00212046FAF7B8FCEB
:10A980002046F0F7B9FB0646174801683046F0F755
:10A990008BFE2B461C2215493046F5F73DFE012162
:10A9A0003046FAF7B7FC2046F0F7A6FB07461048FA
:10A9B00001683846F0F778FE2B461C220D493846D0
:10A9C000F5F72AFE01213846FAF7A4FC00231C22E1
:10A9D00009492046F5F720FE00221C212046F0F709
:10A9E0009BFFBDE8F08100005402002041080308ED
:10A9F0005002002021A80208F902030870B504469D
:10AA0000254615F83C0F00F00300401C032190FB85
:10AA1000F1F201FB1200297860F3010105F83C19FD
:10AA2000204600F095FE2046F9F733FB70BD00008C
:10AA300070B504460C48006808B9002070BD14B910
:10AA40000A480068FAE70CB90020F7E72046E6F765
:10AA50002BFA0546601906490968884201D300208F
:10AA6000ECE76019EAE70000A8010020F8020020E6
:10AA7000AC01002037B5034601B93EBD08461D684C
:10AA80002D1D2844024602AC2568156000BFF4E77E
:10AA900037B5034601B93EBD08461D682844024645
:10AAA00002AC2568156000BFF5E72DE9F05F0446AC
:10AAB000002221212046F0F72FFF8246BAF1000F35
:10AAC00001D1BDE8F09F00212046F7F738F8804615
:10AAD00007E04046FFF7E9FF00212046F7F72FF88F
:10AAE0008046B8F1000FF4D12046F7F733F98146DC
:10AAF0000020F2F7D1FF07461DE0786AA04202D09D
:10AB0000B86AA04203D121463846F3F7B9F8386B4A
:10AB1000A04201D100213963386D484507D1F2F7D1
:10AB2000C9FFA04203D121463846F3F7A9F83846B9
:10AB3000F2F7B2FF0746002FDFD12046D9F72CFAF3
:10AB4000606840BB2046F7F7C5F80546002606E0DA
:10AB5000E86850F82600A04200D103E0761C686A3D
:10AB6000B042F5D800BFB3465E4606E0701CE96807
:10AB700051F8200041F82600761C686A401EB04259
:10AB8000F4D8686A401E68626A6A9100E868F4F75F
:10AB9000DDFFE8602BE02046F7F7EFF80646354684
:10ABA0000BE0606880680168681C51F820006168EB
:10ABB0008968096841F825006D1C606880684068F4
:10ABC000401EA842EDD8606880684068401E6168F9
:10ABD0008968486062689268526891006268926809
:10ABE0001068F4F7B3FF61688968086000BF204609
:10ABF000F4F758FF00BF64E702465018704700BFE3
:10AC000018B900BF00BF00BFFEE700BF00214160D0
:10AC10000161C1608160016041617047F0B5DDE9AB
:10AC20000554012B0BDC032805D0042802D005288D
:10AC300003D100BF00BF022000E000BF00BF062814
:10AC400042D2DFE800F0410F0333201700262680B0
:10AC50008E1A06EBD677B5F800C00CEB67073FB24B
:10AC60002F8034E0002626802E888F1A3E4436B28C
:10AC70002E802CE08E1A37B25E1E36B297FBF6F6A7
:10AC800036B2268023E08E1A36B296FBF3F627887A
:10AC90003E4436B22680B4F9006006EBD677B5F8AC
:10ACA00000C00CEB67073FB22F8010E08E1A37B25E
:10ACB0005E1C36B297FBF6F636B226802E882788C1
:10ACC0003E4436B22E8002E00026268000BF00BF40
:10ACD000F0BD2DE9FF4F81B005460C46164604989D
:10ACE00070B12088A0EB660000B22080208830443C
:10ACF000401E00B2A080E88A6080688BE0800DE092
:10AD00006088A0EB660000B2608060883044401E1E
:10AD100000B2E080A88A2080288BA0804FF44031C8
:10AD20002846F8F7E8F981464FF440312846F8F70D
:10AD30008BFA82464FF440312846F8F755FB83469C
:10AD40004FF440312846F8F7F9F800904FF44031BD
:10AD50002846F8F72FFD80464FF440312846F8F793
:10AD60000FFD0746208809EB0801401A00B2208039
:10AD7000A0880AEB0801084400B2A08061880BEBB0
:10AD80000700081A00B26080E2880099C8191044D0
:10AD900000B2E08005B0BDE8F08F2DE9F84F054620
:10ADA0002C462846E6F707FC06460EB9BDE8F88FA4
:10ADB0003046F6F7D9FF83462846F6F741FF83452C
:10ADC00000DCF3E700213046F8F70FFC0090009814
:10ADD000F0F700FF074600213046F8F776FC804682
:10ADE00007EB08000FFA80F9E08E00FB09F00FFA7C
:10ADF00080FA00225146606AFAF710FA606AF9F7A1
:10AE000048F900BFD2E700002DE9F04105460E46A3
:10AE10001C4807681C480068001D05F03AF850B946
:10AE20001948006890F82C100120884017490968DB
:10AE3000814316480160681C38B936B11248016870
:10AE4000091D134805F063F81AE07C190E480068E4
:10AE50004460BC4207D20C480168091D0D480068D7
:10AE600005F03BF80CE008480168091D0A48006835
:10AE700005F033F809480068844201D207480460AD
:10AE8000BDE8F08144000020300000204800002090
:10AE90003806002038000020340000206000002028
:10AEA00010B5044605F040F823480068401C2249CC
:10AEB00008602248006840B92048046008460068DD
:10AEC00001280DD100F036F90AE01D48006838B9B4
:10AED0001A480068C06AE16A884201D817480460CD
:10AEE00018480068401C1749086094F82C1001208D
:10AEF000884015490968084313490860E16A01EB75
:10AF00008101124A02EB8100211D05F000F805F0D5
:10AF100047F80B48006868B108480068C06AE16AF1
:10AF2000884207D24FF0805009490860BFF34F8F25
:10AF3000BFF36F8F10BD00004000002030000020E4
:10AF40004C0000205C000020480000206803002026
:10AF500004ED00E070B523E005F048F913480068FF
:10AF600008B9012000E00020054605F0D7FBBDB977
:10AF700004F0DAFF0D48C068C468201D04F089FFA2
:10AF80000B480068401E0A4908600A480068401ED5
:10AF90000849086005F004F8204600F00DF800BFED
:10AFA000044800680028D7D170BD000024060020A6
:10AFB000400000203C00002010B50446206B05F046
:10AFC0001FF8204605F01CF810BD000030B54FF406
:10AFD0004053174800F007042CB1C01D20F00700B3
:10AFE000134C041B1B1B0246124C22600024114D03
:10AFF0006C60D018083820F007000F4C2060002447
:10B000000D4D2D686C600C4D2D682C601146441A56
:10B010004C60094C24680C60084D4C682C60084D4D
:10B020004C682C604FF00044064D2C6030BD000091
:10B030004C0600206C000020740000207C000020E2
:10B04000780000208000002000BFFFF783FF064843
:10B0500000680128F9D94FF0805004490860BFF317
:10B060004F8FBFF36F8FF0E76803002004ED00E01F
:10B070002DE9FF5F81460E469246DDE90E7B109C6E
:10B08000AAF10100216B01EB800828F0070808F005
:10B09000070008B9012000E0002028B940F22B3257
:10B0A0001AA120A0D5F7FCF9002507E0715D04F195
:10B0B00034004155705D00B902E06D1C102DF5D3D0
:10B0C00000BF002143200155202F00D31F27E76236
:10B0D000201D04F0FFFE04F1180004F0FBFE2461C3
:10B0E000C7F12000A06164620020606484F8480019
:10B0F00049464046039A00F0D7F92060BBF1000FA3
:10B1000001D0CBF80040BDE8FF9F000046726565A6
:10B1100052544F535C7372635C7461736B732E6330
:10B12000000000004572726F723A25732C25640D81
:10B130000A00000010B5002407E004EB84010F4A68
:10B1400002EB810004F0B9FE641C202CF5D30C48FE
:10B1500004F0B3FE0B4804F0B0FE0B4804F0ADFE63
:10B160000A4804F0AAFE0A4804F0A7FE0448094968
:10B17000086004480849086010BD0000680300200A
:10B18000E8050020FC050020100600202406002011
:10B1900038060020340000203800002010B5014699
:10B1A000164800E0006803688B42FBD30246436800
:10B1B00013448B4204D143684C68234443600146E6
:10B1C0000A464B6813440468A34211D10C4C03682F
:10B1D0002468A34208D04B680468646823444B6029
:10B1E00003681B680B6005E0054B1B680B6001E002
:10B1F00003680B60884200D0016010BD6C00002025
:10B20000740000200A490968096809B9012100E0B1
:10B21000002121B14FF0FF31064A116006E00449D8
:10B220000968C968C868034A41681160704700002E
:10B2300034000020600000200B480068401C08B962
:10B24000012000E0002020B9F42208A10EA0D5F7CB
:10B2500027F900BF502080F31188BFF34F8FBFF351
:10B260006F8F00BF00BFFEE7840000204672656557
:10B2700052544F535C706F727461626C655C706F96
:10B2800072742E63000000004572726F723A25736B
:10B290002C25640D0A0000002DE9F04104464FF012
:10B2A000000804F0A3FF3E48006808B9FFF78EFECF
:10B2B0003C480068204000285FD1A4B1083404F065
:10B2C000070080B104F00700C0F10800044404F056
:10B2D000070008B9012000E0002020B9BF2232A1F8
:10B2E00038A0D5F7DDF8002C47D03A4800688442F2
:10B2F00043D8394E3046056801E02E462D6868680F
:10B30000A04202D228680028F7D12548006885426B
:10B3100033D0306800F10808286830606868001B86
:10B32000102813D92F1907F0070008B9012000E0F1
:10B33000002020B9EC221CA122A0D5F7B1F8686842
:10B34000001B78606C603846FFF728FF2149686869
:10B350000968081A1F490860084600681F490968FB
:10B36000884203D21B4800681C4908600D49686880
:10B370000968084368600020286005F0CFF908F0EC
:10B38000070008B9012000E0002028B94FF49672A8
:10B3900005A10CA0D5F784F84046BDE8F081000077
:10B3A00074000020800000204672656552544F539F
:10B3B0005C706F727461626C655C686561705F344B
:10B3C0002E6300004572726F723A25732C25640D4E
:10B3D0000A000000780000206C0000207C000020A3
:10B3E0002DE9F04F87B08046C14699F85C00C0F364
:10B3F0008000002847D0D9F82400F3F77BFA0690A4
:10B4000022490698096888478246BAF1000F02D19E
:10B4100007B0BDE8F08F00214046F8F716F9059017
:10B42000002342F2220201A90598F0F726FB834689
:10B43000BBF1000F01D016A700E016A73846D5F7DC
:10B4400061F904460AFB04F1481CF4F797FA054633
:10B45000002606E006FB045022463946F4F7ABFB13
:10B46000761C5645F6DB002106FB04F029542946DC
:10B47000D9F82400F3F724FF2846F4F7FBFA4046F6
:10B4800000F024F800BF00BFC2E70000380300202E
:10B49000E280A2002A000000704770B504462568CB
:10B4A0002846FFF79DFF70BD001F4FF080730360BB
:10B4B000001F21F001030360001F034B03601438D9
:10B4C000026020387047000039B202082DE9F04FC1
:10B4D0008FB00646344600213046F8F7B6F80E9095
:10B4E00000213046F8F725F90D903046FDF7BEFCF7
:10B4F0000C90606AF3F7FEF981464846914A0C9930
:10B5000012689047074609EB070000218E4A12682F
:10B51000904705460E98F0F769FB0B901DB10A2D78
:10B5200001D00D2D07D1002220210E98F0F737FB16
:10B530000FFA80FA06E0002229460E98F0F72FFB5A
:10B540000FFA80FA0AAA606A0C99F3F7CFF8606ADA
:10B55000F3F7D0F90190606A0021019AF5F7E2FC57
:10B560008346BDF92800616AB1F91410084400EB64
:10B570000A01606AB0F91800814235DD94F85C0078
:10B58000C0F3C00040BBBBF1030F2DD00020ADF8CD
:10B590002800BDF82A200D990B980844104400B2E9
:10B5A000ADF82A0065B109EB0700684909688847CA
:10B5B000074409EB07000021634A126890470546DB
:10B5C0001DB10A2D01D00D2D07D1002220210E988A
:10B5D000F0F7E5FA0FFA80FA06E0002229460E9805
:10B5E000F0F7DDFA0FFA80FAE7644FF4E021304615
:10B5F000F7F740FB80464FF4E0213046F7F71BFF9A
:10B60000404400B209904FF4E020019041F611024D
:10B6100030460199F7F71CFF00900098404400B2B3
:10B6200008904FF4E0213046F7F78CFD404400B21B
:10B6300007904FF4E020019041F613023046019943
:10B64000F7F706FF00900098404400B20690BDF85E
:10B6500028100798081A00B2ADF81000BDF82A109B
:10B660000998081A00B2ADF81200BDF82810069823
:10B6700008445044401E00B2ADF81400BDF82A1032
:10B68000089801440B980844401E00B2ADF816001B
:10B6900004F1440102A8E9F738FDBDF80800616A29
:10B6A000898A084400B2ADF80800BDF80A10606A43
:10B6B000C08A084400B2ADF80A00BDF80C00616A07
:10B6C000898A084400B2ADF80C00BDF80E10606A1B
:10B6D000C08A084400B2ADF80E0002A93046F8F75F
:10B6E00012FD04A904F14400E9F70FFD04F144013F
:10B6F00002A8E9F70AFDBDF80800616A898A0844D2
:10B7000000B2ADF80800BDF80A10606AC08A0844AB
:10B7100000B2ADF80A00BDF80C00616A898A0844DD
:10B7200000B2ADF80C00BDF80E10606AC08A084483
:10B7300000B2ADF80E0002A93046F8F7E4FC0FB0F5
:10B74000BDE8F08F30030020280300201C030020F8
:10B750002DE9F04704462046E7F793FF25462046AB
:10B76000F8F79DF8064600212046F7F79AF981463A
:10B77000A6EB090000EBD07149100FB22046E5F7A7
:10B7800068FA80460FFA88F0FEF7E8F87843C013AD
:10B7900000B228850FFA88F0FEF7D0F87843C0137E
:10B7A00001B26985304606EBD0712A8D02EB61014A
:10B7B00009B2298506EBD0714A10698D11440AB28D
:10B7C0006A852046E7F75DFFBDE8F0872DE9F34F76
:10B7D00097B007463846E5F7FAFE054615B919B0A1
:10B7E000BDE8F08F2846F3F785F8824652460021DF
:10B7F0002846F5F797FB16901698012828D00228BE
:10B8000002D0032829D113E03846F6F738FA8246E9
:10B810002846F8F744F8AAEB0000109000EBD0702F
:10B82000401000B201460F902846FAF7EEF814E0F7
:10B830003846F6F724FA82462846F8F730F8AAEB9D
:10B84000000000B2014610902846FAF7DEF804E046
:10B8500000212846FAF7D9F800BF00BFBB460021F7
:10B860003846F7F7DAFE159000213846F7F747FF1C
:10B8700014901598F0F7B6F980463846F6F7E0F9D7
:10B8800081464FF0000A652251463846F7F7E0FD41
:10B890001090109884B2189800B114B93846E7F7A0
:10B8A0005DFCBBF826001390149808EB0001139878
:10B8B000414308B21290494609EBD17252104046FA
:10B8C00008EBD073A2EB630212B21192DDE91120F2
:10B8D000101A06B2189800B144B915492846E8F77D
:10B8E0004FFD31462846FAF7A9F81FE001A8E8F70E
:10B8F0008FFD00BF019500BF0D48029000BF284694
:10B90000F7F7F9FF8246CDF820A0CDF824A00A96DB
:10B9100000BF00BF0B9400BF0648049000BF06485C
:10B92000079000BF01A8E8F73DFE00BF00BF56E743
:10B93000D5C30208D1BC02088B4401082DE9F04FA1
:10B940008BB006460F4635464FF4A0213046F7F738
:10B95000ECFB81464FF4A0213046F7F78FFC82467E
:10B960004FF4A0213046F7F759FD83464FF4A0214C
:10B970003046F7F7FDFA0A904FF4A0213046F7F76A
:10B980008AFE09904FF4A0213046F7F7C5FE0890D3
:10B990004FF4A0213046F7F74CFE07904FF4A0215A
:10B9A0003046F7F7FBF906904FF4A0213046F7F741
:10B9B000E8F980463C462DE00A98CDE902ABCDF887
:10B9C000049004900898A1B200903046099B079A11
:10B9D000E6F7BEF8E96A21F81400E86A30F91400C5
:10B9E000404503DAE86A30F9140000E04046069961
:10B9F000884201DA069809E0E86A30F91400404507
:10BA000003DAE86A30F9140000E04046E96A21F8F8
:10BA10001400641CE88CA042CED83046F9F7E5F853
:10BA20000BB0BDE8F08F2DE9F04105462846F6F74A
:10BA3000A4F80646002412E0A868006850F82470B4
:10BA40003846F8F726FB00222A213846EFF764FF34
:10BA50003846F8F71EFB3846FFF7E5FF641CB44292
:10BA6000EAD3BDE8F08100002DE9F04F87B005462C
:10BA70002846E5F7ACFD06461EB9012007B0BDE833
:10BA8000F08FF2F703F806902C460698F2F753F879
:10BA90000746042F01D0022F10D1E08C2085042FFF
:10BAA0000CD12846F6F756F980464046F0F73CFDA3
:10BAB00018B100214046F0F7DAFD00BF0698F2F712
:10BAC0003AF8012804D00698F2F735F803287DD11A
:10BAD0004FF0FF38A06AC0F34040002838D18046BC
:10BAE00003A90698F1F7ECFFBDF80E10F08A081ACA
:10BAF00000B2ADF80E00BDF80C00B18A401A00B2D9
:10BB0000ADF80C0003A93046F2F7BCFC8146304684
:10BB1000F2F7F0FE8346002002900190824600BFBB
:10BB200013E002A95846324A1268904700900098E4
:10BB30000A2806D10198484503D008F101000FFA00
:10BB400080F8029801900AF1010ACA45E9D339E068
:10BB500000212846F7F761FD039000212846F7F7FA
:10BB6000CEFD82460398F0F73DF883460BEB0A00C2
:10BB700000B20290B5F91A20B5F91610501A00EB70
:10BB8000D0714A10E98A114409B201910C2106983A
:10BB9000F2F7E1F8F18A084400B20090DDE9001004
:10BBA000411A029891FBF0F9B9F1000F01DA4FF058
:10BBB0000009A08C484502DCA08CA0F101090FFA15
:10BBC00089F800BFB8F1000F07DB00E006E01FFABC
:10BBD00088F101222846FAF716FE00BFE08C059096
:10BBE00005AA1C212846EFF797FE0490049845E724
:10BBF00028030020F0B50C46E568A16800BF1DB918
:10BC000000BF00BF00BFFEE700BF00BF19B900BF03
:10BC100000BF00BFFEE700BFCD60A96000F138069D
:10BC200006EBC21656F82360A6421BD100F1380677
:10BC300006EBC21646F82310814213D100F1140618
:10BC400056F8226001279F40BE4300F1140747F8D1
:10BC500022603E4656F8226026B9012797400669C1
:10BC6000BE430661F0BD2DE9F04106460D460024B5
:10BC70000EE026B1E86850F83400B04207D14FF624
:10BC8000FF724FF470212846F8F7C8FF05E0641CE6
:10BC9000688CC0F3C500A042EBD800BF2846F5F77A
:10BCA0006CFF0746002407E0A868006850F82410DD
:10BCB0003046FFF7D8FF641CBC42F5D3BDE8F081E5
:10BCC00010B5044600220A212068EFF725FE10BDBA
:10BCD00070B504462068F6F797F805462846E7F75A
:10BCE0003DFA70BD2DE9FF4F91B090461298F6F7DE
:10BCF0008BF8074610213846F7F72EFE10B915B01D
:10BD0000BDE8F08F3846F6F7F7F810904FF00009CD
:10BD1000CA4600253846F6F70DFA0F900F9818B16D
:10BD2000129800F1140400E0119C00213846F6F747
:10BD30006DFF0E9000213846F7F7EEFA01460E9897
:10BD4000084400B20D9000213846F7F79CF80146F0
:10BD50000E98084400B20C90F98A0D980844618846
:10BD6000401AB8F80210401A00B20B90798B0C9868
:10BD7000081AE188401AB8F80210081A00B20A90AE
:10BD80003846F5F7F1FF01460D98091A0C98081A84
:10BD900000B209900B98002804DB0A98002801DB08
:10BDA00000251BE00B98002808DD0B9D3846F6F7B0
:10BDB000CBF90246501B00D500250FE00A98002859
:10BDC0000CDD0A98404205B23846F6F735F8019086
:10BDD00001982844002800DA002500BF0F980128A8
:10BDE00004D0022810D003283AD11BE0F98A0D981C
:10BDF00008440FFA80F9608828440FFA80FAA9EB0A
:10BE00000A00284405B22BE0798B0C98081A0FFA27
:10BE100080F9E08828440FFA80FAA9EB0A00284448
:10BE200005B21DE0099800EBD0714A10FB8A0D990C
:10BE3000194411440FFA81F900BFE1886288891A18
:10BE4000491C09B2084601EBD071628802EB61011E
:10BE500029440FFA81FAA9EB0A00284405B200BF71
:10BE600000BF00263846F6F75BF90890089818B12D
:10BE7000129800F1140400E0119C00213846F7F7F5
:10BE8000DFF80E9908440FFA80FB00213846F7F7D7
:10BE900080F90E99084400B20790B88A5844218866
:10BEA000401AB8F80010401A00B20690398B079873
:10BEB000081AA188401AB8F80010081A00B20590B4
:10BEC0000698002804DB0598002801DB00261DE009
:10BED000069800280ADD069E3846F6F73BF80190E2
:10BEE00001983044002800DD00260FE00598002866
:10BEF0000CDD0598404206B23846F6F7A3F80190EB
:10BF000001983044002800DA002600BF3846F7F7D1
:10BF1000C6FCA0EB0B010798081A00B20490089821
:10BF2000012804D002280FD0032838D11AE0B88A9B
:10BF300058440FFA80F9208830440FFA80FAA9EBB0
:10BF40000A00304406B22AE0398B0798081A0FFA23
:10BF500080F9A08830440FFA80FAA9EB0A00304437
:10BF600006B21CE0049800EBD071BA8A5A4402EB86
:10BF700061010FFA81F900BFA1882288891A491C42
:10BF800009B2084601EBD071228802EB610131440D
:10BF90000FFA81FAA9EB0A00304406B200BF00BFD5
:10BFA00029493846E8F7ECF9039028493846E8F77C
:10BFB000E7F90290039808B9029850B100220A21CB
:10BFC0003846EFF7A9FC01900198012800D096E6C9
:10BFD00000BF109800F0010010B9002E00DA002612
:10BFE000109800F0020010B9002E00DD0026109815
:10BFF00000F0040010B9002D00DA0025109800F0C0
:10C00000080010B9002D00DD0025B8F900101498C3
:10C0100008B9002000E03046084400B2A8F800004B
:10C02000B8F90210149808B9002000E02846084426
:10C0300000B2A8F802002A4631463846149BF8F7A9
:10C0400061FF00BF5BE60000A9C102088DC10208C4
:10C050002DE9F04104460D46164615B90EB9BDE866
:10C06000F0812046F4F71AFEA068008A284400B246
:10C07000A1680882A068408A304401B2A068418269
:10C080000123324629462046F8F7E0F800220B212A
:10C090002046EFF741FC0746012F00D0DFE720469E
:10C0A000F7F7F7FF00BFDAE710B5DAB1B0F91630ED
:10C0B000B2F900401C44B0F932309C4204DA448E9C
:10C0C000C38AE31A1BB21380B0F91630B2F90040EC
:10C0D0001C44B0F936309C4204DDC48EC38AE31A96
:10C0E0001BB21380D9B1B0F91430B1F900401C442F
:10C0F000B0F930309C4204DA048E838AE31A1BB212
:10C100000B80B0F91430B1F900401C44B0F9343060
:10C110009C4204DD848E838AE31A1BB20B8010BD1F
:10C120002DE9F0410546B5F918400026F1F7AEFCBF
:10C130000746386890F8198008E0301906B2C8F14F
:10C1400064006043642190FBF1F004B2002CF4D150
:10C150003046BDE8F0812DE9F0410546B5F91A40B9
:10C160000026F1F793FC0746386890F8198008E03C
:10C17000301906B2C8F164006043642190FBF1F00D
:10C1800004B2002CF4D13046BDE8F08170B505460C
:10C190000C462846F5F7E2FF204406B2002231465D
:10C1A0002846FFF755FF70BD70B505460C4628467A
:10C1B000F5F7DEFF204406B2324600212846FFF79D
:10C1C00047FF70BD2DE9FC4105460C462046EDF7C2
:10C1D00003FE4FF480312846F6F7E4FCE070E07887
:10C1E00002280CDD4FF48037202239462846F7F725
:10C1F0002FF9009000980190BDF80400A0804FF442
:10C200008037312239462846F7F722F90190019804
:10C21000C0B284F8220094F8220002281EDD00BF7C
:10C2200041F2320239462846F7F712F90190019897
:10C2300000B22084B4F9200000280CDD00BF3022B9
:10C2400039462846F7F704F9009000980190BDF8A8
:10C250000400E08302E0002084F822004FF48037DD
:10C2600040F6450239462846F7F7F2F80190019862
:10C27000C0B284F8360094F83600022829DD00BFE9
:10C280004FF4046239462846F7F7E2F80190019826
:10C2900000B2E085B4F92E00002817DD00BF40F69B
:10C2A000430239462846F7F7D3F80190019800B2C7
:10C2B000A08600BF442239462846F7F7C9F8009007
:10C2C00000980190BDF80400A08502E0002084F8E9
:10C2D00036004FF480312846F6F76DFD0646FD2EF8
:10C2E0000DDAE07870430012E070E07870430012DD
:10C2F00084F82200E0787043001284F83600E07879
:10C3000028B994F8220010B994F8360040B14FF4DF
:10C3100080312846F7F7F8F820800120BDE8FC813D
:10C320000020FBE72DE9F04704460E461746356826
:10C33000D7F8008004F1140050F825004FF0FF31C9
:10C3400001FA08F100EA0109B9F1000F16D1691CE0
:10C350004FF0FF328A40206900EA020ABAF1000F6A
:10C3600002D10020BDE8F087504603F089FA054667
:10C37000356004F1140050F8259000BF00BFB9F1FA
:10C38000000F03D100BF00BF00BFFEE700BF48465B
:10C3900003F076FA8046C7F8008004F1380000EB1D
:10C3A000C51050F82800DDE770B504460D46264656
:10C3B00028B2A6F844002046F7F76BFE70BD70B5B2
:10C3C00004460D46264629B2462081532046F7F7FB
:10C3D00060FE70BD70B505460C4621B22846F9F7DF
:10C3E0002DFB70BD2DE9F04F85B0044689461746F8
:10C3F0004FEA690004904FEA6900039009F00100D8
:10C4000010B90498401E04906000F3F7B7FA834611
:10C41000B846002631E0601E38F8100000FB09F035
:10C420000090651E1FE0009A2BF815200021039A4A
:10C430002A44A24203DA039A2A4438F81210009AD6
:10C44000521A0092049AAA1A521E002A02D5B8F86B
:10C45000000004E0049AAA1A521E38F81200009A4A
:10C46000024400926D1E002DDDDA620059464046FE
:10C47000F3F7A1FB08EB4408761CA642CBDB4FF494
:10C480007F5002900298B0FBF9F001904FF0000A43
:10C4900015E037F81A0000B90FE037F81A100298C3
:10C4A000814203D1019827F81A0005E037F81A00F5
:10C4B00090FBF9F027F81A0000BF0AF1010A04FB0B
:10C4C00004F05045E5D8002542E007EB4508B8F8F0
:10C4D000001001FB09F000262AE0002801DA002301
:10C4E00000E083112BF81630039BF31A002B02DCBB
:10C4F000B8F8001005E0039BF31A03FB045337F868
:10C500001310401A049B33445B1CA34207DA049BBC
:10C5100033445B1C03FB045337F8132004E0631E11
:10C5200003FB045337F813201044761C08EB44082F
:10C53000A642D2DB07EB4508002606E03BF81610C2
:10C54000A8F80010761C08EB4408A642F6DB6D1C28
:10C55000A542BADB5846F3F78DFA05B0BDE8F08F77
:10C560002DE9FF4F8BB00D46144627460E983E1816
:10C5700009A80B99E8F79CFD204604EBD0714A10FE
:10C580000E991144491E04F0010282F00102891A39
:10C5900009B2ADF8281004EBD0714910491C09B25A
:10C5A000ADF826100B98E8F76BFEBDF82810081AB6
:10C5B00000B2ADF824000B98E8F7DAFDBDF82610BC
:10C5C000084400B2ADF82A00002309A903A80E9A76
:10C5D000EDF7ECFA012F01D1012401E0781004B24B
:10C5E0003046F3F7CBF98146A846002002903BE0A5
:10C5F00031464846F3F7A4FC03A8009033B2DDE9C6
:10C60000020C02B200214846E0478346BBF1000F0E
:10C6100004D171004046F3F75CFC20E099F800106B
:10C62000890191FBF4F1A8F80010012014E019F839
:10C630000020411E19F801108A4205D1411E38F828
:10C64000111028F8101006E019F80010890191FB6C
:10C65000F4F128F81010401CB042E8DB00BF08EBF2
:10C6600046080298401C02900298B042C0DB48463F
:10C67000F3F700FA03A8ECF7FDFE012C0FD12946D1
:10C68000002005E035F81020C2F387120A54401C40
:10C6900006FB06F28242F5DC0FB0BDE8F08F2A46B9
:10C6A000214630B2FFF79EFE07F00100204404B29D
:10C6B000012C27DD4FF47F5090FBF4F000904FF0F9
:10C6C000000B15E035F81B0000B90FE035F81B0032
:10C6D000FF2803D1009825F81B0006E035F81B0061
:10C6E000800190FBF4F025F81B0000BF0BF1010B5B
:10C6F00006FB06F05845E5D82A46214630B2FFF73A
:10C7000071FE00BF01954FF0000A06E015F81A10FF
:10C71000019800F80A100AF1010A06FB06F05045DC
:10C72000F4DC00BFB8E770B598B006460C46154675
:10C730000AA8EDF751FB00BFFF2211461046EAF7A9
:10C74000ECFD0090BDF8001008460190BDF8040013
:10C75000ADF82C0022460AA93046EDF721FB02A8CD
:10C76000ECF72EFB00202B46224602A90090304613
:10C77000EBF772FF18B070BDF0B591B006463546C4
:10C780004FF4E027652239463046F6F761FE1090F7
:10C79000109804465CB918493046E7F7F1FD50207F
:10C7A000405D20F00100401C5021485522E001A8C6
:10C7B000E7F72EFE294601A8E7F7E1FE0E4901A89A
:10C7C000E7F7AFFE214601A8E7F7BFFE00BF0E94D2
:10C7D00000BF0022012101A8E7F7C9FE074901A80F
:10C7E000E7F7A3FE01A84FF6FF71818700BFE7F7C7
:10C7F000D9FE00BF11B0F0BD9B700008FB440108DA
:10C800000EB5FE4890F8200000F0010040B1FC4851
:10C81000EAF7E0FC0190FB48BDF80410018008E055
:10C8200004211220F9F77CF90290F648BDF80810AF
:10C830000180F24890F8200000F0010048B1052185
:10C840001220F9F76DF90190EF48BDF8041001804E
:10C8500008E004211220F9F739F90290EA48BDF8FE
:10C8600008100180E54890F8200000F0010040B178
:10C87000E648EAF7AFFC0190E548BDF804100180F6
:10C8800006E0EAF753FF0290E148BDF80810018086
:10C89000DA4890F8200000F0010040B1DD48EAF7E6
:10C8A00099FC0190DC48BDF80410018008E00221E9
:10C8B0001220F9F735F90290D748BDF80810018029
:10C8C000002046215023D54ACDE90010D449D5484F
:10C8D000FBF740FB002000905023D04AD049019044
:10C8E000D148FBF737FBD1480068D03001F058FE43
:10C8F000CC49CE480068D030FBF717FBCB48006826
:10C90000D83001F04DFEC849C8480068D830FBF760
:10C910000CFBC6480068083001F042FEB74890F8AA
:10C92000200000F0010028B102211220F9F7CEF812
:10C93000029003E01220F9F71FF90290BB48029918
:10C9400000680830FBF75FF847F6FF71B7480068EA
:10C950000830FBF756FAA948C06807210190EBF7A9
:10C96000E8F901460290B14800680830FBF735F954
:10C97000A248C06805210190EBF7DBF9014602905F
:10C98000AA4800680830FBF7DAFA6621A748006871
:10C990000830FBF75DF8A449A44800680830FBF7AD
:10C9A000C4FAA2480068103001F0FAFDFF219F4848
:10C9B00000681030FBF74CF89C48006801F0F0FD6F
:10C9C000FF219A480068FBF743F88E48008801462B
:10C9D000029096480068FBF716F88B4800880146DD
:10C9E000029092480068FBF766FA914800780128A7
:10C9F00006D18248C0680E210190EBF79AF910E049
:10CA00008B480078022806D17C48C0680C21019030
:10CA1000EBF78FF905E07948C0680A210190EBF740
:10CA200088F90146029081480068FBF72EF980489A
:10CA30000078012806D17148C0680E210190EBF7FB
:10CA400078F910E07A480078022806D16B48C0686F
:10CA50000C210190EBF76DF905E06848C0680A21E8
:10CA60000190EBF766F90146029070480068FBF709
:10CA7000D3F86E480068183001F092FD6C480078D9
:10CA8000012806D15D48C0680C210190EBF751F9EF
:10CA900005E05A48C06808210190EBF74AF90146C1
:10CAA0000290624800681830FBF7ABF9FF215F483D
:10CAB00000681830FAF7CCFF55480088014602900C
:10CAC0005A4800681830FAF79EFF5348008801461C
:10CAD0000290564800681830FAF7C4FF4748C0680B
:10CAE00002210190EBF725F9014602904F480068BA
:10CAF0001830FAF7E2FF01214C4800681830FAF7C5
:10CB0000C8FF414800880146029048480068183034
:10CB1000FBF7D1F946480078012806D13748C068AC
:10CB200018210190EBF705F910E041480078022840
:10CB300006D13248C06814210190EBF7FAF805E0FD
:10CB40002E48C06810210190EBF7F3F801460290DF
:10CB5000364800681830FBF740F83548007801285F
:10CB600006D12648C0680E210190EBF7E2F810E0EC
:10CB70002F480078022806D12048C0680C21019077
:10CB8000EBF7D7F805E01D48C0680A210190EBF7E4
:10CB9000D0F801460290254800681830FBF775F878
:10CBA00023480078012806D11448C0680E2101905E
:10CBB000EBF7BFF810E01E480078022806D10F48B6
:10CBC000C0680C210190EBF7B4F805E00B48C06891
:10CBD0000A210190EBF7ADF8014602901348006876
:10CBE0001830FBF719F81220F8F7C6FF014602903B
:10CBF0000E4800681830FAF794FF1BE09C440020B0
:10CC00001A171500EA010020EC010020302B280043
:10CC1000EE01002037322F00F0010020CF44010840
:10CC2000A40D0308C0440020D4440020E4010020E7
:10CC3000E8010020F848C06801210190EBF779F87D
:10CC400001460290F54800681830FAF777FFF3487C
:10CC50000068A03001F0A4FCEF480169EF480068CB
:10CC6000A030FAF78CFFEC48C06803210190EBF785
:10CC700060F801460290E9480068A030FAF7A2FF88
:10CC8000E548C06803210190EBF753F80146029094
:10CC9000E2480068A030FAF78AFF7F21DF48006889
:10CCA000A030FAF779FFDD480068A83001F078FC81
:10CCB000D948408A01460290D8480068A830FAF75F
:10CCC0005EFFD548C06803210190EBF732F80146BA
:10CCD0000290D2480068A830FAF774FF7F21CF484D
:10CCE0000068A830FAF758FFCC480068203001F0FF
:10CCF00057FCCB480078012806D1C748C0681021EE
:10CD00000190EBF716F810E0C5480078022806D12C
:10CD1000C148C0680C210190EBF70BF805E0BE4854
:10CD2000C06808210190EBF704F801460290BB4867
:10CD300000682030FBF765F8FF21B8480068203014
:10CD4000FAF786FEB748008801460290B3480068AB
:10CD50002030FAF758FEB04890F8200000F00100AB
:10CD6000E8BB1220F8F708FF01460290AB480068C4
:10CD70002030FBF750F80020EBF706F900EB4000FD
:10CD80005030A02190FBF1F0012809DD0020EBF7E5
:10CD9000FBF800EB40005030A02190FBF1F000E0E8
:10CDA000012000B2014602909C4800682030FBF749
:10CDB00060F87F21994800682030FBF744F8002094
:10CDC000EBF7E2F8502101EB8000A02190FBF1F09D
:10CDD00001280BDD0020EBF7D7F8502100E015E02B
:10CDE00001EB8000A02190FBF1F000E0012000B2F7
:10CDF00001908948C06800900199EAF79AFF0146BE
:10CE00000290864800682030FBF712F886480088B8
:10CE100001460290814800682030FBF74CF88048BA
:10CE20000078012806D17C48C06818210190EAF7F3
:10CE300080FF10E07A480078022806D17648C06862
:10CE400014210190EAF775FF05E07348C0681021CE
:10CE50000190EAF76EFF01460290704800682030AA
:10CE6000FAF7F1FE6E480078012806D16A48C068DA
:10CE70000E210190EAF75DFF10E069480078022872
:10CE800006D16548C0680C210190EAF752FF05E021
:10CE90006148C0680A210190EAF74BFF0146029001
:10CEA0005E4800682030FAF706FF5B48C06805213D
:10CEB0000190EAF73EFF0146029058480068203092
:10CEC000FAF7AAFE5448C06805210190EAF731FF3D
:10CED00001460290514800682030FAF7D6FE5349C7
:10CEE0005348EAF775F953495348EAF771F94B4843
:10CEF0000068583001F054FB4D49484800685830EC
:10CF0000FAF7F0FD2321454800685830FAF7F4FDA0
:10CF100042480068603001F043FB47493F480068E1
:10CF20006030FAF7DFFD7F213C4800686030FAF797
:10CF3000E3FD3A480068C03001F032FB0121374878
:10CF40000068C030FAF7C4FD012134480068C030E1
:10CF5000FAF79FFD31480068803001F021FB30482E
:10CF60000078012806D12C48C06818210190EAF702
:10CF7000E0FE10E02A480078022806D12648C06862
:10CF800014210190EAF7D5FE05E02348C06810217E
:10CF90000190EAF7CEFE01460290204800688030FA
:10CFA000FAF71BFE1E480078012806D11A48C0680F
:10CFB00018210190EAF7BDFE10E019480078022818
:10CFC00006D11548C06814210190EAF7B2FE05E0C9
:10CFD0001148C06810210190EAF7ABFE01460290AB
:10CFE0000E4800688030FAF750FE0D48007801289E
:10CFF00006D10948C06818210190EAF79AFE23E09B
:10D0000007480078022819D10348C068142101900C
:10D01000EAF78FFE18E000009C440020E4010020A5
:10D02000E8010020F0010020EC0100201971000847
:10D03000F4010020C51E0108FC010020FE48C06864
:10D0400010210190EAF775FE01460290FB48006846
:10D050008030FAF7E1FDF9480068783001F0A0FA75
:10D06000F7480078012806D1F348C0680E210190E6
:10D07000EAF75FFE10E0F2480078022806D1EE4899
:10D08000C0680C210190EAF754FE05E0EA48C06848
:10D090000A210190EAF74DFE01460290E748006838
:10D0A0007830FAF79AFDE6480078012806D1E24880
:10D0B000C0680E210190EAF73CFE10E0E0480078DD
:10D0C000022806D1DC48C0680C210190EAF731FE45
:10D0D00005E0D948C0680A210190EAF72AFE014616
:10D0E0000290D64800687830FAF7A1FDD34800686E
:10D0F000883001F055FAD048C0680A210190EAF75B
:10D1000018FE01460290CD4800688830FAF7BDFD50
:10D11000C948C0680A210190EAF70BFE0146029057
:10D12000C64800688830FAF777FDC4480068903038
:10D1300001F036FAC048C06814210190EAF7F9FD01
:10D1400001460290BD4800689030FAF7CDFEBB481A
:10D150000068983001F024FA0221B848006898303D
:10D16000FAF79EFEB5480068683001F019FA002110
:10D17000B24800686830FAF730FD0021AF48006817
:10D180006830FAF782FD0021AC4800686830FAF791
:10D1900043FDAA480068703001F002FAA848007800
:10D1A000012806D1A448C06808210190EAF7C1FD12
:10D1B00010E0A3480078022806D19F48C0680621E5
:10D1C0000190EAF7B6FD05E09B48C0680221019096
:10D1D000EAF7AFFD01460290984800687030FAF710
:10D1E000FCFC97480078012806D19348C0680821C4
:10D1F0000190EAF79EFD10E091480078022806D1E0
:10D200008D48C06806210190EAF793FD05E08A4841
:10D21000C06802210190EAF78CFD01460290874820
:10D2200000687030FAF731FD85480078012806D192
:10D230008148C06808210190EAF77BFD10E0804832
:10D240000078022806D17C48C06806210190EAF7E0
:10D2500070FD05E07848C06802210190EAF769FD99
:10D2600001460290754800687030FAF7D5FC7348A3
:10D270000068283001F094F96F4801696F48006830
:10D280002830FAF7C0FBEAF751FA014602906B48E2
:10D2900000682830FAF70FFEFF2168480068283040
:10D2A000FAF7D6FB65480068303001F079F962483A
:10D2B0000169624800683030FAF7A5FB5E480169F1
:10D2C0005E4800683030FAF7F6FD33215B480068AD
:10D2D0003030FAF7BDFB59480068383001F060F98A
:10D2E0005548408A01460290544800683830FAF7A1
:10D2F0008AFBEAF71BFA0146029050480068383072
:10D30000FAF7D9FDFF214D4800683830FAF7A0FB45
:10D310004A480068403001F043F94748408A0146D6
:10D320000290464800684030FAF76DFB4248408A58
:10D3300001460290414800684030FAF7BCFD3321B5
:10D340003E4800684030FAF783FB3C4800684830AC
:10D3500001F026F93B4800880146029037480068F2
:10D360004830FAF750FBFF21344800684830FAF79C
:10D370006FFB35480088014602903048006848300D
:10D38000FAF799FD2D480068503001F009F92F484F
:10D39000008801460290294800685030FAF733FBB4
:10D3A000FF21264800685030FAF752FB26480088D3
:10D3B00001460290214800685030FAF77CFD1F4872
:10D3C0000068B03001F0ECF847F6FF711B480068C8
:10D3D000B030FAF716FD19480068B83001F0E0F8EF
:10D3E000002116480068B830FAF70BFD13480068B2
:10D3F000C83001F0D5F81048C06803210190EAF761
:10D4000098FC014602900D480068C830FAF782FD8A
:10D410000948C06803210190EAF78BFC014602909D
:10D4200006480068C830FAF76AFD04480068F03022
:10D4300001F0B6F800480BE09C440020E401002015
:10D44000E8010020F0010020EC010020EE010020A6
:10D450000169FE480068F030FAF7D5FAFF21FB4871
:10D460000068F030FAF7F4FAF948C0680621019034
:10D47000EAF75FFC01460290F4480068F030FAF7E2
:10D48000ACFB47F6FF71F1480068F030FAF7B9FCE1
:10D49000EE480068E03001F083F8C821EB480068EE
:10D4A000E030FAF784FAE9480068E83001F078F8EB
:10D4B0007821E6480068E830FAF779FAE34800682E
:10D4C00000F5807001F06CF8E24800880146029097
:10D4D000DE48006800F58070FAF773FADC48C0682F
:10D4E0000F210190EAF725FC01460290D748006819
:10D4F00000F58070FAF77CFA0121D448006800F545
:10D500008070FAF76BFAD148006800F5847001F07A
:10D5100047F8CF480169CD48006800F58470FAF7F4
:10D5200050FACA48006800F5987001F039F84FF4D5
:10D530008271C648006800F59870FAF70AFBC34884
:10D54000006800F59C7001F02BF8C148C068032109
:10D550000190EAF7EEFB01460290BC48006800F536
:10D560009C70FAF73AFBBA48C06802210190EAF7CA
:10D57000E0FB01460290B548006800F59C70FAF7A0
:10D580009CFAB3480169B148006800F59C70FAF74D
:10D5900069FAB148008801460290AC48006800F57D
:10D5A0009C70FAF730FAFF21A848006800F59C70DB
:10D5B000FAF74EFAA9480078012806D1A448C068B5
:10D5C0000C210090EAF7B5FB05E0A148C0680821EE
:10D5D0000090EAF7AEFB029000EBD070401000B272
:10D5E000014601909948006800F59C70FAF709FC23
:10D5F0009648006800F5A07000F0D2FF98A193480B
:10D60000006800F5A070FAF718FAEAF78FF80146FB
:10D6100002908E48006800F5A070FAF74CFC8C4828
:10D620004069014602908948006800F5A070FAF749
:10D6300050FC8648006800F5A47000F0B1FF8448F3
:10D64000C06804210190EAF774FB404200B2014631
:10D6500002907E48006800F5A470FAF7BEFAEAF777
:10D6600065F8014602907948006800F5A470FAF761
:10D67000CAF97648006800F5A87000F091FF012112
:10D680007248006800F5A870FAF758FA75480088E3
:10D69000014602906D48006800F5A870FAF741FA5B
:10D6A0006A48006800F5947000F07AFF002167482E
:10D6B000006800F59470FAF7ECF96548C0680A2133
:10D6C0000190EAF736FB014602906048006800F5D9
:10D6D0009470FAF7A1FA5F480088014602905B480F
:10D6E000006800F59470FAF71CFA5848006800F5D5
:10D6F000887000F055FF5648C06803210190EAF792
:10D7000018FB014602905148006800F58870FAF74E
:10D7100015FA4F48C06803210190EAF70AFB014659
:10D7200002904A48006800F58870FAF76AFB48489A
:10D73000C06808210190EAF7FCFA014602904348CC
:10D74000006800F58870FAF79FFB4148C068022125
:10D750000190EAF7EEFA014602903C48006800F5B5
:10D760008870FAF759FA3948006800F58C7000F0B3
:10D7700017FF47F6FF713548006800F58C70FAF71F
:10D7800040FB3348C06808210190EAF7D2FA01460D
:10D7900002902E48006800F58C70FAF775FB2C4853
:10D7A00001692A48006800F58C70FAF72CF9FF210E
:10D7B0002648006800F58C70FAF74AF9234800689B
:10D7C00000F5907000F0ECFE2148C0680121019046
:10D7D000EAF7AFFA014602901C48006800F5907025
:10D7E000FAF7ACF91F480088014602901748006814
:10D7F00000F59070FAF795F91548C068022101907C
:10D80000EAF797FA014602901048006800F5907018
:10D81000FAF7E3F91220F8F7AFF9014602900B4846
:10D82000006800F59070FAF746FB0848006800F5BC
:10D83000D07000F0B5FE00210448006800F5D070FB
:10D84000FAF7CBF90021014800680DE0E40100205F
:10D850009C440020F0010020EE010020E80100209F
:10D86000EF808C00EC01002000F5D070FAF7DFF9B2
:10D870000021FE48006800F5D070FAF7C2FA0121D5
:10D88000FA48006800F5D070FAF722F90021F7484D
:10D89000006800F5D070FAF706F9F448006800F562
:10D8A000EC7000F07DFEF2480078012806D1F148C6
:10D8B000C0680C210190EAF73CFA05E0ED48C06829
:10D8C00008210190EAF735FA01460290E74800681E
:10D8D00000F5EC70FAF795FA0121E448006800F5CC
:10D8E000EC70FAF7F5F8FF21E048006800F5EC70FD
:10D8F000FAF7AEF8E048008801460290DB4800687D
:10D9000000F5EC70FAF77FF8DC48008801460290D9
:10D91000D648006800F5EC70FAF7CDFAD3480068F5
:10D9200000F5D47000F03CFED1480078012806D103
:10D93000D048C0680E210190EAF7FBF910E0CC480E
:10D940000078022806D1CB48C0680C210190EAF784
:10D95000F0F905E0C748C0680A210190EAF7E9F943
:10D9600001460290C148006800F5D470FAF76BF9DF
:10D97000BF480078012806D1BE48C0680E2101903A
:10D98000EAF7D7F910E0BA480078022806D1B9487A
:10D99000C0680C210190EAF7CCF905E0B548C068F1
:10D9A0000A210190EAF7C5F901460290AF480068E4
:10D9B00000F5D470FAF77FF9AD480078012806D158
:10D9C000AC48C0680E210190EAF7B3F910E0A8480E
:10D9D0000078022806D1A748C0680C210190EAF718
:10D9E000A8F905E0A348C0680A210190EAF7A1F967
:10D9F000014602909D48006800F5D470FAF717F9C7
:10DA00009C48C06801210190EAF793F90146029011
:10DA10009648006800F5D470FAF74FF8192193483A
:10DA2000006800F5D470FAF72AF894480088014697
:10DA300002908E48006800F5D470FAF713F80021C0
:10DA40008A48006800F5D470FAF72DF88748006816
:10DA500000F5D87000F0A4FD00218448006800F5AE
:10DA6000D870FAF7BAF800218048006800F5D8703D
:10DA7000FAF7DDF87F48C06801210190EAF759F90B
:10DA8000014602907948006800F5D870FAF715F859
:10DA900019217648006800F5D870F9F7F0FF77484B
:10DAA0000088014602907148006800F5D870F9F7C7
:10DAB000D9FF08216D48006800F5D870F9F7F3FF29
:10DAC0006A48006800F5DC7000F06AFD00216748D4
:10DAD000006800F5DC70FAF780F800216348006800
:10DAE00000F5DC70FAF7A3F86048006800F5E47010
:10DAF00000F056FD5E480078012806D15D48C068F8
:10DB00000E210190EAF715F910E059480078022833
:10DB100006D15848C0680C210190EAF70AF905E0DF
:10DB20005448C0680A210190EAF703F901460290BF
:10DB30004E48006800F5E470FAF785F84C48007824
:10DB4000012806D14B48C06808210190EAF7F1F896
:10DB500010E047480078022806D14648C0680621F0
:10DB60000190EAF7E6F805E04248C068022101901A
:10DB7000EAF7DFF8014602903C48006800F5E470DF
:10DB8000FAF799F83A480078012806D13948C06870
:10DB90000E210190EAF7CDF810E035480078022810
:10DBA00006D13448C0680C210190EAF7C2F805E0BC
:10DBB0003048C0680A210190EAF7BBF8014602909C
:10DBC0002A48006800F5E470FAF731F82748006841
:10DBD00000F5E87000F0E4FC25480078012806D143
:10DBE0002448C06808210190EAF7A3F810E0204813
:10DBF0000078022806D11F48C06806210190EAF784
:10DC000098F805E01B48C06802210190EAF791F8F6
:10DC1000014602901548006800F5E870FAF713F81D
:10DC200013480078012806D11248C06808210190E5
:10DC3000EAF77FF810E00E480078022806D10D4878
:10DC4000C06806210190EAF774F805E00948C06849
:10DC500002210190EAF76DF801460290034800683E
:10DC600000F5E870FAF727F8002109E0E401002048
:10DC7000E80100209C440020EE010020EC0100207F
:10DC8000FC48006800F5E870FAF7DDF80021F94873
:10DC9000006800F5E870F9F7DBFEF74800880146F8
:10DCA0000290F448006800F5E870FAF704F9F148CA
:10DCB000006800F5E07000F073FC0021ED4800689A
:10DCC00000F5E070F9F7BFFF0021EA48006800F5B1
:10DCD000E070F9F7ACFFE748006800F5F07000F07D
:10DCE0005FFC3321E348006800F5F070F9F7B0FEFF
:10DCF0001220F7F741FF01460290DE48006800F568
:10DD0000F070F9F780FEDB48006800F5F47000F071
:10DD100047FC0021D748006800F5F470F9F798FE39
:10DD2000D6480078012806D1D548C068082101905E
:10DD3000E9F7FFFF10E0D1480078022806D1D0486B
:10DD4000C06806210190E9F7F4FF05E0CC48C068FF
:10DD500002210190E9F7EDFF01460290C5480068F5
:10DD600000F5F470F9F7A7FFC248006800F5B0703D
:10DD700000F016FCC248C06805210190E9F7D9FF00
:10DD800001460290BB48006800F5B070F9F7D6FE76
:10DD9000B948008801460290B648006800F5B070A6
:10DDA000F9F7BFFEB648C06814210190E9F7C1FF3A
:10DDB00001460290AF48006800F5B070FAF764F8C9
:10DDC000AF48C0680F210190E9F7B3FF0146029008
:10DDD000A848006800F5B070F9F741FFA548006851
:10DDE00000F5B47000F0DCFB47F6FF71A148006855
:10DDF00000F5B470FAF705F89F48008801460290D4
:10DE00009C48006800F5B470F9F7FDFDFF219948C2
:10DE1000006800F5B470F9F71BFE9948C0680F213F
:10DE20000190E9F786FF014602909248006800F5EC
:10DE3000B470FAF729F88F48006800F5AC7000F06C
:10DE4000AFFB8F48C06801210190E9F772FF0146DE
:10DE500002908848006800F5AC70F9F72EFE8948FA
:10DE60000088014602908348006800F5AC70F9F71D
:10DE7000F9FD03217F48006800F5AC70F9F713FE47
:10DE80007C48006800F5B87000F08AFB7A4800888A
:10DE9000014602907748006800F5B870F9F7E2FD96
:10DEA0007748C06802210190E9F743FF01460290DC
:10DEB0007048006800F5B870F9F7FFFD7048C06859
:10DEC00001210190E9F735FF404200B2014602907E
:10DED0006848006800F5B870F9F7C1FE042165488C
:10DEE000006800F5B870F9F7DEFD4FF4C8716148BD
:10DEF000006800F5B870F9F75AFD5E48006800F553
:10DF0000BC7000F04DFB5E4890F8200000F001006E
:10DF100028B102211220F7F7D9FD029004E0012177
:10DF20001220F7F7FDFD029052480299006800F5B3
:10DF3000BC70F9F7C0FF4F48006800F5C07000F0F2
:10DF40002FFB4E480078012806D14D48C0680E21AD
:10DF50000190E9F7EEFE10E048480078022806D16B
:10DF60004748C0680C210190E9F7E3FE05E044480A
:10DF7000C0680A210190E9F7DCFE014602903D48A5
:10DF8000006800F5C070F9F728FE3C4800780128C9
:10DF900006D13B48C0680E210090E9F7CAFE10E0A8
:10DFA00036480078022806D13548C0680C21009018
:10DFB000E9F7BFFE05E03248C0680A210090E9F7A2
:10DFC000B8FE029000EBD070401000B20146019004
:10DFD0002848006800F5C070F9F729FE2548006858
:10DFE00000F5C47000F0DCFA2548C06801210190FA
:10DFF000E9F79FFE014602901E48006800F5C470D4
:10E00000F9F75BFD1F480088014602901948006837
:10E0100000F5C470F9F726FD1B4800880146029000
:10E020001448006800F5C470F9F7EDFC332111487D
:10E03000006800F5C470F9F70BFD0E48006800F5A4
:10E04000C87000F0ADFA0D480078012806D10C48E0
:10E05000C0680E210190E9F76CFE1DE007480078CA
:10E06000022813D10648C0680C210190E9F761FE2F
:10E0700012E00000E4010020EC010020E801002093
:10E080009C440020F0010020EE010020F848C06808
:10E090000A210190E9F74DFE01460290F54800681B
:10E0A00000F5C870F9F7CFFDF3480078012806D1D4
:10E0B000EF48C0680E210190E9F73BFE10E0EE4802
:10E0C0000078022806D1EA48C0680C210190E9F7DF
:10E0D00030FE05E0E648C0680A210190E9F729FE14
:10E0E00001460290E348006800F5C870F9F7D8FDD2
:10E0F000E1480078012806D1DD48C0680821019078
:10E10000E9F717FE10E0DC480078022806D1D8486D
:10E11000C06806210190E9F70CFE05E0D448C0680C
:10E1200002210190E9F705FE01460290D1480068FE
:10E1300000F5C870F9F765FDCF480078012806D1D1
:10E14000CB48C0680E210190E9F7F3FD10E0CA4802
:10E150000078022806D1C648C0680C210190E9F772
:10E16000E8FD05E0C248C0680A210190E9F7E1FD39
:10E1700001460290BF48006800F5C870F9F757FDE6
:10E18000BC48006800F5CC7000F00AFAB848C068D6
:10E190000A210190E9F7CDFD01460290B5480068DB
:10E1A00000F5CC70F9F724FCB248006800F5FC706B
:10E1B00000F0F6F9AE48C06804210190E9F7B9FD16
:10E1C00001460290AB48006800F5FC70F9F705FDC8
:10E1D000A848006800F5F87000F0E2F964200190AA
:10E1E0000198002805DA0198C0F57A7040F40050D3
:10E1F00002E0019840F4005000B2014602909D48B0
:10E20000006800F5F870F9F7AFFC9A48006800F56F
:10E21000007000F0C5F91220F7F7AEFC014602903D
:10E220009448006800F50070F9F7EDFB7F219148F4
:10E23000006800F50070F9F70BFC8E48006800F5E7
:10E24000027000F0ADF900218A48006800F5027004
:10E25000F9F70FFE88480078032816D18648007821
:10E26000012806D18248C0680C210090E9F761FDC1
:10E2700005E07F48C06808210090E9F75AFD029048
:10E28000029800EBD070401010E07B480078012825
:10E2900006D17748C0680C210090E9F74AFD05E0F7
:10E2A0007348C06808210090E9F743FD00B20146B9
:10E2B00001907048006800F50270F9F7A2FD6D4802
:10E2C000006800F50E7000F06BF969480169694853
:10E2D000006800F50E70F9F7C5FB6548C0680221BB
:10E2E0000190E9F726FD400000B201460290614826
:10E2F000006800F50E70F9F7E0FB01215D48006849
:10E3000000F50E70F9F7CFFB5A48006800F50C7065
:10E3100000F046F95648C06802210190E9F709FD6E
:10E32000404200B2014602905248006800F50C706D
:10E33000F9F73DFC4F48006800F5047000F030F933
:10E340004D480078012806D14948C068182101903D
:10E35000E9F7EFFC10E048480078022806D144486D
:10E36000C06814210190E9F7E4FC05E04048C0686A
:10E3700010210190E9F7DDFC014602903D4800685C
:10E3800000F50470F9F75FFC00213A48006800F5D9
:10E390000470F9F790FC00213648006800F504701D
:10E3A000F9F745FC01213348006800F50470F9F7DE
:10E3B0008FFB3048006800F5067000F0F1F82C483B
:10E3C000C06801210190E9F7B4FC01460290294898
:10E3D000006800F50670F9F770FB284800880146D0
:10E3E00002902448006800F50670F9F73BFB012114
:10E3F0002048006800F50670F9F755FB1E480078C4
:10E40000012806D11A48C0680E210190E9F791FC55
:10E4100010E019480078022806D11548C0680C2180
:10E420000190E9F786FC05E01148C0680A210190D7
:10E43000E9F77FFC014602900E48006800F506707F
:10E44000F9F7CBFB0C480078012806D10848C068D2
:10E450000E210190E9F76DFC18E0074800780228CA
:10E460000ED10348C0680C210190E9F762FC0DE071
:10E470009C440020E4010020E8010020F00100207D
:10E480004448C0680A210190E9F753FC0146029014
:10E490004148006800F50670F9F7BEFB3E48006889
:10E4A00000F5087000F07CF83C480078012806D19F
:10E4B0003848C06818210190E9F73BFC10E0374864
:10E4C0000078022806D13348C06814210190E9F78A
:10E4D00030FC05E02F48C06810210190E9F729FCC5
:10E4E000014602902C48006800F50870F9F712FD0B
:10E4F0002948006800F5107000F052F8FF21264806
:10E50000006800F51070F9F7A3FAE9F70FF9014672
:10E5100002902148006800F51070F9F774FA122093
:10E52000F7F72AFB014602901B48006800F51070BF
:10E53000F9F776FA47F6FF711748006800F5107092
:10E54000F9F75FFC1348C0680F210190E9F7F1FB70
:10E55000014602901048006800F51070F9F789FC38
:10E56000E9F7E4F8014602900B48006800F51070E6
:10E57000F9F751FC0748C06805210190E9F7D9FB7C
:10E58000014602900448006800F51070F9F766FC37
:10E590000EBD00009C440020E4010020E8010020A2
:10E5A00010B504460548007818B12046F9F7E9F996
:10E5B00002E02046F9F7A4F810BD0000F2010020A7
:10E5C0002DE9F04107460C462046F3F71DFCB0B993
:10E5D0000022FE4801682046F2F7B3F84FF480327B
:10E5E000FA48016808312046F2F7ABF8F84AF748D4
:10E5F000016810312046F2F7A4F8BDE8F081F54932
:10E600002046F2F7B3FC002876D02046F3F7FCFB57
:10E610000546F1492846F2F7A9FC00B1EDE7284686
:10E62000F3F7F2FB0646EC49F2F7A0FCB0B100228A
:10E63000E648016880312046F2F783F84FF48032D3
:10E64000E248016808312046F2F77BF8E04ADF48EB
:10E65000016810312046F2F774F8CEE72046F3F750
:10E660008CFBB0B92046F3F7CFFB0646DB49F2F747
:10E670007DFC70B10022D548016848312046F2F790
:10E6800060F80022D148016870312046F2F759F84D
:10E69000B3E72046F3F771FB012824D12046F3F7B6
:10E6A000B3FB0646CD49F2F761FCE0B10022C74852
:10E6B00001682046F2F745F80022C448016880311D
:10E6C0002046F2F73EF84FF48032C0480168083126
:10E6D0002046F2F736F8BE4ABC48016810312046A1
:10E6E000F2F72FF889E72046F3F78EFB0646BC4980
:10E6F000F2F73CFC08B180E717E00022B34801685C
:10E7000018312046F2F71DF84FF48032AF48016807
:10E7100008312046F2F715F8AD4AAC4801681031CF
:10E720002046F2F70EF801F02FB8AE492046F2F776
:10E730001DFC002860D00022A4480168203120463A
:10E74000F1F7FFFF0022A148016828312046F1F7C8
:10E75000F8FF00229D480168D0312046F1F7F1FF13
:10E7600020229A48016858312046F1F7EAFF20221A
:10E7700096480168D8312046F1F7E3FF0422934818
:10E780000168A0312046F1F7DCFF20228F480168A4
:10E79000C8312046F1F7D5FF01228C480168383195
:10E7A0002046F1F7CEFF802288480168603120467C
:10E7B000F1F7C7FF2046F3F727FB05468A49F2F732
:10E7C000D5FB40B92046F3F71FFB05468749F2F712
:10E7D000CDFB0028A7D000227C48016801F5E87134
:10E7E0002046F1F7AEFF20227848016801F5F0716C
:10E7F0002046F1F7A6FF96E77D492046F2F7B6FBE3
:10E8000040B100227148016801F5A8712046F1F776
:10E8100098FF88E777492046F2F7A8FB00287DD0CB
:10E820002046F3F7F1FA05467349F2F79FFBE0B390
:10E8300000226648016801F5FC712046F1F781FF6E
:10E8400000226248016888312046F1F77AFF4FF4D0
:10E85000A0225E48016820312046F1F772FF674A26
:10E860005A48016858312046F1F76BFF634A60321D
:10E870005648016860312046F1F763FF5F4A1F3A4E
:10E880005248016828312046F1F75BFF5B4A1C3A89
:10E890004E48016830312046F1F753FF574A183A85
:10E8A0004A4801684031204600E002E0F1F749FFA4
:10E8B000A3E62046F3F7A8FA05464749F2F756FBC8
:10E8C00068B300224148016850312046F1F739FF12
:10E8D00004223E480168A0312046F1F732FF0422AD
:10E8E0003A48016801F50C712046F1F72AFF434AC6
:10E8F0003648016858312046F1F723FF3F4A1F3A56
:10E900003248016830312046F1F71BFF3B4A1F3A7D
:10E910002E48016801F50E71204601E0C4E01BE0BD
:10E92000F1F70FFF354A1C3A28480168A03120460C
:10E93000F1F707FF314A183A24480168A831204608
:10E94000F1F7FFFE2D4A1C3A2048016801F50C71D1
:10E950002046F1F7F6FE50E62046F3F755FA054655
:10E960001F49F2F703FB78B300221848016801F54C
:10E97000C0712046F1F7E5FE042214480168A03179
:10E980002046F1F7DEFE082210480168A831204633
:10E99000F1F7D7FE4FF4A0220C48016801F5C471CD
:10E9A0002046F1F7CEFE154A084801685831204646
:10E9B000F1F7C7FE114A6032044801686031204611
:10E9C000F1F7BFFE0D4A1BE029E00000E401002042
:10E9D00040000100380C0308F01303084414030836
:10E9E000BC0D0308104C03082C1303081013030874
:10E9F000D44C03082C4C03086413030820000500C2
:10EA00001C3AFE480168A0312046F1F79AFEFC4A04
:10EA1000FA480168A8312046F1F793FEEDE500229F
:10EA2000F648016818312046F1F78BFE0422F348BE
:10EA30000168A0312046F1F784FE0822EF48016802
:10EA4000A8312046F1F77DFE4FF4A022EB48016883
:10EA500020312046F1F775FEE94A7832E74801682F
:10EA600060312046F1F76DFEE54A1832E34801684F
:10EA700058312046F1F765FEE14AD21FDF480168B0
:10EA800028312046F1F75DFEDD4A121FDB480168A0
:10EA9000A0312046F1F755FED94AD8480168A8317F
:10EAA0002046F1F74EFE3EE6D6492046F2F75EFAE2
:10EAB00060B30022D148016830312046F1F741FEB1
:10EAC0000022CE480168B0312046F1F73AFE042218
:10EAD000CA480168A0312046F1F733FE0822C74832
:10EAE0000168A8312046F1F72CFE4FF40032C348EC
:10EAF000016828312046F1F724FE4FF40032BF4868
:10EB00000168B0312046F1F71CFE0CE6BE492046F4
:10EB1000F2F72CFAF0B30022B848016830312046F1
:10EB2000F1F70FFE0022B5480168B0312046F1F739
:10EB300008FE0422B1480168A0312046F1F701FE29
:10EB40000822AE480168A8312046F1F7FAFD4FF4DB
:10EB50000032AA48016828312046F1F7F2FD4FF44F
:10EB60000032A6480168B0312046F1F7EAFD4FF4C3
:10EB70004032A2480168F0312046F1F7E2FDA34A95
:10EB80009E480168C8312046F1F7DBFD4FF4403262
:10EB90009A4800E00CE00168D0312046F1F7D1FD41
:10EBA0009A4A96480168D8312046F1F7CAFDBAE57D
:10EBB00097492046F2F7DAF9002862D000228F4800
:10EBC000016818312046F1F7BCFD00228B4801682E
:10EBD00068312046F1F7B5FD002288480168B83158
:10EBE0002046F1F7AEFD042284480168A03120469A
:10EBF000F1F7A7FD082281480168A8312046F1F706
:10EC0000A0FD4FF480327D48016808312046F1F7BD
:10EC100098FD804A7948016810312046F1F791FD4E
:10EC20004FF4A0227548016850312046F1F789FD64
:10EC30004FF4A0227148016801F5AC712046F1F74C
:10EC400080FD4FF4A0226D48016880312046F1F725
:10EC500078FD6B4A18326948016858312046F1F74F
:10EC600070FD674A121F6548016828312046F1F798
:10EC700068FD634A6148016838312046F1F761FD5B
:10EC800051E565492046F2F771F9E8B300225B4887
:10EC9000016888312046F1F754FD04225748016885
:10ECA000A0312046F1F74DFD5C4A544801686031BF
:10ECB0002046F1F746FD4FF400325048016801F557
:10ECC0009C712046F1F73DFD544A7F3A4B4801685C
:10ECD00028312046F1F735FD504A7F3A4748016810
:10ECE00001F5A0712046F1F72CFD4C4A603A4348EB
:10ECF000016858312046F1F724FD484A603A3F4800
:10ED00000168C831204600E012E0F1F71AFD434ADD
:10ED1000603A3A480168D8312046F1F712FD4FF4C5
:10ED2000003236480168D0312046F1F70AFDFAE496
:10ED30003B492046F2F71AF9002873D000222F48E9
:10ED4000016848312046F1F7FCFC00222B4801689D
:10ED5000B0312046F1F7F5FC002228480168E8317F
:10ED60002046F1F7EEFC80222448016860312046FD
:10ED7000F1F7E7FC042221480168A0312046F1F7B1
:10ED8000E0FC264A7F3A1D48016828312046F1F709
:10ED9000D8FC4FF4003219480168B0312046F1F731
:10EDA000D0FC1E4A1548016860312046F1F7C9FCC5
:10EDB0004FF4403211480168F0312046F1F7C1FCB0
:10EDC0004FF440320D48016850312046F1F7B9FC4C
:10EDD0004FF440320948016801F5A4712046F1F76B
:10EDE000B0FC0A4A60320548016860312046F1F7FC
:10EDF000A8FC0A4A7F3A0148016814E0E4010020B7
:10EE000008000500F44B0308284D03082000030008
:10EE1000604D030840000100484C030880000200D8
:10EE2000444D03080CE0D8312046F1F78AFC4FF43A
:10EE30000032FA480168D8312046F1F782FC72E4CA
:10EE4000F7492046F2F792F8F0B30022F348016840
:10EE500018312046F1F775FC0022F048016878313E
:10EE60002046F1F76EFC0022EC48016801F5947130
:10EE70002046F1F766FC4FF48032E848016808311B
:10EE80002046F1F75EFCE74AE4480168103120466D
:10EE9000F1F757FC4FF4A022E048016801F58871B2
:10EEA0002046F1F74EFC4FF40032DC48016801F5D2
:10EEB0008C712046F1F745FC4FF4C022D748016819
:10EEC00001F59071204600E00BE0F1F73AFC4FF4B9
:10EED000E022D248016801F588712046F1F731FC43
:10EEE00021E4D1492046F2F741F890B30022CB4803
:10EEF000016818312046F1F724FC0022C748016858
:10EF0000E0312046F1F71DFC0022C4480168903131
:10EF10002046F1F716FC0022C048016898312046CF
:10EF2000F1F70FFC0422BD480168A0312046F1F73B
:10EF300008FC0822B9480168A8312046F1F701FC15
:10EF40004FF48022B548016828312046F1F7F9FBDB
:10EF500027E2FFE7B5492046F2F708F8C8B30022D8
:10EF6000AE48016818312046F1F7EBFB0022AB48B0
:10EF7000016878312046F1F7E4FB0022A7480168D8
:10EF8000D0312046F1F7DDFB2022A4480168D831BA
:10EF90002046F1F7D6FB2022A048016858312046D0
:10EFA000F1F7CFFB04229D480168A0312046F1F71C
:10EFB000C8FB082299480168A8312046F1F7C1FB37
:10EFC0004FF4003295480168D8312046F1F7B9FB7B
:10EFD000DAE3FFE796492046F1F7C8FFF0B30022D5
:10EFE0008E48016818312046F1F7ABFB00228B48B0
:10EFF0000168C0312046F1F7A4FB00228748016870
:10F0000090312046F1F79DFB00228448016801F50C
:10F0100098712046F1F795FB4FF480327F480168E4
:10F0200008312046F1F78DFB7E4A7C48016810319B
:10F030002046F1F786FB4FF4802278480168503172
:10F040002046F1F77EFB7B4A744801682831204650
:10F05000F1F777FB774A1F32704800E005E001685E
:10F0600058312046F1F76DFB8EE373492046F1F7E6
:10F070007DFF10B300226948016801F580712046C8
:10F08000F1F75FFB4FF400326448016801F58071CD
:10F090002046F1F756FB4FF400326048016801F555
:10F0A00084712046F1F74DFB4FF440325B48016814
:10F0B000F0312046F1F745FB66E360492046F1F761
:10F0C00055FFD0B100225548016801F580712046F6
:10F0D000F1F737FB4FF400325048016801F58071B9
:10F0E0002046F1F72EFB4FF400324C48016801F541
:10F0F00084712046F1F725FB46E351492046F1F79C
:10F1000035FFB8B100224548016818312046F1F7B3
:10F1100018FB002241480168B0312046F1F711FB8D
:10F120004FF400323D48016801F5B4712046F1F713
:10F1300008FB29E343492046F1F718FFE0B300221A
:10F140003648016818312046F1F7FBFA00223348AF
:10F15000016878312046F1F7F4FA04222F4801685B
:10F16000A0312046F1F7EDFA08222C480168A831B9
:10F170002046F1F7E6FA4FF480322848016808315A
:10F180002046F1F7DEFA274A24480168103120466C
:10F19000F1F7D7FA2C4A2148016801F5B8712046E9
:10F1A000F1F7CFFA4FF400221C48016801F5BC7159
:10F1B0002046F1F7C6FAE7E2FFE724492046F1F7D7
:10F1C000D5FE70B100221548016818312046F1F7CC
:10F1D000B8FA00221148016868312046F1F7B1FA07
:10F1E000D2E21B492046F1F7C1FE40B100220B4894
:10F1F000016801F5C8712046F1F7A3FAC4E2154988
:10F200002046F1F7B3FE40B100220448016801F541
:10F21000C8712046F1F795FAB6E21DE0E40100203E
:10F22000100E030840000100F04C0308644C030872
:10F23000804C030801000400D84B0308D4130308D2
:10F24000481303087C4D030802000700BC0D0308A7
:10F25000D80D0308F40D0308F6492046F1F786FEA1
:10F26000F0B30022F44801682046F1F76AFAF34847
:10F270000078012803D1F0480068783002E0EE48B9
:10F2800000687030014600222046F1F75AFA042245
:10F29000E9480168A0312046F1F753FA0822E64810
:10F2A0000168A8312046F1F74CFA4FF4A022E24859
:10F2B000016820312046F1F744FAE14ADE4801684E
:10F2C00060312046F1F73DFA4FF4A022DA48016898
:10F2D00050312046F1F735FA4FF4A022D64800E02D
:10F2E00026E0016801F502712046F1F72AFAD44AB6
:10F2F000603AD148016858312046F1F722FAD04AE5
:10F300007F3ACD48016848312046F1F71AFACC4AD5
:10F310007C3AC948016830312046F1F712FAC84AF0
:10F32000783AC548016840312046F1F70AFA2BE2E5
:10F33000C4492046F1F71AFEF8B10022BE48016820
:10F3400018312046F1F7FDF90022BB48016801F5AC
:10F3500004712046F1F7F5F94FF48032B6480168A0
:10F3600008312046F1F7EDF9B74AB348016810318A
:10F370002046F1F7E6F9FFF740B9B4492046F1F726
:10F38000F5FD78B10022AC48016848312046F1F71C
:10F39000D8F90022A848016801F508712046F1F764
:10F3A000D0F9F1E1AA492046F1F7E0FD68B3002267
:10F3B000A148016850312046F1F7C3F900229E4868
:10F3C000016801F506712046F1F7BBF904229A485D
:10F3D000016828312046F1F7B4F904229648016803
:10F3E00001F508712046F1F7ACF920229248016836
:10F3F00001F508712046F1F7A4F920228E48016832
:10F4000058312046F1F79DF9BEE192492046F1F7C7
:10F41000ADFD78B100228848016818312046F1F727
:10F4200090F900228448016801F5D0712046F1F777
:10F4300088F9A9E188492046F1F798FDB8B1002282
:10F440007D48016801F5D8712046F1F77AF94FF44B
:10F4500080327948016808312046F1F772F97A4A1A
:10F460007548016810312046F1F76BF98CE17B4952
:10F470002046F1F77BFDB8B100226F48016801F525
:10F48000DC712046F1F75DF94FF480326A4801687B
:10F4900008312046F1F755F96B4A67480168103189
:10F4A0002046F1F74EF96FE16D492046F1F75EFD18
:10F4B000F0B100226048016801F5D4712046F1F7EF
:10F4C00040F920225C48016801F5F0712046F1F70F
:10F4D00038F921225848016830312046F1F731F9D6
:10F4E00001225548016830312046F1F72AF94BE1F5
:10F4F0005C492046F1F73AFD20B95B492046F1F717
:10F5000035FD80B100224C48016801F5E4712046C8
:10F51000F1F717F920224848016801F5F0712046FB
:10F52000F1F70FF930E151492046F1F71FFDB8B16D
:10F5300000224148016801F5E0712046F1F701F928
:10F540004FF480323C48016808312046F1F7F9F861
:10F550003D4A3948016810312046F1F7F2F813E1CD
:10F5600043492046F1F702FD40B1002232480168CC
:10F5700001F5EC712046F1F7E4F805E13D4920463C
:10F58000F1F7F4FC40B100222B48016801F5F47159
:10F590002046F1F7D6F8F7E037492046F1F7E6FCC8
:10F5A00078B100222448016818312046F1F7C9F8E3
:10F5B00000222148016801F5F8712046F1F7C1F8F1
:10F5C000D9E62E492046F1F7D1FC40B100221A4875
:10F5D000016801F500712046F1F7B3F8D4E028493D
:10F5E0002046F1F7C3FC20B300221348016818310C
:10F5F0002046F1F7A6F800220F480168783120462E
:10F60000F1F79FF804220C480168A0312046F1F779
:10F6100098F8082208480168A8312046F1F791F8C7
:10F620004FF4E0220448016828312046F1F789F8B8
:10F63000AAE027E0480E0308E4010020E8010020CA
:10F6400080000500F8110308400001003012030893
:10F65000141203084C120308D8120308F41203080A
:10F66000841203082C1303081013030868120308FC
:10F67000A0120308BC120308641303089C130308B8
:10F68000B813030841492046F1F770FCA8B10022E5
:10F690003F4801682046F1F754F84FF480323C4867
:10F6A000016808312046F1F74CF83A4A38480168B9
:10F6B00010312046F1F745F866E037492046F1F76A
:10F6C00055FC78B14FF4803231480168083120464A
:10F6D000F1F737F82F4A2E48016810312046F1F72C
:10F6E00030F851E02D492046F1F740FC68B1002286
:10F6F000274801682046F1F724F8002224480168D1
:10F7000068312046F1F71DF83EE025492046F1F723
:10F710002DFC38B100221E480168C0312046F1F7A7
:10F7200010F831E01F492046F1F720FCF8B1002223
:10F730001748016801F5CC712046F1F702F8002264
:10F740001348016880312046F0F7FBFF4FF4403248
:10F750000F48016850312046F0F7F3FF4FF4403274
:10F760000B48016880312046F0F7EBFF0CE00E49B2
:10F770002046F1F7FBFB38B100220548016801F58E
:10F7800010712046F0F7DDFF00BFF4E50C1403080C
:10F79000E40100204000010028140308F0130308CE
:10F7A000441403082C0E0308DC1103082DE9F14F63
:10F7B00088B00898ECF749F807900898ECF7A6F895
:10F7C0008046CDF8188007980A2856D14046F2F7AF
:10F7D00056FA04464046F2F733FA054605A9404674
:10F7E000F2F794FBBDF914000490BDF91690204681
:10F7F00004EBD0714A100499114491FBF4F1614378
:10F800000FFA81FA284605EBD07109EB610191FBF3
:10F81000F5F1694309B203910F200290002721E01E
:10F8200039464046F2F78BF906463046F4F740F881
:10F8300001903046F4F75FF800900198504510D1E0
:10F840000399009888420CD1B3460698C0F824B0BA
:10F850009BF82400029000221C214046ECF75CF843
:10F8600005E07F1C4046F2F788F9B842D8D800BFBF
:10F8700040460299F5F72AFE00BF09B0BDE8F08FB7
:10F880000146C843401C01EA0002B2FA82F0C0F10E
:10F890002003581E7047014621B1B1FA81F0C0F132
:10F8A000200000E000200246501E704710B5D2F73D
:10F8B00047FD10BD70B505460C46D2F785FE012800
:10F8C00006D108490848D2F7C5FC0120A07301E021
:10F8D0000020A0730448008820800348408860808E
:10F8E00070BD00009C000020700100202DE9F04751
:10F8F00086B080460D46444627680026D7E0F86863
:10F9000000EBC6004068C0F3406040B1F86800EB0F
:10F91000C600406820F07F40A168884200D0C5E062
:10F92000A08847284AD00EDC34281ED006DC2028C8
:10F930003FD030283ED033287CD115E03B283CD046
:10F94000442877D138E0682810D004DC63281ED022
:10F9500067286FD112E0A0F2574060B3A0F5805045
:10F960000238002866D10AE000BF00BFFF2D02DA8E
:10F97000E068059001E0206905906CE000BFFF2D74
:10F9800002DAE068059001E02069059063E0E06834
:10F9900010B9206905900BE0206910B9E068059066
:10F9A00006E0802D02DAE068059001E0206905900C
:10F9B00051E000BF00BF00BF00BF00BF002D03DC4F
:10F9C000A089ADF8140033E0FF2D03DB208AADF8E9
:10F9D00014002DE021690191E168E8B2029100F183
:10F9E000040C4FEAEC00BDF808C04CEA0C4CDFF800
:10F9F000D4A00CEA0A01BDF804C04CEA0C4C0CEA95
:10FA00000A02A2EB010C0CFB00FC01EB5C1C0CEAF3
:10FA10000A0343EA134C1FFA8CFCCDF800C0BDF872
:10FA200000A0D446CDF80CC0BDF80C00ADF8140011
:10FA300011E0FFE715B9E06805900BE0FF2D02D15A
:10FA40002069059006E0D4E90310401A684301EBF1
:10FA50002020059000BF00BF4FF00109FA6852F85E
:10FA60003600A18804AAF7F7CBFD78B1DDE90410D0
:10FA700088420BD1BDF81400BDF81010884205D1A2
:10FA8000DDE90410884201D14FF00009FA6852F80C
:10FA90003600A188059AF8F71AF9B9F1000F04D0D9
:10FAA000A288A1682068F5F7B9F806E0761C788C82
:10FAB000C0F3C500B0423FF622AF00BF06B0BDE8BC
:10FAC000F08700001FF8E0072DE9F05F8146D9F8C4
:10FAD00000402568B4F804A04FF0000B2D48D4F77F
:10FAE00094F9064615E0A6420ED030682168884297
:10FAF0000AD1B068A168884206D1B088A18888423E
:10FB000002D14FF0010B06E031462248D4F795F9B7
:10FB10000646002EE7D100BFBBF1000F38D1002709
:10FB20002FE0E86800EBC7004068C0F3406038B3DE
:10FB3000E86800EBC700406820F07F40A168884279
:10FB40001ED121461348D4F7DFF92046EFF7AAFF6C
:10FB5000E86800EBC7085146D8F80000F7F78CFEBC
:10FB6000E96851F83700F7F7D2FD40B1D8F8040042
:10FB700020F07F422846D8F80010F5F7F8F805E0A5
:10FB80007F1C688CC0F3C500B842CAD800BF00BF54
:10FB9000BDE8F09F3C4500202DE9F04105462C686A
:10FBA000A068F5F764FF8046A28841462068F3F715
:10FBB0004FFCE060A6880020A080234632464146E4
:10FBC000206800F00DF8A680A1682068E2F717F918
:10FBD0000746A1883868E268F8F779F8BDE8F0814F
:10FBE0002DE9F05F05460E4690469A464FF0000B11
:10FBF0002848D4F72FF9044646E0544500D145E0A3
:10FC000021462448D4F720F981462068A8423AD1F9
:10FC1000A068B04202D0B6F5702F34D1A08840451C
:10FC200003D04FF6FF7080452DD1002725E0E8680E
:10FC300000EBC7004068C0F34060E8B1B6F5702F34
:10FC400007D0E86800EBC700406820F07F40B04272
:10FC500012D1EA6852F83700A188F7F70DFE0021AB
:10FC60002046E4F78DFB21460A48D4F74DF920469B
:10FC7000EFF718FF4FF0010B7F1C688CC0F3C50035
:10FC8000B842D4D800BF4C46002CB6D100BF58466D
:10FC9000BDE8F09F3C450020024610880B88C01A42
:10FCA00070472DE9F14F86B0EDF7F0FE8346BBF1CA
:10FCB000000F02D107B0BDE8F08F0698EBF7C5FD45
:10FCC00006460698EBF722FE804644465020005D2B
:10FCD000C0F3400000B9EDE75846EDF72CFF0228CD
:10FCE00004D05846EDF727FF042800D1E2E704A925
:10FCF000606AF1F7E3FF03A95846EDF7E1FE02A9B8
:10FD00005846EDF71FFFBDF90C00002803DBBDF9D5
:10FD10000E00002800DACDE7BDF80C00BDF8101089
:10FD2000401A00B2ADF80400BDF80E00BDF8121084
:10FD3000401A00B2ADF80600606AF3F7B0FD8246E3
:10FD4000656ABDF90400002803DA00274FF00109B5
:10FD500013E0BDF90400504504DB47F6FF774FF090
:10FD600001090AE001A9606AEEF78CFB87B201A9DC
:10FD7000606AEEF71BFE80F0010994F85C00C0F3A6
:10FD8000400010B394F85C0000F00100A8B9B9F18C
:10FD9000000F12D1012E10D167654FF6FF70A065DC
:10FDA00094F85C0020F00100401C84F85C004FF4E3
:10FDB00040714046F1F794F916E094F85C0000F0C9
:10FDC000010018B1022E01D1A7650DE094F85C0086
:10FDD00000F0010040B1032E01D0082E04D14FF4F1
:10FDE00040714046F0F760FC94F85C0000F00100C0
:10FDF00008B9012E03D139464046F9F769F894F85D
:10FE00005C0000F00100E8B3D4E9150188420FD985
:10FE1000E86BA16D884203D1286C616D88422AD0BD
:10FE2000A06DE863606D28644046F4F732F922E083
:10FE3000D4E9150188420FD2E86B616D884203D185
:10FE4000286CA16D884216D0606DE863A06D2864AF
:10FE50004046F4F71EF90EE04FF6FF71E86B88425A
:10FE600002D1286C884206D04FF6FF70E863286400
:10FE70004046F4F70EF9032E01D0082E07D194F86E
:10FE80005C0000E003E020F0010084F85C0000BFAB
:10FE900010E701460A69D1E901309860D1E9010310
:10FEA00058605068884201D188685060002008611D
:10FEB0001068401E10601068704700F10801416032
:10FEC0004FF0FF31816000F10801C1600161002144
:10FED0000160704700210161704710B502460B6850
:10FEE0005C1C0CB9106907E002F1080000E04068F2
:10FEF000446824689C42FAD944684C604C68A1600C
:10FF0000886041600A611468641C146010BD426816
:10FF10004A6093688B6093685960916008610368D8
:10FF20005B1C03607047000010B500BF502080F3D9
:10FF30001188BFF34F8FBFF36F8F00BF0B4800686E
:10FF4000401C0A4908600846006801280DD108488D
:10FF50000068C0B208B9012000E0002028B94FF4C1
:10FF6000BD7204A10AA0D0F79BFA10BD8400002046
:10FF700004ED00E04672656552544F535C706F7239
:10FF80007461626C655C706F72742E6300000000B7
:10FF90004572726F723A25732C25640D0A000000B9
:10FFA00010B50B48006828B940F2811209A110A0D1
:10FFB000D0F776FA06480068401E054908600846F2
:10FFC000006820B9002080F3118800BF00BF10BD79
:10FFD000840000204672656552544F535C706F7206
:10FFE0007461626C655C706F72742E630000000057
:10FFF0004572726F723A25732C25640D0A00000059
:020000040803EF
:1000000070B506463546002E35D0083D2C461A49B7
:1000100060680968084008B1012000E0002028B9A4
:100020004FF4A07215A11CA0D0F73AFA206808B9C5
:10003000012000E0002028B940F241120FA116A0D3
:10004000D0F72EFA0C4960680968084098B120681A
:1000500088B90949606809688843606000F0C6F89B
:1000600011496068096808440F4908602046FBF799
:1000700095F800F053FB70BD800000204672656566
:1000800052544F535C706F727461626C655C68654A
:1000900061705F342E6300004572726F723A25738F
:1000A0002C25640D0A000000780000200648006836
:1000B0004FF47A71B0FBF1F0401E4FF0E02148613F
:1000C00007200861704700001400002070B5044646
:1000D0000025ACB10F48006808B9012000E00020FD
:1000E00028B940F2CF420CA111A0D0F7D9F900F005
:1000F0007DF800212046FAF787FE00F00FFB054649
:100100003DB94FF080500E490860BFF34F8FBFF3E9
:100110006F8F70BD680000204672656552544F5362
:100120005C7372635C7461736B732E630000000018
:100130004572726F723A25732C25640D0A00000017
:1001400004ED00E01CB5184800210B468022CDE9E3
:10015000001016A1174800F0E9F90446012C15D14A
:1001600000BF502080F31188BFF34F8FBFF36F8F14
:1001700000BF4FF0FF301049086001200F490860B0
:1001800000200F49086000F067F90BE0601C08B11F
:10019000012000E0002028B940F2847209A10FA0DC
:1001A000D0F77EF91CBD00006400002049444C4596
:1001B0000000000049B00208600000204C00002050
:1001C000440000204672656552544F535C7372635D
:1001D0005C7461736B732E63000000004572726F74
:1001E000723A25732C25640D0A000000024800684D
:1001F000401C0149086070476800002010B51B488A
:10020000006818B101201A4908602DE00020184943
:10021000086018480068B0FA80F0C0F11F0404EBD1
:100220008400154951F8200008B1012000E00020A9
:1002300028B940F6F62211A116A0D0F731F904EB47
:1002400084010D4A02EB810041684968416000F178
:10025000080142688A4202D14168496841604168A8
:10026000C968104A116000BF10BD0000680000207E
:100270005400002048000020680300204672656595
:1002800052544F535C7372635C7461736B732E636F
:10029000000000004572726F723A25732C25640DC0
:1002A0000A000000300000202DE9F04105462846F4
:1002B000EBF72CFB06463046F1F7A6FD074638461D
:1002C000E6F7D4F8044601213046F1F738FC8046C1
:1002D00094F90200401E054951F82030228804A1FB
:1002E0004046EFF745F8BDE8F0810000200200200D
:1002F00025642025730000002DE9F04705462846B7
:10030000EBF704FB06463046F1F77EFD074638461C
:10031000E6F7ACF8044600213046F1F710FC8046C1
:10032000208840F2E772101A81B24046EBF753FA88
:1003300001213046F1F703FC814694F90200401E8A
:1003400081B24846EBF747FABDE8F0872DE9F8435C
:10035000814600BF00BF4C46B4F92E0010F5004F97
:1003600001D1BDE8F883A08D07B2A08D618D8842D0
:1003700003DAA08D00F5B47007B294F83400C0F32E
:10038000410000284FD0012802D002285CD139E07A
:10039000618DC81900EBD07149100EB2B4F930105C
:1003A000B4F93220881800EBD07149100FFA81F8A7
:1003B000B4F92E00404512DA0096638DB4F930107E
:1003C000B4F92E004246EFF78BFA05B2A9B24846BF
:1003D000E4F7D1FDB1B24846E4F77CFD11E00097A7
:1003E000B4F93220B4F92E0033464146EFF778FADB
:1003F00005B2B1B24846E4F7BEFDA9B24846E4F7FB
:1004000069FD24E00097638DB4F93220B4F930100F
:10041000B4F92E00EFF764FA05B2A28DA9B24846EE
:10042000E4F7BCFC13E00097638DB4F93220B4F913
:100430003010B4F92E00EFF753FA05B2AAB2618D6D
:100440004846E4F7ABFC02E000BF00BF89E700BF0D
:10045000A58700BF85E700001CB522480146097842
:100460000191FF21024611700146097800919DF823
:10047000001001F050011C4A117007211B4A116045
:1004800009E01A490968491E184A11609DF80010D0
:100490004906090E00919DF8001001F080018029A5
:1004A000EFD0124909680902104A11601146098803
:1004B00001F4E06111600B4A019911700C48006869
:1004C00040F470000A4908600846006840F0704037
:1004D0000860FFF7EBFD002006490860CFF7B8FE83
:1004E00000201CBD00E400E0880000208C000020FB
:1004F00020ED00E08400002010B500BF502080F304
:100500001188BFF34F8FBFF36F8F00BF00F054F817
:1005100018B14FF080500449086000BF002080F3FC
:10052000118800BF10BD000004ED00E02DE9FF4F71
:1005300085B0804689461746DDE912ABB800FAF768
:10054000ABFE064656B14C20FAF7A6FE04460CB1A7
:10055000266304E03046FFF753FD00E000247CB141
:100560000020CDE900ABCDE902403A46494640467D
:10057000089BFAF77DFD2046FAF792FC012501E081
:100580004FF0FF35284609B0BDE8F08F05490968EE
:1005900009B9012005E00449096809B9022000E011
:1005A000002070474C0000206800002001490868C6
:1005B00070470000440000202DE9F0414FF0000892
:1005C00041480068002872D140480068451C3F48F7
:1005D0000560EDB93E480068006808B9012000E0F8
:1005E000002028B940F6D9123AA140A0CFF758FF11
:1005F0003748076841480068354908603F48076048
:100600003F480068401C3E490860FAF7FBFD00BF08
:100610003C48006885423CD300BF2D480068006814
:1006200008B9012000E0002020B14FF0FF3035492B
:1006300008602DE026480068C068C4686668B54256
:1006400002D23048066023E0201DFFF722FCA06A9A
:1006500018B104F11800FFF71CFC94F82C100120CD
:10066000884029490968084327490860E16A01EB85
:100670008101264A02EB8100211DFFF748FC244935
:10068000E06A0968C96A8842C7D34FF00108C4E725
:1006900000BF1F480068C06A00EB80001B4951F88A
:1006A0002000012801D94FF0010805E0FFE71948B3
:1006B0000068401C174908601748006808B14FF0EF
:1006C00001084046BDE8F081680000204400002099
:1006D000340000204672656552544F535C73726358
:1006E0005C7461736B732E63000000004572726F5F
:1006F000723A25732C25640D0A0000003800002092
:1007000058000020600000204800002068030020FE
:1007100030000020500000205400002070B500245C
:1007200000263448006828B94FF4FD6232A138A091
:10073000CFF7B6FEFFF7F8FB2E480068401E2D49A4
:1007400008600846006800284FD135480068002836
:100750004BD024E03348C068C46804F11800FFF7A8
:1007600098FB201DFFF795FB94F82C100120884082
:100770002D49096808432C490860E16A01EB8101B1
:100780002A4A02EB8100211DFFF7C1FB2849E06ADC
:100790000968C96A884202D30120264908602148B5
:1007A000006808B9012000E000200028D2D00CB178
:1007B000FAF728FD2048056865B100BFFFF7FCFE89
:1007C00010B101201B4908606D1E002DF6D10020DC
:1007D000194908601748006838B1012630071749E1
:1007E0000860BFF34F8FBFF36F8FFFF7D9FB304621
:1007F00070BD0000680000204672656552544F537A
:100800005C7372635C7461736B732E630000000031
:100810004572726F723A25732C25640D0A00000030
:10082000400000201006002048000020680300203F
:1008300030000020540000205000002004ED00E0B3
:100840002DE9F84304462046EBF760F807462046BA
:10085000EBF75FF880463846EAF72CFD0546404640
:10086000E5F704FE06463068009040F2E770401B52
:1008700080B2ADF800009DF90220BDF8001040469E
:10088000E5F7FCFDBDE8F88390EA010F48BF81F071
:10089000004100F16281421A3CBF801A89184FEA78
:1008A000D0524FF07F4C1CEA410FA2EBD15318BF3E
:1008B0009CEA026F00F03B804FF0004C4CEA0020B5
:1008C0004CEA012121FA03FC10EB0C0C1ED202F1C0
:1008D000FF325FEA1C2040EBC25038BF70471CF06B
:1008E0007F0F4FEA400C18BFBCF17F4F38BF7047F5
:1008F000C3F12003994008BF20F00100BCF17F4FF5
:1009000038BF7047A0F1C04000F01BB94FEA3C006F
:10091000000A40EBC25028BF1CF0FF0F4FEA400C0A
:10092000E6D018BFBCF17F4F38BF7047EAE79CEABA
:10093000026F05D010EA5C0F08BF00F0004070475E
:1009400010B500F0B8F800BF64FBBE3E41000B0ECE
:10095000D3F19E0208D950F400034FEA032323FA8F
:1009600002F048BF4042704710B500F0A4F800BF45
:1009700049922480002070476FF0004282EA2000F4
:100980007047000010F0004148BF4042B0FA80F3C9
:1009900010FA03F2C3F19D030BD051EAC35101EBEE
:1009A0001220530638BF704700F1010008BF20F045
:1009B000010070474FF47F0C1CEAD0121EBF1CEAE6
:1009C000D11392EA0C0F93EA0C0F00F0478090EAE3
:1009D000010F48BF42F480724FF0004C4CEA0020F7
:1009E0004CEA012102EB0302A0FB0113A2F5000275
:1009F000002918BF43F001035B0028BF4FEA33030F
:100A000042EB22425FEA132C4CEBC2502EBFBCEBF0
:100A1000436FB2F57C0F70474FEA036CBCF1004F97
:100A200008BF20F00100B2F57C0F38BF70470BD52E
:100A300082F0FF0212F5803FC8BF704700F1C0404E
:100A4000D8BF00F00040704700F5000C5FEA4C0C86
:100A500048BF7047B0F1C04000F073B890EA010F92
:100A60000CEAD11348BF42F48072624538BF634537
:100A700004D280EA010000F00040704710B500F099
:100A80001AF800BF8900013E00F007B800F009B86D
:100A90005FEA410C5FEA1C6C08D080EA010000F0BC
:100AA00050B85FEA400C5FEA1C6CF6D14FF0004092
:100AB000A0F5800070470EF1020E2EF0030E5EF8D6
:100AC000044B244204D44FEA4102B2F17F4F11D8C3
:100AD0004FEA4003B3F17F4F0CD80ED14FEAD07CE0
:100AE000B2F17F4F0CEB4C0C0CF1020C08BF4CEB3D
:100AF000D17C04E04FF0080C01E04FEAD17C0CEB14
:100B00004C0324FA03F404F00704B4F1040C06D2F5
:100B10000EEB840CBDE810404CF0010C6047DFE8A0
:100B20000CF0070802024FF00040A0F5800010BD55
:100B30000846420018BFD2F1807288BF00F0004022
:100B400010BDFF2141EAD050C005704790EA010F67
:100B500048BF81F000413FF59EAE421A04D882F0B2
:100B60000042A0EB020011444FEAD0524FF07F4CFC
:100B70001CEA410FA2EBD15318BF9CEA026F4AD086
:100B80004FF0004C4CEA00204CEA012121FA03FC12
:100B9000B0EB0C0C0FD412F0FE0F36D05FEA4C0015
:100BA0001DD5001240EBC25038BF70471CF03F0FFC
:100BB00018BF70470BE0A2F101025FEA1C2040EB76
:100BC000C25038BF70471CF07F0F18BF7047C3F189
:100BD0002003994014BF401E20F001007047800898
:100BE0004FEA122308BF7047B0FA80FCA2EB0C0258
:100BF000CCF1280C60FA0CF093EA122F04BF00EB42
:100C0000C25070474FEAC3707047130A5FEADC10A6
:100C100008BF7047F6E79CEA026F04D010EA5C0F49
:100C200008BF0020704710B5FFF745FF40DFF63ED4
:100C300081F000407047000000000000AD11020884
:100C40000913020800000000C91602088200820091
:100C50004A020000000001E001E0000000FF005532
:100C6000AAFF0024496D92B6DBFF001122334455E0
:100C700066778899AABBCCDDEEFF0001020304056C
:100C8000060708090A0B0C0D0E0F1011121314158C
:100C9000161718191A1B1C1D1E1F2021222324257C
:100CA000262728292A2B2C2D2E2F3031323334356C
:100CB000363738393A3B3C3D3E3F4041424344455C
:100CC000464748494A4B4C4D4E4F5051525354554C
:100CD000565758595A5B5C5D5E5F6061626364653C
:100CE000666768696A6B6C6D6E6F7071727374752C
:100CF000767778797A7B7C7D7E7F8081828384851C
:100D0000868788898A8B8C8D8E8F9091929394950B
:100D1000969798999A9B9C9D9E9FA0A1A2A3A4A5FB
:100D2000A6A7A8A9AAABACADAEAFB0B1B2B3B4B5EB
:100D3000B6B7B8B9BABBBCBDBEBFC0C1C2C3C4C5DB
:100D4000C6C7C8C9CACBCCCDCECFD0D1D2D3D4D5CB
:100D5000D6D7D8D9DADBDCDDDEDFE0E1E2E3E4E5BB
:100D6000E6E7E8E9EAEBECEDEEEFF0F1F2F3F4F5AB
:100D7000F6F7F8F9FAFBFCFDFEFF808080818182A6
:100D8000828384858687898A8C8D8F9193959799A4
:100D90009B9EA0A2A5A7AAADAFB2B500FF1FFF1FE3
:100DA00001E001E0210020000A080B080D300C30A2
:100DB0000E380F386400630000000000380C030890
:100DC0004563010800000000000000000000000072
:100DD000C300C300041C0000380C030865A8020807
:100DE00000000000000000000000000064202B0054
:100DF00000000000380C030861A902080000000090
:100E000000000000000000006420D1270000000066
:100E1000380C03082F660108A566010800000000D1
:100E20001567010864200401C0080000380C03089D
:100E3000697701080000000000000000C177010888
:100E400004010401010400002C4C0308D5DE010854
:100E500000000000000000000000000064203220BC
:100E600001040000DC500308105203082852030854
:100E7000E8510308145203081C52030830520308B7
:100E800020520308F4510308085203080C520308C7
:100E90004C520308CC50030860510308D451030896
:100EA00018520308E4510308EC510308F0510308F9
:100EB000E04D0308F8510308FC510308E84D03080E
:100EC00054520308CC500308D051030808510308BA
:100ED000345203082C520308E0510308245203083B
:100EE000D851030804520308005203080C510308A8
:100EF000005103083C510308CC500308505203082A
:100F000044520308D05003084852030840520308D3
:100F10005852030895010402040204020402040268
:100F20000402040204020402040287009601030280
:100F30000302030203020302030203020302030289
:100F40008700810281020102010201020102010205
:100F500001020102810281028102920182000600E7
:100F600082009201DC5003089C510308B45103082D
:100F70006C510308A0510308A8510308BC51030891
:100F8000AC5103087C51030894510308985103089D
:100F90004C520308CC500308DC5103085851030895
:100FA000A4510308685103087051030874510308E1
:100FB00078510308805103088451030888510308BD
:100FC00054520308CC500308D051030808510308B9
:100FD000C0510308B851030864510308B051030815
:100FE0005C510308905103088C5103080C5103080D
:100FF000005103083C510308CC5003085052030829
:1010000044520308D05003084852030840520308D2
:101010005852030895010402040204020402040267
:10102000040204020402040204028700960103027F
:101030000302030203020302030203020302030288
:101040008700810281020102010201020102010204
:1010500001020102810281028102920182000600E6
:1010600082009201185103081C5103082051030803
:1010700024510308285103082C5103083051030858
:101080003451030838510308145103084C52030823
:10109000CC500308DC510308FC5003080851030836
:1010A00010510308F850030848510308E85003089A
:1010B000D450030850510308E0500308445103087A
:1010C0004C510308CC500308C8510308545103087D
:1010D000E4500308F0500308F450030838520308A2
:1010E0003C520308C4510308CC5103084051030883
:1010F000D8500308EC500308CC50030850520308A2
:1011000044520308D05003084852030840520308D1
:101110005852030801020102010201020102010208
:101120000102010201020102820092010102010298
:101130000102010201020102010201020102010297
:101140000102010201020102010201020102010287
:101150000102010201020102010292018200060065
:1011600082009201185103081C5103082051030802
:1011700050520308CC500308245103082851030897
:101180002C51030840520308CC5003083051030887
:1011900034510308385103084C520308CC5003085B
:1011A00004510308145103080C5103084452030866
:1011B000485203085852030801000100010092013F
:1011C0000100010001009201010001000100020084
:1011D000010001000100010001000000380C0308BB
:1011E000ADF401080000000000000000CDF401088B
:1011F0001A001A0080020000380C030800000000EA
:10120000000000000000000000000000C300040116
:1012100000000000104C0308000000000000000067
:1012200000000000000000000000000000000000BE
:10123000B84C03080000000000000000000000009F
:10124000000000000000000000000000380C03084F
:1012500091000208190202080000000000000000CE
:10126000C300040140060000380C030849020208CC
:101270007F02020800000000000000006420D12767
:1012800080020000380C0308F5010208000000008D
:1012900000000000000000006420D12700000000D2
:1012A000380C0308270302080000000000000000BB
:1012B000000000006420D12700000000380C030863
:1012C000000000000000000000000000000000001E
:1012D000D127D12700000000380C030800000000CF
:1012E00000000000000000000000000000000000FE
:1012F00000000000380C030800000000000000009F
:1013000000000000000000000000000000000000DD
:10131000380C03080000000000000000000000007E
:10132000000000000000000000000000380C03086E
:1013300000000000000000000000000000000000AD
:101340000000000000000000380C0308BD04020883
:10135000DB04020800000000F9040208000000009D
:10136000C0030000380C030800000000000000006B
:1013700000000000000000000401D12780030000ED
:10138000380C03080000000000000000000000000E
:10139000000000006420D12740020000380C030840
:1013A000000000000000000000000000000000003D
:1013B00064206420400200007C4D03089D700208F8
:1013C000000000000000000065710208000000003D
:1013D00041070000D84B03086575020800000000B3
:1013E00000000000000000000000000000000000FD
:1013F000380C03086D840208D18502080000000043
:101400003D8602086420642000030000380C0308B5
:1014100061930208000000000000000000000000CE
:101420000000000080020000380C03089D930208B1
:1014300000000000000000000000000000000000AC
:1014400080020000380C030829A0020800000000F8
:101450000000000000000000642064204002000042
:101460000EA0D90D90C80C80B70A60110B80D91F4F
:101470000991F0881F0880F088000000000D203CD2
:1014800000000F0069002FFFFFFFF7015C11A6109D
:10149000006900C300008800D2009FFFFFFFF01228
:1014A000C523E22000D203C00000F004B000000019
:1014B000700000000E00000000E0000019EFEA30AC
:1014C0000CD6E6A702F40E00001F80E000006FEFCC
:1014D00050000016FFE500000E0AF00100E05F1367
:1014E000F85E6EB005CFFE9100000E0000000070A7
:1014F000000008DD3000A7004B02D004C0007700D8
:10150000D01D20004B03D0A7000007DC34C4CC3032
:1015100000001D2D22D00000A63B00B30005C03AFC
:1015200000A3001D200D00D000A60004CC40004DFB
:10153000FC300000F718C00001F205D00000BB6EBF
:101540004000005FF3000007E6DB03802F301DBA88
:10155000A05F0001DF401FB448FEC003BFFC40B2E3
:1015600000000000001F01F01F00F0000003F10B5D
:10157000900F404F007D009B00AA00AA009B007DB9
:10158000004F000F400B9003F15E000E6008C00496
:10159000F001F300F500E600E600F501F304F008C1
:1015A000C00E605E0000930088A6C209FE404DDDBB
:1015B000B1429350005200000450000008A0000007
:1015C00008A0001FFFFFF30339B3300008A000009C
:1015D00008A0000103F61E60E12C00000003FFF9E3
:1015E0000333100003F52E4000000E400004E0001D
:1015F000009A00000E400004F000009A00000E4027
:101600000003F000009A00000E500003F000009A62
:1016100000000E500003F00000004CFE70004FB6BA
:101620008F900DB0005F32F40000E74F20000CA453
:10163000F20000CA2F40000E70DB0005F204FB68C8
:10164000F90004CFE700EFFB44CB00AB00AB00ABED
:1016500000AB00AB00AB00AB00AB07DFEA108E8540
:101660007EC0010006F1000006F000000D900000B1
:10167000CC00001CC00001DB00001DE544427FFFE0
:10168000FFF97FFFFFF024445F900000BC000009D9
:10169000E100003FD81000046DD0000002F41000FB
:1016A00002F4BD757DD019DFEA1000000DA0000026
:1016B00000AC00000007E10000004F40100002F6FF
:1016C00000F5001DA000F5007FFFFFFFF31333338B
:1016D000F730000000F500000000F50009FFFFF002
:1016E0000AB444400C8000000E7000000FFFFC4064
:1016F00003345CF2000000F7100000F78E856CF1F7
:1017000008DFFB30002AEFD5003FD657400CC00061
:101710000002F40000004F5BFFA104FE845DD03F97
:1017200080003F30E80003F206F845DC0005DFE901
:10173000109FFFFFFD9D4444E99C0004F200000B54
:10174000B000002F400000AD000001F6000008E0EE
:1017500000000E8000006F1000019EFE9100BE632D
:101760006EC00F60006F00CC202BC002EFFFE200C4
:10177000DC424CD05F20001F55F20002F50ED5353B
:10178000DE001AEFEA1003BFEA202FA44BE18E001F
:1017900000E99D0000DD4F7129FF07FFFC9E00025C
:1017A00010AC000002F607658FB00AEFD7002E5389
:1017B000F50000000000003F52E42E53F500000049
:1017C0000000002E52F60D21D00100000000310073
:1017D000006CF2018ED6000FC300000AFB4000002F
:1017E00017EE70000005C3000000001FFFFFF303A9
:1017F00033333000000000000000001FFFFFF30340
:10180000333330040000000ED71000005CF92000D4
:10181000002AF20003AFB106DE82001C6000000067
:1018200000000007DFEA109E746EC0010006F000A1
:101830000009C000008E200006F2000008700000C1
:10184000000000000B8000000C900000006CEFDA3C
:101850004000003DA41016D90001E509EE98CA9099
:101860000A80BD43AFC0D30F13F2000CC0693C0621
:10187000D00007C03B4B06D00007C02C3C03F20051
:101880000CC04A0F10BD439EE3C50A8009EE91CFFC
:101890009001E50000000000003DA41028000000B9
:1018A000007CEFD9100000000CF1000000003FD7D1
:1018B00000000000B96E00000002F20E50000009A6
:1018C000A007D000001F3000F400007FFFFFFB00E6
:1018D00000E733334F2005F000000C900C9000001F
:1018E00006F18FFFFEC408E3334BF28E00001F5851
:1018F000E00018F18FFFFFF808E33337F68E0000A1
:1019000009C8E000009D8E33347F78FFFFFD700032
:1019100007CFFB4000CF966AF50AE20000301F6057
:101920000000004F200000004F200000001F60005A
:1019300000000AE200003001CF966AF50007DFFBE5
:10194000408FFFFEA4008E4446CF708E000007F348
:101950008E000000DA8E0000009D8E0000009D8E3B
:10196000000000DA8E000007F38E4446BF708FFF40
:10197000FEA4008FFFFFF68E4444418E0000008ECF
:101980000000008FFFFFC08E3333208E0000008EDA
:101990000000008E4444428FFFFFF98FFFFFF68E58
:1019A0004444418E0000008E0000008E0000008F35
:1019B000FFFFC08E3333208E0000008E0000008EAB
:1019C0000000000007CFFC5000CF966AF60AE20044
:1019D00000201F600000004F200000004F2000008A
:1019E000B91F600000B90AE30000B900CF966AF899
:1019F0000007DFFC608E000008E8E000008E8E002B
:101A00000008E8E000008E8FFFFFFFE8E333339E1D
:101A10008E000008E8E000008E8E000008E8E0007C
:101A2000008E8E8E8E8E8E8E8E8E8E8E02FFFFC0DC
:101A30000444BC000009C000009C000009C0000074
:101A40009C000009C02000BA0EB58F603CFE808E5D
:101A500000004F508E0004F6008E003F70008E0391
:101A6000F800008E2EC000008EECF600008FB07FD4
:101A700030008E000AE1008E0000CC008E00001EB7
:101A8000A08E0000008E0000008E0000008E00007E
:101A9000008E0000008E0000008E0000008E00000E
:101AA000008E4444408FFFFFF28E00000008E8F7EC
:101AB000000002FE8FF10000BFE8DCA0004F9E8D09
:101AC0002F300D87E8D09C06E07E8D01E7E507E822
:101AD000D006FC007E8D000A2007E8D00000007EC2
:101AE0008E100008E8FC00008E8FF90008E8E6F68A
:101AF000008E8E09F308E8E00CE18E8E001EB8E837
:101B0000E0003FEE8E00006FE8E00000AE0007CF7F
:101B1000EB500000CF966BF9000AE200005F601FF7
:101B20006000000AD04F20000006F04F20000006A1
:101B3000F01F6000000AD00AE200005F6000CF964C
:101B40006BFA000007DFEB50008FFFFD7008E445E3
:101B50008FB08E00005F38E00001F58E00003F4836
:101B6000E0014DD08FFFFFB208E33310008E00007C
:101B70000008E00000000007CFEB500000CF966B9C
:101B8000F9000AE200005F601F6000000AD04F20E9
:101B9000000006F04F20000005F01F6000000AD092
:101BA0000AE200005F6001DF855AFA000008DFFCEE
:101BB0005000000001EC21940000001BFFC1000058
:101BC000000012008FFFFD7008E4458FB08E00000A
:101BD0005F38E00001F58E00003F38E0014DD08F06
:101BE000FFFFC208E333DA008E0002F608E00005CA
:101BF000F3019EFDA200CE646B702F40000001F83F
:101C000000000006FD950000016AEE500000009FF4
:101C100000200005F13FA547EB004BEFE910FFFF67
:101C2000FFFF2444BD44400009C00000009C0000A8
:101C30000009C00000009C00000009C00000009CDA
:101C400000000009C00000009C00009C00000BA9DF
:101C5000C00000BA9C00000BA9C00000BA9C0000A4
:101C60000BA9C00000BA8E00000D94F40003F50C1F
:101C7000F868FD0009EFE9100CB000000AC05F2011
:101C80000001F500E900008E0008F0000E70001F52
:101C90006005F10000AD00C9000003F43F30000012
:101CA0000CBAC00000005FF500000000EE00006FFD
:101CB00010000DB00002F21F60003FF10008D00BD1
:101CC000B0008BE6000D7006F000E69B002F2001AF
:101CD000F503F14F108D0000CA09B00E60D8000066
:101CE0006F0E6009B2F300001F9F1004F9D00000CE
:101CF0000CFB0000EF80000007F600009F30003F63
:101D000050000DA008F2009D0000CC04F300002F4D
:101D10009E70000006FC00000009FE1000004F4D00
:101D2000B00001E802F7000BD0007F207F20000BFD
:101D3000D00CB000009C002F50002F30009E000CF3
:101D4000900000E805F1000005F3E60000000CFD3E
:101D5000000000003F4000000002F3000000002FE0
:101D60003000000002F300004FFFFFFF9144444A9F
:101D7000F3000003F6000001EA000000CC000000C0
:101D80009E1000006F4000003F7000001ED44444CD
:101D900036FFFFFFFC8FF68D318D008D008D008D9D
:101DA000008D008D008D008D008D008D008D318F98
:101DB000F65D000000F200000B8000006D000001E5
:101DC000F200000B8000006D000001F200000B70BB
:101DD00000006D000001F200000B7000006D0000BB
:101DE00001F2BFF325F302F302F302F302F302F36D
:101DF00002F302F302F302F302F325F3BFF300ADA3
:101E000000001EC4000885A000E20E105B00970BC6
:101E10005002E0EEEEEEE00BC00009B004CFEA1095
:101E20000B745DB0000004F004CEEEF21F8214F2D9
:101E30004F1004F21F703DF204DFD7F2BA00000029
:101E4000BA000000BA000000BA8EFC30BFD54BF3D8
:101E5000BE1000CABA00007EBA00007EBE1000CAE2
:101E6000BFD55BF3B98EFC30007DFD6009F748F407
:101E70002F5000205F0000005F0000002F50002066
:101E800009F748F4007DFD600000001F40000001DC
:101E9000F40000001F4008EFC4F40AF748FF42F5C1
:101EA0000007F45F00002F45F00001F42F50006F91
:101EB00040AE637EF4008EFC4F40008EFC400AD59D
:101EC00038F42F20008C5FEEEEFF5F2111112F7090
:101ED000001009F846E4007DFE80009EE305F44111
:101EE00008C000CFFFF029D32008D00008D0000898
:101EF000D00008D00008D00008D000007EFC4E6062
:101F0000AF747FF62F50005F65F00000F65F0000B1
:101F10000F62F60006F609F747FF5007EFC4F50019
:101F200000003F20CB646EB003AEFD8000BA00001D
:101F300000BA000000BA000000BA8EFB20BFC56DD9
:101F4000D0BE0003F2BA0000F4BA0000F5BA0000F7
:101F5000F5BA0000F5BA0000F5BAA800BABABABAE4
:101F6000BABABABA000AB0009900000000AB000A81
:101F7000B000AB000AB000AB000AB000AB000AB082
:101F800000AA064E71DFA0BA000000BA000000BA35
:101F9000000000BA001CC0BA01CC00BA1CD100BBC2
:101FA000CF6000BFDBE100BD11DC00BA003F70BABA
:101FB0000007F3BABABABABABABABABABABAB99ED2
:101FC000FA15DFD40BFB45EDE64AF2BE0006F6003B
:101FD0000E7BA0004F2000C9BA0003F1000C9BA0AB
:101FE000003F1000C9BA0003F1000C9BA0003F1095
:101FF00000C9B99EFB20BFB45DD0BE0003F2BA0099
:1020000000F4BA0000F5BA0000F5BA0000F5BA0015
:1020100000F5007DFD60009F748F702F50007F05DC
:10202000F00001F35F00002F32F50007F009F748D8
:10203000F70007DFD600B98EFC30BFC43AF3BE10FC
:1020400000CABA00007EBA00007EBE1000CABFD52A
:102050005BF3BA7EFC30BA000000BA000000BA00A0
:102060000000008EFC3F40AF748EF42F50007F457F
:10207000F00001F45F00002F42F50007F40AF74872
:10208000FF4008EFC4F40000001F40000001F4000E
:1020900000001F40B98E4BFD71BE100BB000BA009E
:1020A0000BA000BA000BA00005DFEA13F735A06F04
:1020B000000001EE9610016AEF300000D96C646FE9
:1020C00062AEFD7008D00008D000CFFFF029D32009
:1020D00008D00008D00008D00008D00005F5510055
:1020E0009FE3C80002F3C80002F3C80002F3C8006F
:1020F00002F3C90003F3AB0007F35F837EF306DF4F
:10210000C5F30D90000AA06E0001F300F5007D00FC
:1021100009C00E60003F24F00000C8B9000006FFAF
:102120003000000FC000C80006F1000D56D000CFEF
:102130006003F01F302F9C009A00B807B2F10E40E8
:1021400005E0D60C74E0000F6F007C990000AFA092
:1021500001FF400005F4000BE0004F3007E109D01B
:102160002F4000D9D900003FD000004FE10001E727
:10217000BB000BB01E707E1005F30D90000AA06F1F
:102180000001F300F6007D0009C00D60002F34F05F
:102190000000C9A9000005FF2000000EC0000000DB
:1021A000E5000094AD00001BFC2000005FFFFFA1D4
:1021B0003337F40001E70000CB00008E10004F40E1
:1021C000001EA33326FFFFFC006EA00F9201F40057
:1021D0001F4001F4003F303FC0006F3001F4001F8A
:1021E0004001F4001F4000FA2005EA8B8B8B8B8B9B
:1021F0008B8B8B8B8B8B8B8B8BBE5002AE0005F049
:10220000005F0005F0004F1000DF104F5005F00098
:102210005F0005F0005F002AE00BE40007EC40B42B
:102220001E25DFC00100000004CC302B01C0570088
:10223000932B01C005CC3006A10FF60BE200000085
:10224000000000000000000000027BFB0000000412
:102250009DFFFFD00003AFFFFFFFFD0000AFFFFFBA
:10226000FFDFD0000AFFFFB610ED0000AF940000C2
:102270000ED0000AF1000000ED0000AF1000000ECB
:10228000D0000AF1000045FD0000AF1001EFFFD0C3
:10229000179DF1005FFFFC0EFFFF1000AFFD31FF47
:1022A000FFE00000010003BDA30000000000501883
:1022B0008888888405FABFDDDDDDFDAFE47F10008E
:1022C00000CA4EE04F100000C80EFEEF100000CF15
:1022D000EFE03FEEEEEEF80EF68F766666EB6FF807
:1022E000AF100000CC8FE03F100000C80EFCDF658F
:1022F0005555EECFC25FFFFFFFF92C577505777775
:102300007775FFFF1FFFFFFFFFFFFF2FFFFFFFFF9F
:10231000EFFF0EFFFFFFFE01100011111110EFFE85
:102320000EFFFFFFFEFFFF2FFFFFFFFFFFFF1FFF5F
:10233000FFFFFF68870788888886688707888888FE
:1023400086FFFF1FFFFFFFFFFFFF2FFFFFFFFFDFE6
:10235000FD0DFFFFFFFD0000000000015000000028
:1023600000001DF80000000001DFFD000000001D5E
:10237000FFE22D600001DFFE20DFF7001DFFE2001D
:102380008FFF71DFFE200008FFFEFFE20000008FDC
:10239000FFFE2000000008FFE200000000007D209A
:1023A00000000000000000007F60000BE2EFF6007C
:1023B000BFF84FFF6BFFD104FFFFFD10005FFFE18F
:1023C0000000BFFFF6000BFFDFFF60BFFD14FFF54D
:1023D000CFD1004FF617100003600000001100007D
:1023E00000000000FF000000006F21FF12F7000650
:1023F000FF61FF16FF601FF901FF109FF16FE00101
:10240000FF100EF6AF8001FF1008FACF6001FF1039
:1024100006FCAF8000AA0008FB7FD00000000DF78B
:102420001FF80000008FF107FF91002AFF70009F46
:10243000FFEEFFF9000005CFFFFD50000000024451
:102440002000000000000000000000000AFFA000C3
:102450000000000CFFC0000003D6DFFFFD6D300E52
:10246000FFFFFFFFFFE05FFFFFAAFFFFF51AFFF48A
:10247000004FFFA103FFD0000DFF3004FFF0000F5D
:10248000FF404FFFFB22BFFFF42FFFFFFFFFFFF2D4
:1024900009FEFFFFFFEF9000505EFFE50500000022
:1024A0000CFFC000000000047740000000000003A3
:1024B000100341000000009FF50DF50000001BFD1A
:1024C000FF8DF5000002DFB12DFFF500004FF83E53
:1024D000C2BFF50007FF55FFFE39FE409FE38FFFA7
:1024E000FFF56FF6AC2AFFFFFFFF73E6005FFFFF0B
:1024F000FFFFF100006FFFD77FFFF200006FFF903A
:102500000DFFF200006FFF900DFFF200004FFF7013
:102510000BFFE1000000003300000000000BFFB0E3
:10252000000000000CFFC0000000000CFFC0000015
:1025300000000CFFC0000000000CFFC00000008F76
:10254000FFFFFFF800002EFFFFFFE2000002EFFF99
:10255000FE200000002DFFE20000799982DE28991C
:1025600097FFFFFB22BFFFFFFFFFFFFFFFFFFFFF04
:10257000FFFFFFFAB3CFACCCCCCCCCCCCA0006BBAF
:10258000BBBBBA3000004FFFFFFFFFE10000EF30A0
:10259000000006FB0009F800000000CF504FD000FB
:1025A0000000002FE1DF84420000344BF9FFFFFD03
:1025B0000001FFFFFBFFFFFF988BFFFFFCFFFFFF0A
:1025C000FFFFFFFFFCFFFFFFFFFFFFFFFB9FFFFF82
:1025D000FFFFFFFFF60000000000003300018DFF49
:1025E000C600EF004EFFFFFFE4DF04FFB3004CFF27
:1025F000FF0EF90000008FFF6FC00001FFFFFF8E8C
:10260000500001DEEEED000000000000002222225A
:1026100000000021FFFFFF100008F8FFFBBC1000C6
:102620001EF4FFFC100001DFC0FEEFE8448EFE1038
:10263000FE1AFFFFFFC100FD0028BB940000000050
:1026400002700002EF0002EFFDFFFFFFFFFFFFFF40
:10265000FFFFFFFFFFFFFFFFFFFF3447FFF0000515
:10266000FF000005C0000000000002700000000232
:10267000EF00000002EFF0000DFFFFFF0220FFFF60
:10268000FFF08E1FFFFFFF00E7FFFFFFF03F5FFF40
:10269000FFFF08903447FFF000000005FF00000036
:1026A0000005C0000000000000000000000000075E
:1026B0007000000002700005FA0000002EF000819A
:1026C0004F600002EFF001DD07F0DFFFFFF0321E88
:1026D00080F6FFFFFFF08E27E0B9FFFFFFF00E73DB
:1026E000F19BFFFFFFF03F54F09AFFFFFFF0890AD4
:1026F000C0D83447FFF0007F43F300005FF002F6DC
:102700000CB0000005C00000BF1000000000000970
:10271000E3000000000000021000378888888888E5
:1027200073EFFFFFFFFFFFFEFE32DFFFFFFFFFF94A
:10273000007FFFFDFFFFFD10CFFFA07FFFFFFFFF2A
:10274000FA0007FFFFF35FA00000CFFF3003000097
:1027500000CFFC0000000000CFFFCCCCCCCCCCFFE5
:10276000AFFFFFFFFFFFF900002000000001FA00AB
:10277000000006FF1000000DFF7000006FFFF10069
:1027800001EFFFFA000BFFFFFF605FFFFFFFE0CFED
:10279000FFFFFFF6FEBFFFFFF9FD4FFFFFF9BF4947
:1027A000FFFFF53FE52EFFD006FFFFFD200028BA12
:1027B000600004300000311FE00006F91FE0007FD8
:1027C000FA1FE009FFFA1FE0AFFFFA1FEBFFFFFA65
:1027D0001FFFFFFFFA1FFFFFFFFA1FE6FFFFFA1FB1
:1027E000E05FFFFA1FE004FFFA1FE0003EFA0FD09F
:1027F0000002D700000000000200000000000CFBF7
:102800002000000000FFFF900000000FFFFFE60027
:102810000000FFFFFFFC30000FFFFFFFFF9100FFF4
:10282000FFFFFFFFE60FFFFFFFFFFFF2FFFFFFFFCE
:10283000FFFD0FFFFFFFFFF800FFFFFFFFB2000FDC
:10284000FFFFFD400000FFFFF70000000FFFA100A9
:102850000000006A400000000000144420014442CF
:102860000DFFFF10DFFFF1FFFFF30FFFFF3FFFFF43
:1028700040FFFFF4FFFFF40FFFFF4FFFFF40FFFF9C
:10288000F4FFFFF40FFFFF4FFFFF40FFFFF4FFFFD8
:10289000F40FFFFF4FFFFF40FFFFF4FFFFF40FFFB8
:1028A000FF4FFFFF30FFFFF39FFFC009FFFC001445
:1028B00044444444420DFFFFFFFFFFF1FFFFFFFFD1
:1028C000FFFF3FFFFFFFFFFFF4FFFFFFFFFFFF4F93
:1028D000FFFFFFFFFFF4FFFFFFFFFFFF4FFFFFFFC3
:1028E000FFFFF4FFFFFFFFFFFF4FFFFFFFFFFFF4BE
:1028F000FFFFFFFFFFFF4FFFFFFFFFFFF39FFFFF04
:10290000FFFFFC0002100000420FE20003FB0FFE7D
:102910003004FB0FFFF404FB0FFFFF54FB0FFFFF1E
:10292000FAFB0FFFFFFFFB0FFFFFFFFB0FFFFFD6C1
:10293000FB0FFFFD14FB0FFFC104FB0FFB0004FBAB
:102940000CA00003FA0000000000000000120000CC
:1029500000000003FF60000000002EFFF5000000F3
:1029600001EFFFFF4000001DFFFFFFF30000CFFF5E
:10297000FFFFFE200AFFFFFFFFFFE00EFFFFFFFF4C
:10298000FFF20399999999995005888888888870E9
:102990000FFFFFFFFFFFF30FFFFFFFFFFFF40BFF32
:1029A000FFFFFFFFD1000000000000003F9000008B
:1029B0003FFC00003FFD10003FFD10003FFD1000F8
:1029C0001FFD100000CFF4000000CFF4000000CF86
:1029D000F4000000CFF4000000CFE0000000A400ED
:1029E0000000000000CD1000001FFD1000003FFDA2
:1029F0001000003FFD1000003FFD1000003FFD00F3
:102A00000008FF900008FF900008FF900008FF906A
:102A10000002FF900000078000000000000450004A
:102A200000000002FF60000000003FF7000000000F
:102A300003FF70000000003FF7000006999AFFC9ED
:102A40009980FFFFFFFFFFFF3DFFFFFFFFFFF20148
:102A5000113FF71110000003FF70000000003FF766
:102A60000000000003FF70000000000CD300000015
:102A70006999999999980FFFFFFFFFFFF3DFFFFF17
:102A8000FFFFFF200000000000000000015664006E
:102A900000000003BFFEEFF91000007FFA1003DF13
:102AA000E40008FFA009B41EFF504FFF200BFF26D3
:102AB000FFE1EFFF09CFFF63FFFABFFF09FFFF54FC
:102AC000FFF61EFF51DFFB09FFB003EFE204305FAA
:102AD000FC10002CFF956AFF9000000049DFFD927A
:102AE0000000000000000000000000CD20000000F9
:102AF000000000008FF50014664000000004EFACF9
:102B0000FFEFFF910000001CFFA1004DFE30000010
:102B1000009FF5AB31EFF40007B105FFFFE17FFE49
:102B2000100FFE302DFFF54FFF900CFFE000AFF6C9
:102B30005FFF6002FFF40006FFEFFB00004FFD1097
:102B4000003EFFC0000002DFE85401BFE3000000C8
:102B500005AEFF6007FF60000000000000004EF6B9
:102B60000000000000000001A100000000000000C3
:102B700000000000003ED00000000000000CFF80BC
:102B8000000000000006FFFF200000000000EFFF33
:102B9000FB00000000008FFCCFF4000000002FFBC2
:102BA00000FFD00000000BFFC00FFF70000004FF0B
:102BB000FD01FFFF100000DFFFE02FFFFA00007FA4
:102BC000FFFF9BFFFFF3001FFFFFB00EFFFFC00AD8
:102BD000FFFFFE24FFFFFF60FFFFFFFFFFFFFFFA85
:102BE00006CCCCCCCCCCCCCB3000000000003600E6
:102BF00000000000007F80DDDB00008DEFF8FFFFAC
:102C0000B007FFFFFD556FF46FF8AFE2000574FFEA
:102C1000907E2000003FFA0000000002EFB2504A10
:102C200000012EFD1DF48FB0FFFFD10BFFFFFBFF56
:102C3000FE2000CFFFFB12210000029FC000000019
:102C400000005B00000007A00000000008FFB000CB
:102C5000000008FFFFB0000008FF95FFB00008FF6C
:102C60009005FFB007FF900005FFB09F90000005A2
:102C7000FD004000000003104C20000000B60BFED9
:102C8000200000CFF02EFE2000CFF4002EFE20CF3B
:102C9000F400002EFECFF40000002EFFF400000030
:102CA000002EF400000000001300000000083000B7
:102CB000000000000000BFF308BBBBBB90000BFF8F
:102CC000FF39FFFFFFF1008FCFCFF000000AF100C6
:102CD000382F948000000AF100002F900000000AB5
:102CE000F100002F900000030AF130002F90000047
:102CF0001FCBF8F8002FEBBBBB39FFFFE2001FFF33
:102D0000FFFFB09FFD2000000000000008D1003749
:102D1000888700000000EFFFFFA0000000FFFFFF1A
:102D2000FDCCCCB6FFFFFFFFFFFFFFFFFFFFFFFF64
:102D3000FFFFFFFFFFFFFFFFFFFFFFFFFFFFFFFFA3
:102D4000FFFFFFFFFFFFFFFFFFFFFFFFFFFFFFFF93
:102D5000FFFFFFFFFFAFFFFFFFFFFFF900000000D5
:102D6000000000000001DD10000000001DFFD10088
:102D7000000001DFFFFD1000001DFFFFFFD100007C
:102D80009FFFFFFFF90000011CFFC1100000000CB5
:102D9000FFC0000000000CFFC0000000000CFFC0DE
:102DA000000079993BFFB39997FFFFB2442BFFFFD7
:102DB000FFFFFEDDEFFFFFFFFFFFFFFAB3CFACCC5D
:102DC000CCCCCCCCCA000000000002000000000007
:102DD0000004FFC70000000000AFFFF0000000008B
:102DE0001FFFFD0000000006FFFFC00000000008FC
:102DF000FFF700000000000CFF300000000004FF9F
:102E0000C00000000001EFF300004A3002DFF800CC
:102E100005DFFE15EFFB0000EFFFFFFFFA00000BE0
:102E2000FFFFFFF70000007FFFFFA200000002BAD3
:102E300085000000000004860000001006FFFA0074
:102E400002DFD1EF3CF101DFFA0EE0AF21DFFA0043
:102E50009FEFF6DFFA00008DFFFFFB00000006FF8A
:102E6000FD00000048EFFFF600006FFFFBFFF600DB
:102E70000EF3CF23FFF600EE0AF204FFF609FEFC84
:102E80000004FFF108DA10000262000000000000F8
:102E90000000006FFFF987000008FFFF98F708A601
:102EA0008FFFF95990FFA8FFFFFCCC0FFA8FFFFFAF
:102EB000FFF1FFA8FFFFFFFF1FFA8FFFFFFFF1FFEA
:102EC000A8FFFFFFFF1FFA8FFFFFFFF1FFA8FFFF23
:102ED000FFFF1FFA7FFFFFFFF0FFE3122222210F07
:102EE000FFFFFFF90000ACCCCCCB50000049999912
:102EF0009995000EFFFFFFFFF600FD2222224FF6FC
:102F00000FC0000001FFF3FC0000001FFF6FC000B6
:102F10000002FFF6FFFFFFFFFFFF6FFFFFDCFFFF79
:102F2000F6FFFFB005FFFF6FFFF6000FFFF6FFFF94
:102F3000C006FFFF6FFFFFEDFFFFF69FFFFFFFFFE4
:102F4000FD10CDDDDDDDDDDD2FFFFFFFFFFFF31227
:102F500022222222220000000000000000000000C7
:102F600000000FFFFFFFFFFFF3DEEEEEEEEEEE20C0
:102F70000000000000000000000000000DEEEEEE7A
:102F8000EEEEE2FFFFFFFFFFFF3000000000000059
:102F900037888888888873EFFFFFFFFFFFFEEFFF09
:102FA000FFFFFFFFFE1CFFFFFFFFFFC1D28FFFFFF0
:102FB000FFF82DFF64EFFFFE45FFFFFA2BFFB2AFD6
:102FC000FFFFFFD3553DFFFFFFFFFFBBFFFFFFFFED
:102FD000FFFFFFFFFFFFAFFFFFFFFFFFF900000054
:102FE000000001FFFFF00004FFFFD00006FFFF809C
:102FF0000008FFFF30000AFFFFAAA60CFFFFFFF842
:103000000EFFFFFFE10BDDDFFF6000004FFD000062
:10301000007FF3000000BFA0000000FF10000003CD
:10302000F800000003C0000000002000000004556C
:10303000EFB5520000FFFD1FFFB0000FFFFFFFFCC8
:103040000000FFFF533320000FFF97FFFB5700FFE7
:10305000F8AFFFC6F80FFF8AFFFC4AA1FFF8AFFFE9
:10306000E3220FFF8AFFFFFFF4FFF8AFFFFFFF4FE0
:10307000FF8AFFFFFFF43552AFFFFFFF40000AFF5A
:10308000FFFFF400007FFFFFFE20000001100000A2
:10309000000000AF00000000018FFA30000002EFD6
:1030A000FFFF500000BFFFFFFF10001FFFFFFFF5F5
:1030B0000003FFFFFFFF70005FFFFFFFF90008FF45
:1030C000FFFFFFC000DFFFFFFFFF209FFFFFFFFFAD
:1030D000FD0EFFFFFFFFFFF202222222222100004D
:1030E00008FFC00000000009A20000005BBBBBBBE2
:1030F000BBBBBBA3FFFFFFFFFFFFFFFBFC0C30E1EF
:103100001D0D11FCFC0B30E01D0D10FCFFFEFFEF50
:10311000FEFEEFFCFFF15A0870A05FFCFFF37B2975
:1031200092C27FFCFFBFCBBBBBBFCBFCFC0B200024
:10313000000D00FCFFCFCCCCCCCFCCFB9FFFFFFF22
:10314000FFFFFFF60000000000000200000000008A
:103150000005DFB00000000007EFFFD000000018FE
:10316000FFFFFF70000029FFFFFFFF00003BFFFF94
:10317000FFFFF8000AFFFFFFFFFFF1000FFFFFFF57
:10318000FFFFA000049AAAAFFFFF20000000000E7E
:10319000FFFB00000000000EFFF400000000000E26
:1031A000FFC000000000000EFF5000000000000DF6
:1031B000FD00000000000004B3000000355555027A
:1031C000000FFFFFF2F400FFFFFF2FF40FFFFFF2ED
:1031D000FFF3FFFFFF32221FFFFFFFFFF7FFFFFF9D
:1031E000FFFF8FFFFFFFFFF8FFFFFFFFFF8FFFFFD6
:1031F000FFFFF8FFFFFFFFFF8FFFFFFFFFF8FFFF5D
:10320000FFFFFF8FFFFFFFFFF88AAAAAAAAA3000DC
:1032100000002455310000000003AFFFFFFFC7008E
:103220000002BFFFFEDEFFFFF6005FFFB5100003E8
:103230008EFFB0DFD300000000008FF5180005AE50
:10324000FEC81004600002DFFFFFFFF80000000C62
:10325000FF95347DFF40000002A2000000770000CF
:103260000000000296000000000000000DFF50006A
:1032700000000000000EFF6000000000000005DA02
:10328000000000005BBBBBBBBBBBBBBA20FFFFFFAA
:10329000FFFFFFFFFF90FC1222222222220FF7FCE9
:1032A0005FFFFFFFFFFF2CFAFC5FFFFFFFFFFF2127
:1032B000FAFC5FFFFFFFFFFF27FAFC2666666666E3
:1032C000661FFAFEBBBBBBBBBBBBBFB1AFFFFFFF03
:1032D000FFFFFFFF500000000000000000005BBB8C
:1032E000BBBBBBBBBBBA20FFFFFFFFFFFFFFFF90D5
:1032F000FC1222222221000FF7FC5FFFFFFFF800E3
:103300000CFAFC5FFFFFFFF80001FAFC5FFFFFFF14
:10331000F80007FAFC2666666663000FFAFEBBBB80
:10332000BBBBBBBBBFB1AFFFFFFFFFFFFFFF500049
:1033300000000000000000005BBBBBBBBBBBBBBA16
:1033400020FFFFFFFFFFFFFFFF90FC122222100073
:10335000000FF7FC5FFFFFD000000CFAFC5FFFFFDF
:10336000D0000001FAFC5FFFFFD0000007FAFC2646
:1033700066665000000FFAFEBBBBBBBBBBBBBFB158
:10338000AFFFFFFFFFFFFFFF500000000000000045
:1033900000005BBBBBBBBBBBBBBA20FFFFFFFFFF9B
:1033A000FFFFFF90FC1222000000000FF7FC5FFF00
:1033B000300000000CFAFC5FFF3000000001FAFC56
:1033C0005FFF3000000007FAFC2666100000000FC7
:1033D000FAFEBBBBBBBBBBBBBFB1AFFFFFFFFFFF79
:1033E000FFFF500000000000000000005BBBBBBB03
:1033F000BBBBBBBA20FFFFFFFFFFFFFFFF90FC003E
:1034000000000000000FF7FC0000000000000CFAB4
:10341000FC00000000000001FAFC000000000000B9
:1034200007FAFC0000000000000FFAFEBBBBBBBBAC
:10343000BBBBBFB1AFFFFFFFFFFFFFFF50000000AE
:103440000000000000000000000007B200000000C3
:1034500000000ADFFA000000000000A93DF50000AE
:1034600000044002E00010000000AFF80B60000014
:10347000006C30FFFFFFFFFFFFFFFFF4AFF9000C10
:103480005000006D4005500004C000001000000016
:103490000000C43EE80000000000002EEFFA00002B
:1034A00000000000004FFA000000000000000000D3
:1034B00000000000011000000007EFFFB30000AFA4
:1034C000FD8FFF2004FFFD09FFB00AFEFD12AFF0E3
:1034D0000EF55D2C0EF30FFF33129FF50FFFF30770
:1034E000FFF60FFFE206FFF60FFE24137FF50DF542
:1034F0007D2C0DF30AFFFD11BFF003FFFE0BFFA0B3
:10350000007FFEBFFE100003ACDC810000003443EE
:10351000000005667FFFF96650FFFFFFFFFFFF35E4
:103520006666666666501CCCCCCCCCC402FFFFFF3E
:10353000FFFF602FF3FB7F6DF602FF2FB7F5DF6013
:103540002FF2FB7F5DF602FF2FB7F5DF602FF2FB56
:103550007F5DF602FF2FB7F5DF602FF3FB7F6DF67F
:1035600001FFFFFFFFFF5007BCCCCCCC9000000058
:103570000000000120000000000004FF50000000D7
:103580000002FFFF500000000439FFFE00000004AD
:10359000FF39FFA0000004FFFF39B0000004FFFF67
:1035A000FF20000004FFFFFFB0000004FFFFFFB09A
:1035B000000004FFFFFFB0000004FFFFFFB00000A9
:1035C00000BFFFFFB00000000DFFFFB000000000D3
:1035D000FFFFB00000000009A8600000000000002C
:1035E00000178888888887400002EFFFFFFFFFFFF1
:1035F000F4003EFFFFCFFFCFFFF703EFFFF908F81E
:1036000009FFF83EFFFFFE20402EFFF8DFFFFFFF1F
:10361000E101EFFFF89FFFFFFF80008FFFF809FF38
:10362000FFF902C209FFF8009FFFFE4EFE4EFFF8B1
:103630000009FFFFFFFFFFFFF700008FFFFFFFFF05
:10364000FFC100000000000003EFFFFFE203FBFBEF
:10365000CEBFA4FF1D03A1FAFFF1D03A1FAFFFFFB9
:10366000FFFFFAFFFFFFFFFFAFFFFFFFFFFAFFFFC4
:10367000FFFFFFAFFFFFFFFFFAFFFFFFFFFFAFFFFF
:10368000FFFFFFFAFFFFFFFFFFADFFFFFFFFF8297E
:10369000AAAAAAA800000000000000030000000081
:1036A000000004F1000820000001FF100BF70000EB
:1036B000002FF10CFF94444445FF1BFFFFFFFFFF69
:1036C000FFF18FFFFFFFFFFFFD007FF7000000000D
:1036D00000006F60000000000000300000000000EB
:1036E00000000000000000000000C0030000000017
:1036F0000000C003030A00000F0080050505000557
:103700001C00D0090A0A00004E00B008090F00FE94
:103710009200D00B0C0A0000CE00A0090A0B00FF9B
:103720000501F002030500050D01B004040E01FDC2
:103730002901C004040E00FD4501A0050606000590
:10374000570120080807000273013003030500FE3B
:103750007B016005050300038301300303030000C0
:103760008801F004070EFFFFB9015009090A0000A3
:10377000E6013005040A0000FA011008080A0000FA
:1037800022020008080A00004A0260090A0A000032
:103790007C021008080A0000A402A008090A000020
:1037A000D1026008080A0000F9020009090A0000B5
:1037B0002603A008080A00004E0330030308000097
:1037C0005A033003030B00FD6B03200808080001B7
:1037D0008B03200808060002A30320080808000144
:1037E000C3030008080A0000EB03800E0E0D00FD65
:1037F0004604400A0C0AFF008204A00A090A0100DC
:10380000AF04200A0A0A0000E104900B0A0A010032
:1038100013056009080A01003B05E008080A0100D9
:103820006305D00A0A0A00009505600B090A010029
:10383000C2055004020A0100CC053007070AFF0048
:10384000EF05100A0A0A010021065008080A0100C3
:103850004906600D0B0A01008006600B090A010091
:10386000AD06C00B0C0A0000E906200A090A010097
:103870001607C00B0C0D00FD6407300A090A010091
:103880009107B008090A0000BE073008090A0000C5
:10389000EB07100B090A01001808F0090B0AFF00DA
:1038A0004F08C00F100A00009F0870090A0A0000A4
:1038B000D10810090B0AFF0008093009090A0000A5
:1038C0003509B004040E01FD5109F004070EFFFF95
:1038D0008209B004040E00FD9E09300807060102AB
:1038E000B3090007070100FFB709600805020109D5
:1038F000BC09600808080000DC099009080B0100F9
:10390000080A000808080000280A9009090B0000AE
:103910005A0A9008080800007A0AF004060B000012
:103920009B0AB009090B00FDCD0A9009080B0100A4
:10393000F90AE003020B0100040B0004050EFEFD72
:10394000270BA008080B0100530BE003020B01003A
:103950005E0BD00E0D080100920B900908080100C3
:10396000B20BE00809080000D60B9009080B01FD16
:10397000020C9009090B00FD340CC005050801007C
:10398000480C000707080000640CD005060A000078
:10399000820C800908080100A20CD0070908FF006A
:1039A000C60C900C0D080000FA0CC00708080000B7
:1039B0001A0DD007090BFFFD4C0D5007070800003A
:1039C000680DF004050E00FD8B0D3004020E01FDA4
:1039D000990DF004050E00FDBC0D2008080300033E
:1039E000C80DE00506050006D70D600404030003BA
:1039F000DD0D000E0F0FFFFE4E0E000E0E0B000031
:103A00009B0E000E0E0D00FFF60E000E0E0B0000BA
:103A1000430FA0090A0B00007A0F000E0E0F00FEE4
:103A2000E30F000E0E0F00FE4C10C00F100D00FF34
:103A3000B410000E0E0F00FE1D11C00F100B000081
:103A40007511000E0E0F00FEDE110007070C00FFBF
:103A50000812800A0B0C00FF4A12C00F100E00FE65
:103A6000BA12000E0E0B00000713A0090A0F00FE89
:103A70005213400C0A0E01FE9813400C0D0F00FE6D
:103A8000FA13400C0D0D00FF4F14400C0D0D00FFFC
:103A9000A414400C0A0E01FEEA14400C0E0DFFFFA8
:103AA0004515C008090D00FF8015C008090D00FF6D
:103AB000BB15400C0D0D00FF1016400C0D0400034B
:103AC0002A16C00F100B000082168011120F00FE84
:103AD0000917C00F110FFFFE8917000E0E0D00FF12
:103AE000E417400C0D0800011818400C0D080001E7
:103AF0004C188011120B0000AF18000E0E0B0000C6
:103B0000FC18000E0E0F00FE6519000E0F0FFFFED1
:103B1000D619400C0D0D00FF2B1A400C0D0F00FEA6
:103B20008D1A400C0D0D00FFE21A400C0D0C00FF29
:103B3000301B000E0E0B00007D1BC0080A0FFFFE9D
:103B4000C81B400C0D0F00FE2A1C400C0D0F00FE80
:103B50008C1CC00F100B0000E41C000E100FFFFEA9
:103B60005C1D800A0B0F00FEAF1D8011120D00FFBF
:103B7000241E8011120A00007E1E8011120A00000D
:103B8000D81E8011120A0000321F8011120A000094
:103B90008C1F8011120A0000E61F8011120C00FF1A
:103BA0005220400C0C0F00FEAC20400C0D0F00FE0C
:103BB0000E21000E0F0FFFFE7F218011120B00005F
:103BC000E221800A0B0F00FE3522100E0F0A0000C2
:103BD0000000721F51EF58EF5BEF5CEF5DEF61EF9C
:103BE00063EF65EF69EF6CEF71EF76EF77EF78EFEA
:103BF0008EEF93EF98EF9BEF9CEF9DEFA1EFA2EF7D
:103C0000A3EFA4EFB7EFB8EFBEEFC0EFC1EFC4EF83
:103C1000C7EFC8EFC9EFCBEFE3EFE5EF14F015F016
:103C200017F019F030F037F03AF043F06CF074F020
:103C3000ABF03BF190F191F192F193F194F1D7F166
:103C4000E3F13DF254F2AAF412F7F2F7200000007B
:103C50005F00010000000000000000000000020002
:103C6000B0000000F3F76000D03B03080000000044
:103C70003E000300000001020003040502060708DD
:103C8000090A090A0B0C000D0E0F101112130C1467
:103C9000140000001516171819161A1B1C1D1D1EDE
:103CA0001F201D1D1621222303241E25252627281B
:103CB000292A2B002C002D2E2F303132332D343475
:103CC00035302D2D2E2E36373839333A3A3B3A3CA3
:103CD000290000093D09000000000000000000006C
:103CE00000000000000000000000000000000000D4
:103CF00000000000000000000000000000000000C4
:103D000000000000000000000000000000000000B3
:103D10000000000001020003040502060708090A6A
:103D2000090A0B0C0D0E0F10110C121314151500AF
:103D3000000016171819171919191719191A19192E
:103D4000191917191719031B1C1D1D1E1F202122CD
:103D50002300240025262727270027262829262672
:103D60002A2A272A272A2B2C2D2E2E2F2E300000F0
:103D700023093109000000000000000000000000DD
:103D80000000000000000000000000000000000033
:103D90000000000000000000000000000000000023
:103DA0000000000000000000000000000000000013
:103DB00000010000000000000001000002000000FF
:103DC00000020000000000000000000000000000F1
:103DD00000000100000000000000000000000000E2
:103DE00000010A0006FB00000000F4F3020B0504CA
:103DF000F7020B01090207000000000000000000AC
:103E000000000D02FE0000000000000000000000A5
:103E1000000400F90000000000FC04040000FE00A3
:103E2000FE0200FE00FEFFFC00000000FE0000FDA0
:103E3000FD0000FE00FC000000000000000000FE8D
:103E4000FE00FD00FA00E50000FC0004070000FC95
:103E500002020704FC040000F30000000000000060
:103E600000000000F800000000000000000000005A
:103E7000000000FAFDF500F7FE0000000000090058
:103E8000F9FEFF0100FC0000FEEF00000000000052
:103E90000000000000EEFE0900000000000000002D
:103EA00000000000F7000000000000000000000714
:103EB00000020000FC000000000000000000000004
:103EC00000000000000009020100000000000000E6
:103ED00000000000000000000000000000000000E2
:103EE00000000000000000000000000000000000D2
:103EF000F8000000000000000000000000000000CA
:103F00000000000000000002040207FE000004FEA2
:103F1000F9E102060400FD00080007000700EB00BD
:103F2000FD070007FE0402000001FE0000FC120075
:103F30001200070009030407000000F80000000059
:103F400001FE0002FCFDFC0200FE000000F7000084
:103F5000000000000000000000F100000000000070
:103F600000000000000000000001F400F20000006A
:103F700000FE0016FDFD0202FE00FD020000F4003E
:103F800000000000000000000000EA000200000045
:103F9000000000000000000000F2000D0000F8002A
:103FA0000700F1EAF1FC070000F10003FB00FD004F
:103FB00000000000000000000000000607E500000F
:103FC000000000000000000000000B0002000000E4
:103FD00000000202FDFC00FFFFFE0000FE000000EA
:103FE000FC00FE00FBFC00FAF9F9FC00FC00FC0000
:103FF000000000FE0000020002FE000100000002BE
:10400000FE000000FE0202FF000000FC00FF0000B6
:10401000000000010003FE00FD00FC0000FE0007A0
:104020000000FE0000000000FF01FEFE0000FE0098
:10403000FE000000000000000000FFFF00FEFD0089
:1040400000000000010000FE00FEFEFE0000000077
:104050000000000000FF00000000FEFD00FD00F970
:10406000FEF9040000FC02040600FAFFFD00FFF563
:1040700002FE02F402000001F400F4FEEDFE00F581
:104080000004060003000000000000FCFD00F90031
:104090000000FE000000FE0000000000FFFF00FF27
:1040A000FD00000000000000FEFE00FEFDFE00001E
:1040B000FE0000000000000000000000FEFE00FD09
:1040C00000FE00FC020000FD0102020000000000F2
:1040D00000FE0000000000020000FE00FEFEFD00E9
:1040E0000000000000000200FE00000000FEFD00D5
:1040F000FC0007FE01F9000006F5F4F7FC0200FEE3
:10410000F1FC00FC00FC03FCF200FA000001FF02DD
:10411000FE000200F9F700F5FBFBFBF9FDFA00FCDD
:10412000FA01000100FE0000000200020000000091
:1041300000000000000000FE00FF00FFFE00FCFB8E
:10414000FBFF00F9000000000000FE00000000017D
:10415000FF0000000200000000000000000B000053
:104160000000000002000000FE000000000000004F
:1041700000000000FC000200000000000000000041
:1041800000000000FE000000FC00000000F5F90047
:104190000000FDF50000FE0200FA00000000000033
:1041A00000000000FC0000FC000000000000000017
:1041B000000000000200FC00000000030002FCFC04
:1041C00000FEFEFD000000000000F900FE00FDFE04
:1041D00000FBFAF9FE00FC00F900000000120000EC
:1041E000010000FD000200F60000000000EBFC07EB
:1041F00007FEF70002FD00F5FFFD02F0FE030003DD
:10420000F8FDF8F9F70000F3000D0000FF000000D2
:10421000FFFFFEFAF900EB000000000000000000C4
:10422000010000000000000000000000000000008D
:1042300000FE00FFFEFD0000FC00FE00000000008C
:1042400000000000000000000000FF00FC0000046F
:10425000FF0300FB02FEFFFAFE00FDFEFE00FDFC78
:104260000000FEFFFEFCFD0000FE0002FE00FB0061
:104270000000FC00FC00FCFC02000000000000004C
:1042800000FC0200FD00FEFDF9FEFEFEFFFEFDFF4C
:104290000000000000FEFEFE0000000003FE00FE25
:1042A000000000FEFDFEFEFDFE000209FF00FA0018
:1042B000FE0400FEF7FD030000F5FC02FC0200FE18
:1042C000FEF900FD010000FC0000000202FCFC0001
:1042D000FCFEFDFEFE00FC01FCFC070000000000EF
:1042E00000000000020000000000000000000000CC
:1042F000000000000000000000000000FC000000C2
:1043000000000000000000000000000000000000AD
:10431000000000000000000000000000000000009D
:104320000000000000000000FE000000000000008F
:10433000000000000000000000000000000000007D
:10434000000000000000FEFE000000000000000071
:1043500000000000FD0000FD0000FEFE0000000067
:10436000FE00000000FF0000000000FE0000000052
:10437000FD00FC000000F90002FB0400FEF5000057
:10438000FBFE00F7FAFA0000F6FEF7F7F500FA0078
:10439000020FFD00FBFEFFFEFCFAFCF8F7FBFE003F
:1043A00000FE00010000F0FE0705FBF80001F90027
:1043B000F5FEFE04EBFD010000F1FDF4FEF000004F
:1043C000F0000D0100FE00000000FFFEF7FE00F10E
:1043D00000000000F900FE00FFFAF50000FFFDF903
:1043E000FE00FE00000000F6FEF9F9FEFCFAFEFCFD
:1043F00000FCFEF9FD00FDFCFEFC000100FEF900E2
:104400000400FC00000000030002FC0900FEFEFDA9
:10441000000000000000F900FE00FDFE00FBFAF9BC
:10442000FE00FC020900000000120000010000FD77
:10443000000200000000000000000000000000007A
:10444000FEFC0000000000FF000000FEFE0000FC7B
:10445000FE0000FC0004FF0000000000000100005E
:104460000000030402FE00F9FC0007F9F9FCFC0956
:104470000402EDFE04FE00FE02FEF800FE02FDFE58
:10448000F9FE0000070400FA00F4FD06FDF701FD47
:10449000F9F9FE090200FD00FA000207FBF8F7FA3D
:1044A000070001F0FE02FCFEFB00FBF8FDFDFE0034
:1044B00000FBFBFE000705FEF400F4FD00F8F3FF2F
:1044C000F9FCF9FA060000FD00FCFE00FEFC000409
:1044D000F9020000F400FEFBFCFEF9FAF9FB00F91A
:1044E000FEFBFCF9FE0000010BFC00F9FE00FEFCE7
:1044F000FBFAFAF7FDFC0400FD00F5FD0104F9F8F4
:10450000FCF907FE01EBFC04FBFCF800F9F7FDFEEB
:10451000FEFEFBF9FF00000706FEF100F3FB05F7C6
:10452000F1FCF8F7F5F90400000000FD000002FDC1
:104530000402FC040000F9FF00FF000101FE00007E
:1045400000000000FE0000000002070000FD000067
:104550000000FEFEFD00000001020000000002005D
:10456000FE000900040101FD00040000000200003B
:10457000000000000000000000070006000000002E
:1045800000000000000000000000F300FE0400072F
:1045900000001603FCFC0202FE01F500000BF30014
:1045A00000000000000000000000F1091F000000F2
:1045B000000000000000000000F300000000000008
:1045C00000000000000000000000000000000000EB
:1045D00000000000FC0000FCFE00000000000000E5
:1045E000000000000000000000000000FE00FA00D3
:1045F00000010000021DFCFE0706FA020000020294
:10460000FD0000000000000000000000E3060000C4
:10461000000000000000000000000000000000FAA0
:10462000000000FA00000000FBFF000000FB00FD9E
:1046300000F50000000000000000000000F1000094
:10464000000001000000000000FE0000FC00FD0072
:10465000FA000000FC02FD0000FAFEFB0000FA0078
:10466000FE00F500FE0000EEFCF7FEF80000F10091
:10467000FAFF0000000000000000FDFCFEFC00004E
:104680000000FB00FB03FE0400FEFBFEFCFC00FD43
:10469000FFFE02FAFF000000ECFEFD00FB00FEF54D
:1046A000FE0000FEFE000000000200FEFCFE040012
:1046B00000000000000000000000000000000000FA
:1046C00000000000000000000000000000000000EA
:1046D00000000000000000000000030000000000D7
:1046E00000FB00FE000000FC02000000FAFEFC00DF
:1046F00000FA00FE00F500000000EA00FCF8F500FA
:1047000000F100FEFD0000000000000000FEFDFFC3
:10471000FD01000004FD00070BFEFEF9030B04057C
:10472000FA0309030605060000000000000000006F
:1047300000000E0BFCFE00FE120A12000000020038
:1047400000080000FC000000000000000000FE0067
:10475000000000000000000300000000EDFDFEF777
:10476000F50000F100000000000000000000000063
:104770000000000000FC000000000000000000FE3F
:1047800000000000000000000300000000EDFDFE3E
:10479000F7F50000F7000000000000000000000036
:1047A0000000000000000000FE000000FB0200FE10
:1047B000020402F90000FE02000200000000FA00FC
:1047C000FEFEFC00FEF7000EFE00FBFE00FEFC00FD
:1047D000FEFAFCFD000000FC0000000000000000EC
:1047E00000FE00000000000000000300000000EDDB
:1047F000FDFEF7F50000F10000000000000B0000D6
:104800000000000000000000FC00F9FDFE07FEFEB5
:10481000F701FF01FEFA000500020102FBF7FD00AF
:10482000F7FCFAF7F700FCFCFDFDFEFEFDFE00FEC6
:10483000FF030003FE00070000000000000000006E
:10484000000000FEFEFE0000FA00FF00FC00000079
:104850000000000000000000F30000000000000065
:1048600000000000FEFE00FD00000000FE0000FC55
:10487000FE0200FCFCFE00FAFEFBFEFD00FC000058
:10488000000000000000000000F100070000FC0034
:10489000000000FD00FE0000FF0000FE00FB000025
:1048A00009FDF9F902020200FA020302070207FEFB
:1048B000FA0000F70000F9FA0000FC00FDFC00FD22
:1048C00000FD00FE0300FEF9FE080000FE00FC00F3
:1048D0000003FB0002FE020000F900FEFF00FE02E2
:1048E000FE000000F7FDFB00F90000F50008FE00E7
:1048F000FC000100FE00FEF900FE0200000000FEC8
:10490000000002FD010000FDFE00FD0000000000AF
:10491000000000000000000000000000F2000500A0
:1049200000FE000000000000FEFE00000004000584
:104930000000000000F2F3010A0704F70209000872
:10494000000400000000000000000000000C000057
:104950000000000000000000000000000000000057
:10496000B03D0308743C0308123D03083D310000CC
:1049700060140308E03603084C3C03086049030850
:1049800010000228C4020020D9BA010819BA01088F
:104990001000030000FF0100704903080000000040
:1049A0000000000006F2ECE83699D661963ABE2483
:1049B0005E05FA05B1046A4D098EE7CE47FF00FE99
:1049C000C0FCA4FAA97AF163F39C8AEA8EE3D3ECE3
:1049D0007AFE5DFF0FEA12F376F4DAFD3DFF37AAA7
:1049E00059BB9BCCFCE53EF7B87AB993FBB43DD6F6
:1049F0003EEF585B397C5B9D5DC65EEF3E45BE6514
:104A00005F96FFBE9FE7BE2D1E4EBF863FB7BFE736
:104A10003B269C4EFD865EB7BFE73325B54D5886D5
:104A2000FBB69EE7CD653086B4A639CFBDEF6C9E50
:104A3000B0AE14C779DFDDF70AD72EDF73E7B8F71A
:104A4000DCFF6BFF8EFFB3FFD8FFFCFF45FEA9FE26
:104A500010FF76FFDCFF24FDA9FD70FE16FF9CFF12
:104A600088FB4CFC52FD77FE5CFF6C8B4FA454BD61
:104A700079D65DEF937C3595F8B5DBCE7EEFF7BD4B
:104A80001CE77DEFBEF7DFFFC6E165D145C1E3B0AE
:104A9000CCD8CBC0AAA869883589F478D368B14846
:104AA000B65975513441D230553AF331B2290F1904
:104AB0005C1CBA1B3813340ADC045A04B703B30273
:104AC0007805B40411040C034F04CD034B036802B2
:104AD0000845673CE62BE41A887DE76C4554433370
:104AE00046C6A5ADE49CA283C6FE05FE44FDE2F3E6
:104AF00080FD00FD60FC60FB60FCE0F360EB80E2A9
:104B000083F243E202DAA1B9686A065AA549243958
:104B10006F53CC4229328721AE730C6308420421C3
:104B200000003C027804B306EE08280B610D990FD3
:104B3000D01106143A166C189D1ACB1CF71E2121B1
:104B400048236C258E27AC29C72BDF2DF32F03328A
:104B5000103418361C381C3A173C0E3EFF3FEC410F
:104B6000D443B64593476A493C4B084DCD4E8D50D2
:104B70004652F953A5554B57EA58825A135C9C5D2F
:104B80001F5F9A600D627963DD6439668D67D9684D
:104B90001D6A596B8C6CB76DD96EF36F04710C7212
:104BA0000B730174EE74D275AD767F774778067912
:104BB000BB79677A0A7BA27B327CB77C337DA57D8B
:104BC0000D7E6C7EC07E0B7F4B7F827FAF7FD27F5E
:104BD000EB7FFA7FFF7F0000380C0308494601088D
:104BE00000000000000000009948010800000000DB
:104BF00001040000380C030861540108B554010891
:104C000000000000D554010804010D00000600005A
:104C1000380C0308F75701080000000000000000EE
:104C200000000000D127D12744020000380C0308FF
:104C30009D580108ED5801080000000009590108BD
:104C40000401820085030000380C0308016B010891
:104C5000396B010800000000BD6D0108D127D12784
:104C6000C4020000380C030865B0010819B101083E
:104C70000000000045B101088200D12705040000B2
:104C8000380C030809B801083BB80108000000000F
:104C900079B301080000000080020000380C03080E
:104CA00041CA0108C5D401080000000001D501086F
:104CB000D127D127C0030000380C030835E20108D2
:104CC000D1E201080000000021E30108D127D1272B
:104CD000C0040000380C0308F1F6010800000000D1
:104CE000000000000DF70108D127D127C002000005
:104CF000380C0308116402080000000000000000E6
:104D00009D640208D1278200C5020000B84C030848
:104D100000000000000000000000000079660208AA
:104D200000000000C0040000F44B03085F680208A4
:104D30000000000000000000CD6802080000000034
:104D400085070000380C0308B37F0208DD7F0208E6
:104D500000000000F17F020834001E008402000001
:104D6000380C0308B9810208FD8102080000000028
:104D700055820208D127D12785030000380C03088B
:104D80006D8A02083B8D020800000000618D020858
:104D90000401820004060000040000080000000076
:104DA0000000000200010000103A7474003A7474AC
:104DB000003A747400000000536100005765000061
:104DC000546800004D6F00004672000053750000EB
:104DD000547500004A756E65000000004D617263F5
:104DE00068000000417072696C00000044656365F2
:104DF0006D6265720000000053657074656D6265D8
:104E0000720000004E6F76656D62657200000000F2
:104E10004F63746F6265720041756775737400004B
:104E20004D6179004A756C79000000004A616E7529
:104E300061727900466562727561727900000000E6
:104E4000323032330A323032320A323032310A32C0
:104E50003032300A323031390A323031380A3230A9
:104E600031370A323031360A323031350A32303198
:104E7000340A323031330A323031320A3230313191
:104E80000A323031300A323030390A323030380AA2
:104E9000323030370A323030360A323030350A326A
:104EA0003030340A323030330A323030320A323065
:104EB00030310A323030300A313939390A31393932
:104EC000380A313939370A313939360A3139393501
:104ED0000A313939340A313939330A313939320A28
:104EE000313939310A313939300A313938390A31F1
:104EF0003938380A313938370A313938360A3139D0
:104F000038350A313938340A313938330A313938C9
:104F1000320A313938310A313938300A31393739C2
:104F20000A313937380A313937370A313937360AD1
:104F3000313937350A313937340A313937330A31A3
:104F40003937320A313937310A313937300A313994
:104F500036390A313936380A313936370A31393675
:104F6000360A313936350A313936340A3139363371
:104F70000A313936320A313936310A313936300A96
:104F8000313935390A313935380A313935370A314D
:104F90003935360A313935350A313935340A31393E
:104FA00035330A313935320A313935310A3139353B
:104FB000300A313934390A313934380A3139343721
:104FC0000A313934360A313934350A313934340A40
:104FD000313934330A313934320A313934310A3112
:104FE0003934300A313933390A313933380A3139F1
:104FF00033370A313933360A313933350A313933E7
:10500000340A313933330A313933320A31393331E1
:105010000A313933300A313932390A313932380AF2
:10502000313932370A313932360A313932350A31BB
:105030003932340A313932330A313932320A3139AC
:1050400032310A313932300A313931390A313931A4
:10505000380A313931370A313931360A3139313587
:105060000A313931340A313931330A313931320AAE
:10507000313931310A313931300A313930390A3177
:105080003930380A313930370A313930360A313956
:1050900030350A313930340A313930330A31393058
:1050A000320A31393031000030310A30320A3033BF
:1050B0000A30340A30350A30360A30370A30380AB6
:1050C00030390A31300A31310A3132000A00000029
:1050D0002000000021000000220000003123000019
:1050E000230000002400000025000000270000002D
:1050F00028000000290000002A0000002B0000000A
:105100002C0000002B2F2D002D0000002E00000091
:105110002F000000300000003100000032000000CD
:1051200033000000340000003500000036000000AD
:105130003700000038000000390000003A0000008D
:105140003B0000003C0000003D0000003E0000006D
:105150003F0000004000000041000000420000004D
:1051600041424300430000004400000045000000AD
:105170004600000047000000480000004900000011
:105180004A0000004B0000004C0000004D000000F1
:105190004E0000004F0000005000000051000000D1
:1051A00052000000530000005400000055000000B1
:1051B0005600000057000000580000005900000091
:1051C0005A0000005B0000005C0000005D00000071
:1051D0005F00000061000000620000006162630087
:1051E000630000006400000065000000660000002D
:1051F00067000000690000006A0000006B0000000A
:105200006D0000006E0000006F00000070000000E4
:1052100071000000720000007300000074000000C4
:1052200075000000760000007700000078000000A4
:10523000790000007A0000007B0000007D00000083
:10524000EF808C00EF819300EF819400EF959A003E
:10525000EF849C00EFA2A2000000000042746E31B7
:105260000000000042746E320000000042746E3391
:105270000000000042746E340000000042746E357D
:1052800000000000A4520308000000206803000092
:105290006C0100083C54030868030020D8CA0000D1
:1052A000C8010008412D0102030404100906070883
:1052B000090204060884A24A046918015C1AAA01BA
:1052C000C112F03440010580C1F6CFD3BBD108969E
:1052D000BDD42D8C43A359993DD97A063BA578D1ED
:1052E000C065C5B03D6EDBF73AF3624DC1CCEC73DF
:1052F000BBA0C186BD39B77E433752363B7EFE7BAD
:105300003DF18739C1F3C9AA3DD40CA93BC4667AE3
:10531000C12ECBB73DEC8497B9CEE5A4C1CA17B472
:10532000BAE3FE833D996E80C18010493ADACA8B98
:10533000BD4BE47A438F39AFBDEA784CB9B35FA770
:1053400043438EADBDDE214538E294A14326370AA2
:10535000BB85ED87BD2F7E82439738F2BAE82E8950
:105360003D07EA4CC108CAADBDA30653BA9CB2A61C
:1053700043E50AAFBD5DA365BAF702A743C32A5E42
:10538000BB8A8E843DE5C1C6C05AFF01E90C0220EC
:105390002D0266011ECC4D0308C4041AD0041ABCA9
:1053A000041AC0041AC8041AB8041E2C4E03083488
:1053B000041ADC0C1AE4041A200C1AD4081A240863
:1053C0001A18041AF80C1A10081A04041AEC0C1E05
:1053D000A8500308400C59FA111F640E0308640F0B
:1053E000041A10041A110429109904411A14201ADD
:1053F00014201A14201AB80439109904015C0617F5
:10540000D4C3B2A16F1812C99F0208A59C02084913
:105410009D0208219E020869101A950C1AD1041ADF
:10542000F9041B5C52C419041A6C041ACCF81A74DF
:0C543000081A7C041A5804011000000047
:0400000508000131BD
:00000001FF
