:020000040800F2
:10000000D8810020450100083B0800089907000836
:1000100039080008F7020008FD1F00080000000072
:10002000000000000000000000000000351A000879
:100030000F05000800000000B50800085D01000879
:100040005F0100085F0100085F0100085F01000810
:100050005F0100085F0100085F0100085F01000800
:100060005F0100085F0100085F0100085F010008F0
:100070005F0100085F0100085F0100085F010008E0
:100080005F0100085F0100085F0100085F010008D0
:100090005F0100085F0100085F0100085F010008C0
:1000A0005F0100085F0100085F0100085F010008B0
:1000B0005F0100085F0100085F0100085F010008A0
:1000C0005F0100085F0100085F0100085F01000890
:1000D0005F0100085F0100085F0100085F01000880
:1000E0005F0100085F0100085F0100085F01000870
:1000F0005F0100085F0100085F0100085F01000860
:100100005F010008410B00085F0100085F01000863
:100110005F0100085F0100085F0100085F0100083F
:100120005F0100085F0100085F0100085F0100082F
:10013000DFF80CD000F0A2F800480047714000083A
:10014000D88100200648804706480047FEE7FEE7C2
:10015000FEE7FEE7FEE7FEE7FEE7FEE7FEE7FEE777
:10016000ED1A0008310100082DE9F05F0546002076
:1001700092469B4688460646814640241BE0284618
:1001800041464746224600F069F853465A46C01A8F
:10019000914110D311461846224600F050F82D1A0E
:1001A00067EB01084F4622460120002100F047F886
:1001B00017EB00094E41201EA4F10104DFDC484684
:1001C00031462A464346BDE8F09F40EA01039B07BB
:1001D00003D009E008C9121F08C0042AFAD203E0BC
:1001E00011F8013B00F8013B521EF9D2704710B5DF
:1001F000044604E00B7800F8013B03B1491C521E91
:10020000F8D2204610BD30B504460020034600E079
:100210005B1C934203D2E05CCD5C401BF8D030BD48
:1002200030B505460020034600E05B1C934205D232
:10023000EC5CC85C201A01D1002CF6D130BD202A1C
:1002400004DB203A00FA02F1002070479140C2F12D
:10025000200320FA03F3194390407047202A04DB5F
:10026000203A21FA02F00021704721FA02F3D0402F
:10027000C2F120029140084319467047064C074DD1
:1002800006E0E06840F0010394E807009847103466
:10029000AC42F6D3FFF750FF48FE020868FE0208A2
:1002A00070B58C1810F8015B15F0070301D110F838
:1002B000013B2A1106D110F8012B03E010F8016B65
:1002C00001F8016B5B1EF9D12B0705D40023521EE8
:1002D0000DD401F8013BFAE710F8013BCB1A921C50
:1002E00003E013F8015B01F8015B521EF9D5A1424E
:1002F000D8D3002070BDFEE770B500254FF48034E0
:1003000000E0641E24B1802000F0FEFB0028F8D03D
:100310002CB140F2FF5000F0B1FB284670BD032025
:1003200070BD00000548416B11F0450FFBD040F255
:10033000FF518163406900F0080070470080014070
:1003400010B500240E4A516B00E0516B11F0450FBF
:10035000FBD0480705D50324042000F08FFB20467E
:1003600010BDC80705D00124012000F087FB2046FE
:1003700010BD40F2FF5000F081FB204610BD000090
:100380000080014010B500240A4A516B00E0516B17
:1003900011F0450FFBD0480705D50324042000F0D9
:1003A0006DFB204610BD40F2FF5000F067FB204679
:1003B00010BD00000080014070B506460C460025C7
:1003C0001C4A506B00E0506B10F0450FFBD041070A
:1003D00005D50324042000F051FB204670BDC00762
:1003E00005D00124012000F049FB204670BD00F03B
:1003F00085FBB04201D0102070BD40F2FF5000F0EC
:100400003DFB002000F092FB10F4604F03D081040C
:1004100005D5132070BD000C2080284670BD410416
:1004200001D5102070BD000401D50F2070BD2846F5
:1004300070BD00000080014010B500204FF48031F5
:100440000D4B5A6B01E0491E5A6B12F0450F01D15A
:100450000029F8D109B1510705D50324042000F083
:100460000DFB204610BD5106FCD50024402000F0B5
:1004700005FB204610BD000000800140C10002D5F0
:10048000024908607047024948607047040402400E
:1004900000000240002904D0016841F00101016020
:1004A000704701684FF6FE7211400160704700000E
:1004B00002460020D10002D50449096801E0044940
:1004C0000968114200D0012070470000000402407A
:1004D0000000024030B5026847F6F0739A430C6A98
:1004E0008B682343D1E904452C4323438C69234380
:1004F000CC6923434C6A23438C6A23431343036030
:10050000CA6842600A6882604968C16030BD70474D
:100510002DE9FC470E460024002700970197584D0F
:100520004FF0080AC5F800A0102068604FF040089E
:10053000C5F80880EF604FF48069C5F81090284630
:1005400000F02AFB1020FFF7EDFE002832D14D48C5
:1005500000890004286037206860C5F80880EF60D3
:10056000C5F81090284600F017FB3720FFF7DAFE99
:1005700000281FD1411E05F114000160C0F804A03D
:10058000302181600221C16007610121416100F0D9
:100590008DFA2F6033206860C5F80880EF60C5F8D9
:1005A0001090284600F0F8FA3320FFF7BBFE05460E
:1005B000280001D0BDE8FC874FF4001A6F46DFF831
:1005C000C88040F22A690AE0504600F09DFA30B136
:1005D00000F0DCFA47F82400641C012C04D8D8F899
:1005E000340010EA090FEFD0082000F08DFA20B196
:1005F000082000F043FA0420DCE7022000F084FA2F
:1006000020B1022000F03AFA0220D3E7202000F0C7
:100610007BFA20B1202000F031FA0620CAE74FF41F
:100620000074204600F070FA20B1204600F026FA4F
:100630000720BFE740F2FF5000F020FA0098009931
:10064000000601F47F4140EA0120009901F47F0196
:1006500040EA1120009940EA116070600198019908
:10066000000601F47F4140EA0120019901F47F0175
:1006700040EA1120019940EA11603060284699E76C
:10068000A8710020C00600200080014008B50121AB
:10069000302000F01FF94FF4F850ADF800000320AF
:1006A0008DF8020018208DF803006946094800F013
:1006B00015F80420ADF800006946074800F00EF870
:1006C0000121880200F0F8F80121022000F0F4F87E
:1006D00008BD000000100140001401402DE9F04168
:1006E0000022CC7804F00F03E40601D58C78234374
:1006F0000C784FF00F0714F0FF0F4FF0010C1CD0D7
:1007000005680CFA02F40E882640A64211D1960024
:1007100007FA06F825EA080503FA06F848EA050587
:10072000CE78282E02D0482E02D002E0446100E0AC
:100730000461521C082AE4D305600A88FF2A1ED9E6
:100740004568002202F108060CFA06F40E882640DD
:10075000A64210D1960007FA06F825EA080503FA22
:1007600006F848EA0505CE78282E00D14461CE78F7
:10077000482E00D10461521C082AE3D34560BDE82D
:10078000F0810246002092680A4200D001207047A2
:100790004161704701617047FEE7000038B50121F3
:1007A000142000F097F80120ADF8000004248DF823
:1007B000034069460648FFF791FFE002ADF80000EC
:1007C0008DF8034069460348FFF788FF38BD0000F5
:1007D000000801400010014038B50121082000F058
:1007E00079F82020ADF8000010208DF803000320D8
:1007F0008DF802000F4C69462046FFF76FFF01217C
:10080000ADF8001069462046FFF768FF0221ADF8F9
:10081000001069462046FFF761FF20212046FFF7C0
:10082000B9FF01212046FFF7B5FF02212046FFF75F
:10083000B1FF38BD000C0140FEE7704770B50F23D3
:10084000C27801260178002A1ED0144A126802F4E8
:10085000E062C2F5E062120AC2F10404D3404578B6
:10086000A54082781A402A43120101F1E02181F863
:100870000024007800F01F018E404009800000F144
:10088000E020C0F8006170BD01F01F0086404809FB
:10089000800000F1E020C0F8806170BD0CED00E048
:1008A0000249084302490860704700000000FA0549
:1008B0000CED00E070470000054A002903D05169A3
:1008C0000143516170475169814351617047000094
:1008D00000100240054A002903D09169014391614B
:1008E0007047916981439161704700000010024098
:1008F00010B5264A516801F00C01254B002927D07C
:10090000042927D0082927D00360516801F0F0019D
:100910000909204B5C5C0168E1404160546804F4C3
:10092000E064240A1C5D21FA04F48460546804F431
:100930006054E40A1B5DD940C160526802F4404231
:10094000920B144B1B1F9A5CB1FBF2F1016110BDBD
:100950000360DAE70360D8E7516801F47011536867
:1009600003F48033022404EB914133B153689B03B9
:1009700007D5094B59430160C7E7074B594301604D
:10098000C3E7034B59430160BFE70000001002407A
:1009900000127A000400002000093D002DE9FC4708
:1009A0000646002400940194002000F0BFF8800166
:1009B00002D50E20BDE8FC872E4D6946288980B2FD
:1009C000FFF7A6FD0028F5D137202B4F4FF0060A80
:1009D0004FF040094FF48068012E22D00199C903DD
:1009E00045D52989090439607860C7F80890FC600A
:1009F000C7F81080384600F0CFF83720FFF792FC98
:100A00000028D7D13C60C7F804A0C7F80890FC6064
:100A1000C7F81080384600F0BFF80620FFF782FCC8
:100A2000C8E70199490320D529890904396078600C
:100A3000C7F80890FC60C7F810800F4800F0ACF8C9
:100A40003720FFF76FFC0028B4D102203860C7F8C8
:100A500004A0C7F80890FC60C7F81080064800F0B2
:100A60009BF80620FFF75EFCA4E72520A2E72520DF
:100A7000A0E70000C0060020A8710020014988639B
:100A80007047000000800140014988637047000002
:100A9000008001400149086070470000A00030421A
:100AA00001490860704700008C05304210B50949C3
:100AB00002684A6242688A62CA6A22F0F702D0E992
:100AC00002342343D0E90440044323431343CB625D
:100AD00010BD000000800140064800210160416017
:100AE0008160C16041628162C162034A8263C16305
:100AF0007047000000800140FF07C0000148006906
:100B0000C0B270470080014001460020024A526B8B
:100B10000A4200D00120704700800140024800686E
:100B200000F00300704700000080014008B5034951
:100B3000084400900098006808BD0000148001403F
:100B400000F0BCBB054A002903D0D16B0143D1633F
:100B50007047D16B8143D163704700000080014032
:100B600030B5094B596847F6FF629143027D8468AE
:100B7000C568224344682C43224304680069224329
:100B800002430A435A6030BD0080014001480068BA
:100B9000704700008080014010B5084902688A60F3
:100BA000CA686FF30A02D0E901342343D0E9034055
:100BB000044323431343CB6010BD00000080014079
:100BC00004490A6822F003020A600A6802430A60C4
:100BD00070470000008001400148FFF769BC000039
:100BE0000020001070B58CB005460C461148FFF788
:100BF00045FC114E00213046FFF74CFC0F48019098
:100C0000029500200390A10804910590802106918F
:100C10008900079189000891099089000A910B9039
:100C200001A93046FFF756FC01213046FFF732FCA0
:100C30000CB070BD00F00010440402408080014000
:100C400070B58CB004460D461248FFF717FC124EE3
:100C500000213046FFF71EFC10480190029410203E
:100C60000390A80804900020059080210691890037
:100C7000079189000891099089000A910B9001A9B8
:100C80003046FFF727FC01213046FFF703FC0CB08C
:100C900070BD000000F0001044040240808001405C
:100CA00008B5012000909DF8000008BD2DE9F04135
:100CB000014600241E484068032805D038B10128A9
:100CC00005D0022803D031E02720BDE8F081B1F53E
:100CD000805F0ED04FF400670026164D4FF00108DC
:100CE000B94213D10120FFF759FE0446200002D07B
:100CF0001CE02720E9E785F814802E606E60AE6066
:100D0000EF602E610B48FFF72BFF0FE00020FFF78D
:100D100045FE0446200009D185F814802E606E60DF
:100D2000AE60EE602E610348FFF71AFF2046CCE765
:100D3000C0060020907100202DE9F04396494F68CD
:100D400080F856700989A0F85410DFF850C2DCF81A
:100D500000100A0E93090370C2F38303437002F07C
:100D6000030282700A0CC2700A0A02714171DCF837
:100D70000420110E0901C180C2F30741C38843EA70
:100D80001113C38001F00F010172C2F30721CB09D7
:100D90004372C1F380138372C1F34013C372C1F372
:100DA000001303730023437364460126D4F80880BC
:100DB000002F4FEA1864C8F30745C8F3072904D089
:100DC000012F02D0022F3AD04FE08907090D0161AF
:100DD000D1B2026942EA81010161016941EA9411DB
:100DE0000161C4F3C201017504F00701417569098D
:100DF0008175C5F38201C175A907490F017649467E
:100E0000027E42EAD11202760269521C047EA41CC0
:100E100006FA04F9A2FB094703FB09774FEAE975D3
:100E200002FB0575027A06FA02F70765A4FB07299B
:100E300005FB079504FB0354C0E9122415E0910655
:100E4000890A0161016941EA0421016101692943BB
:100E5000016149460269DC04521C44EA5234D2045E
:100E6000C0E912244FF4007202651C30C1F38012F5
:100E700000F8032C8906490E00F8021C08F0FF0157
:100E800010F8022C42EAD11200F8022C01F07F0186
:100E900000F8011CDCF80C20110ECC090470C1F321
:100EA00041144470C1F3820484708907090FC17032
:100EB000C2F30741C47844EA9114C470C1F34014EA
:100EC0000471437101F001018171C2F30721CC0962
:100ED000C471C1F380140472C1F340144472C1F3AD
:100EE00000148472C1F38104C47201F00301017320
:100EF000D1B2490841738673284A103211680C0E2A
:100F000004740C0C24024482C1F30724458A25434F
:100F100045820906416151680C0E456945EA044461
:100F20004461C1F30744456945EA04244461C1F3BF
:100F30000724456925434561017691680C0E447686
:100F40000C0C2406C461C1F30724C56945EA0444B6
:100F5000C461C9B2C46944EA0121C161D1680A0E01
:100F6000C4691443C461C1F3074290F8204044EAC5
:100F7000121480F820401207120D4284C1F3072298
:100F8000448C14434484C9B2490880F8241080F882
:100F900025601846BDE8F083C006002008710020D7
:100FA00008B500200090684600F024FA08B1FF2040
:100FB00008BD0098C0F3432008BD10B5FFF7F0FF4F
:100FC000042803D0FF2803D0012010BD002010BD4D
:100FD000022010BD10B5FFF759FBFFF77DFD00F0B3
:100FE000B5F8002822D100F025F800281ED11048BD
:100FF000012101750021016041608160C1600161D2
:10100000FFF7AEFD0A485838FFF796FE30B908489A
:101010005838B0F85400000400F0D6F9002805D183
:10102000BDE810404FF40060FFF740BE10BD000067
:10103000907100202DE9F84F002401200090FFF767
:101040006DFDE0B1DFF8FC8000263F4DD8F80400CC
:101050004FF0C0094FF4806704282AD02E60022088
:101060006860C5F80890EE602F612846FFF794FD90
:10107000FFF766F90446200003D0BDE8F88F25206D
:10108000FBE70020FFF752FDDFF8BCA0AAF1900AB1
:10109000CAF800000420FFF749FDCAF80400082040
:1010A000FFF744FDCAF808000C20FFF73FFDCAF81F
:1010B0000C00D8F8040028B1012803D0062801D07C
:1010C000022811D12E60032068604020A860EE60E5
:1010D0002F611D48FFF760FD69460320FFF76CF99B
:1010E0000446200000D0C8E7D8F80400042826D021
:1010F000BDF80000C8F808000004286009206860F6
:10110000C5F80890EE602F610F48FFF745FDFFF727
:1011100017F90446200000D0AFE70020FFF706FDD6
:10112000094DA03D28600420FFF700FD68600820FD
:10113000FFF7FCFCA8600C20FFF7F8FCE8602046F5
:101140009BE70000C0060020A87100202DE9F05F99
:101150004FF0000B0024A24600275548B22101752C
:101160004FF00008C0F80080C0F80480C0F8088084
:10117000C0F80C80C0F81080FFF7F2FC0320FFF7E6
:101180001FFD0120FFF786FC494E1836C6F8008087
:10119000C6F80480C6F80880C6F80C804FF4806951
:1011A000C6F810903046FFF7F7FCFFF7A5F80028C7
:1011B0005FD14FF4D5703060082070604025B56075
:1011C000C6F80C80C6F810903046FFF7E5FCFFF734
:1011D00033F918B3C6F8008037207060B560C6F8E0
:1011E0000C80C6F810903046FFF7D6FC3720FFF78A
:1011F00099F8C6F80080372070604020B060C6F8CB
:101200000C80C6F810902A481830FFF7C5FC37202C
:10121000FFF788F80546280034D046E0254801212C
:1012200041608F07E5E7C6F80080372070604025F1
:10123000B560C6F80C80C6F810901D481830FFF74E
:10124000ABFC3720FFF76EF8002812D11A4838435C
:10125000306029207060B560C6F80C80C6F8109028
:1012600013481830FFF798FCFFF78CF80546280064
:1012700001D0BDE8F09F0020FFF758FC83464FEAFD
:10128000DB7A641CBAF1000F03D14FF6FF70844281
:10129000C9D34FF6FF70844201D31B20E9E71BF04E
:1012A000804F02D00348022141602846E1E7000058
:1012B00090710020C00600200000108070B50E4C18
:1012C000E168002001290DD020704FF48075284678
:1012D000FFF7DAFB00212846FFF734FC01202061EC
:1012E000207870BD0549886040F24C40C8600C20F1
:1012F000FFF718F82070E8E7C006002000800140E2
:101300002DE9FF5F1446DDE90E6A1D462B480027D4
:10131000077007614FF00108C0F80C802849CF62C0
:101320004068022803D10602640A44EAC554254DE8
:101330002E60102068604FF04009C5F80890EF60FB
:101340004FF4806BC5F810B02846FFF725FC10203D
:10135000FEF7E8FF002821D1411E05F114000160CD
:101360000AFB06FAC0F804A0902181600221C16046
:101370000761C0F81480FFF799FB2C6012206860A9
:10138000C5F80890EF60C5F810B02846FFF704FCD8
:101390001220FEF7C7FF04461CB1204604B0BDE88A
:1013A000F09F01210802FFF7CDFB0120FFF778FB3A
:1013B00051460098FFF716FC2046EFE7C0060020D4
:1013C00000800140A871002010B50949086007207D
:1013D0004860402088600020C8604FF48060086149
:1013E0000846FFF7D9FBBDE810400720FEF79ABF7B
:1013F000A871002070B505460748084C0089000414
:10140000A06040F24D40E0600D20FEF78BFF002809
:1014100001D16169296070BDC006002000800140D3
:1014200070B50025074CFFF7D7FB20B9206910B92C
:1014300020780028F7D0207808B1207870BD2846A1
:1014400070BD0000C006002070B50025094CFFF7F4
:10145000C3FB20B9206910B920780028F7D0207884
:1014600008B1207870BD40F2FF50FFF707FB284617
:1014700070BD0000C00600202DE9FF5F82B0144659
:10148000DDE910671D464FF00008CDF80480DFF855
:10149000009189F80080C9F810800120C9F80C007B
:1014A0003C48C0F82C80D9F80400022803D1060279
:1014B000640A44EAC554384D2E60102068604FF02D
:1014C000400AC5F808A0C5F80C804FF4806BC5F839
:1014D00010B02846FFF760FB1020FEF723FF00281E
:1014E00052D1B9F808000004286037206860C5F8B8
:1014F00008A0C5F80C80C5F810B02846FFF74CFBD3
:101500003720FEF70FFF00283ED12F6017206860BC
:10151000C5F808A0C5F80C80C5F810B02846FFF73C
:101520003BFB1720FEF7FEFE00282DD12C60192072
:101530006860C5F808A0C5F80C80C5F810B028464A
:10154000FFF72AFB1920FEF7EDFE00281CD105F15C
:101550001402401E10607743576090209060C2F8DC
:101560000C80C2F81080012050611046FFF79EFAEF
:1015700001210802FFF7E6FA0120FFF791FA394648
:101580000298FFF75DFB404606B0BDE8F09F000003
:10159000C006002000800140A8710020002904D06E
:1015A000018841F0400101807047018821F040012D
:1015B000018070472DE9F04104460F461546114E53
:1015C00001213046FFF7E4F8032000F079F9C7F372
:1015D000074000F075F9C7F3072000F071F9F8B281
:1015E00000F06EF904E0FF2000F06AF904F8010B46
:1015F0006D1EADB2F7D23046BDE8F0410121FFF7D4
:10160000C9B80000001001402DE9F04706460D461C
:10161000E8B24142CFB2140A02F0FF094FF48078D9
:10162000002812D0E8B24042C0B205EB000A34B341
:10163000D01B80B2040A00F0FF093A462946304622
:1016400000F0AAF855463E4439E074B929463046C0
:10165000BDE8F04700F0A0B842462946304600F009
:101660009BF805F5807506F58076641EE4B2F3D22A
:101670004A4629463046BDE8F04700F08DB8B945E6
:101680000ED9A9EB0700C4B23A462946304600F00D
:1016900083F85146F0192246BDE8F04700F07CB8C7
:1016A00029463046BDE8F04700F076B84246294664
:1016B000304600F071F805F5807506F58076641EF9
:1016C000E4B2F3D2B9F1000F06D04A4629463046BB
:1016D000BDE8F04700F060B8BDE8F08770B586B0AF
:1016E00001210803FFF7F6F80121D420FFF7F2F8F3
:1016F0000124ADF8004003208DF8020010208DF881
:101700000300224D69462846FEF7E8FF2021ADF888
:10171000001018218DF803101D4E69463046FEF763
:10172000DDFF4021ADF8001069463046FEF7D6FFD8
:101730008021ADF8001069463046FEF7CFFF012149
:101740002846FFF727F80020ADF804004FF4827117
:10175000ADF80610ADF808000221ADF80A10ADF89A
:101760000C400902ADF80E10ADF81000ADF81200F3
:101770000720ADF81400074C01A9204600F01DF920
:1017800001212046FFF70AFF06B070BD001001409E
:1017900000080140003001402DE9F04105460F46A8
:1017A000144600F0DBF8154E01213046FEF7F0FF3D
:1017B000022000F085F8C7F3074000F081F8C7F376
:1017C000072000F07DF8F8B200F07AF8B0158442F6
:1017D00008D904460AA000F013FC03E0287800F0C2
:1017E0006FF86D1C641EA4B2F8D201213046FEF7DA
:1017F000D1FFBDE8F04100F09BB8000000100140AF
:101800003C3C2D464C4153482D4552524F522D3EA3
:101810003E205350495F464C4153485F50616765D5
:10182000577269746520746F6F206C6172676521EF
:101830000A0000002DE9F0410E4F01213846FEF765
:10184000A7FF9F2000F03CF8FF2000F039F8044685
:10185000FF2000F035F80546FF2000F031F806467D
:1018600001213846FEF796FF200440EA0520304368
:10187000BDE8F0810010014070B5044600F06EF83C
:1018800000F056F80D4D01212846FEF781FF20207B
:1018900000F016F8C4F3074000F012F8C4F3072074
:1018A00000F00EF8E0B200F00BF801212846FEF738
:1018B00071FFBDE8704000F03BB80000001001402F
:1018C0002DE9F0410746184C4FF480556560174EDE
:1018D00009E06068411E616005D2002000F08AF8CE
:1018E000C0B2BDE8F0810221304600F05BF800286C
:1018F000EFD03946304600F05EF8656008E0616878
:101900004A1E626004D2012000F074F8C0B2E8E719
:101910000121304600F046F80028F0D0304600F0B3
:1019200048F8C0B2DDE70000B806002000300140F2
:1019300010B5094C01212046FEF72AFF0520FFF7CC
:10194000BFFFFF20FFF7BCFFC007FAD12046BDE86C
:1019500010400121FEF71EBF0010014010B5074CDA
:1019600001212046FEF714FF0620FFF7A9FF2046BD
:10197000BDE810400121FEF70DBF0000001001403E
:1019800010B5074C01212046FEF702FFAB20FFF700
:1019900097FF2046BDE810400121FEF7FBBE000086
:1019A000001001400246002012890A4200D00120A6
:1019B0007047808970478181704730B5028802F492
:1019C00041530A884C88CD8822438C882C4322437B
:1019D0000C8922434C8922438C892243CC8922439F
:1019E0001A430280828B22F400628283098A018278
:1019F00030BD000010B5014602A000F001FB002040
:101A000010BD00003C3C2D464C4153482D455252E0
:101A10004F522D3E3E2053504920B5C8B4FDB3ACC3
:101A2000CAB1216572726F72436F6465203D2025D3
:101A3000640A0000704700F001B800000CB50022F5
:101A4000019200922748016841F4803101604FF40F
:101A5000A063016801F4003100910199491C0191D2
:101A6000009911B901999942F3D10168890302D50E
:101A70000121009100E000920099012930D11A491A
:101A80000A6842F010020A600A6822F003020A6043
:101A90000A6842F002020A604168416041684160A0
:101AA000416841F480614160416821F47C114160EA
:101AB000416841F4E8114160016841F080710160C2
:101AC00001688901FCD5416821F00301416041684A
:101AD00041F0020141604168C1F381010229FAD15C
:101AE0000CBD0000001002400020024010B50F485D
:101AF000016841F00101016041680D4A11404160F7
:101B000001680C4A11400160016821F480210160E4
:101B1000416821F4FE0141604FF41F018160FFF72D
:101B20008AFF05494FF00060086010BD00100240B8
:101B30000000FFF8FFFFF6FE08ED00E070B586B08C
:101B400001210803FEF7C6FE0121D420FEF7C2FEE4
:101B50000124ADF8004003208DF8020010208DF81C
:101B60000300274D69462846FEF7B8FD2021ADF851
:101B7000001018218DF80310224E69463046FEF7FA
:101B8000ADFD4021ADF8001069463046FEF7A6FDD8
:101B90008021ADF8001069463046FEF79FFD012117
:101BA0002846FEF7F7FD0020ADF804004FF48271DF
:101BB000ADF80610ADF808000221ADF80A10ADF836
:101BC0000C400902ADF80E10ADF81000ADF812008F
:101BD0000720ADF814000C4C01A92046FFF7EDFEDC
:101BE00001212046FFF7DAFC4FF4FA70401E000492
:101BF000000CFBD1FFF7C4FE00F032F806B070BD58
:101C0000001001400008014000300140002810D0C1
:101C1000012804D0022806D003280AD107E04FF497
:101C2000C060086005E04FF48050088001E00120AA
:101C3000086000207047000010B5084B1B78DB07D8
:101C400001D0032010BD01F500714FF6FF7303EAC8
:101C500002320903FFF7AEFC002010BDB8060020D9
:101C600010B5FFF7E7FD074A0749904204D108780D
:101C700020F00100087010BD087840F001000870E5
:101C800010BD00001740EF00B806002070B50546F3
:101C900001F500710C032046FFF7EEFD4FF4805272
:101CA00021462846FFF7B0FC002070BD0120704798
:101CB00008B54FF4C060FEF7F3FD31208DF8000049
:101CC00001208DF8010000218DF802108DF803002D
:101CD0006846FEF7B3FDFFF77DF90C4960B148781F
:101CE00040F001004870FFF7E1FF50B1487820F064
:101CF00004004870487808BD487820F0010048701A
:101D0000F1E7487840F004004870F3E7C00600208F
:101D100010B50C46002814D001280BD0022802D0A0
:101D200003280ED103E04FF40070208009E0012069
:101D3000206006E004490023483107C9FEF714FA81
:101D40002060002010BD0000387100202DE9F04116
:101D5000ADF5007D06460C4615461D484078C00787
:101D600004D003200DF5007DBDE8F081B0074FF4ED
:101D7000007815D000270EE02146641C0122684639
:101D8000FFF7E4FF07464FB9424669463046FEF783
:101D90001CFA06F500766D1E681CEDD13846E1E7A9
:101DA000CDE90085E30D62023046FFF7A9FA08B1DC
:101DB0000120D7E7FFF734FB0446FFF7FEF80128C0
:101DC000FBD0022800D00CB10120CBE70020C9E7EE
:101DD000C006002000B5FEF763FF012801D00120F6
:101DE00000BDFFF763FF064928B1487820F00400E2
:101DF0004870487800BD487840F004004870F8E723
:101E0000C0060020F0B5ADF5017D06460C4615462E
:101E1000FFF74CFF38B1FEF743FF012805D0032040
:101E20000DF5017DF0BD0220FAE7B0074FF4007711
:101E300014D000200EE03A46314601A8FEF7C5F95D
:101E40002146641C012201A8FFF7DCFF0028E7D12E
:101E500006F500766D1E691CEDD1E1E7CDE9007550
:101E6000E30D62023046FFF707FB08B10120D7E718
:101E7000FFF7EAFA0446FFF7A0F80128FBD0022892
:101E800000D00CB10120CBE70020C9E7002904D025
:101E9000818941F4005181817047818921F4005189
:101EA0008181704710B586B001210420FEF712FD34
:101EB00001218803FEF70EFD4FF40070ADF8140009
:101EC00018208DF8170003208DF81600144C05A972
:101ED0002046FEF703FC2115ADF8141004218DF8FF
:101EE000171005A92046FEF7F9FB4FF4E1300190E9
:101EF0000020ADF80800ADF80A00ADF80C00ADF810
:101F000010000C20ADF80E00064C01A9204600F090
:101F100013F801212046FFF7B9FF06B010BD0000FD
:101F200000080140003801400246002012880A42A1
:101F300000D001207047000030B585B004460D4642
:101F4000208A4CF6FF710840E98801432182A0896C
:101F50004EF6F3110840A9882A8911436A89024381
:101F60001143A181A08A4FF6FF410840A98901438E
:101F7000A1826846FEF7BCFC1D48844201D103984B
:101F800000E00298A189090408D500EBC00101EB2B
:101F9000001029684900B0FBF1F007E000EBC00138
:101FA00001EB001029688900B0FBF1F06422B0FB5E
:101FB000F2F109010B096FF018056B4300EB830088
:101FC000A3891D044FF0320307D503EBC000B0FB1B
:101FD000F2F000F00700084306E003EB0010B0FB4E
:101FE000F2F000F00F000843208105B030BD000082
:101FF00000380140C1F3080181807047FEE700000E
:102000000FB4054B10B503A9044A029800F018F864
:1020100010BC5DF814FB0000193E0008E00600202B
:1020200002E008C8121F08C1002AFAD170477047A1
:10203000002001E001C1121F002AFBD170470000FF
:102040002DE9FF4F8DB00F460546002606E02528F6
:102050000BD0DDE90F1290476D1C761C2878002804
:10206000F5D111B03046BDE8F08F0024A246A1465C
:102070000122EC4900E0044315F8013F203B02FA3D
:1020800003F00842F7D128782A2810D06FF02F02E9
:102090002878A0F13001092914D80AEB8A0102EB53
:1020A000410144F0020400EB010A6D1CF0E701CF8E
:1020B0005FEA000A03D544F40054CAF1000A44F070
:1020C00002046D1C28782E2817D115F8010F44F052
:1020D00004042A280ED06FF02F022878A0F13001D6
:1020E00009290AD809EB890102EB410100EB01093A
:1020F0006D1CF2E757F8049B6D1C28786C280FD0F4
:1021000006DC4C2817D068280DD06A2814D104E0CA
:10211000742810D07A280FD10DE044F400140AE09E
:1021200044F4801401E044F440146978814202D1FF
:1021300004F580146D1C6D1C2A786E2A1FD00CDCEF
:10214000632A31D004DC002A8BD0582A11D1A3E0B5
:10215000642A68D0692A0CD165E0732A2ED004DC89
:102160006F2A73D0702A04D19BE0752A6FD0782A29
:102170006ED01046DDE90F129047761C50E1C4F393
:102180000250022806D0032809D0042801CF09D024
:10219000066045E101CFF117C0E9006140E101CFE0
:1021A00006803DE106703BE117F8040B8DF8000056
:1021B00000208DF80100EB46012003E057F804BB36
:1021C0004FF0FF3061074FF0000102D40DE008F13D
:1021D0000101884649450FDA8045F8DB1BF80810F5
:1021E0000029F4D108E008F1010188468142FADBB8
:1021F0001BF808100029F6D1DDE90F23AAEB08002F
:102200008146214600F036F9304400EB080604E030
:10221000DDE90F121BF8010B9047B8F10108F7D266
:1022200021464846F7E00A21C4F302534FF0000B61
:102230000891022B04D001CFC117032B09D00AE06B
:10224000FF1D27F00707F7E8020108E032E01FE072
:1022500020E000B2C117042B01D140B2C117031E08
:1022600071F1000307DA4FF0000CD0EB0C006CEBBF
:1022700001012D2302E0230504D52B238DF8243002
:10228000012303E0E30701D02023F7E7984658E055
:102290000A2110E010210EE010204FF0000B0890F2
:1022A0000CE010214FF0000B44F004044FF008093B
:1022B000089103E008214FF0000B0891C4F302538A
:1022C000022B04D001CF0021032B06D006E0FF1D16
:1022D00027F00707F7E8020103E080B2042B00D1E2
:1022E000C0B24FF0000823072BD5702A07D0DDF8C5
:1022F00020C08CF0100C5CEA0B0C05D00EE04023E3
:102300008DF82430012308E050EA010306D0302381
:102310008DF824308DF8252002239846DDF820C062
:102320008CF0080C5CEA0B0C0BD150EA010301D1D4
:10233000630706D530238DF824304FF00108A9F14A
:102340000109582A04D038A20B9208AA0A920BE07D
:102350003AA2F9E75B46089AFDF706FF0B9B9B5CE8
:102360000A9A521E0A92137050EA0102F2D10A9898
:10237000ADEB000000F1200B600702D524F480349F
:1023800001E04FF00109D94502DDA9EB0B0000E0A7
:10239000002000EB0B0141440890AAEB010AE00386
:1023A00006D4DDE90F232146504600F063F80644C9
:1023B0004FF0000908E009A911F80900DDE90F1242
:1023C000904709F10109761CC145F4DBE0030CD507
:1023D000DDE90F232146504600F04CF8064404E0A6
:1023E000DDE90F1230209047761C0899481E0890AE
:1023F0000029F5DC08E00A980A990078491C0A913E
:10240000DDE90F129047761CBBF10001ABF1010B27
:10241000F1DC21465046DDE90F2300F019F80644AF
:102420006D1C1BE609280100303132333435363754
:102430003839616263646566000000003031323310
:1024400034353637383941424344454600000000B0
:102450002DE9F041044600251E461746880404D4A1
:1024600005E039462020B0476D1C641EF9D528468A
:10247000BDE8F0812DE9F041044600251E46904656
:10248000C80301D5302700E02027880404D505E0E3
:1024900041463846B0476D1C641EF9D52846BDE854
:1024A000F08100002DE9F34FADF5017D8246002655
:1024B0004FF48079DDE006EB46080AEBC804207D86
:1024C00001287DD071A0FFF79BFD7EA0A168FFF7DA
:1024D00097FD864820210160012101608349022087
:1024E000091D086001228248616801F025F805464F
:1024F000280010D07FA0FFF783FD7C482021001D1D
:1025000001607A49012008600220086028460DF524
:10251000037DBDE8F08F80A0FFF772FDD4F80CB00A
:10252000002704E00BEB0730FFF7A6F97F1C2069BA
:10253000B7EB103FF6D382A0FFF762FDE76820E01B
:1025400080AB4A4640A96A4801F0A6F80546280033
:102550000DD085A0FFF754FD64492020091D0860B7
:10256000624801210160022101602846CFE74A4606
:10257000394640A8FFF710F907F58077809848455D
:1025800001D1002DDCD081A0FFF73AFDE7680021E2
:10259000574800F0F0FE3EE080AB4A4640A9544860
:1025A00001F07AF8054628000FD06FA0FFF728FD4C
:1025B0004E482021001D01604C490120086000E0C8
:1025C00055E0022008602846A1E78098394682B28B
:1025D0006846FEF7EFFF8098074400230DF5807CE6
:1025E000694614E01CF8032011F803B05A450DD0D9
:1025F00071A0FFF705FD3D482021001D016001216C
:10260000001F016002210160022080E75B1C834201
:10261000E8D3484501D1002DBED070A0FFF7F0FCF3
:1026200075A06168FFF7ECFC18A0FFF7E9FC2F48E4
:1026300020210160012101602C490220091D086050
:102640007648002100EBC8000546016041608160CA
:10265000C1605AF8381028460F22FDF7C8FDE0681F
:1026600028612348C0686861214800F075FE761C27
:10267000F6B282988642FFF41EAF69A0FFF7C0FC55
:1026800075A0FFF7BDFC002041E700003C3C2D4257
:1026900055524E2D494E464F2D3E3E202D2D2D2D6F
:1026A0002D2D2D2D2D2D2D2D2D2D2D2D2D2D2D2D5A
:1026B0002D2D2D2D2D2D2D2D2D2D2D2D2D2D2D2D4A
:1026C0002D0A00003C3C2D4255524E2D494E464F9E
:1026D0002D3E3E20707265706172696E6720746F66
:1026E000206275726E3A2025730A0000100C0140BA
:1026F0009C3D00203C3C2D4255524E2D4552524FA0
:10270000522D3E3E206F70656E2066696C652066B6
:1027100061696C6564210A003C3C2D4255524E2D86
:10272000494E464F2D3E3E2065726173696E6720AB
:10273000464C4153482061726561202E2E2E0A00BE
:102740003C3C2D4255524E2D494E464F2D3E3E208B
:1027500077726974696E6720746F20464C415348E4
:10276000202E2E2E0A0000003C3C2D4255524E2DAC
:102770004552524F522D3E3E20726561642066697B
:102780006C65206661696C6564210A003C3C2D42E1
:1027900055524E2D494E464F2D3E3E20777269745C
:1027A0006520646F6E652C20766572696679696E46
:1027B00067202E2E2E0A00003C3C2D4255524E2DF5
:1027C0004552524F522D3E3E207665726966792001
:1027D0006661696C6564210A000000003C3C2D4282
:1027E00055524E2D494E464F2D3E3E20766572691C
:1027F0006679204F4B210A003C3C2D4255524E2D0C
:10280000494E464F2D3E3E2066696C653A20257341
:10281000206275726E65640A00000000142B0020AF
:102820003C3C2D4255524E2D494E464F2D3E3E20AA
:102830002A2A2A2A2A2A2A2A2A2A2A2A2A2A2A2AF8
:102840002A2A2A2A2A2A2A2A2A2A2A2A2A2A2A2AE8
:102850002A2A2A2A0A0000003C3C2D4255524E2DBD
:10286000494E464F2D3E3E20616C6C2066696C657A
:1028700073206275726E6564204F4B2120286E6F45
:102880006E2D66696C6573797374656D2070617205
:1028900074290A002DE9F047ADF52C7D3BA0FFF728
:1028A000AFFB48A0FFF7ACFB0020FEF7E5FF482296
:1028B00000215148FEF7A8FE4FF416742246482125
:1028C0004E48FEF7A1FE482200219AA8FEF772FEAC
:1028D0002246482104A8FEF76DFE482246499AA8E0
:1028E000FDF791FC28B92246444904A8FDF78BFC6A
:1028F00080B143A0FFF784FB4C49202008604B487F
:102900000121001F01600221016002200DF52C7DD4
:10291000BDE8F08746A0FFF773FB00260DF1100914
:102920004FF0180A0DF51A7806EB460008EBC005C3
:102930002969B1FBFAF101EB410109EBC1076969B2
:10294000D5E90223890A0291CDE9002358F8302005
:10295000314642486B68FFF753FB00240BE004EB61
:10296000440007EBC0022146506900903CA0136967
:10297000FFF746FB641CA868A042F0D8761C032E23
:10298000D2D344A0FFF73CFB0020BFE73C3C2D42E4
:1029900055524E2D494E464F2D3E3E202D2D2D2D6C
:1029A0002D2D2D2D2D2D2D2D2D2D2D2D2D2D2D2D57
:1029B0002D2D2D2D2D2D2D2D2D2D2D2D2D2D2D2D47
:1029C0002D0A00003C3C2D4255524E2D494E464F9B
:1029D0002D3E3E20777269746520696E64657820AB
:1029E0007461626C6520746F203078303030303024
:1029F00030202E2E2E0A000018040020142B002058
:102A00003C3C2D4255524E2D4552524F522D3E3E8A
:102A100020696E646578207461626C6520766572E9
:102A2000696679204641494C45440A00140C01402E
:102A30003C3C2D4255524E2D494E464F2D3E3E2098
:102A40002D2D2D2D2D20696E646578207461626CAA
:102A500065202D2D2D2D2D0A00000000F0FD02080F
:102A60003C3C2D4255524E2D494E464F2D3E3E2068
:102A700020205B25645D20252D3136732061646440
:102A8000723D3078253036582073697A653D25646B
:102A90000A0000003C3C2D4255524E2D494E464FF7
:102AA0002D3E3E20696E646578207461626C6520FD
:102AB000766572696679204F4B0A000010B50446AE
:102AC00000202071401EE062204601F019FD08B18F
:102AD000032010BD94F82E0294F82F1240EA012032
:102AE000A0F52A41553901D0022010BD14F8660F17
:102AF000E178627840EA0161A078663C000440EA2F
:102B0000022001430B48B0EB012F01D1002010BD82
:102B100014F8821FE278637841EA0261A278120415
:102B200042EA03221143B0EB012F01D1002010BD76
:102B3000012010BD0046415400E0401C02780AB15B
:102B40008A42FAD100787047891E4269921E8A42F1
:102B500001D800207047826A807801FB002070470E
:102B60002DE9F05F81460E46B07EF17E50EA0120ED
:102B700002D00020BDE8F09F307800F03F00401EFA
:102B800000EB800101EBC00401200025DFF860A00C
:102B900006F101081AF80510725C11F8081042EAF3
:102BA000012788B1FF2C0BD2384600F0ADFE8346DA
:102BB0002046641C39F8100000F0A6FE834501D0C1
:102BC0000020D7E7384605E0A7F57F41FF3901D05F
:102BD0000020CFE76D1C0D2DDCD33178490605D5DB
:102BE00020B139F8140008B10020C3E70120C1E783
:102BF000204800082DE9F04106460F46002F08D076
:102C00003946304601F066F9022809D20120BDE8B4
:102C1000F081F56815B17069A84207D8012505E073
:102C2000411CF4D071698142F1D83D462C46641CA8
:102C30007069A04204D80224022D01D20020E6E7E8
:102C40002146304601F046F938B1411CDFD0012859
:102C5000DDD0AC42EBD10020D9E76FF070422146C5
:102C6000304601F067FC28B927B122463946304684
:102C700001F060FC20B101280DD001242046C6E7F8
:102C8000F4603069411CF9D0401E3061707940F029
:102C900001007071F2E74FF0FF34EFE72DE9F35FC9
:102CA0008846D8F8006000E0761C30782F28FBD0EA
:102CB0005C28F9D00098D0F81CA0002425462846AE
:102CC0006D1C305C202808D32F2806D05C2804D047
:102CD000FF2C09D30620BDE8FC9F7119C8F800102D
:102CE00020282AD2042532E0C0B2A0F181017D293A
:102CF0000ED829466D1C715C01EB002080B2A1F159
:102D000040023F2A04D380397F2901D30620E2E71D
:102D1000012100F0CDFD074647B1802F08D239468A
:102D200065A0FFF709FF18B10620D4E70620D2E717
:102D30002046641C2AF81070C1E7002507E0601ED9
:102D40003AF81000202801D02E2802D1641E002C51
:102D5000F5D154B100202AF8140000980B2220214C
:102D6000806901F0C5FB002702E00620B3E77F1C65
:102D70003AF817002028FAD02E28F8D01FB145F0D5
:102D8000030500E0641E24B1601E3AF810002E28EE
:102D9000F8D14FF00008C1464FF0080B38467F1CB1
:102DA0003AF8106006B3202E03D02E2E04D1A7428D
:102DB00002D045F00305F1E7D84501D2A74219D169
:102DC000BBF10B0F0ED0A74201D045F003050BD885
:102DD00027464FF008084FF00B0B4FEA89604FEA87
:102DE0001069DBE745F00305009880690178E52963
:102DF0003DD03EE0802E08D3304600F085FD002116
:102E000000F056FD064645F00205FF2E0FD9ABF146
:102E10000100804503D345F00305D846BEE700987E
:102E2000310A8269404608F10108115418E026B1C0
:102E3000314624A0FFF780FE18B15F2645F0030558
:102E40000EE0A6F14100192802D849F0020907E076
:102E5000A6F16100192803D849F00109203EB6B255
:102E600000988169404608F101080E5496E7052153
:102E70000170BBF1080F03D14FEA89604FEA106976
:102E8000C9F38100032803D06FEA0901890701D142
:102E900045F00205A90709D409F00301012901D170
:102EA00045F01005012801D145F00805009880691A
:102EB000C57200200FE70000222A3A3C3E3F7C7F8B
:102EC000000000002B2C3B3D5B5D000001B581B094
:102ED000002342F2107107E0009302E00098401CCA
:102EE000009000988842F9D30198421E0192F3D2D3
:102EF0000CBD70B505460E460021284600F08AF943
:102F000088B900242969286801F0FAFA58B9696972
:102F10000978E5290BD051B100240121284600F0A1
:102F20006DF80028EED0042800D1072070BD641C85
:102F3000B442F8D0F1E72DE9F047044600212046DD
:102F400000F068F9002857D1FF26B1464FF6FF7A06
:102F5000A4F820A02169206801F0D2FA80465FEA37
:102F6000080048D167693D7865B1F87A00F03F0004
:102F7000E52D03D0010708D50F2806D0FF26A4F8B9
:102F800020A030E04FF0040835E00F2801D0CEB18A
:102F90001DE0E06938B3690606D597F80D9025F075
:102FA00040052E46E1882184B54208D1797B494508
:102FB00005D13946FFF7D4FD08B1761E00E0FF26A3
:102FC000F6B210E0384601F086FB484513D0A169FF
:102FD000C87AC00704D10B22384601F073FA50B109
:102FE000FF26A4F820A00021204600F007F8804624
:102FF0005FEA0800AED04046BDE8F0872DE9F04119
:1030000004460E46E7887F1C3804000C0AD021696C
:1030100041B1206842895209B7FBF2F302FB1372F7
:103020001AB166E00420BDE8F081491C2161E16825
:1030300071B1428983785209B7FBF2F25B1E1A42E2
:1030400057D100F047FF0546012D06D80220EAE7D8
:103050000089B8424DD80420E5E7681C14D02068E8
:103060004169A9423FD88EB1E168FFF7C3FD05462B
:1030700028000DD0012D0DD0681C0DD0206801F066
:1030800091FB58B10120CEE70120CCE70420CAE72C
:103090000720C8E70220C6E70120C4E72068002116
:1030A0004289303001F024FA29462068FFF74CFDB0
:1030B0002168C86200264FF001080CE080F8048007
:1030C000206801F06FFB08B10120ACE72068C16AFD
:1030D000491CC162761C20688178B142EED8216813
:1030E000C96A891BC162E56029462068FFF72CFD8B
:1030F0002061E780206841894909B7FBF1F201FBB3
:103100001271302202EB41110844606100208AE70D
:103110002DE9FE430446A769E6690C223946684654
:1031200001F0DDF99DF80B00C00718D00020F872FF
:10313000E06101252B4632466946384600F07EFEA6
:103140002046FFF7F8FE10B96D1C642DF2D3642DF4
:103150000BD004280AD19DF80B00F872E6619DF8A7
:103160000B0080070ED5002003E00720BDE8FE839A
:10317000401C36F810100029FAD119300D21B0FB8F
:10318000F1F600E0012631462046FFF7B2FE054683
:1031900001271DBB761E21D0E088811B204600F050
:1031A00039F80546280019D1A06901F094FA804643
:1031B0002169206801F0A4F905467DB9F2B24346C1
:1031C0006169E06900F06AFD20680771002120460E
:1031D000FFF714FF05460DB9761EE9D1C5B921697F
:1031E000206801F08DF90546280011D12022002128
:1031F000606901F07DF9D4E905010B2201F06FF956
:10320000A0696169C07A00F018000873206807712E
:103210002846ABE770B504460D46E580A368012B50
:1032200003D020684169994201D8022070BD1BB9C2
:103230000178032900D1436A23B1418980784E097E
:10324000464318E00189A94201D8022070BD406AB6
:1032500017E01946206800F03DFE0346581C07D0D1
:10326000022B03D320684069984203D8022070BD26
:10327000012070BDAD1BB542EBD219462068FFF7A7
:1032800063FCE36098B121684A895209B5FBF2F208
:103290001044206148894009B5FBF0F200FB125050
:1032A000302202EB401008446061002070BD022013
:1032B00070BD01460120002903D0012903D1FEF78A
:1032C0003DBCFEF7F5BC704730B40C4603461146D2
:1032D0000420002B05D0012B07D1204630BCFEF77F
:1032E00095BC204630BCFEF713BD30BC704730B4EF
:1032F0000D46114604461A460420002C05D0012C28
:1033000007D1284630BCFEF797BC284630BCFEF7F4
:103310001DBD30BC704701460120002903D00129A2
:1033200003D1FEF79DBCFEF755BD704730B40D4686
:10333000114604461A460420002A06D044B1012C46
:1033400004D1284630BCFEF7A1BC042030BC704735
:10335000284630BCFEF756BD10B50446204600F0A6
:1033600059FA002806D1204601F046FA002801D17A
:103370000021216010BD2DE9F04704460D4620468E
:1033800001F03AFA80465FEA080001D0BDE8F08714
:10339000E0790028FAD1E068A84203D2A179890730
:1033A00000D40546A1680027A7604FF00109002D51
:1033B00061D020688678428956434FF0020A69B18D
:1033C0006A1E491EB2FBF6F2B1FBF6F39A4205D330
:1033D000701E8143A1606D1A61690BE0216941B9DA
:1033E0000021FFF707FC0146012905D0481C07D042
:1033F0002161616159BB3EE084F807A00220C5E766
:1034000084F807900120C1E7A079800706D52068DD
:10341000FFF7F0FB014629B935461AE0206800F0B5
:1034200059FD0146481C09D0012903D9206840698B
:10343000884207D884F807A00220A7E784F80790FD
:103440000120A3E76161A0683044A060AD1BB542D4
:10345000DAD8A0682844A06020684289B5FBF2F35E
:1034600002FB13523AB1FFF76FFBF0B121684989B3
:10347000B5FBF1F10F182068A1684289B1FBF2F3A6
:1034800002FB131131B3A269BA4223D0A17904F12E
:103490002405490611D5407801232946FFF746FF48
:1034A00038B184F80790012070E784F807A0022063
:1034B0006CE7A07920F04000A071206801233A4613
:1034C00040782946FFF713FF18B184F807900120D0
:1034D0005CE7A761D4E90201884204D9E060A079E1
:1034E00040F02000A071404650E7000017B581B0C1
:1034F000144602980090684600F070FD002802DA39
:103500000B2004B010BD0B4B53F82010002201B16A
:103510000A700199002900D00A7043F8201001D0E8
:10352000012C01D00020ECE7002202A901A800F044
:1035300011FAE6E7D80600202DE9F747ADF50D7D35
:103540000646002E0FD04FF00008C6F8008002F0AB
:103550001F0727F001028EA984A800F0FBF9054699
:10356000280005D096E009200DF5107DBDE8F08714
:1035700081A88A9001A88B9084A88E9900F016FCEF
:103580000546899C0DB904B9062517F01C0F51D0CA
:103590004DB1042D03D184A8FFF7BAFD054647F0CD
:1035A0000807899C08E0E07A10F0110F01D0072588
:1035B00002E0780700D50825DDBB380745D500F0C7
:1035C00009FDA073010AE173020C2274030E6374F7
:1035D000A075E1752276637684F80B8084F81C80F0
:1035E00084F81D8084F81E8084F81F80214684980A
:1035F00000F02EFD81460021204601F064F88499F8
:1036000001200871B9F1000F1FD08498D0F82CA0C8
:103610004946849801F024F80546280015D184987D
:10362000A9F10109C0F80C905146849800F068FF98
:1036300005460AE04DB9E07AC10601D5042504E04B
:10364000B90702D5C00700D007253DB9380701D515
:1036500047F020078498C06AF0613462D5B9B77129
:1036600086F807802146849800F0F2FC3061207FC4
:10367000E17F627F40EA0160A17F090441EA022103
:103680000843F060C6F80880C6F818808498306057
:10369000C088B080284667E72DE9F84F0446884681
:1036A000164699460020C9F80000204601F0A4F80B
:1036B000002812D1E07900280FD1A079C0070BD0E3
:1036C000D4E90210401A864200D9064604F12400CB
:1036D0004FF0010A009098E00720BDE8F88F2268BB
:1036E000A0685189B0FBF1F301FB1303002B6DD1EE
:1036F000B0FBF1F193785B1E1940CDB275B940B1C2
:103700001046616900F0E6FB022804D20220E07155
:10371000E3E72069F8E7411C1CD06061616920681B
:10372000FFF712FAD0B100EB050B20684189B6FB18
:10373000F1F74FB38178EA198A4200D94F1B4078DC
:103740003B465A464146FFF7D2FD50B184F807A0E8
:103750000120C2E784F807A00120BEE70220E07143
:10376000BBE7A07940060BD5A069A0EB0B00B842DF
:1037700006D221684A89009900FB028000F0AFFE62
:10378000206845897D4336E0A2695A451CD0A1795D
:1037900049060DD5407801230099FFF7C7FD18B100
:1037A00084F807A0012098E7A07920F04000A071DC
:1037B000206801235A4640780099FFF798FD18B118
:1037C00084F807A0012088E7C4F818B02068A16831
:1037D0004089B1FBF0F200FB1212851AB54200D904
:1037E0003546B1FBF0F200FB1210011924312A46D4
:1037F000404600F074FEA844A0682844A060D9F8B0
:1038000000002844C9F80000761B002E7FF467AF43
:10381000002062E770B50446204600F0EDFF002866
:103820000ED1A1798A060BD548060ED52068012352
:1038300004F124014078A269FFF778FD08B1012066
:1038400070BDA07920F04000A071E169206800F00F
:1038500057FE0028F4D1256AE87A40F02000E8728B
:10386000207B2877A089000A6877E068000CA87799
:10387000E068000EE8772846216900F024FF00F098
:10388000A9FBA875010AE975010C2976000E687676
:103890000020A874E874A07920F02000A0712168AD
:1038A000012008712068BDE8704000F021BF0000D1
:1038B00070B580281FD345F2205409B1104D00E0A7
:1038C000104D00231022E11A01EBD17103EB6101CD
:1038D00035F82160864207D001D20B4600E00C4645
:1038E000A2F10102002AEED132B14FF0010000EB4B
:1038F000410035F8100070BD4FF0000070BD0000B1
:10390000DE9C01085A48000870B5802806D2A0F154
:103910006101192901D8203880B270BD0C23002222
:103920004FF4F774094DA11A02EB510135F81160FB
:10393000864205D001D20A4600E00C465B1EF2D159
:10394000002BEAD0024830F8110070BD62F1020885
:103950003EF502082DE9FF47804608461646002737
:10396000C8F8007000F03AFB0546002D03DA0B2082
:1039700004B0BDE8F087C64850F825408CB1C8F8BF
:103980000040207820B16078FFF7C5FCC1070AD05D
:103990002770E8B26070FFF78CFCC1070AD00320E3
:1039A000E6E70C20E4E71EB1400701D50A20DFE777
:1039B0000020DDE71EB1400701D50A20D8E7607876
:1039C00004F10A020221FFF77FFC30B96089B0F5EB
:1039D000007F02D3B0F5805F01D90120C8E7002540
:1039E00029462046FFF76AF8012826D10021E8463B
:1039F00004EB011000F5F770027952B1027AC37A34
:103A000042EA0362837A407A1B0443EA00200243BD
:103A100000E0002248F82120491C0429E8D30026B0
:103A200058F8265025B129462046FFF747F800E010
:103A3000022010B1761C042EF2D3032802D018B154
:103A40000D2095E7012093E794F83B0094F83C1093
:103A5000B4F80AC040EA0120604501D00D2087E794
:103A600094F8460094F8471040EA012058B914F839
:103A7000540FE178627840EA0160A1780904543C6F
:103A800041EA02210843A06194F840A084F803A011
:103A9000BAF1010F04D0BAF1020F01D00D2067E78F
:103AA0000AFB00FA94F83D20A27012B1511E0A429E
:103AB00001D00D205CE794F8411094F8423041EABF
:103AC000032323814FEA5C16B3FBF6F106FB1131A9
:103AD00009B10D204CE794F8431094F8448041EA72
:103AE000082179B994F8501094F8538094F85190C3
:103AF00041EA086194F852804FEA084848EA0928E8
:103B000041EA080194F83E8094F83F9048EA092978
:103B1000B9F1000F08D0B3FBF6F609EB0A08B04480
:103B2000414503D20D2023E70D2021E7A1EB080139
:103B3000B1FBF2F141B3012640F6F672914200D397
:103B400002264FF6F672914200D30326891C61616A
:103B5000E56105EB09022262A844C4F82880032E1F
:103B600014D03BB352446262022E25D001F0010210
:103B700001EB410102EB5101491E6144B1FBFCF133
:103B800081421BD90D20F3E60D20F1E60BB10D208B
:103B9000EEE694F85C2094F85F3094F85D8042EA99
:103BA000036294F85E301B0443EA08231A436262FE
:103BB0008900E1E70D20DBE64900DDE74FF0FF304B
:103BC0002061E06080206071032E57D194F860007E
:103BD00094F8611040EA012001284FD1691C204669
:103BE00000F08EFCF0BB677194F82E0294F82F124F
:103BF00040EA0120A0F52A4155393FD114F8300F91
:103C0000E178627840EA0160A178303C090441EA39
:103C1000022108431F49884230D194F8140294F8D5
:103C2000171294F8152240EA016094F8161209045C
:103C300041EA02210843184988421FD194F818022A
:103C400094F81B1294F8192240EA016094F81A12B1
:103C5000090441EA02210843206194F81C0294F807
:103C60001F1200E00AE040EA016094F81E1294F886
:103C70001D22090441EA02210843E060267004493C
:103C8000091F0888401C0880E080002070E60000C2
:103C9000D806002052526141727241612DE9F04311
:103CA0004B730F23CB7200230B738B76CB76531E93
:103CB00003EB830404EBC30500231C46114E01F102
:103CC000010C4FF6FF77BB4203D02B466D1C30F83A
:103CD000133016F8048001F8083016F804904FEA03
:103CE000132809F80C8003B93B46641C0D2CEAD359
:103CF000BB4202D030F8150008B942F040020A7009
:103D0000BDE8F083204800082DE9F041ADF52C7D99
:103D1000482200219AA8FDF74DFC4FF41672482165
:103D200004A8FDF747FC1F499A98884202D19B9846
:103D3000012804D000200DF52C7DBDE8F081002481
:103D4000194E04AF04EB440507EBC50056F83510D7
:103D500080461022FCF764FA08B10020EBE706EB7E
:103D6000C500D8F81010C068814201D00020E2E7F9
:103D700010226846FDF71EFC012100206A46135CF4
:103D8000FF2B01D0002103E0401CC0B21028F6D365
:103D900009B10020CFE7641CE4B2192CD2D3012072
:103DA000C9E70000DDCCBBAA6004002073B504465F
:103DB000019908782F2801D05C2801D1491C019174
:103DC0000025A56001980078202805D20021204612
:103DD000FFF720FA65617CBD01A92046FEF75EFF72
:103DE0000028F8D12046FFF7A6F8A169C97A28B1C2
:103DF0000428F0D14907EED405207CBD4907FCD446
:103E00006169C87AC00601D405207CBD206800F035
:103E10001FF9A060E0E7000070B50446064DE1B26E
:103E20002846FEF7E7F880212846FEF77DF80028AF
:103E3000F9D0204670BD0000003801407CB5054631
:103E400016461C460B22284600F049FB052C11D9CA
:103E50001F480CE0B61C002322460C4662F35F04A8
:103E60004908E20300D544405B1C102BF4D3318891
:103E70000029EFD107226B4604F00F0130313929B8
:103E800001D9C91DC9B21046521E19542409002C6B
:103E9000F2D17E2098540021541E06E081387D28FE
:103EA00002D8A14206D0491C491C914202D2685C4A
:103EB0002028F3D1082A03D21046521C185C00E0D7
:103EC00020200C46491C28550829F3D37CBD00004E
:103ED000211001002DE9F04104460D46022D02D3C8
:103EE0006069A84201D8012609E04FF0FF3620782A
:103EF000012807D0022835D003284BD001263046B0
:103F0000BDE8F08105EB55076089216AB7FBF0F049
:103F10000144204600F0F4FA0028F0D160893946C7
:103F2000B1FBF0F200FB121121447F1C91F83080AC
:103F3000B7FBF0F0216A0144204600F0E1FA0028C6
:103F4000DDD16089B7FBF0F100FB1170204490F8DF
:103F5000300048EA0020E90701D00609CFE7C0F3A6
:103F60000B06CCE76089216A4008B5FBF0F00144FC
:103F7000204600F0C5FA0028C1D161896800B0FB75
:103F8000F1F201FB1200204430300178407841EA20
:103F90000026B4E76089216A8008B5FBF0F001448F
:103FA000204600F0ADFA0028A9D16189A800B0FB35
:103FB000F1F201FB1200204430300178C27841EA6E
:103FC000026182784078120442EA0020014321F025
:103FD000704694E7004870470000FC4210B5044664
:103FE0004FF0FF302368002B0BD0194600E0491C2E
:103FF0000A78202A01D33A2AF9D10A783A2A01D03C
:10400000002010BD13F8012B303A0A2AF9D28B4256
:10401000F7D1022AF5D21046491C216010BD10B517
:1040200000F00AF830B10520FEF750FFBDE810405F
:1040300000F002B8002010BD10B54FF40051034845
:10404000FCF79FFB012800D0002010BD00100140AC
:104050000246887ECB7E40EA03201278032A05D1EF
:104060000A7D497D42EA012140EA01407047000093
:10407000FDF718FFFCF7B0FB48A0FDF7C1FF54A007
:10408000FDF7BEFF5EA0FDF7BBFFFDF727FBFDF7C9
:10409000D1FB8146494666A0FDF7B2FF6A4E6948EA
:1040A00020250127341F4FF00208814507D067A063
:1040B000FDF7A6FF35602760C4F80080FEE76FA01B
:1040C000FDF79EFFFCF76AFBFFF7A9FF18B170A090
:1040D000FDF796FF1AE0FFF717FE002816D077A02D
:1040E000FDF78EFF85A0FDF78BFF92A0FDF788FFFF
:1040F00025603760C4F800800520FEF7E7FEFFF773
:104100008EFF0028F8D097A0FDF77AFF9CA0FDF75E
:1041100077FF0122A1A1A248FFF7E8F9014651B1BA
:10412000A0A0FDF76DFFA8A0FDF76AFF356027602E
:10413000C4F80080FEE7AEA0FDF762FF1921B2A02F
:10414000FDF75EFF1921B748FEF7ACF9014639B11A
:10415000B5A0FDF755FF35602760C4F80080FEE785
:10416000B9A0FDF74DFFFEF795FB014639B1BCA0A4
:10417000FDF746FF35602760C4F80080FEE707A022
:10418000FDF73EFFC3A0FDF73BFF1DA0FDF738FF85
:1041900025603760C4F80080FEE700000D0A3D3D51
:1041A0003D3D3D3D3D3D3D3D3D3D3D3D3D3D3D3D3F
:1041B0003D3D3D3D3D3D3D3D3D3D3D3D3D3D3D3D2F
:1041C0003D3D3D3D3D3D3D3D3D3D0D0A0000000076
:1041D000202020573235513634204275726E2054DB
:1041E0006F6F6C20285344202D3E20466C6173680D
:1041F00029202020202020202020200D0A0000003F
:104200003D3D3D3D3D3D3D3D3D3D3D3D3D3D3D3DDE
:104210003D3D3D3D3D3D3D3D3D3D3D3D3D3D3D3DCE
:104220003D3D3D3D3D3D3D3D3D3D3D3D0D0A00009B
:104230005732355136342049443A203078253036CB
:10424000580D0A001740EF00140C01404552524F20
:10425000523A20573235513634206E6F7420666FD3
:10426000756E6420286578706563742030784546E3
:104270003430313729210D0A000000005732355102
:104280003634204F4B212028384D42290D0A00009A
:104290004B455932207072657373656420617420D8
:1042A000737461727475703A20666F7263696E67B9
:1042B0002072652D6275726E2E0D0A000D0A466C15
:1042C00061736820616C7265616479206275726ED9
:1042D00065642028696E6465782076616C69642C59
:1042E00020616C6C20736C6F74732068617665203C
:1042F00064617461292E0D0A00000000507265731C
:1043000073204B45593220285043313329206E6F9A
:104310007720746F2072652D6275726E2066726FE1
:104320006D2074686520534420636172642C0D0A0B
:10433000000000006F7220726573657420746F2036
:104340006B656570207468652063757272656E7444
:1043500020666C61736820636F6E74656E742E0DD9
:104360000A0000004B455932207072657373656412
:104370003A2072652D6275726E696E672E0D0A00A5
:104380000D0A4D6F756E74696E672053442063612A
:104390007264202E2E2E0D0A00000000303A00001C
:1043A000E40600204552524F523A205344206D6F8C
:1043B000756E74206661696C65642120636F646545
:1043C0003D25640D0A000000436865636B3A205385
:1043D0004420696E7365727465643F2046415433AE
:1043E0003220666F726D61747465643F0D0A00005F
:1043F00053442063617264206D6F756E7465642030
:104400004F4B210D0A0000000D0A4275726E696E55
:10441000672025642066696C6573202E2E2E0D0A98
:1044200000000000600400204552524F523A2062C2
:1044300075726E206661696C65642120636F6465C6
:104440003D25640D0A000000416C6C2066696C65B6
:1044500073206275726E6564204F4B210D0A000057
:104460004552524F523A20696E64657820746162F9
:104470006C652077726974652F766572696679203C
:104480006661696C65642120636F64653D25640D18
:104490000A0000002020204255524E20434F4D502C
:1044A0004C45544521202020202020202020202061
:1044B00020202020202020202020202020202020FC
:1044C0000D0A000010B50023521E541C05D010F830
:1044D000013B11F8014B1B1BF6D0184610BD03E041
:1044E00011F8013B00F8013B521E531CF8D17047F4
:1044F000C9B201E000F8011B521E531CFAD17047EB
:1045000070B504460E460025E06AB04210D0204641
:1045100000F048F905465DB960780123324604F1A0
:104520003001FEF7E4FE10B14FF0FF360125E662E0
:10453000284670BD2DE9F04704460D461646022D6B
:1045400002D36069A84202D80220BDE8F087207833
:1045500006F0FF094FF00108012805D0022842D0DB
:1045600003285AD00220F0E705EB55076089216A3D
:10457000B7FBF0F001442046FFF7C2FF0028E4D16A
:10458000384661897F1CB0FBF1F201FB1200204428
:104590003030E90703D0017869F31F1100E031469C
:1045A000017084F804806089216AB7FBF0F001444F
:1045B0002046FFF7A5FF0028C7D16189B7FBF1F2BC
:1045C00001FB127121443031EA0702D0C6F3071211
:1045D00005E00A78C6F3032302F0F0021A430A70DA
:1045E00084F80480B1E76089216A4008B5FBF0F0E7
:1045F00001442046FFF784FF0028A6D162896900A4
:10460000B1FBF2F302FB1311214481F83090320A1E
:1046100081F8312084F8048097E76089216A800856
:10462000B5FBF0F001442046FFF76AFF00288CD16B
:104630006289A900B1FBF2F302FB1311214430316E
:104640004FF07043CA7803EA026232430A70130AD9
:104650004B70130C8B70120ECA7084F8048074E7D0
:104660002DE9F04104460F46022F02D36069B8429B
:1046700001D8022624E000261FE039462046FFF735
:1046800029FC0546E5B1012D09D0681C09D000229E
:1046900039462046FFF74EFF06468EB903E0022654
:1046A0000EE001260CE02069411C05D0401C206171
:1046B000607940F0010060712F466069B842DCD833
:1046C0003046BDE8F08181760A0AC2760A0C02758E
:1046D000090E41757047014600200B22430803EB89
:1046E000C01011F8013B1844C0B2521EF6D17047F9
:1046F00070B50446204600F055F8054628004FD115
:104700002078032845D16079012842D104F1300096
:10471000628900210646FFF7EBFE552084F82E0241
:10472000AA2084F82F02522084F8300084F8310047
:10473000612084F83200412184F83310722284F819
:10474000142284F8152284F8161284F817022069BE
:1047500084F81802010A84F81912010C84F81A125C
:10476000000E84F81B02E06884F81C02010A84F839
:104770001D12010C84F81E12000E84F81F02E2695B
:10478000521CE262607801233146FEF7CFFD002023
:104790006071002260781146FEF796FD00B1012598
:1047A000284670BD2DE9F0410446002720790028F5
:1047B0001FD0E66A04F13001607801233246884652
:1047C000FEF7B4FD08B1012713E000202071206A34
:1047D000A169301A88420CD2E57808E0A069064445
:1047E0006078012332464146FEF7A0FD6D1E022D82
:1047F000F4D23846BDE8F08110B500280CD001682D
:1048000051B10A7842B1CA888088824204D148787E
:10481000FEF781FDC00701D0092010BD002010BDAA
:1048200001030507090E10121416181C1E000004BF
:104830000002000180004000200010000800040079
:10484000020000000080004000200010000800402E
:1048500000200010000800040002A400E8A1A70046
:10486000ECA1A800A7A1B000E3A1B100C0A1B700CE
:10487000A4A1D700C1A1E000A4A8E100A2A8E8007B
:10488000A8A8E900A6A8EA00BAA8EC00ACA8ED0028
:10489000AAA8F200B0A8F300AEA8F700C2A1F900E0
:1048A000B4A8FA00B2A8FC00B9A80101A1A813019C
:1048B000A5A81B01A7A82B01A9A84401BDA84801D0
:1048C000BEA84D01ADA86B01B1A8CE01A3A8D0012F
:1048D000ABA8D201AFA8D401B3A8D601B5A8D8011E
:1048E000B6A8DA01B7A8DC01B8A85102BBA86102DA
:1048F000C0A8C702A6A1C902A5A1CA0240A8CB02AE
:1049000041A8D90242A89103A1A69203A2A69303AB
:10491000A3A69403A4A69503A5A69603A6A697030B
:10492000A7A69803A8A69903A9A69A03AAA69B03DB
:10493000ABA69C03ACA69D03ADA69E03AEA69F03AB
:10494000AFA6A003B0A6A103B1A6A303B2A6A40379
:10495000B3A6A503B4A6A603B5A6A703B6A6A80347
:10496000B7A6A903B8A6B103C1A6B203C2A6B303F2
:10497000C3A6B403C4A6B503C5A6B603C6A6B703AB
:10498000C7A6B803C8A6B903C9A6BA03CAA6BB037B
:10499000CBA6BC03CCA6BD03CDA6BE03CEA6BF034B
:1049A000CFA6C003D0A6C103D1A6C303D2A6C40319
:1049B000D3A6C503D4A6C603D5A6C703D6A6C803E7
:1049C000D7A6C903D8A60104A7A71004A1A711045C
:1049D000A2A71204A3A71304A4A71404A5A715044F
:1049E000A6A71604A8A71704A9A71804AAA719041C
:1049F000ABA71A04ACA71B04ADA71C04AEA71D04EB
:104A0000AFA71E04B0A71F04B1A72004B2A72104BA
:104A1000B3A72204B4A72304B5A72404B6A725048A
:104A2000B7A72604B8A72704B9A72804BAA729045A
:104A3000BBA72A04BCA72B04BDA72C04BEA72D042A
:104A4000BFA72E04C0A72F04C1A73004D1A73104EB
:104A5000D2A73204D3A73304D4A73404D5A735048E
:104A6000D6A73604D8A73704D9A73804DAA739045B
:104A7000DBA73A04DCA73B04DDA73C04DEA73D042A
:104A8000DFA73E04E0A73F04E1A74004E2A74104FA
:104A9000E3A74204E4A74304E5A74404E6A74504CA
:104AA000E7A74604E8A74704E9A74804EAA749049A
:104AB000EBA74A04ECA74B04EDA74C04EEA74D046A
:104AC000EFA74E04F0A74F04F1A75104D7A7102079
:104AD0005CA9132043A81420AAA1152044A81620DD
:104AE000ACA11820AEA11920AFA11C20B0A11D209F
:104AF000B1A1252045A82620ADA13020EBA1322070
:104B0000E4A13320E5A1352046A83B20F9A1AC2043
:104B100080000321E6A1052147A8092148A8162104
:104B2000EDA1212159A96021F1A26121F2A2622106
:104B3000F3A26321F4A26421F5A26521F6A2662105
:104B4000F7A26721F8A26821F9A26921FAA26A21D5
:104B5000FBA26B21FCA27021A1A27121A2A2722151
:104B6000A3A27321A4A27421A5A27521A6A27621D5
:104B7000A7A27721A8A27821A9A27921AAA290218F
:104B8000FBA19121FCA19221FAA19321FDA19621E3
:104B900049A897214AA898214BA899214CA80822F6
:104BA000CAA10F22C7A11122C6A115224DA81A22FF
:104BB000CCA11D22D8A11E22DEA11F224EA8202298
:104BC000CFA123224FA82522CEA12722C4A128228B
:104BD000C5A12922C9A12A22C8A12B22D2A12E22F5
:104BE000D3A13422E0A13522DFA13622C3A137228E
:104BF000CBA13D22D7A14822D6A14C22D5A1522239
:104C000050A86022D9A16122D4A16422DCA165222E
:104C1000DDA1662251A8672252A86E22DAA16F2276
:104C2000DBA1952292A89922D1A1A522CDA1BF22D4
:104C300053A81223D0A16024D9A26124DAA262244D
:104C4000DBA26324DCA26424DDA26524DEA2662448
:104C5000DFA26724E0A26824E1A26924E2A274240E
:104C6000C5A27524C6A27624C7A27724C8A2782438
:104C7000C9A27924CAA27A24CBA27B24CCA27C2408
:104C8000CDA27D24CEA27E24CFA27F24D0A28024D8
:104C9000D1A28124D2A28224D3A28324D4A28424A8
:104CA000D5A28524D6A28624D7A28724D8A2882478
:104CB000B1A28924B2A28A24B3A28B24B4A28C24E8
:104CC000B5A28D24B6A28E24B7A28F24B8A29024B8
:104CD000B9A29124BAA29224BBA29324BCA2942488
:104CE000BDA29524BEA29624BFA29724C0A2982458
:104CF000C1A29924C2A29A24C3A29B24C4A20025C3
:104D0000A4A90125A5A90225A6A90325A7A90425CB
:104D1000A8A90525A9A90625AAA90725ABA908259B
:104D2000ACA90925ADA90A25AEA90B25AFA90C256B
:104D3000B0A90D25B1A90E25B2A90F25B3A910253B
:104D4000B4A91125B5A91225B6A91325B7A914250B
:104D5000B8A91525B9A91625BAA91725BBA91825DB
:104D6000BCA91925BDA91A25BEA91B25BFA91C25AB
:104D7000C0A91D25C1A91E25C2A91F25C3A920257B
:104D8000C4A92125C5A92225C6A92325C7A924254B
:104D9000C8A92525C9A92625CAA92725CBA928251B
:104DA000CCA92925CDA92A25CEA92B25CFA92C25EB
:104DB000D0A92D25D1A92E25D2A92F25D3A93025BB
:104DC000D4A93125D5A93225D6A93325D7A934258B
:104DD000D8A93525D9A93625DAA93725DBA938255B
:104DE000DCA93925DDA93A25DEA93B25DFA93C252B
:104DF000E0A93D25E1A93E25E2A93F25E3A94025FB
:104E0000E4A94125E5A94225E6A94325E7A94425CA
:104E1000E8A94525E9A94625EAA94725EBA948259A
:104E2000ECA94925EDA94A25EEA94B25EFA9502566
:104E300054A8512555A8522556A8532557A854259E
:104E400058A8552559A856255AA857255BA858256E
:104E50005CA859255DA85A255EA85B255FA85C253E
:104E600060A85D2561A85E2562A85F2563A860250E
:104E700064A8612565A8622566A8632567A86425DE
:104E800068A8652569A866256AA867256BA86825AE
:104E90006CA869256DA86A256EA86B256FA86C257E
:104EA00070A86D2571A86E2572A86F2573A870254E
:104EB00074A8712575A8722576A8732577A8812511
:104EC00078A8822579A883257AA884257BA88525BA
:104ED0007CA886257DA887257EA8882580A8892589
:104EE00081A88A2582A88B2583A88C2584A88D2556
:104EF00085A88E2586A88F2587A8932588A8942520
:104F000089A895258AA8A025F6A1A125F5A1B225F5
:104F1000F8A1B325F7A1BC258BA8BD258CA8C62573
:104F2000F4A1C725F3A1CB25F0A1CE25F2A1CF2571
:104F3000F1A1E2258DA8E3258EA8E4258FA8E5251B
:104F400090A80526EFA10626EEA1092691A84026E5
:104F5000E2A14226E1A10030A1A10130A2A10230CC
:104F6000A3A10330A8A10530A9A1063065A9073087
:104F700096A90830B4A10930B5A10A30B6A10B300A
:104F8000B7A10C30B8A10D30B9A10E30BAA10F30C5
:104F9000BBA11030BEA11130BFA1123093A81330B5
:104FA000FEA11430B2A11530B3A11630BCA1173048
:104FB000BDA11D3094A81E3095A8213040A92230F3
:104FC00041A9233042A9243043A9253044A92630E1
:104FD00045A9273046A9283047A9293048A941309A
:104FE000A1A44230A2A44330A3A44430A4A44530D9
:104FF000A5A44630A6A44730A7A44830A8A44930A9
:10500000A9A44A30AAA44B30ABA44C30ACA44D3078
:10501000ADA44E30AEA44F30AFA45030B0A4513048
:10502000B1A45230B2A45330B3A45430B4A4553018
:10503000B5A45630B6A45730B7A45830B8A45930E8
:10504000B9A45A30BAA45B30BBA45C30BCA45D30B8
:10505000BDA45E30BEA45F30BFA46030C0A4613088
:10506000C1A46230C2A46330C3A46430C4A4653058
:10507000C5A46630C6A46730C7A46830C8A4693028
:10508000C9A46A30CAA46B30CBA46C30CCA46D30F8
:10509000CDA46E30CEA46F30CFA47030D0A47130C8
:1050A000D1A47230D2A47330D3A47430D4A4753098
:1050B000D5A47630D6A47730D7A47830D8A4793068
:1050C000D9A47A30DAA47B30DBA47C30DCA47D3038
:1050D000DDA47E30DEA47F30DFA48030E0A4813008
:1050E000E1A48230E2A48330E3A48430E4A48530D8
:1050F000E5A48630E6A48730E7A48830E8A48930A8
:10510000E9A48A30EAA48B30EBA48C30ECA48D3077
:10511000EDA48E30EEA48F30EFA49030F0A4913047
:10512000F1A49230F2A49330F3A49B3061A99C3097
:1051300062A99D3066A99E3067A9A130A1A5A230C1
:10514000A2A5A330A3A5A430A4A5A530A5A5A630EB
:10515000A6A5A730A7A5A830A8A5A930A9A5AA30BB
:10516000AAA5AB30ABA5AC30ACA5AD30ADA5AE308B
:10517000AEA5AF30AFA5B030B0A5B130B1A5B2305B
:10518000B2A5B330B3A5B430B4A5B530B5A5B6302B
:10519000B6A5B730B7A5B830B8A5B930B9A5BA30FB
:1051A000BAA5BB30BBA5BC30BCA5BD30BDA5BE30CB
:1051B000BEA5BF30BFA5C030C0A5C130C1A5C2309B
:1051C000C2A5C330C3A5C430C4A5C530C5A5C6306B
:1051D000C6A5C730C7A5C830C8A5C930C9A5CA303B
:1051E000CAA5CB30CBA5CC30CCA5CD30CDA5CE300B
:1051F000CEA5CF30CFA5D030D0A5D130D1A5D230DB
:10520000D2A5D330D3A5D430D4A5D530D5A5D630AA
:10521000D6A5D730D7A5D830D8A5D930D9A5DA307A
:10522000DAA5DB30DBA5DC30DCA5DD30DDA5DE304A
:10523000DEA5DF30DFA5E030E0A5E130E1A5E2301A
:10524000E2A5E330E3A5E430E4A5E530E5A5E630EA
:10525000E6A5E730E7A5E830E8A5E930E9A5EA30BA
:10526000EAA5EB30EBA5EC30ECA5ED30EDA5EE308A
:10527000EEA5EF30EFA5F030F0A5F130F1A5F2305A
:10528000F2A5F330F3A5F430F4A5F530F5A5F6302A
:10529000F6A5FC3060A9FD3063A9FE3064A9053194
:1052A000C5A80631C6A80731C7A80831C8A8093162
:1052B000C9A80A31CAA80B31CBA80C31CCA80D3132
:1052C000CDA80E31CEA80F31CFA81031D0A8113102
:1052D000D1A81231D2A81331D3A81431D4A81531D2
:1052E000D5A81631D6A81731D7A81831D8A81931A2
:1052F000D9A81A31DAA81B31DBA81C31DCA81D3172
:10530000DDA81E31DEA81F31DFA82031E0A8213141
:10531000E1A82231E2A82331E3A82431E4A8253111
:10532000E5A82631E6A82731E7A82831E8A82931E1
:10533000E9A82032E5A22132E6A22232E7A22332F6
:10534000E8A22432E9A22532EAA22632EBA22732D1
:10535000ECA22832EDA22932EEA231325AA9A332B0
:1053600049A98E334AA98F334BA99C334CA99D334D
:105370004DA99E334EA9A1334FA9C43350A9CE33B2
:1053800051A9D13352A9D23353A9D53354A9004ED0
:10539000BBD2014EA1B6024E4081034EDFC6044E81
:1053A0004181054E4281064E4381074EF2CD084EA3
:1053B000C9D5094EFDC80A4ECFC90B4EC2CF0C4EFF
:1053C000A2D80D4EBBB20E4EEBD30F4E4481104E01
:1053D000A4D8114EF3B3124E4581134EA8D7144EE4
:1053E000D2C7154EA7D8164EC0CA174E4681184EC2
:1053F000F0C7194EFBB11A4EB5D21B4ED4B41C4E99
:10540000ABB61D4EBFCB1E4EA9D81F4E4781204EB6
:105410004881214E4981224EAAB6234E4A81244E0C
:10542000BDC1254ECFD1264E4B81274EA5C9284E52
:10543000ADD8294E4C812A4EF6B82B4EBED12C4EFB
:10544000DCE32D4ED0D62E4E4D812F4E4E81304E68
:10545000E1B7314E4F81324EAEB4334E5081344EAF
:10546000D9C1354E5181364EBCD8374E5281384E57
:10547000E8CD394EA4B53A4EAACE3B4EF7D63C4EB7
:1054800053813D4EF6C03E4ED9BE3F4EAFD8404E42
:105490005481414E5581424E5681434ECBC4444EB9
:1054A0005781454EC3BE464E5881474EB1D8484EEF
:1054B000B4C3494EE5D24A4E59814B4EAED64C4EFE
:1054C000DACE4D4EA7D54E4EF5BA4F4EA6B7504E3A
:1054D000D6C0514E5A81524EB9C6534ED2C5544EC3
:1054E000C7C7554E5B81564ED4B9574E5C81584E56
:1054F000CBB3594ED2D25A4E5D815B4E5E815C4E2B
:10550000BFD85D4EC5BE5E4EF2C65F4EB2D2604E93
:10551000B0CF614EE7CF624E5F81634E6081644ED3
:105520006181654E6281664EE9CA674E6381684E4D
:105530006481694EC0D86A4E65816B4E66816C4E3F
:1055400067816D4E68816E4E69816F4E6A81704EC3
:10555000F2C2714ED2C2724E6B81734EE9C8744E64
:105560006C81754E6D81764E6E81774E6F81784E6F
:105570007081794E71817A4E72817B4E73817C4E3F
:1055800074817D4E75817E4EACC77F4E7681804E94
:105590007781814E7881824E7981834E7A81844EE3
:1055A0007B81854E7C81864ECBC1874E7D81884E26
:1055B000E8D3894EF9D58A4E7E818B4EC2CA8C4E75
:1055C000FEB68D4EA1D88E4EDAD38F4EF7BF904ED9
:1055D0008081914EC6D4924EA5BB934EC1D8944EB5
:1055E000E5CE954EAEBE964E8181974E8281984E05
:1055F000A8D8994E83819A4EC7D19B4EA9D09C4E74
:1056000084819D4E85819E4E86819F4EBDD8A04E41
:10561000EFD9A14EF6CDA24EBABFA34E8781A44EBC
:10562000BBBDA54EA5BAA64EE0D2A74EFAB2A84E73
:10563000E0BAA94EB6C4AA4E8881AB4EEDCFAC4EAF
:10564000A9BEAD4EA4CDAE4EC1C1AF4E8981B04E04
:105650008A81B14E8B81B24ED7C7B34EF1D9B44EC9
:105660008C81B54EF4D9B64E8D81B74E8E81B84E31
:105670008F81B94E9081BA4ECBC8BB4EE9D8BC4E93
:105680009181BD4E9281BE4E9381BF4EDAD2C04E03
:10569000B2CAC14ECAC8C24EECD8C34EEAD8C44E34
:1056A000C6D8C54EF6BDC64ECDC6C74EF0B3C84E21
:1056B0009481C94EEBD8CA4EF1BDCB4EE9BDCC4E5C
:1056C0009581CD4ED4C8CE4ED3B4CF4E9681D04E18
:1056D0009781D14ED8C2D24E9881D34ED6B2D44EF5
:1056E000D0D7D54ECBCAD64EFBCBD74ECCD5D84E85
:1056F000B6B8D94EC9CFDA4E9981DB4E9A81DC4ECD
:105700009B81DD4EDAD9DE4EF0D8DF4EAAC7E04EDF
:105710009C81E14EEED8E24E9D81E34EFAB4E44E18
:10572000EEC1E54ED4D2E64E9E81E74E9F81E84E13
:10573000EDD8E94EA081EA4EC7D2EB4EEFD8EC4E41
:10574000C7C3ED4EA181EE4EA281EF4EA381F04E74
:10575000F6D1F14EA481F24ED9D6F34EF2D8F44EE2
:10576000A581F54EF5D8F64EFEBCF74EDBBCF84EE3
:10577000A681F94EA781FA4EA881FB4ECEC8FC4EF9
:10578000A981FD4EDDB7FE4EAA81FF4EC2B7004F84
:10579000AB81014FF3C6024FAC81034FAD81044F83
:1057A000AE81054FAF81064FB081074FB181084FE1
:1057B000B281094FF8D80A4FC1D20B4FB3810C4FB9
:1057C000B4810D4FE9CE0E4FBFBC0F4FFCB7104F49
:1057D000A5B7114FDDD0124FB581134FB681144FCD
:1057E000B781154FB881164FB981174FDAD6184FC8
:1057F000C5D3194FEFBB1A4FE1BB1B4FF1D81C4F5C
:10580000BA811D4FBB811E4FA1C91F4FB0CE204F83
:10581000ABB4214FBC81224FF3D8234FBD81244F1D
:10582000CBC9254FF6D8264FD7C2274FF7D8284FD8
:10583000BE81294FBF812A4FB1CE2B4FF9D82C4FB3
:10584000C0812D4FC1812E4FC2812F4FAEB2304F3C
:10585000C0B9314FC381324FA3D9334FC481344FC4
:10586000E9B0354FC581364FE6C1374FC681384F55
:10587000ECC9394FC7813A4FC5CB3B4FC8813C4F2C
:10588000C6CB3D4FA4D93E4FC9813F4FCA81404F3F
:10589000CB81414FCC81424FCD81434FE8B5444F3E
:1058A000CE81454FCF81464FABB5474FD081484F52
:1058B000D181494FD2814A4FD3814B4FD4814C4F34
:1058C000D5814D4FBBCE4E4FCDB54F4FA1D7504F89
:1058D000F4D7514FD3D3524FD681534FE5CC544FC9
:1058E000D781554FCEBA564FD881574FA2D9584F6E
:1058F000DCD9594FE0D35A4FFDD85B4FF0B75C4F1E
:10590000F7D75D4FFED85E4FFAD85F4FA1D9604FF1
:10591000E3C4614FD981624FDA81634FB6D3644FDC
:10592000F4D8654FDDD9664FDB81674FFBD8684FF0
:10593000DC81694FE5C56A4FDD816B4FDE816C4FBD
:10594000D0C06D4FDF816E4FE0816F4FF0D1704F4F
:10595000DBB0714FE181724FE281734FD1BC744F64
:10596000A6D9754FE381764FA5D9774FE481784F5B
:10597000E581794FE6817A4FE7817B4FACD97C4F47
:10598000AED97D4FE8817E4FABD97F4FB9CA804FEA
:10599000E981814FEA81824FEB81834FA9D9844FFE
:1059A000B6D6854FEC81864FED81874FEE81884FCB
:1059B000DEB3894FA8D98A4FEF818B4FFDC08C4F42
:1059C000F0818D4FCCCA8E4FF1818F4FAAD9904F65
:1059D000F281914FA7D9924FF381934FF481944F65
:1059E000B0D9954FF581964FF681974FB1B6984F44
:1059F000F781994FF8819A4FF9819B4FA9B99C4F34
:105A0000FA819D4FC0D29E4FFB819F4FFC81A04FDA
:105A1000C0CFA14FFD81A24FFE81A34FC2C2A44FB0
:105A20004082A54FC4BDA64FECD5A74FE0B2A84F0A
:105A3000C8C7A94FEBBFAA4FADD9AB4F4182AC4FFE
:105A4000AFD9AD4F4282AE4FEACEAF4FEEBAB04FB4
:105A50004382B14F4482B24F4582B34F4682B44F26
:105A60004782B54FD6C7B64F4882B74F4982B84F25
:105A70004A82B94F4B82BA4F4C82BB4F4D82BC4FCA
:105A80004E82BD4F4F82BE4F5082BF4FE3B1C04FD9
:105A90005182C14F5282C24F5382C34FD9B4C44FB7
:105AA000EDB6C54FB4D9C64F5482C74F5582C84FC3
:105AB0005682C94F5782CA4FA1BFCB4F5882CC4F95
:105AC0005982CD4F5A82CE4FDED9CF4FCEC7D04F5D
:105AD000FEC0D14FB8D9D24F5B82D34F5C82D44F36
:105AE0005D82D54F5E82D64F5F82D74FD7CBD84FDE
:105AF000FDB7D94F6082DA4FB5D9DB4F6182DC4FF9
:105B0000B7D9DD4FA3B1DE4FE1D3DF4FB9D9E04FB5
:105B10006282E14FC5D0E24F6382E34FB6D9E44FD2
:105B20006482E54F6582E64FB1D9E74F6682E84F60
:105B3000B2D9E94FA9C1EA4FB3D9EB4F6782EC4F15
:105B40006882ED4FF3BCEE4FDED0EF4FA9B8F04FB7
:105B50006982F14FE3BEF24F6A82F34FBDD9F44F31
:105B60006B82F54F6C82F64F6D82F74F6E82F84F65
:105B7000BAD9F94F6F82FA4FB3B0FB4F7082FC4F26
:105B80007182FD4F7282FE4FC2D9FF4F7382005067
:105B900074820150758202507682035077820450DD
:105BA00078820550798206507A8207507B820850AD
:105BB0007C8209507D820A507E820B5080820C507C
:105BC000C4D90D50B6B10E5081820F50BFD91050BC
:105BD0008282115083821250B9B5135084821450BE
:105BE000F3BE155085821650868217508782185052
:105BF000C8CC1950F2BA1A50D0D21B5088821C500F
:105C0000C3D91D5089821E508A821F50E8BD205082
:105C10008B822150ABB322508C8223508D82245032
:105C20008E822550C5D92650EBBE27508F82285032
:105C3000C6D92950BBD92A50DFC42B5090822C5092
:105C4000BED92D50C1D92E50C0D92F50918230507D
:105C500092823150938232509482335095823450E4
:105C600096823550978236509882375099823850B4
:105C70009A8239509B823A50AED53B509C823C5020
:105C8000B5D63D509D823E50E3C73F509E82405066
:105C90009F824150A0824250A1824350C8D94450B3
:105CA000A2824550A3824650A4824750D9BC485096
:105CB000CAD94950A5824A50A6824B50A7824C505F
:105CC000BCD94D50A8824E50CBD94F50ABC6505086
:105CD000A9825150AA825250AB825350AC82545088
:105CE000AD825550C9D95650AE825750AF825850E8
:105CF000B0825950B1825A50F6D75B50B2825C5094
:105D0000A3CD5D50B3825E50B4825F50B5826050C7
:105D1000B6826150B7826250B8826350B9826450D3
:105D2000BA826550A1BD6650BB826750BC82685084
:105D3000BD826950BE826A50BF826B50C0826C5077
:105D4000CCD96D50C1826E50C2826F50C3827050E8
:105D5000C4827150C5827250C6827350C78274501B
:105D6000C8827550C9827650BCC57750B5CD785081
:105D7000CA827950CB827A50CC827B50CDD97C506C
:105D8000CD827D50CE827E50C7D97F50A5B3805042
:105D9000FEBF8150CF828250D0828350D182845006
:105DA000D2828550B5B88650D3828750D48288502D
:105DB000FCC08950D5828A50D6828B50D7828C50B5
:105DC000D8828D50F8B08E50D9828F50DA829050A0
:105DD000DB829150DC829250DD829350DE829450BF
:105DE000DF829550E0829650E1829750E28298508F
:105DF000E3829950E4829A50E5829B50E6829C505F
:105E0000E7829D50E8829E50E9829F50EA82A0502E
:105E1000EB82A150EC82A250ED82A350F6B4A450C4
:105E2000EE82A550CED9A650EF82A750CFD9A85068
:105E3000A2B4A950D0D9AA50F082AB50F182AC5094
:105E4000DFB4AD50F282AE50F382AF50F482B05066
:105E5000F582B150F682B250C1B0B350F782B4505F
:105E6000F882B550F982B650FA82B750FB82B8502A
:105E7000FC82B950FD82BA50D1D9BB50B5C9BC50D3
:105E8000FE82BD504083BE504183BF504283C0500C
:105E90004383C1504483C2504583C3504683C4509A
:105EA0004783C5504883C6504983C7504A83C8506A
:105EB0004B83C9504C83CA504D83CB504E83CC503A
:105EC0004F83CD505083CE505183CF50F1CFD0501F
:105ED0005283D1505383D2505483D3505583D450DE
:105EE0005683D5505783D650D2D9D7505883D850DF
:105EF0005983D9505A83DA50C5C1DB505B83DC50DB
:105F00005C83DD505D83DE505E83DF505F83E05055
:105F10006083E1506183E2506283E3506383E45025
:105F20006483E5506583E650D6D9E750AEC9E850A2
:105F30006683E9506783EA506883EB506983EC50CD
:105F4000D5D9ED50D4D9EE50D7D9EF506A83F0505F
:105F50006B83F1506C83F2506D83F350DBCBF450C4
:105F60006E83F550A9BDF6506F83F7507083F850DB
:105F70007183F9507283FA507383FB50A7C6FC50AB
:105F80007483FD507583FE507683FF5077830051F4
:105F900078830151798302517A8303517B830451C1
:105FA0007C8305517D830651D3D90751D8D9085137
:105FB0007E83095180830A5181830B51D9D90C51B9
:105FC00082830D5183830E5184830F518583105139
:105FD0008683115187831251E5C813518883145168
:105FE000898315518A8316518B8317518C831851DD
:105FF0008D8319518E831A518F831B5190831C51AD
:1060000091831D5192831E5193831F51948320517C
:1060100095832151DCC022519683235197832451CB
:1060200098832551998326519A8327519B83285120
:106030009C8329519D832A519E832B519F832C51F0
:10604000A0832D51A1832E51A2832F51A3833051C0
:10605000A4833151A5833251A6833351A783345190
:10606000A8833551A9833651AA833751AB83385160
:10607000AC833951AD833A51AE833B51AF833C5130
:10608000B0833D51B1833E51B2833F51F9B6405187
:10609000A3D84151CAD44251B3834351AAD44451E5
:1060A000D6D04551E4B34651D7D54751B483485172
:1060B000C8CF4951E2B94A51B5834B51CBBF4C517E
:1060C000B6834D51E2C34E51B7834F51B8835051FF
:1060D000B9835151D2B65251BA835351BB835451F3
:1060E000C3CD5551EED95651F0D95751BC835851B3
:1060F000BD835951BE835A51B3B55B51BF835C51C7
:10610000B5B65D51C0835E51C1835F51C28360519A
:10611000C3836151C4836251A4BE6351C58364517A
:10612000C6836551EBC86651C7836751C883685100
:10613000ABC86951C9836A51CA836B51CBB06C51EA
:10614000ABB96D51F9C16E51E2D96F51CB8370512A
:10615000BCC07151B2B97251CC837351D8B974516A
:10616000CBD07551F8B17651E4C67751DFBE785186
:10617000E4B57951C8D77A51CD837B51F8D17C51A0
:10618000E6BC7D51DECA7E51CE837F51CF838051E4
:10619000BDBC8151E6D98251E7D88351D083845167
:1061A000D1838551DAC48651D2838751D3838851F4
:1061B000D4B88951BDC88A51D4838B51D5838C51B1
:1061C000E1B28D51D9D48E51D6838F51D78390515E
:1061D000D8839151D9839251B0C39351DA839451AA
:1061E000DB839551E1C39651A2DA9751DFC89851EC
:1061F000DC839951B4D09A51DD839B51FCBE9C51F4
:10620000A9C59D51DE839E51DF839F51E083A0513C
:10621000DAB9A151E183A251A3DAA351E283A451D7
:10622000A9D4A551A4DAA651E383A751E483A851C8
:10623000E583A951E683AA51E783AB51FBD9AC5161
:10624000ACB6AD51E883AE51E983AF51EBB7B05175
:10625000F9B1B151FCD9B251E5B3B351F6BEB45165
:10626000EA83B551F6BFB651B1D2B751E4C0B851C7
:10627000EB83B951EC83BA51ED83BB51B3B6BC513A
:10628000FED9BD51FDD9BE51EE83BF51EF83C05140
:10629000BBBEC151F083C251F183C351F283C451DB
:1062A000E0C6C551F383C651BCD7C751A1DAC85166
:1062B000F483C951B9C1CA51F583CB51F2B5CC5160
:1062C000E8C1CD51F683CE51F783CF51F5BCD05103
:1062D000F883D151D5B4D251F983D351FA83D45133
:1062E000FB83D551FC83D651FD83D751FE83D85112
:1062F0004084D9514184DA514284DB51DDC1DC5103
:106300004384DD51FDC4DE514484DF514584E051B6
:10631000B8BCE151B2B7E2514684E3514784E4513D
:10632000EFB7E5514884E6514984E7514A84E85182
:106330004B84E9514C84EA514D84EB51ECD9EC513A
:106340004E84ED51BEC6EE514F84EF51ADBFF051BA
:10635000CBBBF1515084F2515184F351CAB5F45181
:106360005284F551C9DBF651D7D0F7515384F85117
:10637000B9CDF951BCB0FA51F6B3FB51F7BBFC51A2
:10638000CADBFD51AFBAFE515484FF51E4D4005230
:10639000B6B50152F3B50252D6D80352D0C8045252
:1063A0005584055256840652D6B70752D0C70852B4
:1063B000D7D8095257840A52AFBF0B5258840C5297
:1063C00059840D52BBDB0E52D8D80F525A8410524A
:1063D0005B841152CCD01252AEBB13525C84145267
:1063E0005D8415525E841652BEEB1752D0C118520E
:1063F000F5C11952F2D41A52D5B81B52B4B41C527A
:106400005F841D52F5B31E5260841F526184205276
:10641000BEC921526284225263842352648424526E
:10642000D0C5255265842652668427526784285237
:10643000D9C52952FBC02A5268842B52F0B12C5284
:1064400069842D52D9D82E52CEB92F526A84305237
:10645000BDB531526B8432526C843352DAD8345227
:106460006D8435526E843652C6D63752A2CB38521E
:10647000AFC83952B2C93A52CCB43B52CCBF3C52ED
:106480006F843D52F4B93E5270843F52DBD8405283
:10649000DCD84152E7B64252C1BC4352EACC445226
:1064A00071844552728446527384475274844852B0
:1064B0007584495276844A52F7CF4B5277844C52B6
:1064C000DDD84D52B0C74E5278844F527984505225
:1064D000D0B95152A3BD52527A8453527B84545244
:1064E000DECC55527C845652CAC657527D845852CF
:1064F0007E84595280845A5281845B5282845C52D9
:10650000E0D85D5283845E52DED85F52848460524C
:1065100085846152DFD862528684635287846452D4
:1065200088846552FEB0665289846752E7BE68521D
:106530008A846952A3CA6A52F4BC6B528B846C522F
:106540008C846D528D846E528E846F52B1B87052AD
:106550008F84715290847252EEB873529184745247
:1065600092847552938476529484775295847852AB
:106570009684795297847A5298847B5299847C527B
:106580009A847D52E2D87E529B847F52CBBD80524A
:106590009C848152E4D88252E3D883529D848452F1
:1065A0009E8485529F848652A0848752A1848852FB
:1065B000FCC58952A2848A52A3848B52A4848C5233
:1065C000A5848D52A6848E52A7848F52A88490529F
:1065D000E5D89152A9849252AA849352E6D8945253
:1065E000AB849552AC849652AD849752AE84985247
:1065F000AF849952B0849A52B1849B52A6C19C52E6
:10660000B2849D52B0C89E52ECB09F52A6B9A0521F
:10661000D3BCA152F1CEA252BDDBA352D3C1A4522E
:10662000B384A552B484A652B584A752B684A852A6
:10663000AFB6A952FAD6AA52ACC5AB52D9BDAC522C
:10664000BEDBAD52BFDBAE52B784AF52B884B0529E
:10665000B984B152F8C0B252A2BEB352CDC0B45246
:10666000BA84B552BB84B652BC84B752BD84B8520A
:10667000BE84B952BF84BA52C084BB52C184BC52DA
:10668000C284BD52C384BE52C0DBBF52C6CAC05210
:10669000C484C152C584C252C684C352AAB2C45271
:1066A000C784C552C884C652C984C752C2D3C8520F
:1066B000CA84C952E3C3CA52CB84CB52ABD1CC52A9
:1066C000CC84CD52CD84CE52CE84CF52CF84D05202
:1066D000C2DBD152D084D252D5C0D352D184D4524D
:1066E000D284D552D384D652C3DBD752D484D85265
:1066F000B1BFD952D584DA52D684DB52D784DC526A
:10670000D884DD52D984DE52DA84DF52BCC4E05230
:10671000DB84E152DC84E252DD84E352DE84E45225
:10672000DAC7E552DF84E652E084E752E184E852BA
:10673000E284E952E384EA52E484EB52E584EC52C9
:10674000E684ED52E784EE52E884EF52E984F05299
:10675000C4DBF152EA84F252EB84F352EC84F4523B
:10676000ED84F552EE84F652EF84F752F084F8523D
:10677000F184F952E8D9FA52D7C9FB52F284FC529B
:10678000F384FD52F484FE52B4B9FF52F0CE0053AC
:10679000C8D40153F5840253F6840353F784045399
:1067A000F8840553FCB00653D2B40753F984085358
:1067B000D9D00953FA840A53FB840B53FC840C533D
:1067C000FD840D53E9D90E53FE840F53CBDE1053D5
:1067D000EBD911534085125341851353428514530D
:1067E00043851553B0D81653AFBB1753B1B11853E7
:1067F00044851953D7B31A53CED81B5345851C5320
:1068000046851D53D1D41E5347851F5348852053B9
:10681000B3BD2153EFBF225349852353BBCF24532C
:106820004A8525534B852653D0D827534C8528536A
:106830004D8529534E852A53CBB72B534F852C5367
:1068400050852D5351852E53D1D82F535285305317
:1068500053853153548532535585335356853453BC
:106860005785355358853653598537535A8538538C
:106870005B853953A5C63A53F8C73B53BDD23C5349
:106880005C853D535D853E53D2D83F53E4C44053AD
:106890005E854153AECA42535F854353A7C74453F5
:1068A00060854553A6D8465361854753FDC9485373
:1068B000E7CE4953DCBB4A53EBB04B5362854C5394
:1068C00063854D5364854E53AABB4F53ADD050538F
:1068D00065855153B0B15253E4D75353BFD7545386
:1068E00066855553A5B55653F4C25753CFC4585374
:1068F0006785595368855A53A9B25B5369855C53C0
:10690000B7B25D536A855E53E5B15F53B2DF605342
:10691000BCD56153A8BF6253ACC26353D5D864538E
:10692000B1C265536B856653D4D86753D4CE6853D0
:106930006C856953E0DA6A536D856B53C0CE6C5336
:106940006E856D536F856E53B4D86F53AEC370535D
:10695000A1D37153A3CE725370857353B4BC7453D7
:10696000B4C87553D1C2765371857753EDBE785351
:10697000B6D0795372857A53E1DA7B5373857C53B1
:1069800074857D5375857E5376857F53E4C7805328
:106990007785815378858253A7B383537985845350
:1069A000F2B68553FCCC8653FAC087537A85885358
:1069B0007B858953F7C08A537C858B53B9D18C531F
:1069C000E1D18D53C7D88E537D858F537E859053EB
:1069D0008085915381859253828593538385945307
:1069E00084859553DEB29653858597538685985353
:1069F000E5C0995387859A53F1BA9B5388859C5378
:106A000089859D53C8D89E538A859F53ADD4A05382
:106A10008B85A1538C85A253E1CFA353C9D8A4532E
:106A20008D85A553CAD8A653C3CFA7538E85A85327
:106A3000F8B3A953C7BEAA538F85AB539085AC5307
:106A40009185AD539285AE53CBD8AF539385B05358
:106A50009485B1539585B2539685B3539785B453B6
:106A60009885B5539985B653CCDBB7539A85B853FF
:106A70009B85B9539C85BA539D85BB53A5C8BC5310
:106A80009E85BD539F85BE53A085BF53D8CFC053AD
:106A9000A185C153FEC8C253CEB2C353A285C4530D
:106AA000A385C553A485C653A585C753A685C853DA
:106AB000D6D3C953E6B2CA53B0BCCB53D1D3CC530F
:106AC000ABCBCD53B4B7CE53A785CF53A885D05306
:106AD000A985D153A2B7D253AA85D353AB85D4533A
:106AE000E5CAD553AC85D653A1C8D753DCCAD85311
:106AF000E4B1D953F0D0DA53AD85DB53D1C5DC53C3
:106B0000AE85DD53AF85DE53B085DF53C5DBE05383
:106B1000FEB5E153B185E253B285E353DABFE453E6
:106B2000C5B9E553E4BEE653EDC1E753B385E85379
:106B3000B6DFE953B5DFEA53BBD6EB53D0BDEC5318
:106B4000D9D5ED53C8B0EE53A3B6EF53C9BFF05338
:106B5000A8CCF153B3DFF253B7CAF353D2D3F453F3
:106B6000B485F553CFD8F653B6D2F753C5BAF85318
:106B7000BECBF953BECCFA53B585FB53B7DFFC53FC
:106B8000F0B5FD53B4DFFE53B685FF53B78500540F
:106B9000B8850154F5D30254B9850354D4B30454D1
:106BA000F7B80554BA850654BADF0754BB850854B4
:106BB000CFBA0954AABC0A54F5B50B54BC850C5481
:106BC000ACCD0D54FBC30E54F3BA0F54F4C01054A3
:106BD000C2CD1154F2CF1254B8DF1354C5CF1454A0
:106BE000BD851554C0C21654B9DF1754F0C21854ED
:106BF000BE851954BF851A54C0851B54FDBE1C5454
:106C0000C1851D54DFC11E54CCCD1F54F7D2205472
:106C1000CDB72154C1DF2254C2852354C4DF24548C
:106C2000C3852554C4852654F1B72754C9B02854C8
:106C3000D6B62954D4B72A54C5852B54ACBA2C5493
:106C4000FDCC2D54D4BF2E54B1CB2F54F4C63054A8
:106C5000C6853154A8D63254C5DF3354C785345461
:106C6000E2CE3554B3B33654C8853754C985385449
:106C7000FCCE3954B5B43A54CA853B54C7CE3C54C3
:106C8000F0BA3D54CB853E54E1CE3F54CC854054C0
:106C9000BDD14154CD854254CE854354C0DF4454C8
:106CA000CF854554D0854654F4B44754D1854854D3
:106CB000CAB34954D2854A54E6B84B54BBDF4C544E
:106CC000D3854D54D4854E54D5854F54D6855054D4
:106CD000C5C45154D7855254BCDF5354BDDF5454FE
:106CE000BEDF5554BBC55654BFDF5754C2DF58549E
:106CF000B1D45954C3DF5A54D8855B54BAC75C54D5
:106D0000D8CE5D54D9855E54DA855F54DB856054F6
:106D1000DC856154DD856254D8C46354DE856454D7
:106D2000CADF6554DF856654CFDF6754E085685459
:106D3000DCD66954E1856A54E2856B54E3856C5472
:106D4000E4856D54E5856E54E6856F54E78570548F
:106D5000E8857154C9DF7254DADF7354B6CE7454C7
:106D6000E9857554C7BA7654CEDF7754C8DF7854B6
:106D7000DEC57954EA857A54EB857B54EBC97C54A3
:106D8000F4BA7D54FCC37E54EC857F54ED85805469
:106D9000D7BE8154EE858254C6DF8354EF85845478
:106DA000CDDF8554F0858654D8C58754F185885445
:106DB000F2858954F3858A54F4858B54A6D58C5476
:106DC000CDBA8D54F5858E54CCBE8F54BDD390541E
:106DD000C0B89154F6859254E4D69354F7859454F0
:106DE000C7DF9554BEB99654A7BF9754F8859854F9
:106DF000F9859954FCC19A54CBDF9B54CCDF9C5449
:106E0000FA859D54D0DF9E54FB859F54FC85A05489
:106E1000FD85A154FE85A2544086A354DBDFA45413
:106E2000E5DFA5544186A654D7DFA754D6DFA85482
:106E3000C9D7A954E3DFAA54E4DFAB54EBE5AC5463
:106E4000A7D2AD54D2DFAE544286AF54A9BFB054DE
:106E50004386B154DBD4B2544486B354C8BFB4544F
:106E6000D4DFB5544586B6544686B7544786B854E1
:106E7000CCCFB9544886BA544986BB54DDDFBC54E4
:106E80004A86BD54CAD1BE544B86BF54DEDFC054BF
:106E9000A7B0C154B7C6C254D3DFC3544C86C45440
:106EA000E5BAC5544D86C654DFB6C754DBCDC854C9
:106EB000FEB9C954D5D4CA544E86CB544F86CC544F
:106EC000DFDFCD54ECCFCE54A5B0CF54E7DFD054A4
:106ED000D1DFD154C6D1D254D5DFD354D8DFD45466
:106EE000D9DFD554DCDFD6545086D754A9BBD8544B
:106EF0005186D954E0DFDA54E1DFDB545286DC54AA
:106F0000E2DFDD54E6DFDE54E8DFDF54B4D3E054E3
:106F10005386E1545486E2545586E3545686E4542D
:106F20005786E554E7B8E654B6C5E754EADFE854B7
:106F3000DAC9E954A8C1EA54C4C4EB545886EC54E5
:106F40005986ED54DEBFEE54F8CFEF545A86F05414
:106F50005B86F1545C86F254DCD5F354EEDFF454D6
:106F60005D86F5545E86F6545F86F7546086F85465
:106F70006186F9546286FA54B8B2FB546386FC54B5
:106F8000DFBAFD54ECDFFE546486FF54C1DB0055CC
:106F900065860155E4D1025566860355678604551A
:106FA0006886055569860655F4CB0755BDB4085566
:106FB0006A860955A6B00A556B860B556C860C552A
:106FC0006D860D556E860E556F860F55F1DF105587
:106FD000C6CC1155F2DF12557086135571861455C3
:106FE000EDDF15557286165573861755748618553C
:106FF0007586195576861A5577861B55E9DF1C5517
:1070000078861D5579861E557A861F557B862055B4
:10701000EBDF21557C862255EFDF2355F0DF245529
:10702000BDBB25557D8626557E862755F3DF285521
:107030008086295581862A55F4DF2B5582862C556A
:10704000A3BB2D5583862E55DBCA2F55A8CE3055B0
:10705000A7E03155AAB3325584863355A6E034559E
:10706000858635558686365587863755A1E038554D
:107070008886395589863A558A863B558B863C5594
:10708000FEDF3D558C863E55D9CD3F55FCDF405542
:107090008D864155FADF42558E864355D0BF445503
:1070A000C4D745558F864655CCC947559086485517
:1070B00091864955F8DF4A55A1B04B5592864C55FB
:1070C00093864D5594864E5595864F5596865055C8
:1070D000FDDF5155978652559886535599865455DC
:1070E0009A865555FBDF5655A2E057559B86585555
:1070F0009C8659559D865A559E865B559F865C5544
:10710000A8E05D55A0865E55A1865F55A2866055B4
:10711000A3866155C8B76255A4866355A586645594
:10712000A1C66555B6C96655B2C06755F5DF685545
:10713000A6866955A7866A55BEC56B55A8866C5547
:10714000C4D86D55F9DF6E55F6C46F55A9867055D4
:10715000AA867155AB867255AC867355AD8674554B
:10716000AE867555A3E07655A4E07755A5E0785531
:10717000A5D07955AF867A55B0867B55B4E07C555D
:10718000E4CC7D55B1867E55B1E07F55B286805501
:10719000A6BF8155AFE08255B9CE8355ABE084558B
:1071A000C6C98555B3868655B4868755AEC0885501
:1071B000AEE08955EDBA8A55B0BA8B55A9E08C5529
:1071C000B5868D55B6868E55B7868F55F6DF9055A8
:1071D000B8869155B3E09255B9869355BA869455C1
:1071E000B8E09555BB869655BC869755BD86985593
:1071F000ADB49955B9E09A55BE869B55BF869C554E
:10720000B2CF9D55C8BA9E55C0869F55B0E0A055D7
:10721000C186A155C286A255C386A355C486A4556E
:10722000C586A555C686A655C786A755FAD0A855C2
:10723000C886A955C986AA55CA86AB55CB86AC5512
:10724000CC86AD55CD86AE55CE86AF55CF86B055E2
:10725000D086B155ACE0B255D186B355FBD4B45508
:10726000D286B555F7DFB655D386B755E7C5B855BD
:10727000D486B955ADE0BA55D586BB55F7D3BC55C4
:10728000D686BD55B6E0BE55B7E0BF55D786C055CA
:10729000D886C155D986C255DA86C355DB86C45512
:1072A000C4E0C555E1D0C655DC86C755DD86C85556
:1072B000DE86C955BCE0CA55DF86CB55E086CC5585
:1072C000C9E0CD55CAE0CE55E186CF55E286D0550E
:1072D000E386D155BEE0D255AAE0D355A4C9D45512
:1072E000C1E0D555E486D655B2E0D755E586D855E8
:1072F000E686D955E786DA55E886DB55E986DC551A
:10730000C8CADD55C3E0DE55EA86DF55B5E0E05575
:10731000EB86E155CBCEE255EC86E355C3CBE45585
:10732000CDE0E555C6E0E655C2E0E755ED86E85507
:10733000CBE0E955EE86EA55BAE0EB55BFE0EC55F7
:10734000C0E0ED55EF86EE55F086EF55C5E0F055FF
:10735000F186F155F286F255C7E0F355C8E0F455D1
:10736000F386F555CCE0F655F486F755BBE0F855B5
:10737000F586F955F686FA55F786FB55F886FC55DD
:10738000F986FD55D4CBFE55D5E0FF55FA8600565B
:10739000D6E00156D2E00256FB860356FC86045620
:1073A000FD860556FE8606564087075641870856D5
:1073B000D0E00956CEBC0A5642870B5643870C567E
:1073C000D1E00D5644870E56C2B80F56C5D8105698
:1073D00045871156468712564787135648871456D5
:1073E000498715564A8716564B8717564C871856A5
:1073F000EAD019564D871A564E871B56EFC21C56B7
:107400004F871D5650871E56CFE01F56BDE02056B1
:10741000518721565287225653872356D4E024564B
:10742000D3E025565487265655872756D7E0285649
:107430005687295657872A5658872B5659872C56D0
:10744000DCE02D56D8E02E565A872F565B873056F3
:107450005C873156F6D63256B0B333565D87345614
:10746000ECD735565E873656BBCB37565F873856D6
:1074700060873956DAE03A5661873B56FBCE3C5678
:1074800062873D5663873E5664873F56D9BA405659
:1074900065874156668742566787435668874456D4
:1074A000698745566A8746566B8747566C874856A4
:1074B0006D8749566E874A566F874B5670874C5674
:1074C000E1E04D56DDE04E56ADD24F567187505635
:1074D0007287515673875256748753567587545620
:1074E000E2E055567687565677875756DBE0585672
:1074F000D9E05956DFE05A5678875B5679875C5653
:10750000E0E05D567A875E567B875F567C876056E3
:107510007D8761567E876256DEE0635680876456BB
:10752000E4E065568187665682876756838768568A
:10753000F7C66956ACD86A56EBD46B56E6E06C5683
:10754000C9CA6D5684876E5685876F568687705672
:1075500087877156E5E07256888773568987745617
:107560008A8775568B877656C1B877568C8778563A
:107570008D8779568E877A568F877B56E7E07C56C3
:10758000E8E07D5690877E5691877F569287805699
:10759000938781569487825695878356968784561B
:1075A00097878556E9E08656E3E0875698878856A0
:1075B000998789569A878A569B878B569C878C56C3
:1075C0009D878D569E878E56BFBA8F56E7CC9056B4
:1075D0009F879156A0879256A1879356EAE09456CA
:1075E000A2879556A3879656A4879756A58798563F
:1075F000A6879956A7879A56A8879B56A9879C560F
:10760000AA879D56AB879E56AC879F56AD87A056DE
:10761000AE87A156AF87A256B087A356F9CFA4561E
:10762000B187A556B287A656B387A756B487A85682
:10763000B587A956B687AA56B787AB56B887AC5652
:10764000B987AD56BA87AE56BB87AF56EBE0B0569A
:10765000BC87B156BD87B256BE87B356BF87B456F6
:10766000C087B556C187B656C287B756C2C8B85686
:10767000C387B956C487BA56C587BB56C687BC569A
:10768000C0BDBD56C787BE56C887BF56C987C0563E
:10769000CA87C156CB87C256CC87C356CD87C4563E
:1076A000CE87C556CF87C656D087C756D187C8560E
:1076B000D287C956D387CA56D2C4CB56D487CC56A4
:1076C000D587CD56D687CE56D787CF56D887D056B2
:1076D000D987D156DA87D256DB87D356DC87D45682
:1076E000ECE0D556DD87D656DE87D756EDE0D85686
:1076F000DF87D956E087DA56F4C7DB56C4CBDC56B1
:10770000E187DD56EEE0DE56D8BBDF56B6D8E05650
:10771000F2D2E156EFE0E256C5CDE356E287E456F9
:10772000DAB6E556E387E656E487E756E587E85696
:10773000E687E956E787EA56E887EB56F1E0EC562C
:10774000E987ED56B0D4EE56EA87EF56EB87F05650
:10775000A7C0F156D1B4F256EC87F356ED87F45634
:10776000A7CEF556F0E0F656EE87F756EF87F856B7
:10777000F087F956F2E0FA56CCB9FB56F187FC5681
:10778000F287FD56FAB9FE56BCCDFF56F3E000571E
:10779000F3870157F4870257F5870357D4C6045778
:1077A000F4E00557F6870657B2D40757F78708570E
:1077B000A6C80957F6E00A57F5E00B57F8870C57AB
:1077C000F9870D57FA870E57FB870F57FC8710571D
:1077D000FD871157FE871257408813574188145769
:1077E00042881557438816574488175745881857B5
:1077F0004688195747881A5748881B5749881C5785
:10780000F7E01D574A881E574B881F57C1CD205798
:107810004C8821574D8822574E882357A5CA245794
:107820004F88255750882657518827575288285700
:10783000DAD42957D7DB2A57D9DB2B5753882C5753
:10784000D8DB2D57E7B92E57DCDB2F57DDDB305760
:10785000D8B531575488325755883357DADB345707
:107860005688355757883657588837575988385764
:107870005A883957DBDB3A57A1B33B57DFDB3C571C
:107880005B883D575C883E57F8BB3F575D88405743
:10789000B7D641575E884257E0DB43575F8844576D
:1078A000608845576188465762884757F9BE4857F0
:1078B0006388495764884A57BBB74B5765884C570C
:1078C000D0DB4D57AECC4E57B2BF4F57B5BB50571C
:1078D000F8D75157D3BF52576688535767885457C4
:1078E00068885557698856576A885757E9BF585767
:1078F0006B8859576C885A57E1BC5B57B3CC5C57BF
:10790000DEDB5D57D3B05E57EBCE5F57D8B760571D
:10791000B9D76157C2C662576D8863576E8864577E
:10792000A4C065576F886657B9CC67577088685789
:10793000E7DB6957E1DB6A57BAC66B57E3DB6C5785
:1079400071886D57E8DB6E5772886F57F7C57057AF
:10795000738871577488725775887357EADB745748
:107960007688755777887657E9DB7757C0BF7857A1
:107970007888795779887A577A887B57E6DB7C57FD
:10798000E5DB7D577B887E577C887F577D888057D5
:107990007E88815780888257B9B48357ACC084579A
:1079A000A2C28557E2DB8657E4DB87578188885778
:1079B0008288895783888A5784888B57CDD08C5783
:1079C000EDDB8D5785888E5786888F57878890572F
:1079D0008888915789889257DDC09357F2DB945776
:1079E0008A8895578B8896578C8897578D88985793
:1079F0008E8899578F889A5790889B57E2B69C57E4
:107A000091889D5792889E5793889F579488A05736
:107A1000F3DBA157D2DBA257B8B9A357ABD4A45715
:107A2000ECDBA5579588A657D1BFA757F0DBA85721
:107A30009688A957D1DBAA579788AB57E6B5AC57BC
:107A40009888AD57EBDBAE57E5BFAF579988B05775
:107A50009A88B1579B88B257EEDBB3579C88B457CE
:107A6000F1DBB5579D88B6579E88B7579F88B857A2
:107A7000F9DBB957A088BA57A188BB57A288BC5771
:107A8000A388BD57A488BE57A588BF57A688C057EE
:107A9000A788C157A888C257A1B9C357A3B0C45774
:107AA000A988C557AA88C657AB88C757AC88C85796
:107AB000AD88C957AE88CA57AF88CB57F1C2CC57EB
:107AC000B088CD57B188CE57C7B3CF57EFDBD0576B
:107AD000B288D157B388D257F8DBD357B488D4577C
:107AE000D2C6D557F4DBD657B588D757B688D857FE
:107AF000F5DBD957F7DBDA57F6DBDB57B788DC570E
:107B0000B888DD57FEDBDE57B988DF57F2D3E05780
:107B1000BAB2E157BA88E257BB88E357BC88E4574A
:107B2000FDDBE557BD88E657BE88E757BF88E857B5
:107B3000C088E957C188EA57C288EB57C388EC5719
:107B4000C488ED57A4DCEE57C588EF57FBDBF05730
:107B5000C688F157C788F257C888F357C988F457C1
:107B6000FADBF557CA88F657CB88F757CC88F85711
:107B7000FCDBF957E0C5FA57F9BBFB57CD88FC573A
:107B8000CE88FD57A3DCFE57CF88FF57D08800581A
:107B9000A5DC0158D1880258C3CC0358D2880458B8
:107BA000D3880558D4880658D1B60758C0DD085880
:107BB000D5880958D6880A58D7880B58A1DC0C58A4
:107BC000D8880D58A2DC0E58D9880F58DA8810587A
:107BD000DB881158B5C71258DC881358DD88145853
:107BE000DE881558E9B61658DF881758E088185807
:107BF000E1881958A7DC1A58E2881B58E3881C58FA
:107C0000E4881D58E5881E58A6DC1F58E6882058D1
:107C1000A9DC2158A4B12258E7882358E8882458C1
:107C2000CCB52558E9882658EA882758EB88285883
:107C3000EC882958ED882A58B0BF2B58EE882C586C
:107C4000EF882D58F0882E58F1882F58F288305838
:107C5000DFD13158F3883258F4883358F5883458D6
:107C6000F6883558C2B63658F7883758F8883858E5
:107C7000F9883958FA883A58FB883B58FC883C58B0
:107C8000FD883D58FE883E5840893F5841894058FC
:107C90004289415843894258448943584589445848
:107CA000A8DC455846894658478947584889485866
:107CB000498949584A894A584B894B584C894C58EC
:107CC000FACB4D58F3EB4E584D894F584E895058CA
:107CD0004F895158DCCB52585089535851895458C8
:107CE000FECB55585289565853895758548958587D
:107CF000C1CC595855895A5856895B5857895C5890
:107D000058895D5859895E58FBC85F585A89605830
:107D10005B8961585C8962585D8963585E896458E3
:107D20005F896558AADC6658608967586189685818
:107D30006289695863896A5864896B58EECC6C58BB
:107D4000ABDC6D5865896E5866896F5867897058C5
:107D500068897158698972586A8973586B8974582F
:107D60006C8975586D8976586E8977586F897858FF
:107D70007089795871897A5872897B5873897C58CF
:107D800074897D5875897E58D3DB7F5876898058F1
:107D9000AFDC8158ACDC825877898358B3BE8458F5
:107DA00078898558FBCA8658798987587A8988588E
:107DB0007B898958ADDC8A587C898B587D898C58A1
:107DC0007E898D5880898E5881898F5882899058F4
:107DD0008389915884899258CAC99358B9C49458D0
:107DE000858995588689965887899758888998589B
:107DF00089899958BDC79A58AEDC9B588A899C5886
:107E00008B899D588C899E58F6D49F58E6D0A058EF
:107E10008D89A1588E89A2588F89A3589089A4581A
:107E20009189A5589289A6589389A7589489A858EA
:107E3000ABC4A958D5B6AA589589AB589689AC5801
:107E40009789AD589889AE589989AF589A89B05892
:107E50009B89B1589C89B2589D89B3589E89B45862
:107E60009F89B558A089B658A189B758A289B85832
:107E7000A389B958A489BA58A589BB58A689BC5802
:107E8000D4DBBD58A789BE58A889BF58A989C05856
:107E9000AA89C158DAB1C258AB89C358AC89C45851
:107EA000AD89C558D5DBC658AE89C758AF89C85803
:107EB000B089C958B189CA58B289CB58B389CC584E
:107EC000B489CD58B589CE58B689CF58B789D0581E
:107ED000B889D158D6DBD258B989D358BA89D45881
:107EE000BB89D558BEBAD658BC89D758BD89D85891
:107EF000BE89D958BF89DA58C089DB58C189DC5896
:107F0000C289DD58C389DE58C489DF58C589E05865
:107F1000C689E158C789E258C889E358C989E45835
:107F2000C0C8E558CA89E658CB89E758CC89E858D3
:107F3000CD89E958CE89EA58CF89EB58BFCAEC58A9
:107F4000C9C8ED58D089EE58B3D7EF58D189F05849
:107F5000F9C9F158D289F258D389F358C7BFF458F8
:107F6000D489F558D589F658F8BAF758D689F8580B
:107F7000D789F958BCD2FA58D889FB58D989FC5806
:107F8000DA89FD58DB89FE58DC89FF58DD89005904
:107F9000DE890159DF890259BAE20359E08904599F
:107FA000A6B40559E1890659E2890759B8B10859BB
:107FB000E3890959E4890A59E5890B59E6890C597D
:107FC000E7890D59B4B80E59E8890F59C4CF105933
:107FD000E9891159EA891259EB891359EC89145925
:107FE000E7D91559A6CF1659E2CD1759ED89185979
:107FF000EE891959EDD91A59E0B61B59EF891C5968
:10800000B9D21D59F0891E59F1891F59BBB92059A0
:10801000F2892159F3892259F4892359F589245980
:10802000B9E22559B7E22659F6892759F3B42859F8
:10803000F7892959ECCC2A59ABCC2B59F2B72C59DA
:10804000F8892D59B2D82E59EBD12F59BBBA3059D6
:10805000F9893159A7CA3259FA893359FB893459F8
:10806000B7CD3559FC893659FD893759C4D23859AD
:10807000E4BF3959D0BC3A59E1B63B59FE893C5965
:10808000C5DE3D59408A3E59418A3F59428A40598E
:10809000438A4159C6DE4259BCDB4359448A44599C
:1080A000D9D14559458A4659468A4759E6C648595D
:1080B000CEC44959EEB74A59478A4B59DCB74C5997
:1080C000488A4D59498A4E59FCBF4F59E0D75059FB
:1080D0004A8A5159F5C652594B8A53594C8A5459B8
:1080E000BCB15559C8DE5659B1BD5759D7CC5859AE
:1080F000CADE59594D8A5A59C9DE5B594E8A5C59B4
:108100004F8A5D59508A5E59518A5F59528A605927
:10811000ECB56159538A6259DDC96359548A64596F
:10812000558A6559C2B06659568A6759578A68593F
:10813000588A6959598A6A595A8A6B595B8A6C59A3
:108140005C8A6D595D8A6E595E8A6F595F8A705973
:10815000608A7159618A7259628A7359AEC57459BD
:10816000ABC57559638A7659CCC47759648A7859F6
:10817000E9BC7959FDCB7A59658A7B59668A7C5965
:10818000678A7D59C3BA7E59688A7F59698A80593E
:108190006A8A8159F9E58259E7C88359FAE5845911
:1081A000FDCD85596B8A8659B1D78759BEB8885994
:1081B000E8C289596C8A8A59D1C88B596D8A8C5901
:1081C0006E8A8D59FBE58E596F8A8F59708A905946
:1081D000718A9159728A9259CAB69359CBBC9459F3
:1081E000738A9559748A9659FDD19759A1E6985981
:1081F000758A9959EEC39A59768A9B59778A9C5900
:10820000788A9D59798A9E59A4E69F597A8AA059FD
:108210007B8AA1597C8AA2597D8AA359FEE5A4597B
:10822000A5E6A559D7CDA6597E8AA759808AA8590F
:10823000C1B7A959FCE5AA59FDE5AB59A3E6AC596C
:10824000818AAD59828AAE59DDC4AF59A8E6B059CA
:10825000838AB159848AB259A7E6B359858AB45939
:10826000868AB559878AB659888AB759898AB8598A
:108270008A8AB959C3C3BA598B8ABB59DEC6BC595D
:108280008C8ABD598D8ABE59AAE6BF598E8AC059BB
:108290008F8AC159908AC259918AC359928AC45906
:1082A000938AC559948AC659B7C4C759958AC8597B
:1082B000968AC959978ACA59A2E6CB59BCCACC59E1
:1082C000988ACD59998ACE599A8ACF599B8AD05982
:1082D000E3BDD159C3B9D259A6E6D359D5D0D459A3
:1082E000AFCED5599C8AD6599D8AD759A9E6D85977
:1082F000B0E6D9599E8ADA59A6D2DB599F8ADC5951
:10830000AABDDD59ADE6DE59A08ADF59A18AE05940
:10831000A28AE159A38AE259A48AE359AFE6E45953
:10832000A58AE559D1C0E659A68AE759A78AE8592E
:10833000CCD2E959A88AEA59A98AEB59AA8AEC59F8
:10834000A7BCED59AB8AEE59AC8AEF59AD8AF0590A
:10835000AE8AF159AF8AF259B08AF359B18AF45909
:10836000B28AF559B38AF659B48AF759B58AF859D9
:10837000B68AF959B1E6FA59B78AFB59F6D2FC59CF
:10838000B88AFD59B98AFE59BA8AFF59CBD7005A23
:10839000BB8A015AFECD025ABC8A035ADECD045A6A
:1083A000A6C2055AABE6065AACE6075ABFBD085A44
:1083B000AEE6095AB3E60A5ABD8A0B5ABE8A0C5A6F
:1083C000B2E60D5ABF8A0E5AC08A0F5AC18A105A95
:1083D000C28A115AB6E6125AC38A135AB8E6145A18
:1083E000C48A155AC58A165AC68A175AC78A185A8D
:1083F000EFC4195AC88A1A5AC98A1B5ACA8A1C5AFF
:10840000C8C41D5ACB8A1E5ACC8A1F5AEABE205AAB
:10841000EFC9215ACD8A225ACE8A235AB7E6245A66
:10842000CF8A255AF0B6265AD08A275AD18A285A96
:10843000D28A295AE4C32A5AD38A2B5AD48A2C5A6C
:10844000D58A2D5AD68A2E5AD78A2F5AD88A305A88
:10845000D98A315AE9D3325AB4E6335ADA8A345ACD
:10846000B5E6355ADB8A365AA2C8375ADC8A385AFA
:10847000DD8A395ADE8A3A5ADF8A3B5AE08A3C5A08
:10848000BDE63D5AE18A3E5AE28A3F5AE38A405AA3
:10849000B9E6415AE48A425AE58A435AE68A445A7E
:1084A000E78A455AE88A465AC5C6475AE98A485A69
:1084B000EA8A495AF1CD4A5ABBE64B5AEB8A4C5AE2
:1084C000EC8A4D5AED8A4E5AEE8A4F5AEF8A505A2C
:1084D000F08A515AF18A525AF28A535AF38A545AFC
:1084E000F48A555ABCE6565AF58A575AF68A585AAB
:1084F000F78A595AF88A5A5AE9BB5B5AF98A5C5A80
:10850000FA8A5D5AFB8A5E5AFC8A5F5AFD8A605A73
:10851000FE8A615A408B625ABEE6635A418B645AA6
:10852000428B655A438B665A448B675ABAE6685A3F
:10853000458B695A468B6A5AB7C06B5A478B6C5A3F
:10854000488B6D5A498B6E5A4A8B6F5A4B8B705AB7
:108550004C8B715A4D8B725A4E8B735A4F8B745A87
:10856000A4D3755ABFE6765AF4C9775AC3E6785A47
:10857000508B795A518B7A5AC4E67B5A528B7C5A6B
:10858000538B7D5A548B7E5A558B7F5AF6D0805A26
:10859000568B815A578B825A588B835A598B845ADF
:1085A0005A8B855A5B8B865A5C8B875A5D8B885AAF
:1085B0005E8B895A5F8B8A5A608B8B5A618B8C5A7F
:1085C000628B8D5A638B8E5A648B8F5A658B905A4F
:1085D000668B915A678B925ABDC3935A688B945A93
:1085E000698B955A6A8B965A6B8B975A6C8B985AF3
:1085F0006D8B995A6E8B9A5AC4C39B5AC2E69C5A89
:108600006F8B9D5A708B9E5A718B9F5A728BA05A9A
:10861000738BA15A748BA25A758BA35A768BA45A6A
:10862000778BA55A788BA65A798BA75A7A8BA85A3A
:108630007B8BA95A7C8BAA5AC1E6AB5A7D8BAC5A6C
:108640007E8BAD5A808BAE5A818BAF5A828BB05ADB
:10865000838BB15A848BB25AC7E6B35AB1CFB45A9E
:10866000858BB55AF4EBB65A868BB75A878BB85AB6
:10867000CAE6B95A888BBA5A898BBB5A8A8BBC5ABC
:108680008B8BBD5A8C8BBE5AC5E6BF5A8D8BC05A98
:108690008E8BC15ADEBCC25AA9C9C35A8F8BC45A29
:1086A000908BC55A918BC65A928BC75A938BC85AD6
:1086B000948BC95AB5BCCA5A958BCB5A968BCC5A57
:1086C000D3CFCD5A978BCE5A988BCF5A998BD05AFD
:1086D0009A8BD15A9B8BD25AC8E6D35A9C8BD45AC8
:1086E000C9E6D55A9D8BD65ACEE6D75A9E8BD85A14
:1086F000D0E6D95A9F8BDA5AA08BDB5AA18BDC5A71
:10870000D1E6DD5AA28BDE5AA38BDF5AA48BE05A46
:10871000CBE6E15AD5B5E25AA58BE35ACCE6E45A4A
:10872000A68BE55AA78BE65ACFE6E75AA88BE85AFC
:10873000A98BE95ADBC4EA5AAA8BEB5AC6E6EC5A73
:10874000AB8BED5AAC8BEE5AAD8BEF5AAE8BF05A29
:10875000AF8BF15ACDE6F25AB08BF35AB18BF45A83
:10876000B28BF55AB38BF65AB48BF75AB58BF85ACD
:10877000B68BF95AB78BFA5AB88BFB5AB98BFC5A9D
:10878000BA8BFD5ABB8BFE5ABC8BFF5ABD8B005B6C
:10879000BE8B015BBF8B025BC08B035BC18B045B39
:1087A000C28B055BC38B065BC48B075BC58B085B09
:1087B000C68B095BD2E60A5BC78B0B5BC88B0C5B75
:1087C000C98B0D5BCA8B0E5BCB8B0F5BCC8B105BAD
:1087D000CD8B115BCE8B125BCF8B135BD08B145B7D
:1087E000D18B155BD28B165BD4E6175BD3E6185B97
:1087F000D38B195BD48B1A5BD58B1B5BD68B1C5B25
:10880000D78B1D5BD88B1E5BD98B1F5BDA8B205BF4
:10881000DB8B215BDC8B225BDD8B235BDE8B245BC4
:10882000DF8B255BE08B265BE18B275BE28B285B94
:10883000E38B295BE48B2A5BE58B2B5BE68B2C5B64
:10884000E78B2D5BE88B2E5BE98B2F5BEA8B305B34
:10885000EB8B315BEC8B325BD5E6335BED8B345BC2
:10886000F8D9355BEE8B365BEF8B375BD6E6385B42
:10887000F08B395BF18B3A5BF28B3B5BF38B3C5BB0
:10888000F48B3D5BF58B3E5BF68B3F5BF78B405B80
:10889000D7E6415BF88B425BF98B435BFA8B445B19
:1088A000FB8B455BFC8B465BFD8B475BFE8B485B24
:1088B000408C495B418C4A5B428C4B5B438C4C5BEC
:1088C000448C4D5B458C4E5B468C4F5B478C505BBC
:1088D000D3D7515BDDE6525B488C535BDEE6545BDD
:1088E000D7BF555BD0D4565B498C575BD6D7585B06
:1088F000E6B4595BEFCB5A5BDAE65B5BC3D85C5BF3
:10890000CED75D5BA2D05E5B4A8C5F5BCFC3605B02
:108910004B8C615B4C8C625BDFE6635BBEBC645B73
:10892000C2B9655BDBE6665BA7D1675B4D8C685BB4
:108930004E8C695BA2BA6A5BCFC26B5B4F8C6C5B7F
:10894000ABD86D5B508C6E5B518C6F5B528C705BE7
:10895000EBCA715BEEE5725B538C735BDCE6745BB8
:10896000548C755BF5B7765B558C775B568C785B72
:10897000578C795B588C7A5BE6C87B5B598C7C5B47
:108980005A8C7D5BF5C47E5B5B8C7F5B5C8C805B13
:10899000B2E5815BFEC4825B5D8C835BFCCB845B58
:1089A000B3E5855BACD5865B5E8C875BEED3885B7D
:1089B000D8CA895BB2B08A5B5F8C8B5BCECB8C5B99
:1089C000EACD8D5B608C8E5B618C8F5BEABA905BCD
:1089D000628C915B638C925B648C935BB5E5945B7A
:1089E000658C955BB4E5965B668C975BDAD7985B94
:1089F000D9B9995BE6D69A5BA8B69B5BF0CD9C5B38
:108A0000CBD29D5BA6B19E5BB5CA9F5B678CA05B1A
:108A1000E8B3A15BF3C9A25BCDBFA35BFBD0A45BB2
:108A2000D2CAA55BB6E5A65BC2BBA75B688CA85B98
:108A3000698CA95B6A8CAA5BDCCFAB5BACB9AC5B25
:108A40006B8CAD5B6C8CAE5B6D8CAF5B6E8CB05B1E
:108A5000D7D4B15B6F8CB25B708CB35BA6BAB45BDE
:108A6000E7D1B55BFCCFB65BD2BCB75B718CB85BB2
:108A7000B7E5B95BDDC8BA5B728CBB5B738CBC5B62
:108A8000748CBD5BEDBFBE5BF6B1BF5BDECBC05B84
:108A9000758CC15B768CC25BC5BCC35B778CC45BD9
:108AA000C4BCC55BFAD2C65BDCC3C75BDCBFC85BBA
:108AB000788CC95B798CCA5B7A8CCB5B7B8CCC5B0A
:108AC000BBB8CD5B7C8CCE5B7D8CCF5B7E8CD05B72
:108AD000C2C3D15B808CD25BAEBAD35BA2D4D45B71
:108AE000818CD55B828CD65B838CD75B848CD85B86
:108AF000858CD95B868CDA5B878CDB5B888CDC5B56
:108B0000898CDD5BDEC7DE5BAFC4DF5BECB2E05BB4
:108B10008A8CE15BD1B9E25B8B8CE35B8C8CE45B90
:108B2000BBE5E55BC8C1E65B8D8CE75B8E8CE85BE3
:108B3000AFD5E95B8F8CEA5B908CEB5B918CEC5B47
:108B4000928CED5B938CEE5BBCE5EF5B948CF05B01
:108B5000BEE5F15B958CF25B968CF35B978CF45BD6
:108B6000988CF55B998CF65B9A8CF75B9B8CF85B29
:108B7000E7B4F95BD4B6FA5BC2CBFB5BB0D1FC5B6C
:108B8000BCB5FD5B9C8CFE5B9D8CFF5BD9CA005C19
:108B90009E8C015CE2B7025C9F8C035CA08C045C41
:108BA000E4C9055CA18C065CABBD075CA28C085CCB
:108BB000A38C095CBECE0A5CF0D70B5CA48C0C5C69
:108BC000A58C0D5CA68C0E5CA78C0F5CA1D0105CF4
:108BD000A88C115CD9C9125CA98C135CAA8C145C9A
:108BE000FBB6155CD8E6165CE2BC175CAB8C185C77
:108BF000BEB3195CAC8C1A5CD0C91B5CAD8C1C5C20
:108C0000D9E61D5CA2B31E5CAE8C1F5CAF8C205CF1
:108C1000B08C215CB18C225CCCDE235CB28C245CF9
:108C2000C8D3255CCDDE265CB38C275CA2D2285C41
:108C3000B48C295CB58C2A5CB68C2B5CB78C2C5C14
:108C4000CEDE2D5CB88C2E5CB98C2F5CBA8C305C7F
:108C5000BB8C315CCDBE325CBC8C335CBD8C345C77
:108C6000CFDE355CBE8C365CBF8C375CC08C385C2C
:108C7000ACCA395CFCD23A5CDFB33B5CEAE53C5CF5
:108C8000E1C43D5CA1BE3E5CB2CE3F5CF2C4405C40
:108C9000D6BE415CA8C6425CE3B2435CC18C445C76
:108CA000C28C455CD3BE465CC38C475CC48C485CBC
:108CB000FCC7495CEBCC4A5CECBD4B5CDDCE4C5C4C
:108CC000C58C4D5CC68C4E5CBACA4F5CC1C6505C4C
:108CD000ECE5515CBCD0525CC78C535CC88C545CD6
:108CE000C98C555CB9D5565CCA8C575CCB8C585C2A
:108CF000CC8C595CEDE55A5CCD8C5B5CCE8C5C5CBD
:108D0000CF8C5D5CD08C5E5CF4CA5F5CD18C605CA7
:108D1000C0CD615CC5C2625CD28C635CEFE5645C13
:108D2000D38C655CC4C2665CF0E5675CD48C685C1F
:108D3000D58C695CD68C6A5CD78C6B5CD88C6C5C8F
:108D4000D98C6D5CDA8C6E5CF8E56F5CCDCD705CB7
:108D5000DB8C715CBDC9725CDC8C735CDD8C745C1B
:108D6000DE8C755CDF8C765CE08C775CE18C785C0B
:108D7000E28C795CD9D27A5CA8E17B5CE38C7C5C88
:108D8000E48C7D5CE58C7E5CE68C7F5CECD3805C67
:108D9000E78C815CEACB825CF1C6835CE88C845C06
:108DA000E98C855CEA8C865CEB8C875CEC8C885C5F
:108DB000ACE1895CED8C8A5CEE8C8B5CEF8C8C5C1E
:108DC000A7E18D5CA9E18E5CF08C8F5CF18C905CEE
:108DD000AAE1915CAFE1925CF28C935CF38C945CC1
:108DE000EDB2955CF48C965CABE1975CDAB8985C7C
:108DF000ADE1995CAEE19A5CB0E19B5CBAB59C5C7C
:108E0000B1E19D5CF58C9E5CF68C9F5CF78CA05C60
:108E1000F88CA15CF98CA25CB3E1A35CB8E1A45C22
:108E2000FA8CA55CFB8CA65CFC8CA75CFD8CA85C1A
:108E3000FE8CA95CD2D1AA5C408DAB5CB6E1AC5C87
:108E4000B5E1AD5CEBC1AE5C418DAF5C428DB05C19
:108E5000438DB15CB7E1B25C448DB35CC0D4B45C0B
:108E6000458DB55CB2E1B65C468DB75CBAE1B85CE5
:108E7000B6B0B95C478DBA5C488DBB5C498DBC5CB3
:108E80004A8DBD5CB4E1BE5C4B8DBF5CF9BFC05C7C
:108E90004C8DC15CB9E1C25C4D8DC35C4E8DC45C30
:108EA000BBE1C55C4F8DC65C508DC75C518DC85C05
:108EB000528DC95C538DCA5C548DCB5CBEE1CC5CD9
:108EC000558DCD5C568DCE5C578DCF5C588DD05C6A
:108ED000598DD15C5A8DD25CBCE1D35C5B8DD45C86
:108EE0005C8DD55C5D8DD65C5E8DD75C5F8DD85C0E
:108EF000608DD95CC5D6DA5C618DDB5C628DDC5C33
:108F0000638DDD5C648DDE5C658DDF5C668DE05CB1
:108F1000678DE15CBFCFE25C688DE35C698DE45CEA
:108F2000BDE1E55CBFE1E65CCDC2E75C6A8DE85C73
:108F3000EBB6E95C6B8DEA5CF8D3EB5C6C8DEC5CBA
:108F40006D8DED5CCDC7EE5C6E8DEF5C6F8DF05C72
:108F5000E5B7F15C708DF25C718DF35C728DF45C41
:108F6000738DF55C748DF65C758DF75C768DF85CB1
:108F7000778DF95C788DFA5C798DFB5CFEBEFC5CCC
:108F80007A8DFD5C7B8DFE5C7C8DFF5C7D8D005D54
:108F90007E8D015D808D025DC0E1035DC1E1045DF8
:108FA000818D055D828D065DC7E1075DE7B3085DD4
:108FB000838D095D848D0A5D858D0B5D868D0C5DCD
:108FC000878D0D5D888D0E5DE9C60F5D898D105D05
:108FD0008A8D115D8B8D125D8C8D135D8D8D145D71
:108FE000DEB4155D8E8D165DC2D1175D8F8D185D57
:108FF000908D195D918D1A5D928D1B5DC8E11C5D90
:10900000938D1D5D948D1E5DC6E11F5D958D205D68
:10901000968D215D978D225D988D235D998D245DC0
:10902000C5E1255D9A8D265DC3E1275DC2E1285D1E
:109030009B8D295DC0B12A5D9C8D2B5D9D8D2C5D26
:109040009E8D2D5DB8D52E5DC4E12F5D9F8D305D69
:10905000A08D315DA18D325DA28D335DA38D345D18
:10906000CBE1355DA48D365DA58D375DA68D385D70
:10907000A78D395DA88D3A5DA98D3B5DAA8D3C5DBC
:10908000AB8D3D5DCCE13E5DCAE13F5DAC8D405DA9
:10909000AD8D415DAE8D425DAF8D435DB08D445D64
:1090A000B18D455DB28D465DB38D475DFAEF485D8C
:1090B000B48D495DB58D4A5DD3E14B5DD2E14C5D28
:1090C000B6C74D5DB68D4E5DB78D4F5DB88D505DA9
:1090D000B98D515DBA8D525DBB8D535DBC8D545DB4
:1090E000BD8D555DBE8D565DBF8D575DC08D585D84
:1090F000C9E1595DC18D5A5DC28D5B5DCEE15C5D9C
:10910000C38D5D5DD0E15E5DC48D5F5DC58D605DCD
:10911000C68D615DC78D625DC88D635DC98D645DFF
:10912000CA8D655DCB8D665DCC8D675DCD8D685DCF
:10913000CE8D695DD4E16A5DCF8D6B5DD1E16C5DF3
:10914000CDE16D5DD08D6E5DD18D6F5DCFE1705DD8
:10915000D28D715DD38D725DD48D735DD58D745D4F
:10916000D5E1755DD68D765DD78D775DD88D785DCF
:10917000D98D795DDA8D7A5DDB8D7B5DDC8D7C5DF3
:10918000DD8D7D5DDE8D7E5DDF8D7F5DE08D805DC3
:10919000E18D815DE28D825DD6E1835DE38D845D4D
:1091A000E48D855DE58D865DE68D875DE78D885D67
:1091B000E88D895DE98D8A5DEA8D8B5DEB8D8C5D37
:1091C000EC8D8D5DED8D8E5DEE8D8F5DEF8D905D07
:1091D000F08D915DF18D925DF28D935DF38D945DD7
:1091E000F48D955DF58D965DF68D975DF78D985DA7
:1091F000F88D995DD7E19A5DF98D9B5DFA8D9C5D47
:10920000FB8D9D5DD8E19E5DFC8D9F5DFD8DA05D1C
:10921000FE8DA15D408EA25D418EA35D428EA45D58
:10922000438EA55D448EA65D458EA75D468EA85DE6
:10923000478EA95D488EAA5D498EAB5D4A8EAC5DB6
:109240004B8EAD5D4C8EAE5D4D8EAF5D4E8EB05D86
:109250004F8EB15D508EB25D518EB35D528EB45D56
:10926000538EB55D548EB65D558EB75DDAE1B85D4F
:10927000568EB95D578EBA5D588EBB5D598EBC5DFA
:109280005A8EBD5D5B8EBE5D5C8EBF5D5D8EC05DCA
:109290005E8EC15D5F8EC25D608EC35D618EC45D9A
:1092A000628EC55DDBE1C65D638EC75D648EC85DA1
:1092B000658EC95D668ECA5D678ECB5D688ECC5D3E
:1092C000698ECD5DA1CECE5D6A8ECF5D6B8ED05D99
:1092D0006C8ED15D6D8ED25D6E8ED35D6F8ED45DE2
:1092E000708ED55D718ED65D728ED75D738ED85DB2
:1092F000748ED95D758EDA5D768EDB5DDDE7DC5DC3
:10930000778EDD5DA8B4DE5DDDD6DF5D788EE05D55
:10931000798EE15DB2D1E25DB2B3E35D7A8EE45D58
:109320007B8EE55DA4B9E65DF3D7E75DC9C7E85D6F
:10933000DEBEE95DAEB9EA5D7C8EEB5DD7CEEC5D5D
:109340007D8EED5D7E8EEE5DEEB2EF5DCFDBF05D8E
:10935000808EF15DBABCF25DD1D2F35DC8CBF45D15
:10936000CDB0F55D818EF65D828EF75DEFCFF85D55
:10937000838EF95D848EFA5D858EFB5D868EFC5D45
:10938000878EFD5DE3D9FE5DEDBDFF5D888E005EDD
:10939000898E015ED2B1025ED0CA035EBCB2045EA9
:1093A0008A8E055EA7CB065EABB7075E8B8E085E26
:1093B000A6CA095E8C8E0A5E8D8E0B5E8E8E0C5E4A
:1093C000A3CF0D5E8F8E0E5E908E0F5EF8E0105E66
:1093D000CAD5115EFBE0125E918E135E928E145E12
:1093E000FAE0155EC1C5165EFBCC175E938E185E63
:1093F000B1C1195EF9E01A5EE3D61B5EAFB21C5E26
:10940000C4D61D5EDBB51E5E948E1F5E958E205EFB
:10941000968E215E978E225E988E235E998E245EB4
:109420009A8E255E9B8E265EF8B4275EA1D6285EB6
:109430009C8E295E9D8E2A5E9E8E2B5E9F8E2C5E5C
:10944000A08E2D5EAFCF2E5EEFB02F5EA18E305E70
:10945000A28E315EFCE0325EA38E335EA48E345E5B
:10946000A58E355EA68E365EA78E375EA1E1385E8C
:10947000A3B3395EA88E3A5EA98E3B5EFDE03C5EEA
:10948000FEE03D5EB1C33E5EAA8E3F5EAB8E405EA7
:10949000AC8E415EAD8E425EDDC3435EAE8E445EF9
:1094A000A2E1455EF9B7465EAF8E475EB08E485E7C
:1094B000B18E495EB28E4A5EB38E4B5EB48E4C5E08
:1094C000CFBB4D5EB58E4E5EB68E4F5EB78E505E94
:1094D000B88E515EB98E525EBA8E535EBB8E545EAC
:1094E000A3E1555EBBC4565EBC8E575EBD8E585E12
:1094F000BE8E595EBF8E5A5EC08E5B5EA4E15C5E1E
:10950000C18E5D5EC28E5E5EA5E15F5EC38E605EF3
:10951000C48E615EA6E1625EB1B4635EC58E645EB8
:10952000C68E655EC78E665EC88E675EC98E685ED3
:10953000CA8E695ECB8E6A5ECC8E6B5ECD8E6C5EA3
:10954000CE8E6D5ECF8E6E5ED08E6F5ED18E705E73
:10955000D28E715ED38E725EC9B8735EBDC6745E04
:10956000EAC4755ED48E765EA2B2775ED58E785EE2
:10957000D2D0795ED68E7A5EDBE77B5EC3BB7C5E43
:10958000D7D37D5EC4D37E5ED78E7F5EE3B9805E27
:10959000CFE2815ED88E825ED98E835EDA8E845E63
:1095A000AFD7855EDB8E865EECC7875ED3B1885E03
:1095B000DC8E895EDD8E8A5EB2B48B5ED1E28C5E1B
:1095C000DE8E8D5EDF8E8E5EE08E8F5EF2D0905EE0
:1095D000AEC2915ED0E2925EE18E935EE2BF945E97
:1095E000A6D3955ED7B5965ED2E2975EEAB5985E51
:1095F000E28E995EEDC39A5EFDB89B5EE38E9C5E43
:10960000AEB89D5EE48E9E5ED3C59F5ECFB7A05E72
:10961000D4E2A15EE58EA25EE68EA35EE78EA45E36
:10962000E88EA55ED3E2A65EC8B6A75EF9D7A85EAF
:10963000E98EA95EEA8EAA5EEB8EAB5EEC8EAC5E26
:10964000ED8EAD5EA5CDAE5EEE8EAF5EEF8EB05E02
:10965000F08EB15EF18EB25EF28EB35ED8E2B45E91
:10966000F38EB55ED6E2B65EFCCAB75EB5BFB85E35
:10967000B9D3B95ED5E2BA5EF48EBB5EF58EBC5E40
:10968000F68EBD5EF78EBE5ED7E2BF5EF88EC05E20
:10969000F98EC15EFA8EC25EFB8EC35EFC8EC45E26
:1096A000FD8EC55EFE8EC65E408FC75E418FC85E72
:1096B000428FC95EAEC1CA5EC8C0CB5E438FCC5E6E
:1096C000448FCD5E458FCE5E468FCF5E478FD05E96
:1096D000488FD15EDBE2D25EDAE2D35EAAC0D45E0E
:1096E000498FD55E4A8FD65ECEC1D75E4B8FD85E8E
:1096F0004C8FD95E4D8FDA5E4E8FDB5EDCE2DC5E36
:109700004F8FDD5E508FDE5E518FDF5E528FE05EE9
:10971000538FE15E548FE25E558FE35E568FE45EB9
:10972000578FE55E588FE65E598FE75E5A8FE85E89
:10973000DDE2E95E5B8FEA5EDEE2EB5E5C8FEC5EB3
:109740005D8FED5E5E8FEE5E5F8FEF5E608FF05E31
:10975000618FF15E628FF25E638FF35E648FF45E01
:10976000C8DBF55E658FF65ED3D1F75EA2CDF85EFD
:10977000668FF95E678FFA5EA8BDFB5E688FFC5E40
:10978000698FFD5E6A8FFE5EC3DEFF5EA5D8005F57
:10979000AABF015FCDDB025FECD2035FFAC6045FB4
:1097A000AAC5055F6B8F065F6C8F075F6D8F085FC3
:1097B000C4DE095F6E8F0A5FD7B10B5FAEDF0C5F4F
:1097C0006F8F0D5F708F0E5F718F0F5FBDCA105F5F
:1097D000728F115FB1DF125F738F135FADB9145FCA
:1097E000748F155FFDD2165F758F175FA5B8185F70
:1097F000EBBA195F768F1A5F778F1B5FDAB31C5F46
:10980000788F1D5F798F1E5F7A8F1F5FDCB5205FB9
:10981000C5D5215F7B8F225F7C8F235F7D8F245F87
:109820007E8F255FD6C3265FD2CF275FA1BB285F7F
:10983000808F295FF3E52A5FF2E52B5F818F2C5F34
:10984000828F2D5FF4E52E5F838F2F5FE4CD305F35
:10985000848F315FF5C8325F858F335F868F345FC9
:10986000878F355F888F365F898F375F8A8F385F44
:109870008B8F395FAFB53A5FBFC73B5F8C8F3C5F63
:10988000F6E53D5F8D8F3E5F8E8F3F5F8F8F405F30
:10989000B0EC415F908F425F918F435F928F445F46
:1098A000938F455F948F465F958F475F968F485F94
:1098B000978F495F988F4A5F998F4B5F9A8F4C5F64
:1098C0009B8F4D5F9C8F4E5F9D8F4F5F9E8F505F34
:1098D000E6E5515F9F8F525FE9B9535FB1B5545FC1
:1098E000A08F555FBCC2565FE8E5575FE7E5585F5C
:1098F000E9E5595FA18F5A5FA28F5B5FA38F5C5F21
:10990000A48F5D5FCDD25E5FA58F5F5FA68F605F26
:10991000A78F615FEAE1625FCED0635FA88F645F6B
:10992000AECD655FA98F665FE5D1675FAA8F685F7F
:10993000AB8F695FCAB26A5FEBB16B5FAC8F6C5F74
:10994000F2B16D5FEDC56E5FAD8F6F5FAE8F705F13
:10995000C3D5715FB0D3725FAF8F735FDCE1745FAB
:10996000B08F755FB18F765FB28F775FDDE1785F23
:10997000B38F795FDBD27A5FB48F7B5FB9B37C5FE3
:10998000CBB17D5FB58F7E5FB68F7F5FB78F805F16
:10999000F9CD815FF7D5825FDEE1835FB88F845FA9
:1099A000B6BE855FFDB4865FB98F875FDFE1885FF4
:1099B000DCBA895FE0E18A5FB2BB8B5FC9C28C5FB2
:1099C000E1E18D5FBA8F8E5FBB8F8F5FBC8F905F41
:1099D000ECD0915FBD8F925FBDCD935FBE8F945FE2
:1099E000BF8F955FE2E1965FC08F975FC3B5985FC9
:1099F000C7C5995FE3E19A5FC18F9B5FC28F9C5F90
:109A0000E4E19D5FC38F9E5FC48F9F5FC58FA05FA2
:109A1000C68FA15FF9D3A25FC78FA35FC88FA45F72
:109A2000C98FA55FCA8FA65FCB8FA75FCC8FA85FBA
:109A3000E5E1A95FCD8FAA5FADD1AB5FCE8FAC5F03
:109A4000CF8FAD5FE6E1AE5FA2CEAF5FD08FB05FEC
:109A5000D18FB15FD28FB25FD38FB35FD48FB45F3A
:109A6000D58FB55FE7E1B65FD68FB75FC2B5B85F98
:109A7000D78FB95FD88FBA5FD98FBB5FDA8FBC5FE2
:109A8000E8E1BD5FD5BBBE5FDB8FBF5FDC8FC05F32
:109A9000DD8FC15FDE8FC25FDF8FC35FC4D0C45F65
:109AA000E0E2C55FD8B1C65FE4D2C75FE08FC85FB0
:109AB000E18FC95FE1E2CA5FE28FCB5FE38FCC5FEA
:109AC000C9BCCD5FCCC8CE5FE48FCF5FE3E2D05F8F
:109AD000FEECD15FFDECD25FAFDFD35FE58FD45FEB
:109AE000E68FD55FE78FD65FE2E2D75FBED6D85F5D
:109AF000FCCDD95FA6C3DA5FE88FDB5FE98FDC5F5F
:109B0000EA8FDD5FC3E3DE5FEB8FDF5FEC8FE05F4B
:109B1000D2D6E15FE7E2E25FED8FE35FEE8FE45FD5
:109B2000E8E2E55FEF8FE65FF08FE75FC7D3E85FBE
:109B3000F18FE95FF28FEA5FECE2EB5FECBFEC5F85
:109B4000F38FED5FEDE2EE5FE5E2EF5FF48FF05F44
:109B5000F58FF15FC0B3F25FF68FF35FF78FF45FBD
:109B6000F88FF55FEEC4F65FF98FF75FFA8FF85F55
:109B7000EEE2F95FFB8FFA5FFC8FFB5FC3D0FC5F07
:109B8000FD8FFD5FF6BAFE5FE9E2FF5FDEB70060C2
:109B9000B3BB0160ACCC0260CBCB0360E4E20460F9
:109BA000E6E20560EAE20660EBE20760FE8F08602D
:109BB0004090096041900A60F7E20B6042900C60AF
:109BC00043900D60F4E20E60F5D40F60F3E2106094
:109BD0004490116045901260ADC5136046901460CA
:109BE000FAD51560C2C51660C0B2176047901860FC
:109BF00048901960EFE21A6049901B60F2E21C6025
:109C0000AFC11D60BCCB1E604A901F604B902060AE
:109C1000A1B52160F9E222604C9023604D90246050
:109C20004E902560B1BC2660F1E22760D4D0286058
:109C3000B9D42960F5E22A60D6B92B60F6E22C602F
:109C40004F902D6050902E6051902F60D3C73060A0
:109C5000529031605390326054903360559034602C
:109C600056903560F0E23660579037605890386013
:109C7000599039605A903A605B903B60DCD73C6009
:109C8000A1ED3D605C903E605D903F60F8E2406019
:109C90005E904160A5ED4260FEE24360D1CA44603F
:109CA0005F90456060904660619047606290486058
:109CB0006390496064904A6065904B60B5C14C60A8
:109CC00066904D60D0BB4E6067904F60689050606A
:109CD000D6BF516069905260E3BA53606A90546095
:109CE0006B905560A1CB56606C9057606D9058603A
:109CF0006E905960A6ED5A60A3ED5B606F905C605A
:109D000070905D60A2ED5E6071905F6072906060C7
:109D10007390616074906260D6BB6360A7ED64600D
:109D2000F4D065607590666076906760A4ED6860B9
:109D3000DEBA6960F7B66A60A1E36B60B2B66C60C8
:109D4000F1CC6D60A7B96E6077906F60A2CF706044
:109D5000A1C771607890726079907360D2BF7460AF
:109D60007A9075607B907660F1B677607C907860D1
:109D7000FAE27960FBE27A60FDE27B60FCE27C6003
:109D8000D5C47D60A2E37E607D907F60C1D380609A
:109D90007E9081608090826081908360A7E3846080
:109DA000C4C7856082908660839087608490886055
:109DB00085908960A4CF8A6086908B6087908C6044
:109DC000A9E38D60B7BA8E6088908F6089909060AB
:109DD0008A9091608B909260A8E393608C909460DD
:109DE000DABB95608D909660A3E397608E90986043
:109DF0008F90996090909A60A4E39B60AAE39C6026
:109E000091909D60A6E39E6092909F60F2CEA060CC
:109E1000C6D3A1609390A2609490A360BCBBA460E1
:109E20009590A5609690A660C3D4A7609790A8600F
:109E3000FAC4A9609890AA609990AB60A8EDAC6054
:109E4000FCD0AD60A5E3AE609A90AF60F5C3B060A2
:109E50009B90B160ADE3B260AFB1B3609C90B46071
:109E6000B2E3B5609D90B6609E90B7609F90B86079
:109E7000C2BCB960A090BA60A190BB60ACE3BC600A
:109E8000BFB5BD60A290BE60A390BF60A490C0604B
:109E9000A590C160A690C260A790C360A890C4605E
:109EA000A990C560E9C7C660B0E3C760AA90C86062
:109EB000AB90C960AC90CA60AABECB60EFCDCC605D
:109EC000AD90CD60AE90CE60AF90CF60B090D060DE
:109ED000B190D160F3BBD260B290D360B390D46044
:109EE000B490D560E8CCD660B590D760B690D86015
:109EF000AFE3D960B790DA60B1E3DB60B890DC60C3
:109F0000A7CFDD60AEE3DE60B990DF60A9CEE06090
:109F1000DDBBE160BA90E260BB90E360BC90E460BE
:109F2000BD90E560BE90E660EBB5E760E5BEE86039
:109F3000D2B2E960CDB3EA60BF90EB60B9B1EC603A
:109F4000ABE3ED60D1B2EE60ACB5EF60DFB9F060CD
:109F5000E8B6F160C090F260C190F360EBCFF460BE
:109F6000B7E3F560C290F660CCBBF760C390F860D1
:109F7000C490F960C7C8FA60CAD0FB60C590FC60A5
:109F8000C690FD60C790FE60C890FF60C9900061F8
:109F9000B8E30161EEB30261CA900361CB90046142
:109FA000CC900561CD900661A9ED0761CE90086166
:109FB000FAD30961E4D30A61CF900B61D0900C61B0
:109FC000D1900D61AAED0E61B9E30F61E2D210618B
:109FD000D2901161D3901261D4901361D590146125
:109FE000D6901561B5E31661D7901761D8901861C6
:109FF000D9901961DA901A61DED31B61DB901C6184
:10A00000DC901D61DD901E61DE901F61D0B8206183
:10A01000B3E32161DF902261E0902361B6E3246124
:10A02000DFB72561E1902661B4E32761A2C0286112
:10A03000E2902961E3902A61E4902B61BAE32C61FC
:10A04000E5902D61E6902E61E7902F61E8903061F8
:10A05000E9903161EA903261EB903361EC903461C8
:10A06000ED903561EE903661EF903761F090386198
:10A07000F1903961F2903A61F3903B61F4903C6168
:10A08000F5903D61F6903E61F7903F61B8D4406134
:10A09000F8904161F9904261FA904361FB9044610C
:10A0A000FC904561FD904661FE904761409148619A
:10A0B000C8B4496141914A61BBE34B6142914C6133
:10A0C000C5BB4D6143914E61F7C94F6144915061E9
:10A0D00045915161E5C9526146915361479154617F
:10A0E00048915561BDC45661499157614A91586183
:10A0F0004B9159614C915A614D915B614E915C61FC
:10A100004F915D61ABED5E6150915F615191606116
:10A110005291616153916261FDC2636154916461C6
:10A12000559165615691666157916761DBBB6861C6
:10A13000AEBF696158916A6159916B615A916C61C6
:10A140005B916D615C916E615D916F615E9170611B
:10A15000BFCE71615F917261609173616191746151
:10A1600062917561BCE3766163917761B6BF786196
:10A170006491796165917A6166917B6167917C6197
:10A1800068917D6169917E616A917F616B91806167
:10A190006C9181616D9182616E9183616F91846137
:10A1A0007091856171918661729187617391886107
:10A1B0007491896175918A6176918B61EFB18C613F
:10A1C00077918D6178918E61F7D48F6179919061EB
:10A1D0007A9191617B9192617C9193617D9194617F
:10A1E000BEE395617E9196618091976181919861BE
:10A1F0008291996183919A6184919B6185919C611F
:10A2000086919D61ADED9E6187919F618891A0616E
:10A210008991A1618A91A2618B91A3618C91A461C2
:10A220008D91A5618E91A6618F91A761BFE3A86111
:10A23000A9BAA961ACEDAA619091AB619191AC61B1
:10A24000BDE3AD619291AE619391AF619491B061C4
:10A250009591B1619691B2619791B3619891B46112
:10A260009991B5619A91B6619B91B761C0E3B8616C
:10A270009C91B9619D91BA619E91BB619F91BC61B6
:10A28000A091BD61A191BE61B6BABF61A291C0614A
:10A29000A391C161A491C261AEB6C361A591C4612D
:10A2A000A691C561A791C661A891C761A991C8612E
:10A2B000B8D0C961AA91CA61C3B0CB61AEEDCC611F
:10A2C000AB91CD61AC91CE61AD91CF61AE91D061DA
:10A2D000AF91D161AFEDD261C1C0D361B091D46112
:10A2E000C1E3D561B191D661B291D761B391D86123
:10A2F000B491D961B591DA61B691DB61B791DC6156
:10A30000B891DD61B991DE61BA91DF61BB91E06125
:10A31000BC91E161BD91E261BE91E361BF91E461F5
:10A32000C091E561C191E661B3C5E761C291E861A1
:10A33000C391E961C491EA61C591EB61C691EC6199
:10A34000C791ED61C891EE61C991EF61CA91F06169
:10A35000CB91F161CC91F261CD91F361CE91F46139
:10A36000CF91F561C2E3F661D091F761D191F861C7
:10A37000D291F961D391FA61D491FB61D591FC61DD
:10A38000D691FD61D791FE61D891FF61B2DC006288
:10A39000D9910162DA910262DB910362DC9104627D
:10A3A000DD910562DE910662B0ED0762DF91086221
:10A3B000EAB80962E0910A62ECCE0B62A7EA0C628D
:10A3C000E7D00D62F9CA0E62D6C80F62B7CF10622D
:10A3D000C9B31162D2CE1262E4BD1362E19114627C
:10A3E000E2911562DEE31662F2BB1762A8EA186218
:10A3F000BDD51962E3911A62DDC61B62A9EA1C622F
:10A40000E4911D62E5911E62E6911F62AAEA206254
:10A41000E7912162ACEA2262ABEA2362E89124620E
:10A42000AEEA2562ADEA2662E9912762EA912862E6
:10A43000EB912962EC912A62D8BD2B62ED912C62DE
:10A44000AFEA2D62EE912E62BEC22F62EF913062B2
:10A45000F0913162F1913262F2913362C1B43462AF
:10A46000F7B43562F3913662F4913762A7BB386274
:10A47000F5913962F6913A62F7913B62F8913C624C
:10A48000F9913D62E6EC3E62E5EC3F62BFB74062A7
:10A49000F9CB4162E2B14262FA914362E7EC446275
:10A4A000FB914562FC914662FD914762C8C94862D2
:10A4B000E8EC4962E9EC4A62FE914B62D6CA4C6212
:10A4C000D0DE4D62C5B24E62FAD44F624092506205
:10A4D00041925162CBC65262C7B05362F2B4546229
:10A4E000D3C8556242925662439257624492586270
:10A4F000D0CD596245925A6246925B62B8BF5C62A7
:10A5000047925D6248925E6249925F624A926062DF
:10A510004B9261624C9262624D926362DBBF6462F5
:10A520004E9265624F926662A4C76762B4D6686253
:10A5300050926962A9C06A62D1DE6B62A8C96C627E
:10A54000EFD16D62A4C56E62E7B06F62B6B37062A0
:10A55000C5C871625192726252927362E2B07462C3
:10A560005392756254927662F6B77762559278622A
:10A5700056927962FAC57A6257927B6258927C62EF
:10A58000F3B67D6259927E62D2D57F62D0B380628B
:10A59000BCBC81625A9282625B9283625C928462EA
:10A5A000ADB385625D9286625E9287625F928862D9
:10A5B00060928962F1BE8A62D1B08B6261928C62D4
:10A5C00062928D6263928E6264928F6265929062F3
:10A5D00066929162D6D29262E3CA9362A5D79462E0
:10A5E00067929562B6CD9662B6B69762B9BF986229
:10A5F000DBD5996268929A62A7B89B62D7C59C62C4
:10A6000069929D626A929E626B929F62D2DEA062A4
:10A61000D9BFA162D5C2A262C0C7A3626C92A46274
:10A62000A4BBA562A8B1A6626D92A7626E92A86251
:10A63000EAC5A9626F92AA627092AB62FBC5AC6276
:10A64000A7CCAD627192AE627292AF627392B06249
:10A650007492B162A7B1B2627592B3627692B4623B
:10A660007792B562D6B5B6627892B7627992B862DF
:10A670007A92B962A8C4BA627B92BB62D3DEBC6232
:10A68000BAD1BD62E9B3BE627C92BF62F2C3C0625E
:10A690007D92C1627E92C262F7B7C3628092C46249
:10A6A000F4D6C562A3B5C662F0B2C762B4C4C862CC
:10A6B000E9C4C962ADC0CA62D4DECB628192CC6209
:10A6C000E8B0CD62C4C5CE62E0C1CF628292D062F2
:10A6D000D5B9D1628392D262DCBED362D8CDD462C6
:10A6E000CEB0D5628492D662CFCDD762D6DED862A4
:10A6F000D0BED962BED7DA62D5DEDB62D0D5DC62ED
:10A70000DDB0DD628592DE628692DF62E2C4E062E5
:10A710008792E1628892E262A3C2E362F0BCE462E3
:10A720008992E562B5D3E662B9C0E762A1C5E86285
:10A73000A6B2E962F1D4EA628A92EB628B92EC6291
:10A74000A8C0ED62C3CAEE62D7DEEF62FCD5F0624C
:10A750008C92F162B0B9F2628D92F362ADC8F4628C
:10A76000A9CBF5628E92F662D9DEF762BDBFF862C0
:10A770008F92F9629092FA629192FB629292FC62DD
:10A78000B4C6FD62A7D7FE62B0CAFF62C3C400634D
:10A7900093920163D6B30263D2B9036394920463C4
:10A7A000959205639692066397920763B8D60863FD
:10A7B000FCEA0963B4B00A6398920B6399920C6344
:10A7C0009A920D639B920E63E6BF0F639C92106397
:10A7D0009D921163F4CC12639E9213639F92146353
:10A7E000A0921563A1921663DACD1763A292186343
:10A7F000A3921963A4921A63BFD61B63CEC21C63D3
:10A80000A5921D63CECE1E63A2CC1F63AED0206383
:10A81000D3C42163B2B52263D8DE2363F5D52463A4
:10A82000B7BC2563D3BB2663A6922763A792286390
:10A83000A4B02963A8922A63B2C52B63ECB42C633D
:10A84000A9922D63AA922E63AB922F63F1D5306348
:10A85000AC923163AD923263FDEA3363AE923463FE
:10A86000AF923563B0923663B1923763B292386378
:10A87000B3923963DADE3A63A6CD3B63B4923C63AC
:10A88000B5923D63ECCD3E63B6923F63B7924063B1
:10A89000B8924163B9924263E6CE4363DCDE44631F
:10A8A000BA924563B1CD4663A6C04763BB92486385
:10A8B000BC924963BDD74A63BD924B63DBDE4C63F8
:10A8C000C6B04D63B4BA4E63D3C94F63F3C450638B
:10A8D000E8BE5163BE925263BF925363C092546309
:10A8E000C1925563B6B25663C2925763C39258631E
:10A8F000C4925963C5925A63C6925B63C7925C6304
:10A90000C8925D63C9925E63CCC05F63F0CB606345
:10A91000CA926163F1BC6263BBBB6363B7B5646336
:10A92000CB926563CC926663CD926763F5C568632D
:10A93000CE926963E6DE6A63CF926B63D0926C63FA
:10A94000D1926D63E3DE6E63DDBE6F63D29270639E
:10A95000D3927163DFDE7263D4927363D5927463B2
:10A96000D6927563D7927663B7B47763DDBD7863AB
:10A97000D8927963D9927A63E0DE7B63EDC47C631D
:10A98000DA927D63DB927E63DC927F63DD9280638B
:10A99000C6CF8163DE928263E0B58363DF92846316
:10A9A000E0928563E1928663E2928763DEB6886314
:10A9B000DACA8963F4B58A63E5DE8B63E3928C635C
:10A9C000C6D58D63E4928E63E1DE8F63CDCC906358
:10A9D000FEC69163E5929263C5C59363E692946364
:10A9E000E7929563E8929663B4D29763E99298638D
:10A9F000F2BE9963EA929A63EB929B63EC929C633A
:10AA0000ED929D63EE929E63EF929F63F092A0633E
:10AA1000D3C2A163F192A263BDCCA363B8B3A46314
:10AA2000F292A563D3BDA663F392A763D8BFA863D0
:10AA3000C6CDA963DAD1AA63EBB4AB63F492AC637D
:10AA4000E4DEAD63DDDEAE63E7DEAF63F592B063F7
:10AA5000FEEAB163F692B263F792B363B0C2B46335
:10AA6000E2DEB563F892B663F992B763C0D6B86315
:10AA7000A7B5B963FA92BA63F4B2BB63FB92BC6345
:10AA8000E8DEBD63FC92BE63F2DEBF63FD92C0638D
:10AA9000FE92C1634093C2634193C3634293C46314
:10AAA000EDDEC5634393C663F1DEC7634493C863B9
:10AAB0004593C963E0C8CA634693CB634793CC63AD
:10AAC0004893CD63E1D7CE63EFDECF63E8C3D063B5
:10AAD000E1CCD1634993D263E5B2D3634A93D463A3
:10AAE0004B93D5634C93D663BED2D7634D93D86353
:10AAF0004E93D9634F93DA635093DB635193DC63D6
:10AB00005293DD635393DE63EEDEDF635493E063C1
:10AB1000EBDEE163D5CEE2635593E363A7B4E46370
:10AB20005693E5635793E6635893E7635993E86355
:10AB30005A93E963ABBFEA63BEBEEB635B93EC631E
:10AB40005C93ED63D2BDEE635D93EF635E93F06360
:10AB50005F93F1636093F263E9DEF3636193F463FF
:10AB6000AED4F5636293F663DEDEF7636393F86356
:10AB7000EADEF9636493FA636593FB636693FC63AF
:10AB80006793FD63BFC0FE636893FF63ECDE006400
:10AB9000F3B20164E9B80264A7C203646993046470
:10ABA0006A930564C1BD06646B9307646C93086483
:10ABB0006D9309646E930A646F930B64F5DE0C6405
:10ABC000F8DE0D6470930E6471930F64ABB2106481
:10ABD000A4B411647293126473931364EAB414649A
:10ABE000A6C91564749316647593176476931864F4
:10ABF0007793196478931A6479931B64F6DE1C6466
:10AC0000D1CB1D647A931E64E3B81F647B932064E8
:10AC1000F7DE2164FADE22647C9323647D9324644E
:10AC20007E93256480932664F9DE276481932864EB
:10AC30008293296483932A64C2CC2B6484932C640A
:10AC4000E1B02D64EEB42E6485932F648693306456
:10AC50008793316488933264899333648A9334642C
:10AC6000BAE535648B9336648C9337648D9338647E
:10AC70008E9339648F933A64AFD03B6490933C6475
:10AC800091933D64EBB23E6492933F64A1EB4064C8
:10AC900093934164F4DE42649493436495934464D3
:10ACA000E3C94564F3DE4664DAB04764A1D2486480
:10ACB000F7B1496496934A64AFCC4B6497934C6464
:10ACC00098934D6499934E649A934F649B93506408
:10ACD0009C9351649D935264F0DE53649E9354643C
:10ACE000A4CB55649F935664A0935764A193586472
:10ACF000AAD55964A2935A64A3935B64A4935C6439
:10AD0000A5935D64A6935E64FBDE5F64A7936064B5
:10AD1000A8936164A9936264AA936364AB93646427
:10AD2000AC936564AD936664AE936764DDB46864A8
:10AD3000AF936964A6C46A64B0936B64B1936C64A6
:10AD4000B2936D64FDDE6E64B3936F64B49370640C
:10AD5000B5937164B6937264B7937364B893746473
:10AD6000B9937564BA937664BB937764BC93786443
:10AD7000FEC37964A1C47A64A1DF7B64BD937C6463
:10AD8000BE937D64BF937E64C0937F64C1938064EF
:10AD9000C2938164C3938264CCC18364C49384648A
:10ADA000FCDE8564EFBE8664C5938764B2C68864A2
:10ADB000C6938964C7938A64C8938B64C9938C646F
:10ADC000CA938D64CB938E64CC938F64CD9390643F
:10ADD000CE939164C5B39264F6C89364CF939464A0
:10ADE000D0939564BACB9664FEDE9764D193986451
:10ADF000D2939964A4DF9A64D3939B64D4939C64A4
:10AE0000D5939D64D6939E64B2D79F64D793A06474
:10AE1000D893A164D993A264DA93A364DB93A46466
:10AE2000B7B3A564DC93A664DD93A764DE93A8643E
:10AE3000DF93A964C3C1AA64E093AB64E193AC64FB
:10AE4000CBC7AD64A5B2AE64E9B4AF64E293B064BD
:10AE5000ABD7B164E393B264E493B364E593B464B1
:10AE6000E693B564ECC4B664E793B764A2DFB86454
:10AE7000A3DFB964E893BA64A5DFBB64E993BC645B
:10AE8000B3BABD64EA93BE64EB93BF64EC93C06451
:10AE9000A6DFC164ED93C264DEC0C364EE93C464F4
:10AEA000EF93C564C3C9C664F093C764F193C864E3
:10AEB000F293C964F393CA64F493CB64F593CC64BE
:10AEC000F693CD64D9B2CE64E6C7CF64F793D0646D
:10AED000A7DFD164F893D264DCC7D364F993D46458
:10AEE000FA93D564FB93D664FC93D764A8DFD86447
:10AEF000A2EBD964FD93DA64FE93DB644094DC64D6
:10AF00004194DD644294DE64D3CBDF644394E06417
:10AF10004494E1644594E264AADFE3644694E46403
:10AF2000A9DFE5644794E664C1B2E7644894E86445
:10AF30004994E9644A94EA644B94EB644C94EC645D
:10AF40004D94ED644E94EE644F94EF645094F0642D
:10AF50005194F1645294F2645394F3645494F464FD
:10AF60005594F5645694F6645794F7645894F864CD
:10AF70005994F9645A94FA645B94FB645C94FC649D
:10AF80005D94FD645E94FE645F94FF64609400656C
:10AF9000CAC50165619402656294036563940465A2
:10AFA000649405656594066566940765679408650D
:10AFB00068940965ABDF0A6569940B656A940C6552
:10AFC0006B940D656C940E656D940F656E941065B1
:10AFD0006F94116570941265DCD4136571941465D7
:10AFE0007294156573941665749417657594186555
:10AFF000C1C8196576941A6577941B6578941C65A9
:10B0000079941D657A941E657B941F657C942065F8
:10B010007D9421657E9422658094236581942465C6
:10B0200082942565ACDF2665839427658494286522
:10B030008594296586942A6587942B65F0BE2C65D6
:10B0400088942D6589942E65ADDF2F65A7D6306570
:10B050008A9431658B9432658C9433658D94346514
:10B06000B7EA3565B6EB3665D5CA37658E9438656F
:10B07000FCD83965C4B83A658F943B65A5B93C6581
:10B0800090943D6591943E65C5B73F65FED540659A
:10B090009294416593944265949443659594446574
:10B0A00096944565CAB946659794476598944865EE
:10B0B000A7D04965CDF44A6599944B659A944C653F
:10B0C000D0B54D659B944E659C944F65F4C3506517
:10B0D0009D945165C8BE52659E9453659F94546576
:10B0E000A0945565B7EB5665BDB05765A1945865FA
:10B0F000A2945965CCBD5A65A3945B65B2C15C65E9
:10B10000A4945D65D6B15E65A8B35F65A5946065DE
:10B11000A6946165A7946265D2B86365A2C96465A7
:10B12000A8946565A9946665D8B66765AA946865AC
:10B13000AB946965AC946A65AD946B65B8EB6C656E
:10B14000B4BE6D65AE946E65AF946F65B094706576
:10B15000FDCA7165B1947265C3C77365B2947465B5
:10B16000FBD57565B3947665B4947765F3B7786568
:10B17000B5947965B6947A65B7947B65B8947C6527
:10B18000B9947D65BA947E65BB947F65BC948065F7
:10B19000BD948165BE948265BF948365C0948465C7
:10B1A000C1948565C2948665C3948765C4CE88655D
:10B1B000C4948965C5948A65C6948B65ABD58C6546
:10B1C000F3B18D65C7948E65C8948F65C9949065F9
:10B1D000B3EC9165DFB09265CA949365B5EC946564
:10B1E000CB949565CC949665CD949765B7B69865E4
:10B1F000CE949965CFC19A65CF949B65FAF59C650D
:10B20000B1D09D65D0949E65D1949F65E5D5A0652C
:10B21000D294A165D3CEA265D394A365D494A4653A
:10B22000EFBDA565E2B3A665D594A765ABB8A865E3
:10B23000D694A965B6D5AA65D794AB65BDEDAC65C6
:10B24000D894AD65CFB6AE65D994AF65B9CBB065CE
:10B25000C2D0B165DA94B265DB94B365DC94B465B1
:10B26000DD94B565DE94B665DF94B765E094B865A6
:10B27000E194B965BDB7BA65E294BB65E394BC657A
:10B28000B6ECBD65A9CABE65E494BF65E594C0652A
:10B29000E694C165D4C5C265E794C365B9ECC465DD
:10B2A000B8ECC565C3C2C665B7ECC765E894C865A8
:10B2B000E994C965EA94CA65EB94CB65FDD0CC6589
:10B2C000BAECCD65EC94CE65BBECCF65E5D7D06527
:10B2D000ED94D165EE94D265BCECD365EF94D46562
:10B2E000F094D565F194D665BDECD765ECC6D8650C
:10B2F000F294D965F394DA65F494DB65F594DC6532
:10B30000F694DD65F794DE65F894DF65F994E06501
:10B31000DECEE165FA94E265C8BCE365FB94E465C2
:10B32000FC94E565D5C8E665A9B5E765C9BEE865DD
:10B33000BCD6E965E7D4EA65FD94EB65FE94EC655F
:10B34000AED1ED65F1D0EE65B8EAEF65B9EAF0652A
:10B35000BAEAF165B5BAF2654095F3654195F465D1
:10B360004295F5654395F665B1CAF765F5BFF86591
:10B370004495F9654595FA65FACDFB654695FC65FA
:10B380004795FD654895FE654995FF654A950066B8
:10B39000C0EA01664B950266BAB00366BEEA04666F
:10B3A0004C9505664D950666A5C007664E950866E0
:10B3B0004F95096650950A66BBEA0B6651950C6677
:10B3C000FDB20D6652950E66F7C30F66E8BB1066B8
:10B3D000539511665495126655951366D7D2146627
:10B3E000F4CE1566BFEA1666569517665795186629
:10B3F00058951966BCEA1A6659951B665A951C66DB
:10B400005B951D66C3EA1E665C951F66C7D0206605
:10B41000B3D321665D9522665E9523665F952466AB
:10B4200060952566BAB4266661952766C1C328660D
:10B43000F2D7296662952A6663952B6664952C6619
:10B4400065952D66D1D52E6666952F66C7CA30667E
:10B4500067953166C5EA32666895336669953466E4
:10B46000C4EA3566C7EA3666C6EA37666A9538665C
:10B470006B9539666C953A666D953B666E953C6644
:10B48000E7D63D666F953E66D4CF3F6670954066C1
:10B4900071954166CBEA426672954366CEBB4466BF
:10B4A00073954566749546667595476676954866C4
:10B4B0007795496678954A6679954B66FABD4C66EC
:10B4C000CEC94D667A954E667B954F66CCEA50663E
:10B4D0007C9551667D955266B9C95366FECF546618
:10B4E000CAEA5566CED45666CDEA5766CFEA5866A4
:10B4F0007E95596680955A66EDCD5B6681955C6652
:10B5000082955D6683955E6684955F66C9EA60662E
:10B5100085956166CEEA6266869563668795646600
:10B52000EECE656688956666DEBB67668995686659
:10B53000BFB369668A956A668B956B668C956C66F7
:10B540008D956D668E956E66D5C66F66B0BE70665B
:10B55000FACE71668F957266909573669195746652
:10B56000E7C7756692957666A7BE7766D0EA786675
:10B570009395796694957A66C7D67B6695957C6631
:10B5800096957D6697957E66C0C17F669895806624
:10B59000999581669A958266DDD483669B958466CB
:10B5A000D1EA85669C9586669D958766BECF88663E
:10B5B0009E9589669F958A66A0958B66A1958C66F7
:10B5C000D2EA8D66A2958E66A3958F66A495906645
:10B5D000A5959166EECA9266A6959366A795946620
:10B5E000A8959566A9959666AFC59766B5B0986615
:10B5F000AA959966AB959A66AC959B66AD959C6647
:10B60000AE959D66D4EA9E66AF959F66B095A0669E
:10B61000B195A166B295A266B395A366B495A466EA
:10B62000B595A566B695A666B795A766D3EAA8664A
:10B63000DFF4A966B895AA66B995AB66BA95AC660B
:10B64000BB95AD66BC95AE66BAC4AF66BD95B06637
:10B65000BE95B166BF95B266C095B366C195B46636
:10B66000A9B1B566C295B666C395B766C495B86606
:10B67000C595B966DFE5BA66C695BB66C795BC6673
:10B68000C895BD66C995BE66D5EABF66CA95C0664F
:10B69000CB95C166CC95C266CD95C366CE95C46682
:10B6A000CF95C566D095C666D195C766D295C86652
:10B6B000D395C966D495CA66D595CB66D695CC6622
:10B6C000D795CD66D895CE66D995CF66DA95D066F2
:10B6D000DB95D166DC95D266DD95D366DE95D466C2
:10B6E000DF95D566E095D666E195D766E295D86692
:10B6F000E395D966EFCADA66E495DB66D6EADC66DE
:10B70000D7EADD66D8C6DE66E595DF66E695E066D3
:10B71000E795E166E895E266E995E366EA95E46611
:10B72000EB95E566EC95E666D8EAE766ED95E866A2
:10B73000EE95E966D9EAEA66EF95EB66F095EC6678
:10B74000F195ED66F295EE66F395EF66F495F06689
:10B75000BBD4F166F595F266FAC7F366B7D2F46624
:10B76000FCB8F566F695F666F795F766C2EAF866F0
:10B77000F895F966DCB2FA66F995FB66FA95FC660F
:10B78000FCC2FD66FB95FE66F8D4FF66E6CC00675A
:10B79000EED70167FC950267FD950367FE95046788
:10B7A0004096056741960667429607674396086785
:10B7B000C2D40967D0D30A67C3EB0B67F3C50C6724
:10B7C00044960D67FEB70E6745960F67469610675D
:10B7D000D4EB11674796126748961367499614672A
:10B7E000B7CB1567DEEB16674A961767CAC01867AE
:10B7F0004B9619674C961A674D961B67FBCD1C67D5
:10B800004E961D67AFB31E674F961F67DAC6206757
:10B810005096216751962267529623675396246764
:10B820005496256755962667FCEB2767569628673A
:10B83000BEC4296757962A67B4CE2B67A9C42C6764
:10B84000BEB12D67FDD42E6758962F67F5CA3067B5
:10B8500059963167ECD632675A9633675B963467F0
:10B86000D3C63567E4B636675C9637675D9638674A
:10B870005E9639675F963A67FABB3B6760963C67AE
:10B8800061963D67E0D03E6762963F67639640678A
:10B89000B1C9416764964267D3D44367A8C8446777
:10B8A0006596456766964667CBB84767679648676B
:10B8B000BEE84967BCC94A6768964B6769964C679A
:10B8C000BBE84D676A964E67EEC04F67D3D05067AE
:10B8D000C4B25167E5B452676B965367BCE85467CE
:10B8E0006C9655676D965667C8D557676E965867BC
:10B8F0006F96596770965A6771965B6772965C6728
:10B90000C5B65D6773965E67BDE85F67F8CA606736
:10B91000DCB86167F5CC6267749663677596646797
:10B9200076966567B4C06667779667677896686746
:10B93000EED16967BFE86A67C2E86B6779966C67A2
:10B940007A966D67BCBA6E677B966F67ADB17067AC
:10B95000DCBD71677C967267BDEA7367C3E8746784
:10B960007D967567C6E876677E967767CBE87867D9
:10B970008096796781967A6782967B6783967C67E3
:10B98000CCE87D6784967E67C9CB7F67E5B080672A
:10B9900085968167ABBC8267869683678796846746
:10B9A000B9B985678896866789968767C1E8886789
:10B9B0008A968967F7CD8A678B968B67CAE88C670A
:10B9C0008C968D678D968E678E968F678F96906713
:10B9D000F6CE916790969267919693679296946748
:10B9E00093969567EDD5966794969767D6C19867B5
:10B9F000C4E8996795969A67B6C39B6796969C67C5
:10BA0000FBB99D67A6D69E67C8E89F679796A06713
:10BA10009896A1679996A267E0CAA367E6D4A4673F
:10BA20009A96A567C0E8A6679B96A767C5E8A8672A
:10BA3000C7E8A9679C96AA67B9C7AB67E3B7AC67C5
:10BA40009D96AD67C9E8AE679E96AF67DDBFB067EC
:10BA5000D2E8B1679F96B267A096B367D7E8B4679C
:10BA6000A196B567D5E8B667DCBCB767CFBCB86749
:10BA7000DBE8B967A296BA67A396BB67A496BC67D2
:10BA8000A596BD67A696BE67A796BF67A896C0672E
:10BA9000A996C167DEE8C267AA96C367DAE8C467F9
:10BAA000FAB1C567AB96C667AC96C767AD96C8676F
:10BAB000AE96C967AF96CA67B096CB67B196CC67AA
:10BAC000B296CD67B396CE67B496CF67D8B0D0673D
:10BAD000B3C4D167CCB8D267E2C6D367BEC8D46757
:10BAE000E1C8D567B596D667B696D767B796D867D3
:10BAF000CFE8D967D4E8DA67D6E8DB67B896DC67C1
:10BB0000F1B9DD67D8E8DE67F5D7DF67B996E0679A
:10BB1000FBC4E167BA96E267DCE8E367BB96E467DB
:10BB2000BC96E567E9B2E667BD96E767BE96E8674B
:10BB3000BF96E967D1E8EA67C096EB67C196EC6704
:10BB4000EDBCED67C296EE67C396EF67C2BFF067C4
:10BB5000CDE8F167F9D6F267C496F367F8C1F467E8
:10BB6000F1B2F567C596F667C696F767C796F867A8
:10BB7000C896F967C996FA67CA96FB67CB96FC67C1
:10BB8000CC96FD67DFE8FE67CD96FF67C1CA006807
:10BB9000D9E80168CE960268CF960368D09604680B
:10BBA000D1960568A4D50668D2960768EAB10868F8
:10BBB000BBD50968CEE80A68D0E80B68B0B60C6857
:10BBC000D3E80D68D3960E68DDE80F68B8C010683A
:10BBD000D4961168F7CA1268D5961368A8CB146872
:10BBE000D6961568D7961668DCC61768F5C018682B
:10BBF000D8961968D9961A68DA961B68DB961C687D
:10BC0000DC961D68E9E81E68DD961F68DE962068F0
:10BC1000DF962168A3D02268E0962368E196246825
:10BC2000E2962568E3962668E4962768E5962868F4
:10BC3000E6962968F2E82A68EAD62B68E7962C6827
:10BC4000E8962D68E9962E68EA962F68EB9630689C
:10BC5000EC963168ED963268E0E83368E1E83468E4
:10BC6000EE963568EF963668F0963768F9D1386801
:10BC7000CBBA3968F9B83A68F1963B68F2963C68F5
:10BC8000F1B83D68D4D43E68EFE83F68F396406869
:10BC9000EEE84168ECE84268F0B94368D2CC446809
:10BCA000E6E84568A6CE4668F2BF4768F49648685D
:10BCB000B8B04968F1E84A68F0E84B68F5964C6816
:10BCC000C0D74D68F6964E68E4E84F68F79650681E
:10BCD000A9CD5168A3C95268F8965368B8BB546897
:10BCE000DBBD5568EAE85668F9965768FA965868D1
:10BCF000FB965968FC965A68FD965B68FE965C68F0
:10BD000040975D6841975E6842975F6843976068B7
:10BD1000E2E86168E3E86268E5E86368B5B564682D
:10BD2000E7E86568C5C76668EBE86768EDE86868D6
:10BD3000B0BD6968AED76A6844976B68F8E86C680C
:10BD400045976D6846976E6847976F684897706823
:10BD5000499771684A9772684B9773684C977468F3
:10BD6000F5E875684D977668B0CD7768F6E878683D
:10BD70004E9779684F977A6850977B6851977C689F
:10BD800052977D6853977E6854977F68559780686F
:10BD900056978168BAC1826857978368E8E88468D3
:10BDA00058978568B7C38668F0B0876859978868E0
:10BDB0005A9789685B978A685C978B685D978C68EF
:10BDC0005E978D685F978E6860978F68F4E89068DB
:10BDD000619791686297926863979368F7E89468AF
:10BDE000649795686597966866979768A3B9986809
:10BDF0006797996868979A6869979B686A979C683B
:10BE00006B979D686C979E686D979F686E97A0680A
:10BE10006F97A1687097A268D2C9A3687197A46848
:10BE20007297A5687397A668CEC3A768E0CEA86886
:10BE3000E6C0A9687497AA687597AB687697AC68EE
:10BE40007797AD68F3CBAE687897AF68DDCCB06814
:10BE5000B5D0B1687997B2687A97B368E1CAB46827
:10BE60007B97B568F3E8B6687C97B7687D97B86844
:10BE70007E97B9688097BA688197BB688297BC68DB
:10BE80008397BD688497BE688597BF688697C068AA
:10BE9000ECBCC1688797C268F9E8C3688897C46832
:10BEA0008997C5688A97C6688B97C7688C97C86852
:10BEB0008D97C968DEC3CA688E97CB68E5C6CC6823
:10BEC0008F97CD68F7B9CE689097CF689197D06873
:10BED0009297D1689397D268F4B0D3689497D46856
:10BEE0009597D568D8D7D6689697D7689797D86822
:10BEF000ACBCD9689897DA68EFC5DB689997DC68BD
:10BF00009A97DD689B97DE689C97DF689D97E0684D
:10BF1000C4CCE1689E97E2689F97E368A6E9E4686D
:10BF2000A097E568A197E668A297E768A397E868F5
:10BF3000A497E968A597EA68A697EB68A797EC68C5
:10BF4000A897ED68A997EE68ADC9EF68AA97F06861
:10BF5000A2E9F168E2C0F268AB97F368AC97F468C5
:10BF6000AD97F568C3BFF668AE97F768AF97F86806
:10BF7000B097F968FEE8FA68D7B9FB68B197FC6832
:10BF8000FBE8FD68B297FE68B397FF68B497006955
:10BF9000B5970169A4E90269B6970369B79704697F
:10BFA000B8970569CED20669B9970769BA97086943
:10BFB000BB970969BC970A69BD970B69A3E90C692E
:10BFC000BE970D69B2D60E69B5D70F69BF971069D4
:10BFD000A7E91169C0971269B7BD1369C1971469C0
:10BFE000C2971569C3971669C4971769C5971869E9
:10BFF000C6971969C7971A69C8971B69C9971C69B9
:10C00000CA971D69CB971E69CC971F69FCE8206908
:10C01000FDE82169CD972269CE972369CF972469DE
:10C02000A1E92569D0972669D1972769D297286910
:10C03000D3972969D4972A69D5972B69D6972C6904
:10C04000D7972D69D6CD2E69D8972F69D9973069A2
:10C05000ACD23169DA973269DB973369DC9734699E
:10C06000B2E93569DD973669DE973769DF97386958
:10C07000E0973969A9E93A69E1973B69E2973C6938
:10C08000E3973D69AAB43E69E4973F69BBB4406950
:10C09000E5974169E6974269ABE94369E7974469E7
:10C0A000E8974569E9974669EA974769EB974869D0
:10C0B000EC974969ED974A69EE974B69EF974C69A0
:10C0C000F0974D69F1974E69F2974F69F397506970
:10C0D000F4975169F5975269F6975369F797546940
:10C0E000A8D05569F8975669F9975769A5E958692D
:10C0F000FA975969FB975A69FEB35B69FC975C69CB
:10C10000FD975D69ACE95E69E3C05F69FE976069B0
:10C11000AAE961694098626941986369B9E964690B
:10C120004298656943986669B8E96769449868699F
:10C130004598696946986A6947986B69AEE96C6980
:10C1400048986D6949986E69FAE86F694A9870690C
:10C150004B987169A8E972694C9873694D98746934
:10C160004E9875694F98766950987769ACBF786931
:10C17000B1E97969BAE97A6951987B6952987C6921
:10C18000A5C27D6953987E6954987F6955988069E6
:10C19000AFE9816956988269C5B8836957988469FF
:10C1A000ADE9856958988669DCD38769B4E98869FF
:10C1B000B5E98969B7E98A6959988B695A988C6990
:10C1C0005B988D69C7E98E695C988F695D98906905
:10C1D0005E9891695F989269609893696198946993
:10C1E000C6C09569C5E99669629897696398986928
:10C1F000B0E9996964989A6965989B69BBE99C69FB
:10C20000F1B09D6966989E6967989F696898A06972
:10C210006998A1696A98A2696B98A3696C98A469E6
:10C220006D98A5696E98A6696F98A769BCE9A86919
:10C23000A5D5A9697098AA697198AB69BEE9AC697E
:10C240007298AD69BFE9AE697398AF697498B069C7
:10C250007598B169C1E9B2697698B3697798B4699C
:10C26000F1C1B5697898B6697998B769B6C8B869FF
:10C270007A98B9697B98BA697C98BB69BDE9BC6951
:10C280007D98BD697E98BE698098BF698198C069B4
:10C290008298C169C2E9C2698398C3698498C469F4
:10C2A0008598C5698698C6698798C7698898C86956
:10C2B0008998C9698A98CA69C3E9CB698B98CC699E
:10C2C000B3E9CD698C98CE69B6E9CF698D98D0690C
:10C2D000B1BBD1698E98D2698F98D3699098D4698F
:10C2E000C0E9D5699198D6699298D7699398D86929
:10C2F0009498D9699598DA699698DB69F7BCDC69F6
:10C300009798DD699898DE699998DF69C4E9E069D2
:10C31000C6E9E1699A98E2699B98E3699C98E469A7
:10C320009D98E5699E98E6699F98E769A098E869F5
:10C33000A198E969A298EA69A398EB69A498EC69C5
:10C34000A598ED69CAE9EE69A698EF69A798F06922
:10C35000A898F169A998F269CEE9F369AA98F469F5
:10C36000AB98F569AC98F669AD98F769AE98F8693D
:10C37000AF98F969B098FA69B198FB69B298FC690D
:10C38000B398FD69DBB2FE69B498FF69C8E9006A39
:10C39000B598016AB698026AB798036AB898046AB1
:10C3A000B998056ABA98066ABB98076ABC98086A81
:10C3B000BD98096ABE980A6AAEB70B6ABF980C6A44
:10C3C000C0980D6AC1980E6AC2980F6AC398106A25
:10C3D000C498116AC598126AC698136AC798146AF5
:10C3E000C898156AC998166ACA98176ACBE9186A74
:10C3F000CCE9196ACB981A6ACC981B6ACD981C6A4A
:10C40000CE981D6ACF981E6AD0981F6AC1D5206A3F
:10C41000D198216AA3C4226AD298236AD398246A45
:10C42000D498256AD598266AD698276AD798286A14
:10C43000D8E9296AD8982A6AE1BA2B6AD9982C6A6D
:10C44000DA982D6ADB982E6ADC982F6AC9E9306A7F
:10C45000DD98316AA3D3326ADE98336ADF98346A92
:10C46000E098356AD4E9366AE198376AE298386A22
:10C47000E398396AE4983A6AE5983B6AE6983C6A38
:10C48000E7983D6AD7E93E6AD0E93F6AE898406A92
:10C49000E998416AEA98426AEB98436AEC98446AE0
:10C4A000CFE9456AED98466AEE98476AC1C7486A7F
:10C4B000EF98496AF0984A6AF1984B6AF2984C6A88
:10C4C000F3984D6AF4984E6AF5984F6AF698506A58
:10C4D000D2E9516AF798526AF898536AF998546AFF
:10C4E000FA98556AFB98566AFC98576AFD98586AFC
:10C4F000D9E9596AC8B35A6AFE985B6AD3E95C6A9B
:10C5000040995D6A41995E6A42995F6A4399606A9F
:10C510004499616AF0CF626A4599636A4699646A90
:10C520004799656ACDE9666A4899676A4999686A70
:10C530004A99696A4B996A6A4C996B6A4D996C6A17
:10C540004E996D6A4F996E6A50996F6A5199706AE7
:10C550005299716AF7B3726A5399736A5499746AFB
:10C560005599756A5699766A5799776A5899786A8B
:10C570005999796AD6E97A6A5A997B6A5B997C6A91
:10C58000DAE97D6A5C997E6A5D997F6A5E99806A64
:10C59000B4CC816A5F99826A6099836A6199846A7E
:10C5A000ADCF856A6299866A6399876A6499886A59
:10C5B0006599896A66998A6A67998B6A68998C6AAB
:10C5C00069998D6A6A998E6AD5E98F6A6B99906AC2
:10C5D000DCE9916ADBE9926A6C99936A6D99946AD5
:10C5E0006E99956A6F99966A7099976ADEE9986A6A
:10C5F0007199996A72999A6A73999B6A74999C6AFB
:10C6000075999D6A76999E6A77999F6A7899A06ACA
:10C61000D1E9A16A7999A26A7A99A36A7B99A46AF5
:10C620007C99A56A7D99A66A7E99A76A8099A86A6D
:10C630008199A96ADDE9AA6A8299AB6ADFE9AC6AE5
:10C64000CAC3AD6A8399AE6A8499AF6A8599B06AA4
:10C650008699B16A8799B26A8899B36A8999B46AE6
:10C660008A99B56A8B99B66A8C99B76A8D99B86AB6
:10C670008E99B96A8F99BA6A9099BB6A9199BC6A86
:10C680009299BD6A9399BE6A9499BF6A9599C06A56
:10C690009699C16A9799C26A9899C36A9999C46A26
:10C6A0009A99C56A9B99C66A9C99C76A9D99C86AF6
:10C6B0009E99C96A9F99CA6AA099CB6AA199CC6AC6
:10C6C000A299CD6AA399CE6AA499CF6AA599D06A96
:10C6D000A699D16AA799D26AA899D36AA999D46A66
:10C6E000AA99D56AAB99D66AAC99D76AAD99D86A36
:10C6F000AE99D96AAF99DA6AB099DB6AB199DC6A06
:10C70000B299DD6AB399DE6AB499DF6AB599E06AD5
:10C71000B699E16AB799E26AB899E36AB999E46AA5
:10C72000BA99E56ABB99E66ABC99E76ABD99E86A75
:10C73000BE99E96ABF99EA6AC099EB6AC199EC6A45
:10C74000C299ED6AC399EE6AC499EF6AC599F06A15
:10C75000C699F16AC799F26AC899F36AC999F46AE5
:10C76000CA99F56ACB99F66ACC99F76ACD99F86AB5
:10C77000CE99F96ACF99FA6AD099FB6AD199FC6A85
:10C78000D299FD6AD399FE6AD499FF6AD599006B54
:10C79000D699016BD799026BD899036BD999046B21
:10C7A000DA99056BDB99066BDC99076BDD99086BF1
:10C7B000DE99096BDF990A6BE0990B6BE1990C6BC1
:10C7C000E2990D6BE3990E6BE4990F6BE599106B91
:10C7D000E699116BE799126BE899136BE999146B61
:10C7E000EA99156BEB99166BEC99176BED99186B31
:10C7F000EE99196BEF991A6BF0991B6BF1991C6B01
:10C80000F2991D6BF3991E6BF4991F6BF599206BD0
:10C81000B7C7216BCEB4226BB6BB236BC0D0246BE1
:10C82000A3EC256BF699266BF799276BB7C5286B98
:10C83000F899296BF9992A6BFA992B6BFB992C6B58
:10C84000FC992D6BFD992E6BFE992F6B409A306BE6
:10C85000419A316B429A326BFBD3336B439A346B00
:10C86000449A356B459A366B469A376BA4EC386B15
:10C87000479A396BA5EC3A6BDBC63B6B489A3C6B2D
:10C88000499A3D6B4A9A3E6BEEBF3F6B4B9A406BA9
:10C890004C9A416B4D9A426B4E9A436BA6EC446B9B
:10C8A0004F9A456B509A466BA7EC476BAAD0486BE2
:10C8B000519A496BB8C74A6B529A4B6B539A4C6B5F
:10C8C000E8B84D6B549A4E6B559A4F6B569A506B15
:10C8D000579A516B589A526B599A536B5A9A546B98
:10C8E0005B9A556B5C9A566B5D9A576B5E9A586B68
:10C8F0005F9A596BA8EC5A6B609A5B6B619A5C6BA0
:10C90000629A5D6B639A5E6B649A5F6B659A606B0B
:10C91000669A616B679A626BB9D6636BFDD5646B7F
:10C92000CBB4656BBDB2666BE4CE676BE7C6686B74
:10C93000689A696B699A6A6BE1CD6B6B6A9A6C6BEA
:10C940006B9A6D6B6C9A6E6B6D9A6F6B6E9A706B67
:10C950006F9A716B709A726B719A736B729A746B37
:10C96000739A756B749A766B759A776B769A786B07
:10C97000779A796BF5B47A6B789A7B6BC0CB7C6BCA
:10C98000DFBC7D6B799A7E6B7A9A7F6B7B9A806B2A
:10C990007C9A816BE2E9826BE3E9836BEAD1846B79
:10C9A000E5E9856B7D9A866BF9B4876BE4E9886B62
:10C9B0007E9A896BB3D18A6BE2CA8B6BD0B28C6BD7
:10C9C000809A8D6BE8E98E6B819A8F6B829A906B5F
:10C9D000839A916B849A926BE6E9936BE7E9946B87
:10C9E000859A956B869A966BB3D6976B879A986B58
:10C9F000889A996B899A9A6BE9E99B6BEAE99C6B37
:10CA00008A9A9D6B8B9A9E6B8C9A9F6B8D9AA06B6A
:10CA10008E9AA16BEBE9A26B8F9AA36B909AA46B91
:10CA2000919AA56B929AA66B939AA76B949AA86B0E
:10CA3000959AA96B969AAA6BECE9AB6B979AAC6B3B
:10CA4000989AAD6B999AAE6B9A9AAF6B9B9AB06BB2
:10CA50009C9AB16B9D9AB26B9E9AB36BAFECB46B20
:10CA6000B9C5B56BCEB6B66B9F9AB76BF3D2B86B40
:10CA7000A09AB96BA19ABA6BA29ABB6BA39ABC6B32
:10CA8000A49ABD6BA59ABE6BA69ABF6BEEB5C06BA0
:10CA9000A79AC16BD9BBC26BB1ECC36BA89AC46B2C
:10CAA000A99AC56BE3D2C66BAA9AC76BAB9AC86B3F
:10CAB000AC9AC96BAD9ACA6BAE9ACB6BE3CECC6B1A
:10CAC000AF9ACD6BB8C4CE6BB09ACF6BBFC3D06BEF
:10CAD000B19AD16BB29AD26BBEB6D36BB9D8D46BC4
:10CAE000C8B1D56BCFB1D66BD1B1D76BFEC5D86B02
:10CAF000B39AD96BD0B1DA6BB49ADB6BABC3DC6B96
:10CB0000B59ADD6BB69ADE6BB79ADF6BB89AE06BBD
:10CB1000B99AE16BB1D5E26BBA9AE36BBB9AE46B5D
:10CB2000BC9AE56BBD9AE66BBE9AE76BBF9AE86B61
:10CB3000C09AE96BC19AEA6BA4EBEB6BC1BAEC6BE0
:10CB4000C29AED6BC39AEE6BC49AEF6BBACCF06BE2
:10CB5000C59AF16BC69AF26BC79AF36BA5EBF46BAF
:10CB6000C89AF56BA7EBF66BC99AF76BCA9AF86B84
:10CB7000CB9AF96BA8EBFA6BCC9AFB6BCD9AFC6B5A
:10CB8000CE9AFD6BA6EBFE6BCF9AFF6BD09A006C32
:10CB9000D19A016CD29A026CD39A036CD49A046C29
:10CBA000D59A056CA9EB066CABEB076CAAEB086C8D
:10CBB000D69A096CD79A0A6CD89A0B6CD99A0C6CD5
:10CBC000DA9A0D6CACEB0E6CDB9A0F6CCFCA106C62
:10CBD000B5D8116CF1C3126CDC9A136CA5C3146C3C
:10CBE000F8C6156CADEB166CCAC4176CDD9A186CE0
:10CBF000AEEB196CAFEB1A6CB0EB1B6CD5B71C6CC1
:10CC0000DE9A1D6CDF9A1E6CE09A1F6CFAB7206CDE
:10CC1000E19A216CB1EB226CE2C7236CE29A246C9E
:10CC2000B3EB256CE39A266CA4BA276CF5D1286C7B
:10CC3000B1B0296CB2EB2A6CB4EB2B6CE49A2C6C7F
:10CC4000E59A2D6CE69A2E6CAAB52F6CC8C2306C92
:10CC5000E8C7316CE79A326CB5EB336CE89A346C08
:10CC6000AECB356CDFE3366CE99A376CEA9A386CF8
:10CC7000C0D3396CEB9A3A6CEC9A3B6CED9A3C6CF5
:10CC8000EE9A3D6CDBD93E6CEF9A3F6CF09A406CAB
:10CC9000A1CD416CADD6426CF3C7436CF19A446CA4
:10CCA000F29A456CF39A466CE0D9476CE3BB486C4A
:10CCB000F49A496CBABA4A6CE2E34B6CF59A4C6C44
:10CCC000F69A4D6CF79A4E6CF89A4F6CF99A506C34
:10CCD000ABCF516CFA9A526CFB9A536CFC9A546C21
:10CCE000E0E3556CC7C9566CFD9A576CB9BA586CDD
:10CCF000FE9A596C409B5A6C419B5B6CB4D15C6C46
:10CD0000E1E35D6CEAC85E6CAFB95F6CADBD606CB1
:10CD1000D8B3616CDBCE626C429B636C439B646CEA
:10CD2000C0CC656C449B666C459B676C469B686C8D
:10CD3000E8E3696CE9E36A6CF4CD6B6C479B6C6C5F
:10CD4000489B6D6C499B6E6C4A9B6F6C4B9B706CE7
:10CD5000ADCC716C4C9B726CB3BC736C4D9B746CA2
:10CD6000EAE3756C4E9B766CEBE3776C4F9B786CCB
:10CD7000509B796CDAD07A6C519B7B6C529B7C6CAB
:10CD8000539B7D6CFBC67E6CDAB77F6C549B806CCA
:10CD9000559B816CDFC7826CCAD2836CD6CE846C03
:10CDA000569B856CE4E3866CECE3876C579B886C40
:10CDB000F2C9896CC1B38A6C589B8B6C599B8C6C83
:10CDC000E7E38D6C5A9B8E6C5B9B8F6CE3C6906C1B
:10CDD000E5E3916C5C9B926C5D9B936CB3ED946C02
:10CDE000E6E3956C5E9B966C5F9B976C609B986C82
:10CDF000619B996CB3C99A6C629B9B6CE6C59C6CF9
:10CE0000639B9D6C649B9E6C659B9F6CB5B9A06C8D
:10CE1000669BA16CBBC3A26C679BA36CE3E3A46C91
:10CE2000BDC5A56CA4C1A66CD9C2A76CD7B2A86CAD
:10CE3000689BA96CEDE3AA6CA6BBAB6CADC4AC6CF3
:10CE4000699BAD6CF0E3AE6CDABEAF6C6A9BB06C04
:10CE50006B9BB16CFBE3B26CF5E3B36CD3BAB46C0F
:10CE60006C9BB56C6D9BB66C6E9BB76C6F9BB86C16
:10CE7000D0B7B96CCDD3BA6C709BBB6CCED6BC6C42
:10CE8000D3D5BD6CC1B9BE6CB4D5BF6CD8D1C06CA4
:10CE9000719BC16C729BC26C739BC36C749BC46CA2
:10CEA000B9D0C56CF6C7C66C759BC76C769BC86C51
:10CEB000779BC96CAAC8CA6CB4B2CB6C789BCC6C9B
:10CEC000DAC3CD6C799BCE6C7A9BCF6C7B9BD06C9C
:10CED000EEE3D16C7C9BD26C7D9BD36CFCE3D46C79
:10CEE000EFE3D56CA8B7D66CF7E3D76CF4E3D86C56
:10CEF0007E9BD96C809BDA6C819BDB6CBAB7DC6C57
:10CF0000829BDD6C839BDE6CA2C5DF6C849BE06C36
:10CF1000F6E3E16CDDC5E26CA8B2E36CFCC6E46C40
:10CF2000859BE56CE0C4E66C869BE76C879BE86CB0
:10CF3000A2D7E96C889BEA6CE1C0EB6CF9E3EC6C7E
:10CF4000899BED6C8A9BEE6CFAE3EF6CFDE3F06C71
:10CF5000A9CCF16CF3E3F26C8B9BF36CBED3F46C55
:10CF60008C9BF56CC3B1F66CB4EDF76CF1E3F86C27
:10CF7000F2E3F96C8D9BFA6CF8E3FB6CBAD0FC6CB5
:10CF8000C3C6FD6CF3D4FE6CFEE3FF6C8E9B006D9C
:10CF90008F9B016DE0BD026D909B036D919B046DB5
:10CFA000A7E4056D929B066D939B076DA6E4086D43
:10CFB000949B096D959B0A6D969B0B6DF3D10C6D3F
:10CFC000A3E40D6D979B0E6DA9E40F6D989B106DFA
:10CFD000999B116D9A9B126DF7C8136D9B9B146DF5
:10CFE0009C9B156D9D9B166D9E9B176DB4CF186D08
:10CFF0009F9B196DA8E41A6DAEE41B6DE5C21C6D14
:10D00000A09B1D6DA19B1E6DB4B61F6DA29B206DD4
:10D01000A39B216DA49B226DA59B236DA69B246DD4
:10D02000A79B256DF2BD266DA89B276DA2E4286DF8
:10D03000A99B296DAA9B2A6DE9BA2B6DAAE42C6DD8
:10D04000AB9B2D6DAC9B2E6DACE42F6DAD9B306D0D
:10D05000AE9B316DFDB6326DDED6336DB2E4346D0C
:10D06000AF9B356DADE4366DB09B376DB19B386DC0
:10D07000B29B396DA1E43A6DB39B3B6DEEBB3C6D49
:10D08000DDCD3D6DA2C73E6DC9C53F6DB49B406D02
:10D09000B59B416DF7C1426DB69B436DA4E4446DF1
:10D0A000B79B456DB3C7466DACBD476DBDBD486D03
:10D0B000A5E4496DB89B4A6DC7D74B6DE2B24C6D84
:10D0C000B99B4D6DABE44E6DC3BC4F6DAFE4506D7D
:10D0D000BA9B516DEBBB526DB0E4536DA8C5546D56
:10D0E000B1E4556DBB9B566DBC9B576DBD9B586D98
:10D0F000BE9B596DE3D55A6DA3BF5B6DBF9B5C6D45
:10D10000BAE45D6DC09B5E6DB7E45F6DC19B606D01
:10D11000BBE4616DC29B626DC39B636DBDE4646DD6
:10D12000C49B656DC59B666DD6C6676DC69B686DF5
:10D13000C79B696DC6BA6A6DCBC06B6DC89B6C6DC1
:10D14000C99B6D6DCA9B6E6DA1B86F6DB4E4706DB7
:10D15000CB9B716DCC9B726DCD9B736DCE9B746DB3
:10D16000A1D4756DCF9B766DD09B776DA3BA786D8A
:10D17000FEBD796DD19B7A6DD29B7B6DD39B7C6D0F
:10D18000BCE47D6DD49B7E6DD59B7F6DD69B806D01
:10D19000D79B816DD89B826DBFCD836DD99B846DEC
:10D1A000DA9B856DF9C4866DDB9B876DDC9B886D92
:10D1B000FBCF896DE6C98A6DDD9B8B6DDE9B8C6D27
:10D1C000BFD38D6DDF9B8E6DD1CF8F6DE09B906D4A
:10D1D000E19B916DB3E4926DE29B936DB8E4946D25
:10D1E000B9E4956DE9CC966DE39B976DE49B986DE2
:10D1F000E59B996DE69B9A6DE79B9B6DCECC9C6DF4
:10D20000E89B9D6DD4C09E6DB5E49F6DB0C1A06DCF
:10D21000B6E4A16DD0CEA26DE99BA36DC1BBA46D98
:10D22000D3B5A56DEA9BA66DF3C8A76DA7BDA86D84
:10D23000C7D5A96DACC9AA6DA2B8AB6DCAE4AC6D77
:10D24000EB9BAD6DEC9BAE6DCCE4AF6DC4D1B06D1E
:10D25000ED9BB16DEE9BB26DBAD2B36DEF9BB46D29
:10D26000F09BB56DADBAB66DF19BB76DF29BB86D25
:10D27000D4BAB96DF39BBA6DF49BBB6DF59BBC6DD5
:10D28000F69BBD6DF79BBE6DF89BBF6DC3E4C06D93
:10D29000EDB5C16DF99BC26DFA9BC36DFB9BC46D6F
:10D2A000CDD7C56DC0E4C66DFDCFC76DBFE4C86DF9
:10D2B000FC9BC96DFD9BCA6DFE9BCB6DDCC1CC6D2B
:10D2C000CACCCD6D409CCE6D419CCF6D429CD06D43
:10D2D000439CD16DE7CAD26D449CD36D459CD46DFF
:10D2E000469CD56D479CD66DD7C4D76D489CD86DEC
:10D2F000D4CCD96DC8E4DA6D499CDB6D4A9CDC6DF9
:10D300004B9CDD6DC7E4DE6DC1E4DF6D4C9CE06DD0
:10D31000C4E4E16DADB5E26D4D9CE36D4E9CE46DF2
:10D32000D9D3E56D4F9CE66DC6E4E76D509CE86D82
:10D33000519CE96D529CEA6D539CEB6DF9D2EC6DFA
:10D34000E3B4ED6D549CEE6DB4BBEF6D559CF06D88
:10D35000569CF16DEEC9F26D579CF36DBEB4F46D41
:10D36000589CF56D599CF66D5A9CF76DECBBF86DA9
:10D370005B9CF96DCDD1FA6D5C9CFB6DEDCCFC6DC9
:10D38000B5EDFD6D5D9CFE6D5E9CFF6D5F9C006E5E
:10D39000609C016E619C026E629C036E639C046ED5
:10D3A000649C056EE5C7066E659C076E669C086EFC
:10D3B000679C096E689C0A6EA8D40B6E699C0C6E03
:10D3C000CBE40D6ED5D70E6EC2E40F6E6A9C106E64
:10D3D000A5BD116EC5E4126E6B9C136E6C9C146E31
:10D3E000E6D3156E6D9C166EC9E4176EF8C9186EFB
:10D3F0006E9C196E6F9C1A6EBEE41B6E709C1C6E48
:10D40000719C1D6EE5D31E6E729C1F6E739C206E08
:10D41000FEC7216EC9B6226E749C236EFCD4246EA6
:10D42000B3B2256ED7E4266E759C276E769C286E67
:10D43000779C296EC2CE2A6E789C2B6ECDE42C6E22
:10D44000799C2D6EBCCE2E6E7A9C2F6EDBB8306E22
:10D450007B9C316E7C9C326ED6E4336E7D9C346E48
:10D46000CABF356E7E9C366E809C376E819C386E4E
:10D47000CED3396E829C3A6EECC33B6E839C3C6E7D
:10D48000849C3D6E859C3E6E869C3F6E879C406E64
:10D49000889C416E899C426E8A9C436EC8C5446ECE
:10D4A000D8E4456E8B9C466E8C9C476E8D9C486E76
:10D4B0008E9C496E8F9C4A6E909C4B6E919C4C6EDC
:10D4C000929C4D6EC4CD4E6ECFE44F6E939C506EC9
:10D4D000949C516E959C526E969C536ED4E4546EFF
:10D4E000D5E4556E979C566EFEBA576E989C586E52
:10D4F000E6CF596E999C5A6E9A9C5B6EBFD55C6E56
:10D500009B9C5D6E9C9C5E6E9D9C5F6ED2E4606E8B
:10D510009E9C616E9F9C626EA09C636EA19C646EDB
:10D52000A29C656EA39C666EA49C676EA59C686EAB
:10D53000A69C696EA79C6A6EA89C6B6ED0E46C6E0C
:10D54000A99C6D6EAA9C6E6ECEE46F6EAB9C706EE5
:10D55000AC9C716EAD9C726EAE9C736EAF9C746E23
:10D56000B09C756EB19C766EB29C776EB39C786EF3
:10D57000B49C796EB59C7A6EB69C7B6EB79C7C6EC3
:10D58000B89C7D6EB99C7E6EE5CD7F6EAACA806E1A
:10D59000BA9C816EBB9C826EBC9C836EA3C0846E61
:10D5A000BD9C856EA6BD866ED3E4876EBE9C886EDC
:10D5B000BF9C896EC8B88A6EC09C8B6EC19C8C6EF5
:10D5C000C29C8D6EC39C8E6EC49C8F6EE7E4906E81
:10D5D000B4D4916EC59C926EC69C936EC79C946E9B
:10D5E000C89C956EC99C966ECA9C976ECB9C986E93
:10D5F000DBE4996ECC9C9A6ECD9C9B6ECE9C9C6E0F
:10D60000EFC19D6ECF9C9E6ED09C9F6EE9E4A06E94
:10D61000D19CA16ED29CA26EE7D2A36ED39CA46EC5
:10D62000D49CA56EDFE4A66ED59CA76EE0E4A86E40
:10D63000D69CA96ED79CAA6EAACFAB6ED89CAC6EB6
:10D64000D99CAD6EDA9CAE6EDB9CAF6EDDCBB06E5E
:10D65000DC9CB16EDAE4B26ED1E4B36EDD9CB46EE4
:10D66000E5E4B56EDE9CB66EDCC8B76EE3E4B86E7A
:10D67000DF9CB96EE09CBA6EE7C4BB6EE2E4BC6EA0
:10D68000E19CBD6EE1E4BE6EE29CBF6EE39CC06EA9
:10D69000E49CC16EFCB3C26EE8E4C36EE59CC46E4C
:10D6A000E69CC56EE79CC66EE89CC76EE1B5C86E89
:10D6B000E99CC96EEA9CCA6EEB9CCB6ECCD7CC6E53
:10D6C000EC9CCD6EED9CCE6EEE9CCF6EE6E4D06E03
:10D6D000EF9CD16EACBBD26EF09CD36ED2D7D46E21
:10D6E000CFCCD56EF8EBD66EF19CD76EE4E4D86E55
:10D6F000F29CD96EF39CDA6EF6B9DB6EF49CDC6EAC
:10D70000F59CDD6EF69CDE6ECDD6DF6ED9E4E06E64
:10D71000DCE4E16EFAC2E26EDEE4E36EF79CE46EF6
:10D72000CBC2E56EC4C0E66ED0C2E76EF89CE86E70
:10D73000F5B1E96EB2CCEA6EF99CEB6EFA9CEC6E38
:10D74000FB9CED6EFC9CEE6EFD9CEF6EFE9CF06E05
:10D75000409DF16E419DF26E429DF36E439DF46ECD
:10D76000CEB5F56E449DF66E459DF76E469DF86EFE
:10D77000479DF96EEFE4FA6E489DFB6E499DFC6E85
:10D780004A9DFD6E4B9DFE6E4C9DFF6E4D9D006F44
:10D790004E9D016F4F9D026FAFC6036F509D046F8A
:10D7A000519D056F529D066FE1C6076F539D086F2F
:10D7B000549D096FF5E40A6F559D0B6F569D0C6FD4
:10D7C000579D0D6F589D0E6F599D0F6FA9C2106F19
:10D7D0005A9D116F5B9D126F5C9D136FECC0146FAF
:10D7E000DDD1156FEEE4166F5D9D176F5E9D186FAE
:10D7F0005F9D196F609D1A6F619D1B6F629D1C6F0D
:10D80000639D1D6F649D1E6F659D1F6F669D206FDC
:10D81000AEC4216F679D226F689D236F699D246F41
:10D82000EDE4256F6A9D266F6B9D276F6C9D286FB9
:10D830006D9D296FF6E42A6FF4E42B6FFEC22C6F06
:10D840006E9D2D6FDDE42E6F6F9D2F6FF0E4306FB6
:10D85000709D316FFECA326F719D336FC4D5346FC6
:10D86000729D356F739D366FF1E4376F749D386F1D
:10D87000759D396F769D3A6F779D3B6F789D3C6FB4
:10D88000799D3D6F7A9D3E6FFAD13F6F7B9D406FD2
:10D890007C9D416F7D9D426F7E9D436F809D446F57
:10D8A000819D456F829D466FEBE4476FECE4486FC6
:10D8B000839D496F849D4A6F859D4B6FF2E44C6F49
:10D8C000869D4D6FABCE4E6F879D4F6F889D506F7D
:10D8D000899D516F8A9D526F8B9D536F8C9D546FA4
:10D8E0008D9D556F8E9D566F8F9D576F909D586F74
:10D8F000CBC5596F919D5A6F929D5B6F939D5C6FE5
:10D90000B1C75D6F949D5E6FBAC25F6F959D606F8A
:10D91000969D616F979D626FEAE4636F989D646F57
:10D92000999D656F9A9D666FCAC1676F9B9D686F71
:10D930009C9D696F9D9D6A6F9E9D6B6F9F9D6C6F97
:10D94000A09D6D6FB6CC6E6FB1B36F6FA19D706F00
:10D95000A29D716FA39D726FFBE4736FA49D746FA2
:10D96000F3E4756FA59D766FA69D776FA79D786F81
:10D97000FAE4796FA89D7A6FFDE47B6FA99D7C6FB7
:10D98000FCE47D6FAA9D7E6FAB9D7F6FAC9D806F29
:10D99000AD9D816FAE9D826FAF9D836FB09D846F93
:10D9A000CEB3856FB19D866FB29D876FB39D886F33
:10D9B000BAB3896FF7E48A6FB49D8B6FB59D8C6F96
:10D9C000F9E48D6FF8E48E6FECC58F6FB69D906FA4
:10D9D000B79D916FB89D926FB99D936FBA9D946FEB
:10D9E000BB9D956FBC9D966FBD9D976FBE9D986FBB
:10D9F000BF9D996FC09D9A6FC19D9B6FC29D9C6F8B
:10DA0000BDC09D6FC39D9E6FC49D9F6FC59DA06F40
:10DA1000C69DA16FE8D4A26FC79DA36FC89DA46FD8
:10DA2000C99DA56FCA9DA66FCB9DA76FA2E5A86FE4
:10DA3000CC9DA96FCD9DAA6FCE9DAB6FCF9DAC6FD6
:10DA4000D09DAD6FD19DAE6FD29DAF6FD39DB06FA6
:10DA5000D49DB16FD59DB26FD69DB36FC4B0B46F76
:10DA6000D79DB56FD89DB66FA4E5B76FD99DB86F38
:10DA7000DA9DB96FA3E5BA6FDB9DBB6FDC9DBC6F10
:10DA8000DD9DBD6FDE9DBE6FDF9DBF6FE09DC06FF2
:10DA9000A4BCC16FE19DC26FA5E5C36FE29DC46FD9
:10DAA000E39DC56FE49DC66FE59DC76FE69DC86F9A
:10DAB000E79DC96FA1E5CA6FE89DCB6FE99DCC6F6B
:10DAC000EA9DCD6FEB9DCE6FEC9DCF6FED9DD06F3E
:10DAD000EE9DD16FFEE4D26FF4B1D36FEF9DD46FA2
:10DAE000F09DD56FF19DD66FF29DD76FF39DD86FE6
:10DAF000F49DD96FF59DDA6FF69DDB6FF79DDC6FB6
:10DB0000F89DDD6FF99DDE6FA8E5DF6FFA9DE06F90
:10DB1000A9E5E16FA6E5E26FFB9DE36FFC9DE46F75
:10DB2000FD9DE56FFE9DE66F409EE76F419EE86FAD
:10DB3000429EE96F439EEA6F449EEB6F459EEC6FF9
:10DB4000469EED6F479EEE6FA7E5EF6FAAE5F06F7B
:10DB5000489EF16F499EF26F4A9EF36F4B9EF46FA1
:10DB60004C9EF56F4D9EF66F4E9EF76F4F9EF86F71
:10DB7000509EF96F519EFA6F529EFB6F539EFC6F41
:10DB8000549EFD6F559EFE6F569EFF6F579E007010
:10DB9000589E0170599E02705A9E03705B9E0470DD
:10DBA0005C9E05705D9E06705E9E07705F9E0870AD
:10DBB000609E0970619E0A70629E0B70639E0C707D
:10DBC000649E0D70659E0E70669E0F70679E10704D
:10DBD000689E1170D9C61270699E13706A9E147087
:10DBE0006B9E15706C9E16706D9E17706E9E1870F1
:10DBF0006F9E1970709E1A70ABE51B70ADE51C70BE
:10DC0000719E1D70729E1E70739E1F70749E207098
:10DC1000759E2170769E2270779E2370ACE52470ED
:10DC2000789E2570799E26707A9E27707B9E28703C
:10DC30007C9E29707D9E2A707E9E2B70809E2C700B
:10DC4000819E2D70829E2E70839E2F70849E3070D8
:10DC5000859E3170869E3270879E3370889E3470A8
:10DC6000899E3570AFE536708A9E37708B9E38700E
:10DC70008C9E3970AEE53A708D9E3B708E9E3C70E6
:10DC80008F9E3D70909E3E70919E3F70929E407020
:10DC9000939E4170949E4270959E4370969E4470F0
:10DCA000979E4570989E4670999E47709A9E4870C0
:10DCB0009B9E49709C9E4A709D9E4B709E9E4C7090
:10DCC000E0B94D709F9E4E70A09E4F70B0E55070B1
:10DCD000A19E5170A29E5270A39E5370A49E547038
:10DCE000A59E5570A69E5670A79E5770A89E587008
:10DCF000A99E5970AA9E5A70AB9E5B70AC9E5C70D8
:10DD0000AD9E5D70AE9E5E70B1E55F70AF9E60705F
:10DD1000B09E6170B19E6270B29E6370B39E64707B
:10DD2000B49E6570B59E6670B69E6770B79E68704B
:10DD3000B89E6970B99E6A70BA9E6B70F0BB6C70C9
:10DD4000E1EC6D70F0C36E70BB9E6F70C6B5707005
:10DD5000D2BB7170BC9E7270BD9E7370BE9E74709B
:10DD6000BF9E7570E9C17670EED47770C09E7870F2
:10DD7000C4BE7970C19E7A70C29E7B70C39E7C7057
:10DD8000C6D77D70C49E7E70D6D47F70D3B28070AB
:10DD9000BEEC8170C59E8270C69E8370C79E8470E3
:10DDA000C89E8570C1EA8670C99E8770CA9E8870B9
:10DDB000CB9E8970AFC28A70B6B48B70CC9E8C70CB
:10DDC000CD9E8D70CE9E8E70D7D18F70CF9E90706D
:10DDD000D09E9170D19E9270B4B39370D29E947085
:10DDE000B2C89570BBBF9670C0EC9770D39E987008
:10DDF000D49E9970CBD69A70D59E9B70D69E9C70FF
:10DE0000BFEC9D70C1EC9E70D79E9F70D89EA07095
:10DE1000D99EA170DA9EA270DB9EA370DC9EA470D6
:10DE2000DD9EA570DE9EA670DF9EA770E09EA870A6
:10DE3000E19EA970E29EAA70E39EAB70C5ECAC7047
:10DE4000E6BEAD70BFCCAE70DAC5AF70BCBEB07010
:10DE5000E49EB170C6ECB270E59EB370FEB1B470D2
:10DE6000E69EB570E79EB670E89EB770C4ECB870D9
:10DE7000A8D5B970E3B5BA70E99EBB70C2ECBC70AE
:10DE8000B6C1BD70E3B3BE70EA9EBF70EB9EC070BA
:10DE9000C3ECC170B8CBC270C3C0C370FECCC47039
:10DEA000EC9EC570ED9EC670EE9EC770EF9EC8706A
:10DEB000D2C1C970F09ECA70C8ECCB70F19ECC7014
:10DEC000F29ECD70F39ECE70F49ECF70F59ED07012
:10DED000F69ED170F79ED270F89ED370F99ED470E2
:10DEE000FA9ED570FB9ED670FC9ED770FD9ED870B2
:10DEF000E6BAD970D3C0DA70FE9EDB70F2D6DC7061
:10DF0000409FDD70419FDE70429FDF70CCD1E0709A
:10DF1000439FE170449FE270459FE370469FE47029
:10DF2000BEBFE570479FE670B3B7E770D5C9E8702C
:10DF3000C7ECE970E2BBEA70489FEB70CCCCEC70A8
:10DF4000FDBDED70C8C8EE70499FEF70A9CFF070AD
:10DF50004A9FF1704B9FF2704C9FF3704D9FF4708D
:10DF60004E9FF5704F9FF670509FF770E9CDF87097
:10DF7000519FF970EBC5FA70529FFB70539FFC7074
:10DF8000549FFD70E9B7FE70559FFF70569F00715A
:10DF9000579F0171589F0271599F03715A9F0471D5
:10DFA0005B9F05715C9F06715D9F07715E9F0871A5
:10DFB0005F9F0971C9D10A71B8BA0B71609F0C716A
:10DFC000619F0D71629F0E71639F0F71649F10714D
:10DFD000C9EC1171659F1271669F1371CAEC1471BF
:10DFE000679F1571C0BB1671CBEC1771689F1871D4
:10DFF000E2EC1971BAB11A71D9B71B71699F1C7122
:10E000006A9F1D716B9F1E716C9F1F716D9F2071A8
:10E010006E9F21716F9F2271709F2371719F247178
:10E02000729F2571739F2671B9BD2771749F2871E6
:10E03000759F2971769F2A71779F2B71789F2C711C
:10E04000799F2D717A9F2E717B9F2F71CCEC30714F
:10E05000E6D13171CDEC32717C9F33717D9F34718B
:10E060007E9F3571809F3671BBC83771819F387133
:10E07000829F3971839F3A71849F3B71859F3C7168
:10E08000869F3D71879F3E71889F3F71899F407138
:10E090008A9F41718B9F42718C9F43718D9F447108
:10E0A0008E9F4571D1EC46718F9F4771909F48714B
:10E0B000919F4971929F4A71D3EC4B71939F4C7120
:10E0C000CDBB4D71949F4E71E5BC4F71959F5071C2
:10E0D000969F5171979F5271989F5371999F547158
:10E0E0009A9F55719B9F56719C9F57719D9F587128
:10E0F0009E9F59719F9F5A71A09F5B71A19F5C71F8
:10E10000CFEC5D71A29F5E71B7C95F71A39F607113
:10E11000A49F6171A59F6271A69F6371A79F64719F
:10E12000BAC36571A89F6671E3EC6771D5D5687154
:10E13000D0EC6971A99F6A71AA9F6B71AB9F6C71DA
:10E14000AC9F6D71AD9F6E71F3D66F71AE9F7071A4
:10E15000AF9F7171B09F7271D2EC7371CEEC74711C
:10E16000B19F7571B29F7671B39F7771B49F7871CB
:10E17000D4EC7971B59F7A71D5EC7B71B69F7C71C7
:10E18000B79F7D71BFC97E71B89F7F71B99F807144
:10E19000BA9F8171BB9F8271BC9F8371BD9F847147
:10E1A000A8CF8571BE9F8671BF9F8771C09F887100
:10E1B000C19F8971C29F8A71DCD08B71C39F8C71A2
:10E1C000C49F8D71C59F8E71C69F8F71ACD19071A8
:10E1D000C79F9171C89F9271C99F9371CA9F947193
:10E1E000DBC89571CB9F9671CC9F9771CD9F98712D
:10E1F000D6EC9971F5CE9A71CE9F9B71CF9F9C7191
:10E20000D09F9D71D19F9E71D29F9F71ECCAA071CA
:10E21000DAECA171D39FA271D49FA371D59FA47191
:10E22000D69FA571D79FA671D89FA771D99FA871B6
:10E23000D9ECA971DA9FAA71DB9FAB71DC9FAC713D
:10E24000BEB0AD71DD9FAE71DE9FAF71DF9FB0716B
:10E25000E09FB171E19FB271E29FB371D7ECB471ED
:10E26000E39FB571D8ECB671E49FB771E59FB871C3
:10E27000E69FB971E4ECBA71E79FBB71E89FBC718E
:10E28000E99FBD71EA9FBE71EB9FBF71EC9FC071AA
:10E29000ED9FC171EE9FC271EF9FC371BCC8C47185
:10E2A000F09FC571F19FC671F29FC771F39FC8714E
:10E2B000F49FC971F59FCA71F69FCB71F79FCC711E
:10E2C000F89FCD71F99FCE71C7C1CF71FA9FD07100
:10E2D000FB9FD171FC9FD271FD9FD371FE9FD471C2
:10E2E000DCECD571E0D1D67140A0D77141A0D871D6
:10E2F00042A0D97143A0DA7144A0DB7145A0DC7162
:10E3000046A0DD7147A0DE7148A0DF7149A0E07131
:10E31000DBECE1714AA0E2714BA0E3714CA0E47127
:10E320004DA0E571EFD4E6714EA0E771DDECE87128
:10E330004FA0E97150A0EA7151A0EB7152A0EC71AD
:10E3400053A0ED7154A0EE71C6DBEF7155A0F071D2
:10E3500056A0F17157A0F27158A0F37159A0F47151
:10E360005AA0F5715BA0F6715CA0F7715DA0F87121
:10E370005EA0F971DEECFA715FA0FB7160A0FC7128
:10E3800061A0FD7162A0FE7163A0FF7164A00072C4
:10E3900065A0017266A0027267A0037268A0047291
:10E3A00069A005726AA00672ACB107726BA0087210
:10E3B0006CA009726DA00A726EA00B726FA00C7235
:10E3C00070A00D7271A00E7272A00F7273A0107205
:10E3D00074A0117275A0127276A0137277A01472D5
:10E3E00078A0157279A016727AA017727BA01872A5
:10E3F0007CA019727DA01A727EA01B7280A01C7274
:10E4000081A01D72DFEC1E7282A01F7283A0207299
:10E4100084A0217285A0227286A0237287A0247214
:10E4200088A0257289A026728AA027728BA02872E4
:10E43000E0EC29728CA02A72A6D72B728DA02C72C8
:10E44000C0C52D728EA02E728FA02F7290A0307238
:10E45000BCEB3172AEB0327291A0337292A03472C2
:10E4600093A03572F4BE3672B8B83772AFD2387234
:10E47000D6B03972F9B53A7294A03B72B3D83C72F7
:10E4800095A03D72ACCB3E7296A03F72DDE3407228
:10E4900097A0417298A0427299A043729AA04472C8
:10E4A0009BA045729CA046729DA04772ACC6487264
:10E4B000E6B049729EA04A729FA04B72A0A04C7217
:10E4C000C6C54D72B9EB4E72A1A04F72A2A0507298
:10E4D000A3A05172A4A05272BAEB5372A5A05472B9
:10E4E000A6A05572A7A05672BBEB5772A8A058728F
:10E4F000A9A05972C0D15A72AAA05B72A3C55C725E
:10E50000ABA05D72F2EA5E72ACA05F72B2C46072E0
:10E51000ADA06172B5C46272CEC06372AEA0647207
:10E52000AFA06572B0A06672F3EA6772C1C4687288
:10E53000B1A06972EFCE6A72B2A06B72B3A06C72B6
:10E54000B4A06D72B5A06E72F0EA6F72F4EA7072E8
:10E55000B6A07172B7A07272FCC97372B8A074725F
:10E56000B9A07572A3C77672BAA07772BBA0787291
:10E57000BCA07972D8CC7A72FECE7B72BDA07C72C0
:10E58000BEA07D72BFA07E72F5EA7F72F6EA80724D
:10E59000ACCF8172E7C08272C0A08372C1A08472C6
:10E5A000F7EA8572C2A08672C3A08772C4A088727F
:10E5B000C5A08972C6A08A72BFB68B72F8EA8C7247
:10E5C000C7A08D72F9EA8E72C8A08F72FAEA9072B3
:10E5D000C9A09172CAA09272FBEA9372CBA0947206
:10E5E000CCA09572CDA09672CEA09772CFA0987253
:10E5F000D0A09972D1A09A72D2A09B72D3A09C7223
:10E60000D4A09D72D5A09E72D6A09F72F1EAA0728E
:10E61000D7A0A172D8A0A272D9A0A372DAA0A472C6
:10E62000DBA0A572DCA0A672DDA0A772DEA0A87296
:10E63000DFA0A972E0A0AA72E1A0AB72E2A0AC7266
:10E64000AEC8AD72EBE1AE72E3A0AF72B8B7B07214
:10E65000ECE1B172E4A0B272E5A0B372E6A0B472CC
:10E66000EDE1B572E7A0B672B4D7B772EEE1B87259
:10E67000EFE1B972CCD3BA72E8A0BB72E9A0BC7268
:10E68000EAA0BD72EBA0BE72ECA0BF72EDA0C0729A
:10E69000EEA0C172F1E1C272F1BFC372F0E1C472C7
:10E6A000D2B5C572EFA0C672F0A0C772F1A0C87251
:10E6B000B7B1C972F2A0CA72F3A0CB72F4A0CC7247
:10E6C000F5A0CD72F3E1CE72F2E1CF72F6A0D07276
:10E6D000FCBAD172F7A0D272F4E1D372F8A0D4726E
:10E6E000F9A0D572FAA0D672FBA0D772B7B9D872CA
:10E6F000FCA0D972D1BEDA72FDA0DB72FEA0DC7282
:10E7000040AADD7241AADE72FCC4DF7242AAE07246
:10E71000DDBAE172C6BDE27243AAE37244AAE472B2
:10E7200045AAE57246AAE67247AAE77248AAE872C5
:10E73000F5E1E972F7E1EA7249AAEB724AAAEC72D2
:10E74000C0B6ED72C1CFEE72A8CAEF72F6E1F072F8
:10E75000F8D5F172FCD3F272F8E1F372FCE1F472D5
:10E76000F9E1F5724BAAF6724CAAF772FAE1F87267
:10E77000EAC0F9724DAAFA72FEE1FB72A1E2FC72E4
:10E78000C7C0FD724EAAFE724FAAFF7250AA007354
:10E7900051AA0173FBE1027352AA0373FDE10473F2
:10E7A00053AA057354AA067355AA077356AA087389
:10E7B00057AA097358AA0A73A5E20B7359AA0C73D6
:10E7C0005AAA0D735BAA0E73D4C10F735CAA10739F
:10E7D0005DAA11735EAA12735FAA1373A3E2147386
:10E7E00060AA1573A8E21673FEB21773A2E218733B
:10E7F00061AA197362AA1A7363AA1B73CDC31C732F
:10E80000C2B21D73A7E21E73A6E21F7364AA20732F
:10E8100065AA2173A4E22273A9E2237366AA247372
:10E8200067AA2573ABE2267368AA277369AA2873BF
:10E830006AAA2973C9D02A73EDD62B73A8C32C7387
:10E84000ACE22D736BAA2E73D7CF2F736CAA3073E3
:10E850006DAA3173AEE232736EAA33736FAA34734A
:10E86000EFBA357370AA367371AA3773E0E938735B
:10E87000ADE23973AAE23A7372AA3B7373AA3C738E
:10E8800074AA3D7375AA3E73ABBB3F73B3D4407398
:10E8900076AA417377AA427378AA437379AA44731C
:10E8A0007AAA45737BAA46737CAA47737DAA4873EC
:10E8B0007EAA497380AA4A7381AA4B7382AA4C73B9
:10E8C00083AA4D73B0E24E7384AA4F7385AA507326
:10E8D000AFE2517386AA5273E1E9537387AA547366
:10E8E00088AA557389AA56738AAA5773B1E25873D6
:10E8F0008BAA59738CAA5A738DAA5B738EAA5C7308
:10E900008FAA5D7390AA5E7391AA5F7392AA6073D7
:10E91000B2E2617393AA627394AA637395AA647353
:10E9200096AA657397AA667398AA677399AA68737B
:10E930009AAA69739BAA6A739CAA6B739DAA6C734B
:10E94000B3E26D73A1CC6E739EAA6F73B4E2707361
:10E950009FAA7173A0AA727340AB737341AB7473B7
:10E9600042AB757343AB767344AB777345AB787347
:10E9700046AB797347AB7A7348AB7B7349AB7C7317
:10E980004AAB7D734BAB7E73B5E27F734CAB807348
:10E990004DAB81734EAB82734FAB837350AB8473BB
:10E9A000FED0857351AB867352AB8773CAC288732E
:10E9B00053AB8973F1D38A7354AB8B73F5CD8C73DE
:10E9C00055AB8D7356AB8E73E0E78F7357AB907377
:10E9D00058AB9173E1E7927359AB93735AAB94734D
:10E9E0005BAB95735CAB9673C1BE97735DAB98736D
:10E9F0005EAB99735FAB9A7360AB9B73EAC29C7317
:10EA000061AB9D7362AB9E7363AB9F73E4E7A073CE
:10EA100064ABA17365ABA273E3E7A37366ABA473A6
:10EA200067ABA57368ABA67369ABA7736AABA87332
:10EA30006BABA973E6CDAA736CABAB73B5C3AC7308
:10EA40006DABAD736EABAE73E2E7AF73B7BBB073D4
:10EA5000D6CFB1736FABB273E1C1B373E9E7B473EF
:10EA600070ABB57371ABB67372ABB773E8E7B873DD
:10EA700073ABB97374ABBA73F4E7BB73A3B2BC7373
:10EA800075ABBD7376ABBE7377ABBF7378ABC0733A
:10EA9000EAE7C17379ABC273E6E7C3737AABC473B9
:10EAA0007BABC5737CABC6737DABC7737EABC873E2
:10EAB000ECE7C973EBE7CA73BAC9CB7380ABCC730D
:10EAC00081ABCD73E4D5CE7382ABCF73E5E7D07362
:10EAD000A9B7D173E7E7D27383ABD37384ABD47395
:10EAE00085ABD57386ABD67387ABD77388ABD8733A
:10EAF00089ABD973EEE7DA738AABDB738BABDC736C
:10EB00008CABDD738DABDE73F3E7DF738EABE0733D
:10EB1000E9D6E1738FABE27390ABE37391ABE4732F
:10EB200092ABE573EDE7E67393ABE773F2E7E87357
:10EB300094ABE973F1E7EA7395ABEB7396ABEC73C7
:10EB400097ABED73E0B0EE7398ABEF7399ABF073E6
:10EB50009AABF1739BABF273F5E7F3739CABF47371
:10EB60009DABF5739EABF6739FABF773A0ABF873D9
:10EB700040ACF97341ACFA7342ACFB7343ACFC7329
:10EB800044ACFD7345ACFE7346ACFF7347AC0074F8
:10EB900048AC017449AC02744AAC0374F2C7047403
:10EBA0004BAC0574C5C00674EDC007744CAC08745A
:10EBB0004DAC0974F0C10A74F0E70B744EAC0C74E0
:10EBC0004FAC0D7450AC0E7451AC0F74F6E710746A
:10EBD000F6CB117452AC127453AC137454AC14745D
:10EBE00055AC157456AC167457AC177458AC1874F1
:10EBF00059AC19745AAC1A74A2E81B74A1E81C74BD
:10EC00005BAC1D745CAC1E745DAC1F745EAC207498
:10EC10005FAC217460AC2274C1D7237461AC2474DE
:10EC200062AC2574FAE72674F9E7277463AC28749C
:10EC3000FBE7297464AC2A74F7E72B7465AC2C7479
:10EC4000FEE72D7466AC2E74FDE72F7467AC30744C
:10EC5000FCE7317468AC327469AC3374D5C1347478
:10EC6000D9C73574FDC53674C3C537746AAC3874FA
:10EC70006BAC39746CAC3A746DAC3B746EAC3C7478
:10EC8000EDC73D746FAC3E7470AC3F7471AC4074B2
:10EC900072AC4174A3E8427473AC437474AC4474B2
:10ECA00075AC457476AC467477AC477478AC4874F0
:10ECB00079AC49747AAC4A747BAC4B747CAC4C74C0
:10ECC0007DAC4D747EAC4E7480AC4F7481AC50748E
:10ECD00082AC517483AC527484AC537485AC54745C
:10ECE00086AC5574A6E8567487AC5774A5E858747A
:10ECF00088AC5974A7E85A74F7BA5B74F8E75C7487
:10ED0000A4E85D7489AC5E74F0C85F74AAC96074CD
:10ED10008AAC61748BAC62748CAC63748DAC6474BB
:10ED20008EAC65748FAC667490AC677491AC68748B
:10ED300092AC697493AC6A7494AC6B7495AC6C745B
:10ED400096AC6D74A9E86E7497AC6F7498AC7074DF
:10ED5000E5B9717499AC72749AAC73749BAC7474A9
:10ED60009CAC75749DAC7674FED17774A8E8787409
:10ED70009EAC79749FAC7A74A0AC7B7440AD7C740B
:10ED800041AD7D7442AD7E74AAE87F7443AD80745A
:10ED9000ADE88174AEE8827444AD8374A7C1847415
:10EDA00045AD857446AD867447AD8774AFE8887409
:10EDB00048AD897449AD8A744AAD8B74B0E88C74DF
:10EDC0004BAD8D744CAD8E74ACE88F744DAD9074BA
:10EDD000B4E891744EAD92744FAD937450AD947489
:10EDE00051AD957452AD967453AD977454AD9874FB
:10EDF00055AD997456AD9A7457AD9B7458AD9C74CB
:10EE0000ABE89D7459AD9E74B1E89F745AADA0747F
:10EE10005BADA1745CADA2745DADA3745EADA47472
:10EE20005FADA57460ADA67461ADA774B5E8A874B4
:10EE3000B2E8A974B3E8AA7462ADAB7463ADAC7404
:10EE400064ADAD7465ADAE7466ADAF7467ADB074EE
:10EE500068ADB17469ADB2746AADB3746BADB474BE
:10EE60006CADB5746DADB6746EADB7746FADB8748E
:10EE700070ADB97471ADBA74B7E8BB7472ADBC74DF
:10EE800073ADBD7474ADBE7475ADBF7476ADC07432
:10EE900077ADC17478ADC27479ADC3747AADC47402
:10EEA0007BADC5747CADC6747DADC7747EADC874D2
:10EEB00080ADC97481ADCA7482ADCB7483ADCC749E
:10EEC00084ADCD7485ADCE7486ADCF7487ADD0746E
:10EED00088ADD17489ADD274B6E8D3748AADD474D8
:10EEE0008BADD5748CADD6748DADD7748EADD87412
:10EEF0008FADD97490ADDA7491ADDB7492ADDC74E2
:10EF0000CFB9DD7493ADDE74ACF0DF7494ADE07412
:10EF1000ADF0E17495ADE274B0C6E374EAB0E474A8
:10EF2000BFC8E57496ADE674DFCDE77497ADE874BD
:10EF300098ADE97499ADEA749AADEB749BADEC743D
:10EF40009CADED749DADEE74CDCEEF74B1EAF0746E
:10EF50009EADF1749FADF274A0ADF37440AEF47445
:10EF6000B2EAF57441AEF674BFC6F774C9B4F8746A
:10EF700042AEF97443AEFA7444AEFB7445AEFC7411
:10EF800046AEFD7447AEFE7448AEFF74B3EA00753A
:10EF900049AE01754AAE02754BAE03754CAE0475B1
:10EFA000E7D505754DAE06754EAE07754FAE0875C3
:10EFB00050AE097551AE0A7552AE0B7553AE0C7555
:10EFC00054AE0D75F9DD0E7555AE0F75B4EA1075BA
:10EFD00056AE1175B5EA127557AE1375B6EA1475CB
:10EFE00058AE157559AE16755AAE17755BAE1875D5
:10EFF000CAB81975B0DF1A75F5C91B755CAE1C75FA
:10F00000F0CC1D755DAE1E755EAE1F75FAC920751C
:10F010005FAE217560AE227561AE237562AE247558
:10F0200063AE2575FBC9267564AE277565AE287578
:10F03000C3D32975A6CB2A7566AE2B75A6B82C75D9
:10F04000AEF02D75C2B12E7567AE2F75B8E530756F
:10F05000EFCC3175C9D33275D7BC3375EAC9347575
:10F0600068AE3575E7B5367569AE3775D0C4387595
:10F07000E9B539756AAE3A75AEEE3B75ADBB3C7518
:10F080006BAE3D756CAE3E75DEE73F756DAE40759F
:10F09000AFEE41756EAE42756FAE437570AE44759E
:10F0A00071AE4575A9B3467572AE477573AE4875B6
:10F0B000B2EE497574AE4A7575AE4B75B1EE4C75CE
:10F0C000E7BD4D7576AE4E75B0EE4F75B7CE507547
:10F0D00077AE517578AE527579AE53757AAE547578
:10F0E000CFC555757BAE56757CAE57757DAE5875E0
:10F0F0007EAE5975F4C15A75CEDB5B75B3EE5C75A7
:10F10000F3D05D7580AE5E7581AE5F7582AE607561
:10F1100083AE617584AE627585AE637586AE6475C7
:10F1200087AE6575D4C26675E8C6677588AE6875C2
:10F1300089AE69758AAE6A75ACB76B758BAE6C7546
:10F140008CAE6D758DAE6E758EAE6F758FAE707543
:10F1500090AE717591AE7275B4EE737592AE7475B2
:10F16000EBB3757593AE767594AE777595AE78758D
:10F17000FBBB7975B5EE7A7596AE7B7597AE7C75EF
:10F1800098AE7D7599AE7E759AAE7F75DCE7807519
:10F190009BAE81759CAE82759DAE8375B6EE84750F
:10F1A0009EAE85759FAE8675AEBD8775A0AE88751F
:10F1B00040AF897541AF8A7542AF8B75E2F18C75AE
:10F1C00043AF8D7544AF8E7545AF8F75E8CA9075A6
:10F1D00046AF9175C9D29275DAF0937547AF9475C1
:10F1E000DBF0957548AF9675DCF09775C6C19875DC
:10F1F00049AF9975EDB89A75CEBE9B754AAF9C75AF
:10F200004BAF9D75DEF09E754CAF9F75B1C5A07577
:10F21000DDF0A175F1D1A2754DAFA375E0F0A47535
:10F22000CCB0A575EABDA6754EAFA7754FAFA87552
:10F2300050AFA97551AFAA7552AFAB75DFD2AC759F
:10F24000DFF0AD7553AFAE75AFB4AF75E8B7B0755D
:10F25000E6F0B175E5F0B275A3C6B375E1F0B4752B
:10F26000E2F0B575C3B4B67554AFB77555AFB875A0
:10F27000E3F0B975EED5BA7556AFBB7557AFBC752F
:10F28000DBCCBD75D2BEBE75B2BCBF7558AFC07504
:10F2900059AFC1755AAFC275E8F0C375E7F0C475D0
:10F2A000E4F0C575A1B2C6755BAFC775A2D6C875C7
:10F2B000B8D3C975B7BECA75ACC8CB755CAFCC75D1
:10F2C0005DAFCD75EAF0CE755EAFCF755FAFD0752F
:10F2D00060AFD17561AFD275F7D1D37562AFD47518
:10F2E000CCD6D575DBBAD675E9F0D77563AFD875CE
:10F2F000BBB6D97564AFDA7565AFDB75B4CDDC75B7
:10F3000066AFDD7567AFDE75A6C6DF7568AFE07501
:10F3100069AFE1756AAFE275A1C1E375EBF0E47521
:10F32000EEF0E5756BAFE675EDF0E775F0F0E875BA
:10F33000ECF0E9756CAFEA75BEBBEB75EFF0EC7500
:10F340006DAFED756EAFEE756FAFEF7570AFF075B9
:10F35000B5CCF175F2F0F27571AFF37572AFF4756B
:10F36000D5B3F57573AFF67574AFF77575AFF875FE
:10F3700076AFF975D4B1FA7577AFFB7578AFFC75D8
:10F38000F3F0FD7579AFFE757AAFFF75F4F0007696
:10F39000F6F00176E1B402767BAF0376F1F0047605
:10F3A0007CAF0576F7F006767DAF07767EAF087600
:10F3B00080AF097681AF0A76FAF00B7682AF0C76D1
:10F3C000F8F00D7683AF0E7684AF0F7685AF1076AA
:10F3D000F5F0117686AF127687AF137688AF147684
:10F3E00089AF1576FDF016768AAF1776F9F01876A4
:10F3F000FCF01976FEF01A768BAF1B76A1F11C7625
:10F400008CAF1D768DAF1E768EAF1F76C1CE207667
:10F41000A4F121768FAF2276A3F1237690AF2476E4
:10F42000F6C12576FBF02676DDCA277691AF2876E1
:10F4300092AF2976F1B42A76F1B12B76B1CC2C7645
:10F4400093AF2D76A6F12E7694AF2F7695AF3076CA
:10F45000A7F1317696AF327697AF3376ACF134764A
:10F46000CED53576A9F1367698AF377699AF38761E
:10F47000B3C839769AAF3A769BAF3B769CAF3C7671
:10F48000A2F13D769DAF3E76ABF13F76A8F1407696
:10F49000A5F141769EAF42769FAF4376AAF14476BE
:10F4A000A0AF457640B0467641B0477642B0487648
:10F4B00043B0497644B04A7645B04B7646B04C7678
:10F4C000A9B04D76ADF14E7647B04F7648B0507644
:10F4D00049B051764AB052764BB053764CB0547620
:10F4E000AFF155764DB05676B1F157764EB05876AD
:10F4F0004FB0597650B05A7651B05B7652B05C76C8
:10F50000B0F15D7653B05E76AEF15F7654B0607662
:10F5100055B0617656B0627657B06376A2D1647604
:10F5200058B0657659B066765AB067765BB0687643
:10F530005CB069765DB06A765EB06B76B2F16C767F
:10F540005FB06D7660B06E7661B06F76B3F1707655
:10F5500062B0717663B0727664B0737665B07476BB
:10F5600066B0757667B0767668B0777669B078768B
:10F57000EFB979766AB07A766BB07B76C7B57C7670
:10F580006CB07D76D7B07E76D9B07F766DB0807660
:10F590006EB081766FB08276EDD4837670B084766B
:10F5A000C4B5857671B08676D4BD8776CABB8876B9
:10F5B000A7F0897672B08A7673B08B76DEB88C76D7
:10F5C00074B08D7675B08E76A8F08F7676B0907622
:10F5D00077B09176A8B0927678B09376A9F09476C9
:10F5E00079B095767AB09676EECD97767BB09876B0
:10F5F0007CB09976AAF09A767DB09B767EB09C76A8
:10F6000080B09D7681B09E7682B09F7683B0A076E2
:10F6100084B0A17685B0A27686B0A37687B0A476B2
:10F62000ABF0A57688B0A67689B0A7768AB0A87622
:10F630008BB0A9768CB0AA768DB0AB768EB0AC7656
:10F640008FB0AD7690B0AE76A4C6AF7691B0B076FE
:10F6500092B0B176E5D6B276E4F1B37693B0B476F3
:10F66000E5F1B57694B0B67695B0B77696B0B87643
:10F6700097B0B97698B0BA7699B0BB769AB0BC76A6
:10F680009BB0BD769CB0BE769DB0BF76F3C3C0760E
:10F690009EB0C1769FB0C276DBD3C376A0B0C476ED
:10F6A00040B1C576D1D6C676E8C5C77641B1C87631
:10F6B000AFD3C97642B1CA76E6D2CB7643B1CC7627
:10F6C00044B1CD76C1EECE76BBB0CF76B5D5D0768F
:10F6D000CED1D176E0BCD276D0BAD37645B1D4764D
:10F6E000F8BFD57646B1D676C7B8D776C1B5D87645
:10F6F000CCC5D97647B1DA7648B1DB76A2CADC76DA
:10F7000049B1DD764AB1DE764BB1DF76CBC3E07628
:10F710004CB1E1764DB1E2764EB1E3764FB1E4768D
:10F7200050B1E576C2EEE67651B1E77652B1E876B1
:10F7300053B1E97654B1EA7655B1EB7656B1EC7631
:10F7400057B1ED7658B1EE76BFC4EF76A2B6F0763B
:10F7500059B1F176ECEDF276A4C3F3765AB1F476B2
:10F76000B1D6F5765BB1F6765CB1F7765DB1F87639
:10F77000E0CFF976EFEDFA765EB1FB765FB1FC761D
:10F78000CEC5FD7660B1FE76DCB6FF7661B100775E
:10F7900062B10177A1CA027763B1037764B10477DC
:10F7A000EDED057765B1067766B10777F0ED08777F
:10F7B000F1ED0977BCC30A7767B10B77B4BF0C775B
:10F7C00068B10D77EEED0E7769B10F776AB11077FA
:10F7D0006BB111776CB112776DB113776EB114778D
:10F7E0006FB1157770B1167771B1177772B118775D
:10F7F00073B11977F4ED1A77F2ED1B7774B11C77BA
:10F8000075B11D7776B11E7777B11F77E6D5207772
:10F81000DFC3217778B12277F3ED237779B12477AD
:10F820007AB125777BB12677F6ED27777CB12877FB
:10F83000A3D52977A3D12A777DB12B777EB12C77F9
:10F8400080B12D77F5ED2E7781B12F77D0C330774A
:10F8500082B1317783B1327784B1337785B1347730
:10F8600086B13577F7ED3677F4BF3777ECBE38776A
:10F87000F8ED397787B13A77F7CC3B7788B13C77A9
:10F88000DBD13D7789B13E778AB13F778BB1407745
:10F89000C5D74177F6D542778CB14377FCED4477F5
:10F8A0008DB145778EB146778FB14777FBED4877BD
:10F8B00090B1497791B14A7792B14B7793B14C7738
:10F8C00094B14D7795B14E7796B14F7797B1507708
:10F8D000F9ED5177FAED527798B1537799B15477A2
:10F8E0009AB155779BB156779CB157779DB15877B0
:10F8F0009EB159779FB15A77FDED5B77A6BE5C77D5
:10F90000A0B15D7740B25E7741B25F7742B2607777
:10F9100043B26177AFCB6277A1EE6377BDB6647710
:10F9200044B26577A2EE6677C0C4677745B2687760
:10F93000FEED697746B26A7747B26B77DEBD6C77CA
:10F94000C7B26D7748B26E7749B26F774AB27077B7
:10F950004BB271774CB272774DB273774EB2747707
:10F960004FB2757750B2767751B2777752B27877D7
:10F9700053B27977C3B67A7754B27B7755B27C7736
:10F9800056B27D77A5EE7E77BAD87F77A3EE8077E3
:10F99000A6EE817757B2827758B2837759B28477CF
:10F9A000E9C38577F2B386775AB287775BB28877F7
:10F9B0005CB289775DB28A775EB28B775FB28C7703
:10F9C000A7EE8D77A4EE8E77B9CF8F7760B2907760
:10F9D00061B29177A8EE9277F7C2937762B294778B
:10F9E00063B2957764B2967765B2977766B2987787
:10F9F00067B2997768B29A7769B29B776AB29C7757
:10FA00006BB29D776CB29E776DB29F77A9EEA077AF
:10FA1000AAEEA1776EB2A277ABDEA3776FB2A4771E
:10FA200070B2A577B3C6A67771B2A777C6C7A87715
:10FA300072B2A977F5D6AA77C9B5AB7773B2AC77AE
:10FA4000B2CBAD7774B2AE7775B2AF7776B2B0772E
:10FA5000ABEEB17777B2B27778B2B377ABCDB4779C
:10FA600079B2B577ACEEB6777AB2B7777BB2B877C2
:10FA70007CB2B9777DB2BA777EB2BB77B0D5BC77AE
:10FA800080B2BD77ADEEBE7781B2BF77C4F6C077E6
:10FA900082B2C17783B2C27784B2C37785B2C477AA
:10FAA00086B2C57787B2C67788B2C77789B2C8777A
:10FAB0008AB2C9778BB2CA778CB2CB778DB2CC774A
:10FAC0008EB2CD77C7DBCE778FB2CF7790B2D077BB
:10FAD00091B2D17792B2D27793B2D37794B2D477EE
:10FAE00095B2D57796B2D67797B2D777A3B4D877B1
:10FAF00098B2D97799B2DA779AB2DB77ACC3DC7770
:10FB0000E6F1DD779BB2DE779CB2DF779DB2E077DE
:10FB10009EB2E1779FB2E277B8CAE377D3D2E477B7
:10FB2000A0B2E577AAD6E67740B3E777F2EFE877B9
:10FB300041B3E977D8BEEA7742B3EB77C3BDEC7740
:10FB4000F3EFED77CCB6EE77ABB0EF7743B3F0776A
:10FB500044B3F17745B3F27746B3F377AFCAF4779E
:10FB600047B3F57748B3F677B6EDF77749B3F8774B
:10FB7000B7EDF9774AB3FA774BB3FB774CB3FC7721
:10FB80004DB3FD77F9CEFE77AFB7FF77F3BF0078BF
:10FB9000B8ED0178EBC20278B0C903784EB30478AF
:10FBA0004FB3057850B3067851B3077852B308784D
:10FBB00053B30978B9ED0A7854B30B7855B30C7880
:10FBC000F6C60D78B3BF0E7856B30F7857B31078DA
:10FBD00058B31178BCED1278F8C5137859B314787E
:10FBE000D0D115785AB31678A9D71778BAED187806
:10FBF000BBED19785BB31A78E2D11B785CB31C7843
:10FC0000BFED1D78C0ED1E785DB31F78C4ED207880
:10FC10005EB321785FB3227860B32378C8ED24788F
:10FC200061B32578C6ED2678CEED2778E8D528781B
:10FC300062B32978C9ED2A7863B32B7864B32C7842
:10FC4000C7ED2D78BEED2E7865B32F7866B330788A
:10FC5000E9C5317867B3327868B3337869B33478FB
:10FC6000C6C635786AB336786BB33778E9C9387861
:10FC7000D2D43978C1ED3A78C2ED3B78C3ED3C7807
:10FC8000C5ED3D786CB33E78F9C03F786DB34078F0
:10FC9000A1B441786EB342786FB3437870B34478BF
:10FCA00071B34578E8B9467872B34778D0ED4878B3
:10FCB00073B3497874B34A7875B34B7876B34C789C
:10FCC000D1ED4D7877B34E78CAED4F7878B3507850
:10FCD000CFED517879B35278F8CE53787AB354781F
:10FCE0007BB35578B6CB5678CCED5778CDED5878B8
:10FCF0007CB359787DB35A787EB35B7880B35C78F7
:10FD000081B35D78F5CF5E7882B35F7883B3607836
:10FD100084B3617885B3627886B3637887B3647897
:10FD200088B3657889B366788AB367788BB3687867
:10FD30008CB369788DB36A78D2ED6B78F2C16C7848
:10FD4000B2D36D78CBED6E78B7C86F788EB370781C
:10FD50008FB3717890B3727891B3737892B37478EB
:10FD600093B3757894B3767895B37778EFBC787859
:10FD700096B3797897B37A7898B37B7899B37C788F
:10FD8000F0C57D789AB37E789BB37F789CB38078FA
:10FD90009DB381789EB382789FB38378A0B3847833
:10FDA00040B4857841B4867842B48778D6ED8878B7
:10FDB00043B48978EFB58A7844B48B7845B48C78AD
:10FDC000B5C28D78ADB08E78E9CB8F7846B4907897
:10FDD00047B49178AEB1927848B49378D4ED9478E2
:10FDE00049B495784AB496784BB49778EBCD987827
:10FDF000E2B599784CB49A78D5ED9B78D3ED9C78A0
:10FE0000D7ED9D784DB49E784EB49F78FAB5A07822
:10FE10004FB4A178D8EDA27850B4A378D9EDA478E6
:10FE200051B4A578DCEDA67852B4A778CCB1A87807
:10FE300053B4A97854B4AA7855B4AB7856B4AC7816
:10FE400057B4AD7858B4AE7859B4AF785AB4B078E6
:10FE5000F6C5B178EEBCB278DAEDB378BCCCB47844
:10FE6000EAB2B5785BB4B6785CB4B7785DB4B8780C
:10FE70005EB4B978DBEDBA785FB4BB7860B4BC78B7
:10FE800061B4BD7862B4BE78EBC4BF7863B4C078A7
:10FE900064B4C178C5B4C27865B4C37866B4C478B4
:10FEA00067B4C578F5B0C67868B4C77869B4C8785F
:10FEB0006AB4C978DFEDCA78DAC0CB78E8B4CC7818
:10FEC0006BB4CD786CB4CE786DB4CF786EB4D07896
:10FED000CDC5D1786FB4D27870B4D37871B4D478FA
:10FEE000DDEDD578C4BFD67872B4D77873B4D8783E
:10FEF00074B4D978DEEDDA7875B4DB7876B4DC7872
:10FF000077B4DD7878B4DE7879B4DF787AB4E078E5
:10FF10007BB4E1787CB4E2787DB4E3787EB4E478B5
:10FF200080B4E57881B4E67882B4E77883B4E87881
:10FF3000A5C4E97884B4EA7885B4EB7886B4EC7823
:10FF4000E0EDED7887B4EE7888B4EF7889B4F07896
:10FF50008AB4F1788BB4F278E1EDF3788CB4F4786C
:10FF6000E3EDF5788DB4F6788EB4F778D7C1F878EC
:10FF70008FB4F97890B4FA78C7BBFB7891B4FC7869
:10FF800092B4FD7893B4FE7894B4FF7895B4007978
:10FF900096B40179B8BD027997B4037998B404791D
:10FFA00099B40579E2ED06799AB407799BB408799A
:10FFB0009CB409799DB40A799EB40B799FB40C79ED
:10FFC000A0B40D7940B50E7941B50F7942B51079DD
:10FFD00043B5117944B5127945B51379E4ED147937
:10FFE00046B5157947B5167948B5177949B51879E1
:10FFF0004AB519794BB51A794CB51B794DB51C79B1
:020000040801F1
:100000004EB51D794FB51E79E6ED1F7950B52079B3
:1000100051B5217952B5227953B5237954B5247954
:10002000E5ED257955B5267956B5277957B528795F
:1000300058B5297959B52A795AB52B795BB52C79F8
:100040005CB52D795DB52E795EB52F795FB53079C8
:1000500060B5317961B5327962B5337963B5347998
:10006000E7ED357964B5367965B5377966B53879B0
:1000700067B5397968B53A79BECA3B79EAEC3C791B
:10008000F1C03D7969B53E79E7C93F796AB54079F4
:10009000EBEC4179EEC642796BB543796CB54479A6
:1000A0006DB545796EB54679ECEC47796FB5487911
:1000B000EDC64979EDEC4A7970B54B7971B54C795B
:1000C00072B54D7973B54E7974B54F7975B5507970
:1000D00076B5517977B5527978B55379F0EC547992
:1000E00079B555797AB55679E6D75779F3EC5879D9
:1000F0007BB559797CB55A79F1EC5B79EEEC5C799A
:10010000EFEC5D79A3D75E79F1C95F79EECB6079C9
:10011000F4EC61797DB56279F2EC63797EB564794E
:1001200080B56579E9CF667981B56779F6EC68794C
:10013000B1C6697982B56A7983B56B7984B56C7912
:1001400085B56D79C0BC6E7986B56F79F5EC70793F
:1001500087B5717988B5727989B573798AB57479FB
:100160008BB575798CB576798DB57779BBB578799E
:10017000F6BB79798EB57A79F7EC7B798FB57C7996
:1001800090B57D7991B57E7992B57F7993B5807977
:10019000F7D98179FBBD827994B5837995B5847956
:1001A000BBC28579F8EC867996B5877997B5887959
:1001B00098B5897999B58A79F9EC8B799AB58C7962
:1001C0009BB58D799CB58E799DB58F79A3B89079C3
:1001D0009EB591799FB59279A0B5937940B69479FF
:1001E00041B6957942B6967943B6977944B69879EF
:1001F00045B6997946B69A79FAEC9B7947B69C79D7
:1002000048B69D7949B69E794AB69F794BB6A07992
:100210004CB6A1794DB6A2794EB6A3794FB6A47962
:1002200050B6A57951B6A67952B6A779FBECA87954
:1002300053B6A97954B6AA7955B6AB7956B6AC7906
:1002400057B6AD7958B6AE7959B6AF795AB6B079D6
:100250005BB6B1795CB6B2795DB6B379FCECB479D2
:100260005EB6B5795FB6B67960B6B77961B6B8797A
:1002700062B6B979EDD3BA79AED8BB79EBC0BC79A7
:1002800063B6BD79DDC7BE79CCBABF7964B6C07933
:10029000E3D0C179BDCBC27965B6C379BACDC47993
:1002A00066B6C57967B6C679D1B8C77968B6C87970
:1002B00069B6C979FCB1CA796AB6CB79EFC7CC798E
:1002C0006BB6CD79D6D6CE796CB6CF796DB6D079FE
:1002D0006EB6D179C6BFD279EBC3D3796FB6D47974
:1002E00070B6D579F5EFD67971B6D77972B6D87977
:1002F000D8C3D97973B6DA7974B6DB7975B6DC7997
:1003000076B6DD7977B6DE7978B6DF79E2D7E0794F
:1003100079B6E1797AB6E2797BB6E379F7EFE479F9
:10032000D3B3E5797CB6E679D8C7E779EDD1E8793A
:100330007DB6E979C8D6EA797EB6EB79F8EFEC7943
:1003400080B6ED79F6EFEE7981B6EF79FDBBF07905
:10035000C6B3F17982B6F27983B6F37984B6F479CB
:1003600085B6F57986B6F67987B6F77988B6F879DD
:10037000D5BDF97989B6FA798AB6FB79C6D2FC7906
:100380008BB6FD79E0BBFE798CB6FF798DB6007A2D
:10039000A1CF017A8EB6027AFCEF037AFBEF047AE2
:1003A0008FB6057A90B6067AF9EF077A91B6087A91
:1003B00092B6097A93B60A7A94B60B7ACCB30C7AD1
:1003C00095B60D7AD4C90E7AB0CB0F7A96B6107A5C
:1003D00097B6117A98B6127A99B6137A9AB6147AB1
:1003E000FEEF157A9BB6167A9CB6177ADEB0187AAD
:1003F0009DB6197A9EB61A7AC9D61B7A9FB61C7A10
:10040000A0B61D7A40B71E7AFDEF1F7A41B7207A59
:10041000EDB3217A42B7227A43B7237AD5F6247A0C
:1004200044B7257A45B7267A46B7277A47B7287A58
:1004300048B7297A49B72A7A4AB72B7A4BB72C7A28
:100440004CB72D7A4DB72E7A4EB72F7A4FB7307AF8
:1004500050B7317A51B7327A52B7337AC8CE347A3C
:1004600053B7357A54B7367A55B7377AA2F0387A17
:1004700056B7397AA1F03A7A57B73B7ABEB53C7A8B
:10048000DABC3D7AFCBB3E7A58B73F7AE5B8407A91
:1004900059B7417A5AB7427A5BB7437A5CB7447A24
:1004A0005DB7457A5EB7467AC2C4477A5FB7487A85
:1004B00060B7497A61B74A7A62B74B7A63B74C7AC8
:1004C00064B74D7A65B74E7A66B74F7A67B7507A98
:1004D00068B7517AA3F0527A69B7537A6AB7547AF7
:1004E0006BB7557A6CB7567A6DB7577AEBCB587AAB
:1004F0006EB7597A6FB75A7A70B75B7A71B75C7A10
:1005000072B75D7A73B75E7A74B75F7A75B7607ADF
:1005100076B7617A77B7627A78B7637A79B7647AAF
:100520007AB7657A7BB7667A7CB7677A7DB7687A7F
:100530007EB7697A80B76A7A81B76B7A82B76C7A4C
:1005400083B76D7A84B76E7A85B76F7A86B7707A1B
:10055000A6F0717A87B7727A88B7737A89B7747A96
:10056000A8D1757A8AB7767ABFBE777AEEC7787ADD
:10057000B6F1797AB7F17A7AD5BF7B7A8BB77C7A84
:100580008CB77D7A8DB77E7A8EB77F7AA9B4807A60
:10059000B8F1817ABBCD827A8FB7837AD4C7847A57
:1005A000ADD5857A90B7867AB9F1877A91B7887A8E
:1005B000BAF1897A92B78A7A93B78B7A94B78C7AA0
:1005C00095B78D7ACFC78E7A96B78F7A97B7907A8C
:1005D00098B7917AA4D2927ACFD6937A99B7947A2F
:1005E0009AB7957ABBF1967AD1BD977AB0B4987ADA
:1005F000BDBE997A9BB79A7A9CB79B7A9DB79C7A35
:10060000DCB49D7AD1CE9E7A9EB79F7ADFBFA07A66
:10061000BDF1A17A9FB7A27AA0B7A37A40B8A47A15
:1006200041B8A57AFABFA67ABCF1A77A42B8A87AEF
:10063000BFF1A97A43B8AA7A44B8AB7A45B8AC7A84
:10064000BEF1AD7AC0F1AE7A46B8AF7A47B8B07AAB
:1006500048B8B17A49B8B27A4AB8B37AC1F1B47A33
:100660004BB8B57A4CB8B67A4DB8B77A4EB8B87AB6
:100670004FB8B97A50B8BA7A51B8BB7A52B8BC7A86
:1006800053B8BD7A54B8BE7A55B8BF7AFEC1C07AA5
:1006900056B8C17A57B8C27A58B8C37A59B8C47A2A
:1006A0005AB8C57A5BB8C67A5CB8C77A5DB8C87AFA
:1006B0005EB8C97A5FB8CA7A60B8CB7AA2C1CC7A80
:1006C00061B8CD7A62B8CE7A63B8CF7A64B8D07A9E
:1006D00065B8D17A66B8D27A67B8D37A68B8D47A6E
:1006E00069B8D57A6AB8D67AFACAD77A6BB8D87A9E
:1006F0006CB8D97ABED5DA7A6DB8DB7A6EB8DC7AA6
:100700006FB8DD7A70B8DE7ABABEDF7AB9BEE07A49
:10071000C2D5E17A71B8E27A72B8E37AA2BFE47A1C
:1007200073B8E57AAFCDE67AB5F1E77A74B8E87ACE
:1007300075B8E97A76B8EA7A77B8EB7A78B8EC7A6D
:1007400079B8ED7ADFBDEE7A7AB8EF7ACBB6F07A87
:100750007BB8F17A7CB8F27A7DB8F37A7EB8F47A15
:1007600080B8F57A81B8F67A82B8F77A83B8F87AE1
:1007700084B8F97AF1D6FA7AC3F3FB7A85B8FC7AB1
:1007800086B8FD7AC4F3FE7A87B8FF7ACDB8007BCD
:1007900088B8017B89B8027B8AB8037BC6F3047BE7
:1007A000C7F3057B8BB8067BCAB0077B8CB8087B88
:1007B000C5F3097B8DB80A7BC9F30B7BF1CB0C7BAE
:1007C0008EB80D7B8FB80E7B90B80F7BCBF3107B70
:1007D00091B8117BA6D0127B92B8137B93B8147B8F
:1007E000CAB1157BC8F3167B94B8177B95B8187BF4
:1007F00096B8197BCFF31A7B97B81B7BD1B51C7BBE
:1008000098B81D7B99B81E7BD7F31F7B9AB8207BC5
:10081000D2F3217B9BB8227B9CB8237B9DB8247BA1
:10082000D4F3257BD3F3267BFBB7277B9EB8287BAD
:10083000BFB1297B9FB82A7BCEF32B7BCAF32C7BDD
:10084000DAB52D7BA0B82E7BD0F32F7B40B9307B5F
:1008500041B9317BD1F3327B42B9337BD5F3347B61
:1008600043B9357B44B9367B45B9377B46B9387BCC
:10087000CDF3397B47B93A7BE3BC3B7B48B93C7B42
:10088000FDC13D7B49B93E7BD6F33F7B4AB9407BF6
:100890004BB9417B4CB9427B4DB9437B4EB9447B4C
:1008A0004FB9457BDAF3467B50B9477BCCF3487BA5
:1008B00051B9497BC8B54A7B52B94B7BEEBD4C7BE5
:1008C000DCF34D7B53B94E7B54B94F7BA4B7507BBF
:1008D000F0BF517BFED6527BB2CD537B55B9547BD2
:1008E000F0B4557B56B9567BDFB2577B57B9587B6E
:1008F000D8F3597B58B95A7BD9F35B7BB8C95C7B79
:1009000059B95D7BDDF35E7B5AB95F7B5BB9607B78
:10091000DEF3617B5CB9627BE1F3637B5DB9647B91
:100920005EB9657B5FB9667B60B9677B61B9687BDF
:1009300062B9697B63B96A7B64B96B7B65B96C7BAF
:1009400066B96D7B67B96E7BDFF36F7B68B9707BCF
:1009500069B9717BE3F3727BE2F3737B6AB9747BF1
:100960006BB9757BDBF3767B6CB9777BEABF787B01
:100970006DB9797BEFB37A7B6EB97B7BE0F37C7BDF
:100980006FB97D7B70B97E7BA9C77F7B71B9807B96
:10099000F2BC817B72B9827B73B9837B74B9847B2F
:1009A00075B9857BEBF3867B76B9877B77B9887BD6
:1009B00078B9897B79B98A7B7AB98B7B7BB98C7B57
:1009C0007CB98D7BBFB98E7B7DB98F7B7EB9907BE7
:1009D000E4F3917B80B9927B81B9937B82B9947B5C
:1009E000ADB2957BFEBB967B83B9977BE3CB987BBF
:1009F00084B9997B85B99A7B86B99B7B87B99C7BA7
:100A0000EDF39D7BE9F39E7B88B99F7B89B9A07B41
:100A10008AB9A17BDCB9A27BEEF3A37B8BB9A47B63
:100A20008CB9A57B8DB9A67BE5F3A77BE6F3A87B04
:100A3000EAF3A97BE1C2AA7BECF3AB7BEFF3AC7BDF
:100A4000E8F3AD7BFDBCAE7B8EB9AF7B8FB9B07BDD
:100A500090B9B17BE4CFB27B91B9B37B92B9B47B4F
:100A6000F0F3B57B93B9B67B94B9B77B95B9B87BF6
:100A7000E7F3B97B96B9BA7B97B9BB7B98B9BC7BD6
:100A800099B9BD7B9AB9BE7B9BB9BF7B9CB9C07B32
:100A90009DB9C17BF2F3C27B9EB9C37B9FB9C47B76
:100AA000A0B9C57B40BAC67BADD7C77BAAC6C87BF9
:100AB00041BAC97B42BACA7B43BACB7B44BACC7B2E
:100AC000F3F3CD7B45BACE7B46BACF7B47BAD07B1A
:100AD00048BAD17BF1F3D27B49BAD37BA8C2D47B8D
:100AE0004ABAD57B4BBAD67B4CBAD77B4DBAD87BAA
:100AF0004EBAD97BDDB8DA7BF5F3DB7B4FBADC7B12
:100B000050BADD7BF4F3DE7B51BADF7B52BAE07B77
:100B100053BAE17BDBB4E27B54BAE37B55BAE47BA6
:100B200056BAE57BF6F3E67BF7F3E77B57BAE87B4B
:100B300058BAE97B59BAEA7BF8F3EB7B5ABAEC7BFB
:100B40005BBAED7B5CBAEE7BBAC0EF7B5DBAF07B43
:100B50005EBAF17BE9C0F27B5FBAF37B60BAF47BEB
:100B600061BAF57B62BAF67B63BAF77BF1C5F87BB5
:100B700064BAF97B65BAFA7B66BAFB7B67BAFC7B21
:100B8000FBF3FD7B68BAFE7BFAF3FF7B69BA007C5E
:100B90006ABA017C6BBA027C6CBA037C6DBA047CC5
:100BA0006EBA057C6FBA067C70BA077CD8B4087C34
:100BB00071BA097C72BA0A7C73BA0B7CFEF30C7CA6
:100BC000F9F30D7C74BA0E7C75BA0F7CFCF3107CC3
:100BD00076BA117C77BA127C78BA137C79BA147C15
:100BE0007ABA157C7BBA167CFDF3177C7CBA187C2C
:100BF0007DBA197C7EBA1A7C80BA1B7C81BA1C7CB7
:100C000082BA1D7C83BA1E7C84BA1F7CA1F4207C2E
:100C100085BA217C86BA227C87BA237C88BA247C58
:100C200089BA257C8ABA267CA3F4277CC9BB287C98
:100C30008BBA297C8CBA2A7CA2F42B7C8DBA2C7CB2
:100C40008EBA2D7C8FBA2E7C90BA2F7C91BA307CD4
:100C500092BA317C93BA327C94BA337C95BA347CA4
:100C600096BA357C97BA367C98BA377C99BA387C74
:100C7000A4F4397C9ABA3A7C9BBA3B7C9CBA3C7C03
:100C80009DBA3D7C9EBA3E7C9FBA3F7CBEB2407C02
:100C9000A6F4417CA5F4427CA0BA437C40BB447CD2
:100CA00041BB457C42BB467C43BB477C44BB487C44
:100CB00045BB497C46BB4A7C47BB4B7C48BB4C7C14
:100CC00049BB4D7CAEBC4E7C4ABB4F7C4BBB507C81
:100CD0004CBB517C4DBB527C4EBB537C4FBB547CB8
:100CE00050BB557C51BB567C52BB577C53BB587C88
:100CF00054BB597C55BB5A7C56BB5B7C57BB5C7C58
:100D000058BB5D7C59BB5E7C5ABB5F7C5BBB607C27
:100D10005CBB617C5DBB627C5EBB637C5FBB647CF7
:100D200060BB657C61BB667C62BB677C63BB687CC7
:100D300064BB697C65BB6A7C66BB6B7C67BB6C7C97
:100D400068BB6D7C69BB6E7C6ABB6F7C6BBB707C67
:100D50006CBB717C6DBB727C6EBB737CD7C3747CC7
:100D6000E1D9757C6FBB767C70BB777C71BB787C7E
:100D700072BB797C73BB7A7C74BB7B7CE0C07C7C6F
:100D8000CCF47D7CD1D77E7C75BB7F7C76BB807CB0
:100D900077BB817C78BB827C79BB837C7ABB847C8B
:100DA0007BBB857C7CBB867C7DBB877C7EBB887C5B
:100DB00080BB897CDBB78A7C81BB8B7C82BB8C7CD3
:100DC00083BB8D7C84BB8E7C85BB8F7C86BB907CFB
:100DD00087BB917CCEF4927CA3C1937C88BB947C2E
:100DE00089BB957CC9C6967C8ABB977CD6B4987C17
:100DF000B3D5997C8BBB9A7C8CBB9B7C8DBB9C7C3C
:100E0000D0F49D7CCFF49E7CD1F49F7CDACBA07C87
:100E10008EBBA17C8FBBA27CD2F4A37C90BBA47CB4
:100E2000C1D4A57CE0D6A67C91BBA77C92BBA87C54
:100E300093BBA97C94BBAA7CE0B7AB7C95BBAC7C94
:100E400096BBAD7C97BBAE7CB8C1AF7C98BBB07C89
:100E500099BBB17CBBC1B27CD3F4B37CACBEB47CD7
:100E60009ABBB57C9BBBB67C9CBBB77C9DBBB87C5E
:100E70009EBBB97CE2B4BA7C9FBBBB7CA0BBBC7CF4
:100E8000D4F4BD7CD5F4BE7CABBEBF7C40BCC07C82
:100E900041BCC17CD6F4C27C42BCC37C43BCC47C94
:100EA00044BCC57CDBF4C67C45BCC77CD7F4C87C9D
:100EB000DAF4C97C46BCCA7CFDBACB7C47BCCC7C8E
:100EC000D8F4CD7CD9F4CE7C48BCCF7C49BCD07C56
:100ED0004ABCD17C4BBCD27C4CBCD37C4DBCD47CBA
:100EE0004EBCD57CE2B8D67CC7CCD77CDCF4D87CB1
:100EF0004FBCD97CDAB2DA7C50BCDB7C51BCDC7CE8
:100F0000D3C3DD7C52BCDE7C53BCDF7CE3D4E07C0D
:100F1000B7BFE17C54BCE27C55BCE37C56BCE47CAE
:100F200057BCE57C58BCE67C59BCE77C5ABCE87CE5
:100F3000DDF4E97C5BBCEA7C5CBCEB7C5DBCEC7CFE
:100F40005EBCED7C5FBCEE7C60BCEF7CB4C5F07C2D
:100F500061BCF17C62BCF27C63BCF37C64BCF47C5D
:100F600065BCF57C66BCF67C67BCF77C68BCF87C2D
:100F7000E9F4F97C69BCFA7C6ABCFB7CB5CFFC7CEB
:100F80006BBCFD7C6CBCFE7C6DBCFF7C6EBC007DD4
:100F90006FBC017D70BC027D71BC037D72BC047DA1
:100FA00073BC057D74BC067D75BC077D76BC087D71
:100FB00077BC097D78BC0A7DC9CE0B7D79BC0C7DE0
:100FC0007ABC0D7D7BBC0E7D7CBC0F7D7DBC107D15
:100FD0007EBC117D80BC127D81BC137D82BC147DE2
:100FE00083BC157D84BC167D85BC177D86BC187DB1
:100FF00087BC197D88BC1A7D89BC1B7D8ABC1C7D81
:101000008BBC1D7D8CBC1E7D8DBC1F7D8EBC207D50
:10101000D8CB217D8FBC227DF7CB237D90BC247D56
:1010200091BC257D92BC267D93BC277DF4BD287D97
:1010300094BC297D95BC2A7D96BC2B7DCFD72C7D79
:1010400097BC2D7D98BC2E7D99BC2F7DDBC0307D5B
:101050009ABC317D9BBC327D9CBC337D9DBC347D74
:101060009EBC357D9FBC367DA0BC377D40BD387DA4
:1010700041BD397D42BD3A7D43BD3B7D44BD3C7D94
:1010800045BD3D7D46BD3E7D47BD3F7D48BD407D64
:1010900049BD417D4ABD427D4BBD437D4CBD447D34
:1010A0004DBD457D4EBD467D4FBD477D50BD487D04
:1010B00051BD497D52BD4A7D53BD4B7D54BD4C7DD4
:1010C00055BD4D7D56BD4E7D57BD4F7D58BD507DA4
:1010D00059BD517D5ABD527D5BBD537D5CBD547D74
:1010E0005DBD557D5EBD567D5FBD577D60BD587D44
:1010F00061BD597D62BD5A7D63BD5B7D64BD5C7D14
:1011000065BD5D7D66BD5E7D67BD5F7D68BD607DE3
:1011100069BD617D6ABD627D6BBD637D6CBD647DB3
:101120006DBD657D6EBD667D6FBD677D70BD687D83
:1011300071BD697D72BD6A7D73BD6B7D74BD6C7D53
:1011400075BD6D7D76BD6E7DF5D06F7D77BD707D93
:1011500078BD717D79BD727D7ABD737D7BBD747DF7
:101160007CBD757D7DBD767D7EBD777DEAF4787D25
:1011700080BD797D81BD7A7D82BD7B7D83BD7C7D97
:1011800084BD7D7D85BD7E7D86BD7F7D87BD807D67
:1011900088BD817D89BD827D8ABD837D8BBD847D37
:1011A0008CBD857D8DBD867D8EBD877D8FBD887D07
:1011B00090BD897D91BD8A7D92BD8B7D93BD8C7DD7
:1011C00094BD8D7D95BD8E7D96BD8F7D97BD907DA7
:1011D00098BD917D99BD927D9ABD937D9BBD947D77
:1011E0009CBD957D9DBD967D9EBD977D9FBD987D47
:1011F000A0BD997D40BE9A7D41BE9B7D42BE9C7D37
:1012000043BE9D7D44BE9E7D45BE9F7D46BEA07D66
:1012100047BEA17D48BEA27D49BEA37D4ABEA47D36
:101220004BBEA57D4CBEA67DEBF4A77D4DBEA87D33
:101230004EBEA97D4FBEAA7D50BEAB7D51BEAC7DDA
:1012400052BEAD7D53BEAE7DECF4AF7D54BEB07DDD
:1012500055BEB17D56BEB27D57BEB37D58BEB47D7E
:1012600059BEB57D5ABEB67D5BBEB77D5CBEB87D4E
:101270005DBEB97D5EBEBA7D5FBEBB7D60BEBC7D1E
:1012800061BEBD7D62BEBE7D63BEBF7D64BEC07DEE
:1012900065BEC17D66BEC27D67BEC37D68BEC47DBE
:1012A00069BEC57D6ABEC67D6BBEC77D6CBEC87D8E
:1012B0006DBEC97D6EBECA7D6FBECB7D70BECC7D5E
:1012C00071BECD7D72BECE7D73BECF7D74BED07D2E
:1012D00075BED17D76BED27D77BED37D78BED47DFE
:1012E00079BED57D7ABED67D7BBED77D7CBED87DCE
:1012F0007DBED97D7EBEDA7D80BEDB7D81BEDC7D9C
:1013000082BEDD7D83BEDE7D84BEDF7D85BEE07D69
:1013100086BEE17D87BEE27D88BEE37D89BEE47D39
:101320008ABEE57D8BBEE67D8CBEE77D8DBEE87D09
:101330008EBEE97D8FBEEA7D90BEEB7D91BEEC7DD9
:1013400092BEED7D93BEEE7D94BEEF7D95BEF07DA9
:1013500096BEF17D97BEF27D98BEF37D99BEF47D79
:101360009ABEF57D9BBEF67D9CBEF77D9DBEF87D49
:101370009EBEF97D9FBEFA7DA0BEFB7D40BFFC7D79
:1013800041BFFD7D42BFFE7D43BFFF7D44BF007E68
:1013900045BF017E46BF027E47BF037E48BF047E35
:1013A00049BF057E4ABF067E4BBF077E4CBF087E05
:1013B0004DBF097E4EBF0A7E4FBF0B7E50BF0C7ED5
:1013C00051BF0D7E52BF0E7E53BF0F7E54BF107EA5
:1013D00055BF117E56BF127E57BF137E58BF147E75
:1013E00059BF157E5ABF167E5BBF177E5CBF187E45
:1013F0005DBF197E5EBF1A7E5FBF1B7E60BF1C7E15
:1014000061BF1D7E62BF1E7E63BF1F7E64BF207EE4
:1014100065BF217E66BF227E67BF237E68BF247EB4
:1014200069BF257E6ABF267E6BBF277E6CBF287E84
:101430006DBF297E6EBF2A7E6FBF2B7E70BF2C7E54
:1014400071BF2D7E72BF2E7E73BF2F7E74BF307E24
:1014500075BF317E76BF327E77BF337E78BF347EF4
:1014600079BF357E7ABF367E7BBF377E7CBF387EC4
:101470007DBF397E7EBF3A7E80BF3B7EE3F73C7EF8
:1014800081BF3D7E82BF3E7E83BF3F7E84BF407E64
:1014900085BF417EB1B7427E86BF437E87BF447E13
:1014A00088BF457E89BF467E8ABF477EEDF4487E71
:1014B0008BBF497E8CBF4A7E8DBF4B7E8EBF4C7EDC
:1014C0008FBF4D7E90BF4E7E91BF4F7E92BF507EAC
:1014D00093BF517E94BF527E95BF537E96BF547E7C
:1014E00097BF557E98BF567E99BF577E9ABF587E4C
:1014F0009BBF597E9CBF5A7E9DBF5B7E9EBF5C7E1C
:101500009FBF5D7EA0BF5E7E40C05F7E41C0607EAB
:1015100042C0617E43C0627E44C0637E45C0647E3B
:1015200046C0657E47C0667E48C0677E49C0687E0B
:101530004AC0697E4BC06A7E4CC06B7E4DC06C7EDB
:101540004EC06D7E4FC06E7E50C06F7E51C0707EAB
:1015500052C0717E53C0727E54C0737E55C0747E7B
:1015600056C0757E57C0767E58C0777E59C0787E4B
:101570005AC0797E5BC07A7E5CC07B7E5DC07C7E1B
:101580005EC07D7E5FC07E7E60C07F7E61C0807EEB
:1015900062C0817E63C0827EEBD7837E64C0847E1E
:1015A00065C0857E66C0867E67C0877E68C0887E8F
:1015B00069C0897E6AC08A7E6BC08B7E6CC08C7E5F
:1015C0006DC08D7E6EC08E7E6FC08F7E70C0907E2F
:1015D00071C0917E72C0927E73C0937E74C0947EFF
:1015E00075C0957E76C0967E77C0977E78C0987ECF
:1015F00079C0997E7AC09A7E7BC09B7EEEF49C7EF9
:101600007CC09D7E7DC09E7E7EC09F7EF9E6A07ED2
:10161000C0BEA17EFAE6A27EECBAA37EFBE6A47E63
:10162000CBCFA57EFCE6A67EBCD4A77EB6BCA87EAA
:10163000FDE6A97EFEE6AA7ECDBCAB7ED2C8AC7E1E
:10164000B3CEAD7EA1E7AE7E80C0AF7EBFB4B07E2C
:10165000A2E7B17EB4C9B27ED9B8B37EC9C4B47EA4
:1016600081C0B57EDDD7B67EDAC2B77ED7B7B87E89
:10167000BDD6B97EC6CEBA7EC4B7BB7E82C0BC7EA4
:1016800083C0BD7EA6C5BE7EA3E7BF7EDFCFC07E82
:10169000A4E7C17EA5E7C27EA6E7C37EB7C1C47E2C
:1016A000E9D7C57EF0C9C67EB8CFC77EAFD6C87EA3
:1016B000D5D6C97EA7E7CA7EEDB0CB7EA8E7CC7EA3
:1016C000A9E7CD7EDCC9CE7EEFD2CF7EADBED07E87
:1016D000AAE7D17EF3B0D27EDEC8D37EE1BDD47E50
:1016E000ABE7D57EC6C8D67E84C0D77EACE7D87EB1
:1016F000E6BBD97EF8B8DA7EA4D1DB7EADE7DC7E2E
:10170000E7C2DD7EF8BEDE7ECABDDF7EB3CDE07E01
:10171000AEE7E17EAFE7E27EEEBEE37EE5D0E47EBB
:1017200085C0E57EE7CBE67ED0CCE77ECCBCE87E0C
:10173000B0E7E97EA8BCEA7EF7D0EB7EB1E7EC7EAD
:1017400086C0ED7EF8D0EE7EB2E7EF7EB3E7F07EA6
:10175000C2B4F17EB4E7F27EB5E7F37EFEC9F47E53
:10176000ACCEF57EE0C3F67EB7E7F77EC1B1F87E7A
:10177000F1B3F97E87C0FA7EB8E7FB7EB9E7FC7E5D
:10178000DBD7FD7EC0D5FE7EBAE7FF7ECCC2007FF0
:10179000BAD7017FBBE7027FBCE7037FBDE7047FC9
:1017A000EABC057FE5C3067FC2C0077FBEE7087FAE
:1017B000BFE7097FA9BC0A7F88C00B7FC0E70C7F09
:1017C000C1E70D7FB6E70E7FD0B60F7FC2E7107F6F
:1017D00089C0117FC3E7127FC4E7137FBABB147FB0
:1017E000DEB5157FC6C2167FE0B1177FC5E7187F4B
:1017F000B5D4197FC6E71A7FBFB81B7FC8E71C7F27
:10180000C7E71D7FECB71E7F8AC01F7FC9E7207F17
:10181000F8B2217FCAE7227FCBE7237FCCE7247F82
:10182000CDE7257FCEE7267FCFE7277FD0E7287F4C
:10183000A7D3297FF5CB2A7FD1E72B7FD2E72C7F57
:10184000D3E72D7FD4E72E7FC9C92F7FD5E7307F1F
:10185000D6E7317FD7E7327FD8E7337FD9E7347FC8
:10186000C9BD357FDAE7367FBEF3377F8BC0387F5F
:10187000D7B8397F8CC03A7FB1C83B7F8DC03C7FE1
:101880008EC03D7F8FC03E7F90C03F7F91C0407F24
:1018900092C0417F93C0427FBFF3437F94C0447F97
:1018A000C0F3457FC1F3467F95C0477F96C0487F10
:1018B00097C0497F98C04A7F99C04B7F9AC04C7FA0
:1018C0009BC04D7F9CC04E7F9DC04F7F9EC0507F70
:1018D000DEB9517FF8CD527F9FC0537FA0C0547FA7
:1018E000E8D8557FB1BA567F40C1577FDEC2587FD6
:1018F000B7EE597F41C15A7FA3B75B7F42C15C7F7E
:1019000043C15D7F44C15E7F45C15F7FB9EE607FAB
:1019100046C1617FB8EE627FD5B0637F47C1647F07
:1019200048C1657F49C1667F4AC1677F4BC1687FF7
:10193000BBEE697FD6D56A7FEFD76B7F4CC16C7FDA
:101940004DC16D7F4EC16E7FC3D66F7F4FC1707F1B
:1019500050C1717FBDEE727FF0CA737F51C1747F39
:10196000BCEE757F52C1767F53C1777F54C1787FBB
:1019700055C1797FBEEE7A7F56C17B7F57C17C7F90
:1019800058C17D7F59C17E7FC0EE7F7F5AC1807F65
:101990005BC1817FBFEE827F5CC1837F5DC1847F3D
:1019A0005EC1857F5FC1867F60C1877F61C1887F9F
:1019B00062C1897F63C18A7FF2D18B7F64C18C7FD2
:1019C000BCC78D7F65C18E7FC0C38F7F66C1907F8E
:1019D00067C1917F68C1927F69C1937F6AC1947F1B
:1019E000E1B8957F6BC1967F6CC1977F6DC1987F81
:1019F0006EC1997F6FC19A7FE7C19B7F70C19C7F49
:101A000071C19D7FC6F49E7FDFD09F7FC7F4A07F0A
:101A100072C1A17FDBCFA27F73C1A37F74C1A47FFA
:101A2000BAC8A57F75C1A67F76C1A77FC8F4A87F75
:101A300077C1A97F78C1AA7F79C1AB7F7AC1AC7F1A
:101A40007BC1AD7F7CC1AE7F7DC1AF7FC9F4B07F6C
:101A5000CAF4B17F7EC1B27FCBF4B37F80C1B47FC3
:101A600081C1B57F82C1B67F83C1B77F84C1B87F92
:101A7000FAD9B97FFEB8BA7F85C1BB7F86C1BC7F6A
:101A8000F1E5BD7FF0D3BE7F87C1BF7FE0F4C07FAB
:101A900088C1C17FCCCEC27F89C1C37F8AC1C47FC8
:101AA0008BC1C57FE1B3C67F8CC1C77F8DC1C87FA5
:101AB0008EC1C97F8FC1CA7FB4F1CB7F90C1CC7F6B
:101AC000EED2CD7F91C1CE7FE1F4CF7F92C1D07FA6
:101AD00093C1D17F94C1D27F95C1D37F96C1D47F6A
:101AE000E8CFD57FE2F4D67F97C1D77F98C1D87F62
:101AF000CCC7D97F99C1DA7F9AC1DB7F9BC1DC7FDC
:101B00009CC1DD7F9DC1DE7F9EC1DF7FD4B5E07FBC
:101B1000E4B4E17FE4F4E27F9FC1E37FA0C1E47F0E
:101B200040C2E57FE3F4E67FE5F4E77F41C2E87F6A
:101B300042C2E97FE6F4EA7F43C2EB7F44C2EC7F16
:101B400045C2ED7F46C2EE7FE7F4EF7F47C2F07FEC
:101B5000B2BAF17FBFB0F27F48C2F37FE8F4F47FFE
:101B600049C2F57F4AC2F67F4BC2F77F4CC2F87F6D
:101B70004DC2F97F4EC2FA7F4FC2FB7FADB7FC7FEB
:101B8000EDD2FD7F50C2FE7F51C2FF7F52C2008066
:101B9000ABD20180CFC0028053C20380BCBF04809F
:101BA000A3EB0580DFD50680C8EA078054C2088011
:101BB00055C2098056C20A8057C20B80F3F10C80CF
:101BC000F8B60D80A3CB0E8058C20F8059C210808A
:101BD000CDC411805AC21280E7F113805BC2148019
:101BE000E8F11580FBB81680E9F11780C4BA1880B7
:101BF000C5D41980D2B01A805CC21B805DC21C8023
:101C0000EAF11D805EC21E805FC21F8060C220801C
:101C1000EBF1218061C22280ECF1238062C224803A
:101C200063C22580EDF12680EEF12780EFF1288058
:101C3000F1F12980F0F12A80D5C52B8064C22C8077
:101C400065C22D8066C22E8067C22F8068C2308038
:101C500069C23180F2F132806AC23380FAB63480D0
:101C60006BC23580F4F13680AED23780C7DE388063
:101C7000CACB39806CC23A806DC23B80DCB33C80F9
:101C80006EC23D80A2B53E806FC23F80A2B9408047
:101C900070C2418071C24280F4C44380F5F1448037
:101CA00072C2458073C24680F6F1478074C2488094
:101CB00075C2498076C24A80C4C14B80FBC14C804A
:101CC000B0D64D80F7F14E8077C24F8078C25080F9
:101CD00079C251807AC25280F8F153807BC254801D
:101CE000AAC155807CC256807DC257807EC2588072
:101CF000B8C6598080C25A80DBBE5B8081C25C80DE
:101D000082C25D8083C25E8084C25F8085C2608043
:101D100086C2618087C2628088C2638089C2648013
:101D20008AC265808BC266808CC267808DC26880E3
:101D30008EC26980F9F16A80CFB46B808FC26C80EB
:101D400090C26D8091C26E8092C26F8093C270808B
:101D500094C27180FAF1728095C2738096C27480C9
:101D600097C2758098C2768099C277809AC278802F
:101D70009BC279809CC27A809DC27B809EC27C80FF
:101D80009FC27D80A0C27E8040C37F80B2ED8080F4
:101D9000B1ED818041C3828042C38380E0CB8480E7
:101DA000DED2858043C38680C1CB8780D8D588802A
:101DB00044C38980E2C88A8045C38B80DFC08C80A1
:101DC000A1BC8D8046C38E8047C38F8048C390805E
:101DD00049C391804AC392804BC39380C1EB9480E6
:101DE0004CC395804DC39680A4D097804EC39880F5
:101DF000E2D699804FC39A80C7B69B80D8B89C80A2
:101E0000C0EB9D80CEB89E8050C39F80BFEBA0806A
:101E1000A6B3A180C9B9A280ABD6A38051C3A480C8
:101E2000F4B7A580CAB7A68052C3A78053C3A880C1
:101E300054C3A980E7BCAA80BEB7AB80C6EBAC8018
:101E400055C3AD80C7EBAE80B9B0AF80CFBFB08017
:101E500056C3B180C5EBB280FDD3B38057C3B48005
:101E6000C8EBB58058C3B68059C3B780C9EBB880FA
:101E70005AC3B9805BC3BA80CEB7BB805CC3BC8099
:101E8000C2EBBD80C4EBBE80F6C9BF80D7D6C08090
:101E9000CDD5C180B2D0C280CFEBC380B8CEC480D4
:101EA000D0EBC5805DC3C680A8B5C7805EC3C880BF
:101EB0005FC3C98060C3CA8061C3CB8062C3CC806A
:101EC000B3B1CD80D2EBCE80A5CCCF8063C3D08020
:101ED00064C3D18065C3D28066C3D38067C3D48016
:101EE00068C3D58069C3D680D6C5D780D3EBD880E8
:101EF0006AC3D980D1EBDA80DFC5DB80CEEBDC8032
:101F0000A4CADD80D5EBDE80FBB0DF806BC3E08050
:101F10006CC3E180FABAE2806DC3E3806EC3E480F3
:101F2000B7D8E580E3F1E6806FC3E780CAEBE880CD
:101F3000CBEBE980CCEBEA80CDEBEB80D6EBEC8011
:101F4000C0E6ED80D9EBEE8070C3EF80E8BFF08093
:101F5000C8D2F180D7EBF280DCEBF380ECB8F480F0
:101F6000D8EBF58071C3F680BABDF78072C3F880F4
:101F7000D8D0F98073C3FA80B7B0FB8074C3FC80FB
:101F8000DDEBFD80DCC4FE8075C3FF8076C300817D
:101F900077C3018178C30281ACD6038179C3048100
:101FA0007AC305817BC30681E0B407817CC30881C5
:101FB0007DC30981F6C20A81B9BC0B817EC30C8145
:101FC00080C30D81DAEB0E81DBEB0F81E0D4108151
:101FD000EAC61181D4C41281DFEB1381A7C5148135
:101FE000F5D9158181C31681B1B2178182C31881D9
:101FF000E4EB198183C31A81C5BD1B8184C31C8195
:1020000085C31D8186C31E81E2EB1F8187C32081AA
:1020100088C3218189C322818AC323818BC3248100
:102020008CC325818DC326818EC327818FC32881D0
:1020300090C3298191C32A8192C32B8193C32C81A0
:10204000E3EB2D8194C32E8195C32F81ACB83081F1
:1020500096C33181D1CD3281E5EB338197C3348191
:1020600098C3358199C33681E1EB37819AC33881B2
:10207000B3C139819BC33A819CC33B819DC33C81E1
:102080009EC33D819FC33E81A2C63F81A0C34081C4
:1020900040C4418141C4428142C4438143C444811C
:1020A00044C4458145C44681F3CC478146C4488138
:1020B000E6EB498147C44A81B0C04B81B8D24C811C
:1020C000E7EB4D8148C44E8149C44F814AC45081D9
:1020D000AFB85181ADB852814BC45381E8EB548104
:1020E000BBC75581F3CD56814CC457814DC458812F
:1020F0004EC45981EAEB5A81EBEB5B814FC45C81A2
:1021000050C45D8151C45E8152C45F8153C46081FB
:10211000EDEB618154C4628155C4638156C464810E
:1021200057C46581C8D0668158C46781F2EB688165
:1021300059C46981EEEB6A815AC46B815BC46C81BE
:102140005CC46D81F1EB6E81F9C86F815DC47081F3
:10215000FCD17181ECEB72815EC473815FC47481C8
:10216000E9EB758160C4768161C4778162C478814E
:1021700063C47981B9B87A81D9CF7B81E5C47C8188
:10218000EFEB7D81F0EB7E81DACC7F81C8CD808161
:10219000F2B0818164C48281F6EB838165C484815D
:1021A00066C4858167C4868168C4878169C4888163
:1021B000F5EB89816AC48A81B2B28B816BC48C8150
:1021C0006CC48D816DC48E816EC48F81E0B89081A6
:1021D0006FC49181F7EB928170C4938171C4948133
:1021E00072C4958173C4968174C4978175C49881B3
:1021F000ECB1998176C49A8177C49B81C5CC9C81CE
:10220000A4C49D81A5CF9E8178C49F8179C4A081FB
:102210007AC4A1817BC4A2817CC4A381F9EBA4818F
:102220007DC4A5817EC4A681A2ECA78180C4A881BB
:10223000F2C5A98181C4AA81FAEBAB8182C4AC81C9
:1022400083C4AD8184C4AE8185C4AF8186C4B081AE
:1022500087C4B18188C4B28189C4B381C5C9B4813E
:102260008AC4B5818BC4B6818CC4B7818DC4B88152
:102270008EC4B9818FC4BA81DFE2BB81FEEBBC8121
:1022800090C4BD8191C4BE8192C4BF8193C4C081FA
:10229000CECDC181A1ECC281DBB1C381B7D3C481F2
:1022A00094C4C58195C4C681DCD2C78196C4C88157
:1022B00097C4C98198C4CA81FDEBCB8199C4CC81F4
:1022C000FBEBCD819AC4CE819BC4CF819CC4D081CD
:1022D0009DC4D1819EC4D2819FC4D381A0C4D48126
:1022E00040C5D58141C5D68142C5D78143C5D88176
:1022F00044C5D98145C5DA8146C5DB8147C5DC8146
:1023000048C5DD8149C5DE814AC5DF814BC5E08115
:102310004CC5E1814DC5E2814EC5E381BCB3E4818A
:102320004FC5E58150C5E68151C5E781B0EAE88136
:1023300052C5E98153C5EA81D4D7EB8154C5EC81FC
:10234000ABF4ED81F4B3EE8155C5EF8156C5F08154
:1023500057C5F18158C5F28159C5F381C1D6F481C1
:10236000C2D6F5815AC5F6815BC5F7815CC5F88197
:102370005DC5F9815EC5FA815FC5FB81E9D5FC8148
:10238000CABEFD8160C5FE81A7F4FF8161C50082E0
:10239000A8D20182A8F40282A9F4038262C5048251
:1023A000AAF40582CBBE0682DFD3078263C508820A
:1023B00064C5098265C50A8266C50B8267C50C8241
:1023C000E0C90D82E1C90E8268C50F8269C510821D
:1023D000C2F311826AC51282E6CA13826BC51482E7
:1023E000F2CC15826CC516826DC517826EC5188237
:1023F0006FC5198270C51A8271C51B82B6E21C8234
:10240000B4CB1D8272C51E82E8CE1F82DBD620822D
:1024100073C52182ADF42282AEF42382AFF424820C
:1024200074C5258275C5268276C5278277C5288220
:10243000B2F4298278C52A82BDBA2B82B3F42C82E9
:10244000E3B02D82B0F42E8279C52F82B1F43082B0
:10245000A2BD3182D5B232827AC53382B6F43482DB
:10246000B7F43582E6B63682B0B23782CFCF388243
:10247000B4F43982ACB43A827BC53B82B5F43C8279
:102480007CC53D827DC53E82B8F43F827EC54082D8
:1024900080C5418281C5428282C5438283C5448210
:1024A000B9F4458284C5468285C54782A7CD488256
:1024B00086C54982BAF44A8287C54B82BBF44C82F6
:1024C00088C54D8289C54E828AC54F82BCF4508230
:1024D0008BC551828CC552828DC553828EC5548264
:1024E0008FC5558290C5568291C5578292C5588234
:1024F000D2CB598293C55A82BDF45B8294C55C826B
:1025000095C55D8296C55E8297C55F82BEF4608286
:1025100098C5618299C562829AC563829BC56482AF
:102520009CC565829DC566829EC567829FC568827F
:10253000BFF46982A0C56A8240C66B8241C66C82C4
:1025400042C66D8243C66E82DEF46F82BCC1708269
:10255000E8BC718244C67282ABC97382DED17482D8
:10256000F5E5758245C6768246C6778247C678828B
:1025700048C67982B3DC7A82D5D27B8249C67C8216
:102580004AC67D82B4DC7E82ACB07F82B5DC8082BC
:102590004BC681824CC68282DABD83824DC684825C
:1025A000B9DC85824EC686824FC6878250C6888235
:1025B000C2D8898251C68A82B7DC8B82F3D38C82DF
:1025C00052C68D82D6C98E82BADC8F82B6DC9082EA
:1025D00053C69182BBDC9282A2C3938254C694827A
:1025E00055C6958256C6968257C69782BCDC98829D
:1025F000C5DC9982BDDC9A8258C69B8259C69C82F2
:10260000DFCE9D82A5D69E825AC69F82CFDCA08255
:102610005BC6A182CDDCA2825CC6A3825DC6A48219
:10262000D2DCA582E6BDA682ABC2A7825EC6A88226
:10263000B8DCA982CBDCAA82CEDCAB82BEDCAC8269
:10264000D2B7AD82C5B0AE82C7DCAF82BED0B08299
:10265000C1DCB182A8BBB2825FC6B382BCB7B48210
:10266000CCDCB58260C6B68261C6B782C6DCB882F1
:10267000BFDCB982DBC7BA8262C6BB8263C6BC82DA
:1026800064C6BD82BFD1BE82C0DCBF8265C6C082C7
:1026900066C6C182CADCC28267C6C38268C6C482FB
:1026A000D0DCC58269C6C6826AC6C782ADCEC88282
:1026B000C2DCC9826BC6CA82C3DCCB82C8DCCC82D6
:1026C000C9DCCD82D4B2CE82D1DCCF82D5CBD08250
:1026D0006CC6D182B7D4D282DBDCD382DFDCD48279
:1026E000A6CCD582E6DCD6826DC6D782E7C3D88277
:1026F000DCDCD9826EC6DA826FC6DB82C1BFDC82C7
:10270000D9DCDD8270C6DE82FAB0DF82B6B9E08243
:10271000E5DCE182D3DCE28271C6E382C4DCE482E0
:10272000D6DCE582F4C8E682E0BFE78272C6E882C2
:1027300073C6E98274C6EA8275C6EB82BBC9EC82B5
:1027400076C6ED8277C6EE8278C6EF82BDB1F082A2
:1027500079C6F182A2D3F2827AC6F3827BC6F48272
:10276000DADCF5827CC6F6827DC6F782D5DCF8829B
:102770007EC6F982BBC6FA8280C6FB82DEDCFC82A2
:1027800081C6FD8282C6FE8283C6FF8284C6008324
:1027900085C60183C2D70283AFC30383B6B7048360
:1027A000D1C70583A9C30683E2DC0783D8DC08838D
:1027B000EBDC0983D4DC0A8386C60B8387C60C83D3
:1027C000DDDC0D8388C60E83A5BE0F83D7DC1083A6
:1027D00089C61183E0DC12838AC613838BC61483F7
:1027E000E3DC1583E4DC16838CC61783F8DC1883DE
:1027F0008DC619838EC61A83E1DC1B83A2DD1C8380
:10280000E7DC1D838FC61E8390C61F8391C620837D
:1028100092C6218393C6228394C6238395C62483BC
:1028200096C6258397C6268398C62783EBBC288344
:10283000C4B4298399C62A839AC62B83A3C32C8345
:10284000E7B22D83FADC2E839BC62F83F2DC308324
:102850009CC63183EFDC32839DC63383FCDC34833A
:10286000EEDC3583F0D23683E8B237839EC63883F8
:10287000D7C83983E3C83A83FBDC3B839FC63C83DC
:10288000EDDC3D83A0C63E8340C73F8341C7408304
:10289000F7DC418342C7428343C74383F5DC44836B
:1028A00044C7458345C74683A3BE4783F4DC4883BA
:1028B00046C74983DDB24A8347C74B8348C74C8329
:1028C00049C74D834AC74E834BC74F83F3DC5083C0
:1028D000F6BC5183E8DC5283C4BB53834CC754839A
:1028E000F3C055834DC756834EC757834FC7588390
:1028F00050C7598351C75A83D4BC5B83E9DC5C83DE
:10290000EADC5D8352C75E83F1DC5F83F6DC6083C3
:10291000F9DC6183B4B5628353C76383D9C8648328
:10292000E7BB6583FEDC6683FDDC6783ABD368832E
:10293000A1DD6983A3DD6A83A5DD6B83F1D26C839E
:10294000A4DD6D83A6DD6E83A7DD6F83A9D27083BE
:1029500054C7718355C7728356C7738357C774832F
:1029600058C7758359C776835AC77783C9BA78839E
:10297000A9DD79835BC77A835CC77B83B6DD7C8303
:10298000B1DD7D83B4DD7E835DC77F835EC78083D9
:102990005FC7818360C7828361C7838362C7848383
:1029A00063C78583B0DD8683CEC6878364C788838B
:1029B00065C78983F2C08A8366C78B8367C78C83A8
:1029C00068C78D8369C78E83AFC98F836AC79083B9
:1029D0006BC791836CC79283ECDC9383AEDD9483E9
:1029E0006DC795836EC796836FC7978370C79883AB
:1029F000B7DD998371C79A8372C79B83F0DC9C8390
:102A0000AFDD9D8373C79E83B8DD9F8374C7A083AA
:102A1000ACDDA18375C7A28376C7A38377C7A483E0
:102A200078C7A58379C7A6837AC7A7837BC7A883FE
:102A3000B9DDA983B3DDAA83ADDDAB83AAC4AC83C2
:102A40007CC7AD837DC7AE837EC7AF8380C7B083AD
:102A5000A8DDB183B3C0B283ABC1B383AADDB483B5
:102A6000ABDDB58381C7B683B2DDB783F1BBB88375
:102A7000B5DDB983A8D3BA83BADDBB8382C7BC8373
:102A8000BBDDBD83A7C3BE8383C7BF8384C7C083A9
:102A9000D2DDC183BCDDC28385C7C38386C7C4833F
:102AA00087C7C583D1DDC68388C7C783BDB9C8833F
:102AB00089C7C9838AC7CA83D5BECB838BC7CC835A
:102AC000FABECD838CC7CE838DC7CF83CABAD083DD
:102AD0008EC7D1838FC7D28390C7D38391C7D48346
:102AE000CADDD58392C7D683C5DDD78393C7D88384
:102AF000BFDDD98394C7DA8395C7DB8396C7DC83B0
:102B0000CBB2DD83C3DDDE8397C7DF83CBDDE0831C
:102B1000A4B2E183D5DDE28398C7E38399C7E48358
:102B20009AC7E583BEDDE6839BC7E7839CC7E8833E
:102B30009DC7E983D0C6EA83D0DDEB839EC7EC83D3
:102B40009FC7ED83A0C7EE8340C8EF8341C8F083E1
:102B5000D4DDF183E2C1F283C6B7F38342C8F483C4
:102B600043C8F58344C8F68345C8F78346C8F8834D
:102B7000CEDDF983CFDDFA8347C8FB8348C8FC83E9
:102B800049C8FD83C4DDFE834AC8FF834BC8008467
:102B90004CC80184BDDD02844DC80384CDDD0484AE
:102BA000D1CC05844EC80684C9DD07844FC808848B
:102BB00050C8098451C80A8452C80B84C2DD0C84F1
:102BC000C8C30D84BCC60E84AECE0F84CCDD108489
:102BD00053C81184C8DD128454C8138455C81484A2
:102BE00056C8158457C8168458C8178459C81884FD
:102BF000C1DD19845AC81A845BC81B845CC81C8454
:102C0000C6DD1D84DCC21E845DC81F845EC82084AE
:102C10005FC8218460C8228461C8238462C8248478
:102C2000A9D32584AAD32684D3DD2784F4CF28848E
:102C3000F8C8298463C82A8464C82B8465C82C8496
:102C400066C82D8467C82E8468C82F8469C83084FC
:102C50006AC83184E6DD32846BC833846CC834843E
:102C60006DC835846EC836846FC8378470C83884A0
:102C7000C7DD398471C83A8472C83B8473C83C8408
:102C8000E0DD3D84E4C23E8474C83F8475C840845E
:102C900076C8418477C8428478C8438479C844841C
:102CA0007AC845847BC84684E1DD47847CC8488473
:102CB0007DC849847EC84A8480C84B8481C84C84BE
:102CC00082C84D8483C84E8484C84F8485C850848C
:102CD00086C85184D7DD528487C8538488C85484F9
:102CE00089C855848AC856848BC85784F8D65884B6
:102CF0008CC85984D9DD5A84D8DD5B84F0B85C84F3
:102D0000D6DD5D848DC85E848EC85F848FC8608484
:102D100090C86184CFC6628491C86384ADB6648470
:102D200092C8658493C8668494C8678495C868848B
:102D300096C86984E2DD6A8497C86B84F9BA6C84AA
:102D4000E1D46D84E7DD6E8498C86F8499C870847F
:102D50009AC87184D0B472849BC87384DADD748499
:102D60009CC87584FBBF7684E3DD77849DC8788436
:102D7000DFDD79849EC87A84DDDD7B849FC87C8416
:102D8000A0C87D8440C97E8441C97F8442C98084B3
:102D900043C9818444C98284D9B5838445C9848464
:102DA00046C9858447C9868448C98784DBDD888411
:102DB000DCDD8984DEDD8A8449C98B84AFBD8C84E7
:102DC000E4DD8D844AC98E84E5DD8F844BC990840F
:102DD0004CC991844DC992844EC993844FC994843F
:102DE00050C9958451C9968452C99784F5DD988459
:102DF00053C99984C9C39A8454C99B8455C99C8476
:102E0000E2CB9D8456C99E8457C99F8458C9A0842B
:102E100059C9A184F2DDA2845AC9A3845BC9A484E0
:102E20005CC9A5845DC9A6845EC9A7845FC9A8845E
:102E300060C9A98461C9AA8462C9AB8463C9AC842E
:102E400064C9AD8465C9AE8466C9AF84E1D8B08475
:102E500067C9B18468C9B284D1C6B38469C9B4846E
:102E6000F4DDB5846AC9B6846BC9B7846CC9B8840B
:102E7000F4D5B984F3DDBA84F0DDBB846DC9BC84BC
:102E80006EC9BD84ECDDBE846FC9BF84EFDDC08434
:102E900070C9C184E8DDC28471C9C38472C9C484A5
:102EA000EED0C58473C9C68474C9C78475C9C88483
:102EB00076C9C984D8C8CA84EEDDCB8477C9CC84EE
:102EC00078C9CD84E9DDCE8479C9CF847AC9D0842C
:102ED000EADDD184F2CBD2847BC9D384EDDDD48406
:102EE0007CC9D5847DC9D684CDB1D7847EC9D88428
:102EF00080C9D98481C9DA8482C9DB8483C9DC842E
:102F000084C9DD84B6C0DE8485C9DF84BBBCE084AF
:102F1000F1DDE18486C9E28487C9E384F7DDE484D6
:102F200088C9E584F6DDE684EBDDE78489C9E884B9
:102F30008AC9E9848BC9EA848CC9EB848DC9EC8485
:102F4000EEC5ED848EC9EE848FC9EF8490C9F084FC
:102F5000FBDDF18491C9F28492C9F38493C9F484AE
:102F600094C9F58495C9F68496C9F78497C9F884FD
:102F700098C9F98499C9FA849AC9FB849BC9FC84CD
:102F8000A4DEFD849CC9FE849DC9FF84A3DE008568
:102F90009EC901859FC90285A0C9038540CA0485D1
:102FA00041CA058542CA068543CA078544CA0885C1
:102FB00045CA098546CA0A8547CA0B8548CA0C8591
:102FC000F8DD0D8549CA0E854ACA0F854BCA1085A2
:102FD0004CCA1185EFC312854DCA1385FBC21485F7
:102FE0004ECA15854FCA168550CA1785E1D5188572
:102FF00051CA198552CA1A85B5CE1B8553CA1C857C
:1030000054CA1D8555CA1E8556CA1F85FDDD2085FB
:1030100057CA2185CCB2228558CA238559CA24852E
:103020005ACA25855BCA26855CCA27855DCA28855C
:103030005ECA29855FCA2A8560CA2B85E8C42C85AB
:10304000DFCA2D8561CA2E8562CA2F8563CA308585
:1030500064CA318565CA328566CA338567CA3485D4
:1030600068CA358569CA36856ACA3785BEC7388554
:10307000FADD3985FCDD3A85FEDD3B85A2DE3C8547
:10308000AAB03D85CEB13E856BCA3F856CCA4085EE
:103090006DCA41856ECA42856FCA4385ACDE4485E0
:1030A00070CA458571CA468572CA478573CA488504
:1030B000A6DE4985B6BD4A85EFC84B8574CA4C85E6
:1030C00075CA4D8576CA4E8577CA4F8578CA5085B0
:1030D00079CA51857ACA52857BCA53857CCA548580
:1030E0007DCA55857ECA5685A1DE578580CA58851A
:1030F00081CA5985A5DE5A8582CA5B8583CA5C85EB
:1031000084CA5D8585CA5E85A9DE5F8586CA6085BD
:1031100087CA618588CA628589CA63858ACA6485C7
:10312000A8DE65858BCA66858CCA67858DCA688569
:10313000A7DE69858ECA6A858FCA6B8590CA6C8541
:1031400091CA6D8592CA6E8593CA6F8594CA70853F
:1031500095CA718596CA7285ADDE738597CA7485E6
:10316000CCD4758598CA768599CA77859ACA7885A8
:103170009BCA7985B3DE7A85AADE7B85AEDE7C8547
:103180009CCA7D859DCA7E85D9C07F859ECA808563
:103190009FCA8185A0CA828540CB838541CB848527
:1031A000A1B18585B6DE868542CB8785B1DE88856F
:1031B00043CB898544CB8A8545CB8B8546CB8C8593
:1031C00047CB8D8548CB8E8549CB8F85B2DE9085E8
:1031D0004ACB91854BCB92854CCB93854DCB948537
:1031E0004ECB95854FCB968550CB978551CB988507
:1031F00052CB998553CB9A8554CB9B85A6D19C8580
:10320000B5DE9D8555CB9E8556CB9F8557CBA0853A
:1032100058CBA18559CBA2855ACBA3855BCBA4857E
:10322000AFDEA5855CCBA6855DCBA7855ECBA885EB
:10323000B0DEA9855FCBAA85BDD0AB8560CBAC8560
:1032400061CBAD8562CBAE85B4DEAF85EDCAB0850E
:10325000B9DEB18563CBB28564CBB38565CBB4856C
:1032600066CBB58567CBB68568CBB785B8DEB88544
:1032700069CBB985B7DEBA856ACBBB856BCBBC851C
:103280006CCBBD856DCBBE856ECBBF856FCBC0854E
:1032900070CBC185BBDEC28571CBC38572CBC485C3
:1032A00073CBC58574CBC68575CBC78576CBC885F2
:1032B00077CBC985E5BDCA8578CBCB8579CBCC8565
:1032C0007ACBCD857BCBCE857CCBCF85D8B2D08554
:1032D000EAC3D1857DCBD2857ECBD385BADED485BA
:1032E00080CBD585BAC5D68581CBD78582CBD8850D
:1032F00083CBD98584CBDA8585CBDB8586CBDC8512
:10330000BCDEDD8587CBDE8588CBDF8589CBE0859C
:103310008ACBE1858BCBE2858CCBE3858DCBE485B5
:10332000D9CCE5858ECBE6858FCBE78590CBE8853C
:1033300091CBE985AAB7EA8592CBEB8593CBEC8557
:1033400094CBED8595CBEE8596CBEF8597CBF0852D
:1033500098CBF18599CBF2859ACBF3859BCBF485FD
:103360009CCBF5859DCBF6859ECBF7859FCBF885CD
:10337000A0CBF98540CCFA8541CCFB85E5D4FC8512
:1033800042CCFD8543CCFE8544CCFF85BDDE008666
:1033900045CC018646CC028647CC038648CC0486C1
:1033A00049CC0586BFDE06864ACC07864BCC08860C
:1033B0004CCC09864DCC0A864ECC0B864FCC0C8665
:1033C00050CC0D8651CC0E8652CC0F8653CC108635
:1033D00054CC1186A2C4128655CC138656CC1486C2
:1033E00057CC158658CC1686C1DE178659CC188660
:1033F0005ACC19865BCC1A865CCC1B865DCC1C86AD
:103400005ECC1D865FCC1E8660CC1F8661CC20867C
:1034100062CC218663CC228664CC238665CC24864C
:1034200066CC258667CC268668CC2786BEDE2886B5
:1034300069CC2986C0DE2A866ACC2B866BCC2C868A
:103440006CCC2D866DCC2E866ECC2F866FCC3086C4
:1034500070CC318671CC328672CC338673CC348694
:1034600074CC358675CC368676CC378677CC388664
:10347000BAD5398678CC3A8679CC3B867ACC3C86EC
:10348000C2DE3D867BCC3E867CCC3F867DCC4086B2
:103490007ECC418680CC428681CC438682CC4486D9
:1034A00083CC458684CC468685CC478686CC4886A8
:1034B00087CC498688CC4A8689CC4B868ACC4C8678
:1034C0008BCC4D86AEF24E86A2BB4F86B2C25086E2
:1034D000B0C55186C7C252868CCC53868DCC5486DB
:1034E000AFF255868ECC56868FCC578690CC5886B8
:1034F00091CC598692CC5A86E9D05B8693CC5C8677
:1035000094CC5D8695CC5E86DDD35F8696CC608656
:1035100097CC618698CC6286BDEB638699CC648635
:103520009ACC65869BCC66869CCC67869DCC68864B
:103530009ECC69869FCC6A86A0CC6B86E6B36C86EF
:10354000B0F26D8640CD6E86B1F26F8641CD708649
:1035500042CD7186ADCA728643CD738644CD7486E2
:1035600045CD758646CD768647CD778648CD78861B
:1035700049CD7986E7BA7A86B3F27B86B5F27C8646
:10358000B4F27D86E4CB7E86BACF7F86B2F28086A7
:10359000B4CA8186CFD28286ECC283864ACD848625
:1035A0004BCD85864CCD86864DCD87864ECD888683
:1035B0004FCD898650CD8A86C3CE8B86B8F28C8655
:1035C000F6B08D86B7F28E8651CD8F8652CD90861D
:1035D00053CD918654CD928655CD9386BEF2948676
:1035E00056CD9586CFB2968657CD978658CD98867C
:1035F00059CD99865ACD9A865BCD9B865CCD9C86AB
:10360000C1D19D86BAF29E865DCD9F865ECDA08695
:103610005FCDA18660CDA28661CDA386BCF2A486D3
:10362000E9D4A58662CDA68663CDA786BBF2A8861F
:10363000B6F2A986BFF2AA86BDF2AB8664CDAC868F
:10364000B9F2AD8665CDAE8666CDAF86C7F2B086DF
:10365000C4F2B186C6F2B28667CDB38668CDB486B1
:10366000CAF2B586C2F2B686C0F2B78669CDB88610
:103670006ACDB9866BCDBA86C5F2BB866CCDBC86E9
:103680006DCDBD866ECDBE866FCDBF8670CDC0863A
:10369000FBD6C18671CDC28672CDC38673CDC4867A
:1036A000C1F2C58674CDC686F9C7C786DFC9C8868C
:1036B00075CDC986C8F2CA86C6B9CB86B0B5CC86E8
:1036C00076CDCD8677CDCE86C3F2CF86C9F2D086B1
:1036D000D0F2D186D6F2D28678CDD38679CDD48673
:1036E000D7BBD5867ACDD6867BCDD7867CCDD886FE
:1036F000D5F2D986DCCDDA867DCDDB86EBD6DC86CD
:103700007ECDDD8680CDDE86D2F2DF86D4F2E08605
:1037100081CDE18682CDE28683CDE38684CDE486C9
:10372000F2B8E58685CDE68686CDE78687CDE88644
:1037300088CDE986CBF2EA8689CDEB868ACDEC8608
:103740008BCDED86CEF2EE86F9C2EF868CCDF0867B
:10375000DDD5F186CCF2F286CDF2F386CFF2F48697
:10376000D3F2F5868DCDF6868ECDF7868FCDF88691
:10377000D9F2F986BCD3FA8690CDFB8691CDFC8632
:1037800092CDFD8693CDFE86EAB6FF8694CD008766
:10379000F1CA018795CD0287E4B70387D7F2048782
:1037A00096CD058797CD068798CD0787D8F20887ED
:1037B000DAF20987DDF20A87DBF20B8799CD0C87F5
:1037C0009ACD0D87DCF20E879BCD0F879CCD10879D
:1037D0009DCD11879ECD1287D1D11387D1F2148749
:1037E0009FCD1587C9CD1687A0CD1787CFCE188757
:1037F000A9D6198740CE1A87E3F21B8741CE1C87D2
:10380000DBC31D8742CE1E87E0F21F8743CE208791
:1038100044CE2187AFC02287ECF22387DEF22487D3
:1038200045CE2587E1F2268746CE278747CE2887D3
:1038300048CE2987E8F22A8749CE2B874ACE2C87A3
:103840004BCE2D874CCE2E87E2F22F874DCE308780
:103850004ECE3187E7F232874FCE338750CE348752
:10386000E6F2358751CE368752CE3787E9F2388770
:1038700053CE398754CE3A8755CE3B87DFF23C870B
:1038800056CE3D8757CE3E87E4F23F87EAF2408727
:1038900058CE418759CE42875ACE43875BCE448764
:1038A0005CCE45875DCE46875ECE4787ACD34887E2
:1038B000E5F24987F5B24A875FCE4B8760CE4C87E9
:1038C000F2F24D8761CE4E87ABD04F8762CE5087E4
:1038D00063CE518764CE528765CE5387F5F2548705
:1038E00066CE558767CE568768CE5787C8BB588740
:1038F00069CE5987F9F25A876ACE5B876BCE5C87AF
:103900006CCE5D876DCE5E876ECE5F876FCE608733
:10391000F0F2618770CE628771CE6387F6F26487BA
:10392000F8F26587FAF2668772CE678773CE68878A
:1039300074CE698775CE6A8776CE6B8777CE6C87B3
:1039400078CE6D8779CE6E87F3F26F877ACE7087E7
:10395000F1F271877BCE72877CCE73877DCE7487C0
:10396000FBBA75877ECE7687FBB5778780CE788762
:1039700081CE798782CE7A8783CE7B87EFF27C8770
:10398000F7F27D87EDF27E87EEF27F8784CE808727
:1039900085CE818786CE8287EBF28387A6F38487E4
:1039A00087CE8587A3F3868788CE878789CE888749
:1039B000A2F389878ACE8A878BCE8B87F4F28C8795
:1039C0008CCE8D87DAC88E878DCE8F878ECE9087EE
:1039D0008FCE918790CE928791CE9387FBF294877A
:1039E00092CE958793CE968794CE9787A5F39887A6
:1039F00095CE998796CE9A8797CE9B8798CE9C87AF
:103A000099CE9D879ACE9E879BCE9F87F8C3A0872D
:103A10009CCEA1879DCEA2879ECEA3879FCEA48752
:103A2000A0CEA58740CFA68741CFA78742CFA88742
:103A3000FDF2A98743CFAA8744CFAB87A7F3AC8712
:103A4000A9F3AD87A4F3AE8745CFAF87FCF2B0876B
:103A500046CFB18747CFB28748CFB387ABF3B487A0
:103A600049CFB587AAF3B6874ACFB7874BCFB88778
:103A70004CCFB9874DCFBA87DDC2BB874ECFBC874D
:103A80004FCFBD87AEF3BE8750CFBF8751CFC08722
:103A9000B0F3C18752CFC28753CFC38754CFC487F7
:103AA00055CFC58756CFC687A1F3C78757CFC887DD
:103AB00058CFC98759CFCA87B1F3CB87ACF3CC872E
:103AC0005ACFCD875BCFCE875CCFCF875DCFD087F6
:103AD0005ECFD187AFF3D287FEF2D387ADF3D48721
:103AE0005FCFD58760CFD68761CFD78762CFD887A2
:103AF00063CFD98764CFDA8765CFDB87B2F3DC8702
:103B000066CFDD8767CFDE8768CFDF8769CFE08745
:103B1000B4F3E1876ACFE2876BCFE3876CCFE487AA
:103B20006DCFE587A8F3E6876ECFE7876FCFE8878D
:103B300070CFE98771CFEA87B3F3EB8772CFEC8759
:103B400073CFED8774CFEE87B5F3EF8775CFF0872E
:103B500076CFF18777CFF28778CFF38779CFF48765
:103B60007ACFF5877BCFF6877CCFF7877DCFF88735
:103B70007ECFF987B7D0FA8780CFFB8781CFFC87CC
:103B800082CFFD8783CFFE87B8F3FF8784CF00887D
:103B900085CF018886CF028887CF0388F9D904882A
:103BA00088CF058889CF06888ACF07888BCF088879
:103BB0008CCF09888DCF0A88B9F30B888ECF0C88FB
:103BC0008FCF0D8890CF0E8891CF0F8892CF10881D
:103BD00093CF118894CF128895CF1388B7F31488A8
:103BE00096CF1588E4C81688B6F3178897CF18883B
:103BF00098CF198899CF1A889ACF1B88BAF31C8856
:103C00009BCF1D889CCF1E889DCF1F889ECF20886C
:103C10009FCF2188BBF32288C0B42388A0CF2488FB
:103C200040D0258841D0268842D0278843D0288894
:103C300044D0298845D02A8846D02B8847D02C8864
:103C400048D02D8849D02E884AD02F884BD0308834
:103C50004CD031884DD03288C3EE33884ED0348872
:103C60004FD0358850D0368851D0378852D03888D8
:103C700053D03988BCF33A8854D03B8855D03C881F
:103C8000BDF33D8856D03E8857D03F8858D04088F5
:103C9000AAD1418859D042885AD043885BD0448801
:103CA000ACF44588C6D046885CD047885DD048884B
:103CB0005ED049885FD04A8860D04B8861D04C88FC
:103CC000D0D04D88DCD14E8862D04F8863D05088E8
:103CD00064D0518865D0528866D0538867D05488A4
:103CE000CECF558868D0568869D05788D6BD5888B9
:103CF0006AD05988C3D15A886BD05B886CD05C88F5
:103D00006DD05D886ED05E886FD05F8870D060881F
:103D100071D06188E2BA6288E9E16388C2D26488BE
:103D2000C2F16588B9B2668872D0678873D0688836
:103D3000EDB16988C3F16A8874D06B88C0C96C889A
:103D4000C4B36D8875D06E88F2D96F8876D07088CC
:103D5000A5CB718877D07288C4F1738878D07488C5
:103D600079D075887AD076887BD07788D4D67888D1
:103D70007CD079887DD07A887ED07B8880D07C8802
:103D800081D07D88C5F17E88C0F47F88C6F18088A7
:103D900082D08188ACD48288C7F1838883D084881C
:103DA000C0B08588C1F4868884D0878885D088880B
:103DB000C2F4898886D08A8887D08B88FCB48C88A6
:103DC00088D08D88DBC58E8889D08F888AD09088EE
:103DD0008BD091888CD09288BBCC93888DD09488DE
:103DE0008ED095888FD09688E4D0978890D0988888
:103DF00091D0998892D09A8893D09B8894D09C88AF
:103E0000E0CD9D8895D09E8896D09F8897D0A08839
:103E100098D0A18899D0A288C8F1A3889AD0A48804
:103E2000F3D9A5889BD0A6889CD0A7889DD0A888C8
:103E30009ED0A9889FD0AA88A0D0AB88BBB1AC88FF
:103E400040D1AD88AECFAE8841D1AF8842D1B088E5
:103E500043D1B188A4B8B28844D1B38845D1B488DD
:103E600046D1B58847D1B68848D1B788CAF1B88855
:103E700049D1B9884AD1BA884BD1BB884CD1BC88CA
:103E8000CBF1BD884DD1BE884ED1BF884FD1C088FF
:103E900050D1C188C3B2C288D1C1C38851D1C488AE
:103EA00052D1C588B0D7C688C9F1C78853D1C88850
:103EB00054D1C988CCF1CA8855D1CB8856D1CC8889
:103EC00057D1CD8858D1CE88CEF1CF8859D1D0885E
:103ED0005AD1D1885BD1D288F6D9D3885CD1D48825
:103EE000E1D2D588A3D4D6885DD1D7885ED1D888D1
:103EF000C3F4D988B9C8DA885FD1DB8860D1DC889F
:103F000061D1DD8862D1DE8863D1DF88C4F4E088C6
:103F100064D1E18865D1E288CDF1E388CFF1E4880E
:103F2000E3BFE588D0F1E68866D1E78867D1E88805
:103F3000D4F1E98868D1EA8869D1EB886AD1EC8844
:103F40006BD1ED886CD1EE886DD1EF886ED1F088A1
:103F5000D6F1F188D1F1F2886FD1F388D1C9F48814
:103F6000E1C5F58870D1F68871D1F78872D1F888EB
:103F7000E3C2F988FCB9FA8873D1FB8874D1FC8854
:103F8000D3F1FD8875D1FE88D5F1FF8876D10089FF
:103F900077D1018978D10289D3B9038979D104898C
:103FA0007AD105897BD106897CD107897DD10889A1
:103FB0007ED1098980D10A89DBF10B8981D10C89F5
:103FC00082D10D8983D10E8984D10F8985D1108941
:103FD000D6BA118986D11289FDB01389D9F1148915
:103FE00087D1158988D1168989D117898AD11889ED
:103FF0008BD11989D8F11A89D2F11B89DAF11C8980
:104000008CD11D898DD11E898ED11F898FD1208998
:1040100090D12189D7F1228991D1238992D1248904
:1040200093D12589ECC8268994D1278995D12889EF
:1040300096D1298997D12A89CACD2B89DDF12C897E
:1040400098D12D8999D12E899AD12F899BD13089E8
:10405000BDE531899CD132899DD133899ED1348986
:10406000DCF135899FD13689DEF13789A0D13889D5
:1040700040D2398941D23A8942D23B8943D23C89E4
:1040800044D23D8945D23E8946D23F8947D24089B4
:1040900048D24189DFF1428949D243894AD24489D1
:1040A000E5CF45894BD246894CD247894DD24889C4
:1040B0004ED249894FD24A8950D24B8951D24C892C
:1040C00052D24D8953D24E8954D24F8955D25089FC
:1040D00056D2518957D2528958D2538959D25489CC
:1040E0005AD255895BD256895CD257895DD258899C
:1040F0005ED259895FD25A8960D25B8961D25C896C
:1041000062D25D8963D25E89C5F45F89F3BD60893F
:1041100064D2618965D2628966D2638967D2648913
:1041200068D2658969D26689E0F167896AD268894F
:104130006BD269896CD26A896DD26B896ED26C89B7
:104140006FD26D8970D26E8971D26F8972D2708987
:1041500073D2718974D2728975D2738976D2748957
:1041600077D2758978D2768979D277897AD2788927
:104170007BD279897CD27A897DD27B89E1F17C8975
:104180007ED27D8980D27E8981D27F89F7CE808957
:1041900082D28189AAD2828983D28389FBF18489E0
:1041A00084D2858985D28689B2B8878986D2888962
:1041B00087D2898988D28A8989D28B898AD28C8947
:1041C0008BD28D898CD28E898DD28F898ED2908917
:1041D0008FD2918990D2928991D2938992D29489E7
:1041E00093D2958994D2968995D2978996D29889B7
:1041F00097D2998998D29A8999D29B899AD29C8987
:104200009BD29D899CD29E899DD29F899ED2A08956
:104210009FD2A189A0D2A28940D3A38941D3A489E6
:1042200042D3A58943D3A68944D3A78945D3A88976
:1042300046D3A98947D3AA8948D3AB8949D3AC8946
:104240004AD3AD894BD3AE894CD3AF894DD3B08916
:104250004ED3B1894FD3B28950D3B38951D3B489E6
:1042600052D3B58953D3B68954D3B78955D3B889B6
:1042700056D3B98957D3BA8958D3BB8959D3BC8986
:104280005AD3BD895BD3BE895CD3BF895DD3C08956
:104290005ED3C189FBBCC289DBB9C3895FD3C48942
:1042A000E6B9C589D9C3C689D3CAC789E8EAC88926
:1042B000C0C0C989F5BECA89E9EACB89EAEACC89D6
:1042C000EBEACD8960D3CE89ECEACF89EDEAD089DB
:1042D000EEEAD189EFEAD289C7BDD38961D3D48907
:1042E00062D3D58963D3D689FBF5D78964D3D889BE
:1042F00065D3D98966D3DA89FDF5DB8967D3DC8993
:10430000FEF5DD8968D3DE89FCF5DF8969D3E089B4
:104310006AD3E1896BD3E2896CD3E389E2BDE48996
:104320006DD3E589A1F6E689A5B4E7896ED3E8895E
:104330006FD3E98970D3EA8971D3EB89A2F6EC894E
:1043400072D3ED8973D3EE8974D3EF89A3F6F08924
:1043500075D3F18976D3F28977D3F389B2ECF489F6
:1043600078D3F58979D3F6897AD3F7897BD3F8891D
:104370007CD3F9897DD3FA897ED3FB8980D3FC89EC
:1043800081D3FD8982D3FE8983D3FF8984D3008AB8
:10439000D4D1018A85D3028A86D3038A87D3048A3B
:1043A00088D3058A89D3068A8AD3078AEAD9088AF4
:1043B0008BD3098A8CD30A8A8DD30B8A8ED30C8A2D
:1043C0008FD30D8A90D30E8A91D30F8A92D3108AFD
:1043D00093D3118A94D3128A95D3138A96D3148ACD
:1043E00097D3158A98D3168A99D3178A9AD3188A9D
:1043F0009BD3198A9CD31A8A9DD31B8A9ED31C8A6D
:104400009FD31D8AA0D31E8A40D41F8A41D4208AFC
:1044100042D4218A43D4228A44D4238A45D4248A8C
:1044200046D4258A47D4268A48D4278A49D4288A5C
:104430004AD4298A4BD42A8A4CD42B8A4DD42C8A2C
:104440004ED42D8A4FD42E8A50D42F8A51D4308AFC
:1044500052D4318A53D4328A54D4338A55D4348ACC
:1044600056D4358A57D4368A58D4378A59D4388A9C
:104470005AD4398A5BD43A8A5CD43B8A5DD43C8A6C
:104480005ED43D8A5FD43E8AA4F63F8A60D4408AD7
:1044900061D4418A62D4428A63D4438A64D4448A10
:1044A00065D4458A66D4468A67D4478A68D4488AE0
:1044B000BAEE498A69D44A8A6AD44B8A6BD44C8A48
:1044C0006CD44D8A6DD44E8A6ED44F8A6FD4508A84
:1044D00070D4518A71D4528A72D4538A73D4548A54
:1044E00074D4558A75D4568A76D4578A77D4588A24
:1044F00078D4598A79D45A8A7AD45B8A7BD45C8AF4
:104500007CD45D8A7DD45E8A7ED45F8A80D4608AC2
:1045100081D4618A82D4628A83D4638A84D4648A8F
:1045200085D4658A86D4668A87D4678A88D4688A5F
:1045300089D4698A8AD46A8A8BD46B8A8CD46C8A2F
:104540008DD46D8A8ED46E8A8FD46F8A90D4708AFF
:1045500091D4718A92D4728A93D4738A94D4748ACF
:1045600095D4758A96D4768A97D4778A98D4788A9F
:1045700099D4798AB2D57A8A9AD47B8A9BD47C8A58
:104580009CD47D8A9DD47E8A9ED47F8A9FD4808A43
:10459000A0D4818A40D5828A41D5838A42D5848A33
:1045A00043D5858A44D5868A45D5878A46D5888A63
:1045B00047D5898AFED38A8ADCCC8B8A48D58C8AF7
:1045C00049D58D8A4AD58E8A4BD58F8A4CD5908A0B
:1045D0004DD5918A4ED5928A4FD5938AC4CA948A72
:1045E00050D5958A51D5968A52D5978A53D5988AAF
:1045F00054D5998A55D59A8A56D59B8A57D59C8A7F
:1046000058D59D8A59D59E8A5AD59F8A5BD5A08A4E
:104610005CD5A18A5DD5A28A5ED5A38A5FD5A48A1E
:1046200060D5A58A61D5A68A62D5A78A63D5A88AEE
:1046300064D5A98A65D5AA8A66D5AB8A67D5AC8ABE
:1046400068D5AD8A69D5AE8A6AD5AF8A6BD5B08A8E
:104650006CD5B18A6DD5B28A6ED5B38A6FD5B48A5E
:1046600070D5B58A71D5B68A72D5B78A73D5B88A2E
:1046700074D5B98A75D5BA8A76D5BB8A77D5BC8AFE
:1046800078D5BD8A79D5BE8A7AD5BF8A7BD5C08ACE
:104690007CD5C18A7DD5C28A7ED5C38A80D5C48A9D
:1046A00081D5C58A82D5C68A83D5C78A84D5C88A6A
:1046B00085D5C98A86D5CA8A87D5CB8A88D5CC8A3A
:1046C00089D5CD8A8AD5CE8A8BD5CF8A8CD5D08A0A
:1046D0008DD5D18A8ED5D28A8FD5D38A90D5D48ADA
:1046E00091D5D58A92D5D68A93D5D78A94D5D88AAA
:1046F00095D5D98A96D5DA8A97D5DB8A98D5DC8A7A
:1047000099D5DD8A9AD5DE8A9BD5DF8A9CD5E08A49
:104710009DD5E18A9ED5E28A9FD5E38AA0D5E48A19
:1047200040D6E58A41D6E68A42D6E78A43D6E88A69
:1047300044D6E98A45D6EA8A46D6EB8A47D6EC8A39
:1047400048D6ED8A49D6EE8A4AD6EF8A4BD6F08A09
:104750004CD6F18A4DD6F28A4ED6F38A4FD6F48AD9
:1047600050D6F58A51D6F68A52D6F78A53D6F88AA9
:1047700054D6F98A55D6FA8A56D6FB8A57D6FC8A79
:1047800058D6FD8A59D6FE8A5AD6FF8A5BD6008B48
:104790005CD6018B5DD6028B5ED6038B5FD6048B15
:1047A00060D6058B61D6068B62D6078BC0E5088B79
:1047B00063D6098B64D60A8B65D60B8B66D60C8BB9
:1047C00067D60D8B68D60E8B69D60F8B6AD6108B89
:1047D0006BD6118B6CD6128B6DD6138B6ED6148B59
:1047E0006FD6158B70D6168B71D6178B72D6188B29
:1047F00073D6198B74D61A8B75D61B8B76D61C8BF9
:1048000077D61D8B78D61E8B79D61F8B7AD6208BC8
:104810007BD6218B7CD6228B7DD6238B7ED6248B98
:1048200080D6258B81D6268BA5F6278B82D6288B22
:1048300083D6298B84D62A8B85D62B8B86D62C8B38
:1048400087D62D8B88D62E8B89D62F8B8AD6308B08
:104850008BD6318B8CD6328B8DD6338B8ED6348BD8
:104860008FD6358B90D6368B91D6378B92D6388BA8
:1048700093D6398B94D63A8B95D63B8B96D63C8B78
:1048800097D63D8B98D63E8B99D63F8B9AD6408B48
:104890009BD6418B9CD6428B9DD6438B9ED6448B18
:1048A0009FD6458BA0D6468B40D7478B41D7488BA8
:1048B00042D7498B43D74A8B44D74B8B45D74C8B38
:1048C00046D74D8B47D74E8B48D74F8B49D7508B08
:1048D0004AD7518B4BD7528B4CD7538B4DD7548BD8
:1048E0004ED7558B4FD7568B50D7578B51D7588BA8
:1048F00052D7598B53D75A8B54D75B8B55D75C8B78
:1049000056D75D8B57D75E8B58D75F8B59D7608B47
:104910005AD7618B5BD7628B5CD7638B5DD7648B17
:104920005ED7658B5FD7668BAFBE678B60D7688BB2
:1049300061D7698B62D76A8B63D76B8B64D76C8BBB
:10494000A9C66D8B65D76E8B66D76F8B67D7708B5B
:1049500068D7718B69D7728B6AD7738B6BD7748B5F
:104960006CD7758B6DD7768B6ED7778B6FD7788B2F
:1049700070D7798B71D77A8B72D77B8B73D77C8BFF
:1049800074D77D8B75D77E8B76D77F8B77D7808BCF
:1049900078D7818B79D7828B7AD7838B7BD7848B9F
:1049A0007CD7858B7DD7868B7ED7878B80D7888B6E
:1049B00081D7898B82D78A8B83D78B8B84D78C8B3B
:1049C00085D78D8B86D78E8B87D78F8B88D7908B0B
:1049D00089D7918B8AD7928B8BD7938B8CD7948BDB
:1049E0008DD7958B8ED7968B8FD7978B90D7988BAB
:1049F00091D7998B92D79A8B93D79B8B94D79C8B7B
:104A000095D79D8B96D79E8B97D79F8B98D7A08B4A
:104A1000A5DAA18BC6BCA28BA9B6A38BBCB8A48B0C
:104A2000CFC8A58BA5BCA68BA6DAA78BA7DAA88BC7
:104A3000D6CCA98BC3C8AA8BA8DAAB8BFDC6AC8B2E
:104A400099D7AD8BB5D1AE8BE9D2AF8BB6D1B08B48
:104A5000C7BCB18B9AD7B28BB2BDB38BE4BBB48B5E
:104A6000A9DAB58BAADAB68BC8D1B78BABDAB88B1B
:104A7000EDD0B98BEFB6BA8BDBC2BB8B9BD7BC8BAF
:104A8000CFCBBD8BEDB7BE8BE8C9BF8BC3B7C08B97
:104A9000F7BEC18BA4D6C28BACDAC38BADDAC48BA4
:104AA000C0C6C58BE7D7C68BB6CAC78B9CD7C88B89
:104AB000A9D5C98BDFCBCA8BEFD5CB8BAEDACC8B2C
:104AC000DFD6CD8BCAB4CE8BB0DACF8BAFDAD08B3A
:104AD0009DD7D18BEBD2D28BB1DAD38BB2DAD48B18
:104AE000B3DAD58BD4CAD68BB4DAD78BABCAD88B12
:104AF000B5DAD98BB6DADA8BCFB3DB8BEFD6DC8BBA
:104B0000B7DADD8BB0BBDE8BAEB5DF8BB8DAE08B0E
:104B1000B9DAE18BEEB9E28BAFD1E38BE8D2E48B6B
:104B2000BADAE58BC3B8E68BEACFE78BEFB2E88B56
:104B3000BBDAE98BBCDAEA8B9ED7EB8BEBBDEC8B57
:104B4000DCCEED8BEFD3EE8BBDDAEF8BF3CEF08BBB
:104B5000BEDAF18BD5D3F28BE5BBF38BBFDAF48BE6
:104B6000B5CBF58BD0CBF68BC0DAF78BEBC7F88BD8
:104B7000EED6F98BC1DAFA8BB5C5FB8BC1B6FC8BCF
:104B8000C2DAFD8BCCB7FE8BCEBFFF8BC3DA008CB5
:104B9000C4DA018CADCB028CC5DA038CF7B5048C7A
:104BA000C6DA058CC2C1068CBBD7078CC7DA088C65
:104BB000B8CC098C9FD70A8CEAD20B8CB1C40C8C70
:104BC000C8DA0D8CFDB50E8CD1BB0F8CC9DA108CF8
:104BD000B3D0118CCADA128CCBDA138CBDCE148C04
:104BE000CCDA158CCDDA168CCEDA178CF7B2188C9D
:104BF000D1DA198CCFDA1A8CE8D11B8CD0DA1C8C64
:104C0000D5C31D8CD2DA1E8CA0D71F8CD3DA208C92
:104C1000D4DA218CD5DA228CBBD0238CA5D2248C7B
:104C2000F9B0258CD6DA268CABC7278CD7DA288C3E
:104C3000F7BD298CA1C32A8CD8DA2B8CD9DA2C8C1D
:104C4000FDC32D8CB7CC2E8CDADA2F8CDBDA308CCE
:104C5000BEC0318CD7C6328CDCDA338CDDDA348CD2
:104C6000B4C7358CDEDA368CDFDA378CC8B9388CCD
:104C700040D8398C41D83A8C42D83B8C43D83C8CB4
:104C800044D83D8C45D83E8C46D83F8C47D8408C84
:104C900048D8418CEDBB428C49D8438C4AD8448CCF
:104CA0004BD8458C4CD8468CB9B6478CF8F4488C18
:104CB0004DD8498CF9F44A8C4ED84B8C4FD84C8C3B
:104CC000E3CD4D8C50D84E8C51D84F8C52D8508C4F
:104CD00053D8518C54D8528C55D8538C56D8548CA8
:104CE00057D8558CB9F5568C58D8578C59D8588CFC
:104CF0005AD8598C5BD85A8CE0EB5B8C5CD85C8CB6
:104D00005DD85D8C5ED85E8C5FD85F8C60D8608C1F
:104D100061D8618CF3CF628CBFBB638C62D8648C2A
:104D200063D8658C64D8668C65D8678C66D8688CC7
:104D300067D8698C68D86A8CC0BA6B8CA5D46C8C27
:104D400069D86D8C6AD86E8C6BD86F8C6CD8708C6F
:104D50006DD8718C6ED8728C6FD8738CD9E1748CCD
:104D600070D8758C71D8768C72D8778C73D8788C13
:104D7000F4F5798CAAB17A8CF2B27B8C74D87C8CE5
:104D800075D87D8C76D87E8C77D87F8C78D8808CBF
:104D900079D8818C7AD8828CF5F5838C7BD8848CF9
:104DA0007CD8858CF7F5868C7DD8878C7ED8888CCE
:104DB00080D8898CD1BA8A8CF6F58B8C81D88C8C72
:104DC000B2C38D8C82D88E8C83D88F8C84D8908CF3
:104DD00085D8918C86D8928C87D8938C88D8948CDF
:104DE000F9F5958C89D8968C8AD8978C8BD8988C25
:104DF000F8F5998C8CD89A8C8DD89B8C8ED89C8CFD
:104E00008FD89D8C90D89E8C91D89F8C92D8A08C56
:104E100093D8A18C94D8A28C95D8A38C96D8A48C26
:104E200097D8A58C98D8A68C99D8A78C9AD8A88CF6
:104E30009BD8A98C9CD8AA8C9DD8AB8C9ED8AC8CC6
:104E40009FD8AD8CA0D8AE8C40D9AF8C41D9B08C56
:104E500042D9B18C43D9B28C44D9B38C45D9B48CE6
:104E600046D9B58C47D9B68C48D9B78C49D9B88CB6
:104E70004AD9B98C4BD9BA8C4CD9BB8C4DD9BC8C86
:104E80004ED9BD8C4FD9BE8C50D9BF8C51D9C08C56
:104E900052D9C18C53D9C28C54D9C38C55D9C48C26
:104EA00056D9C58C57D9C68C58D9C78C59D9C88CF6
:104EB0005AD9C98C5BD9CA8C5CD9CB8C5DD9CC8CC6
:104EC0005ED9CD8C5FD9CE8C60D9CF8C61D9D08C96
:104ED00062D9D18C63D9D28C64D9D38C65D9D48C66
:104EE00066D9D58C67D9D68C68D9D78C69D9D88C36
:104EF0006AD9D98C6BD9DA8C6CD9DB8C6DD9DC8C06
:104F00006ED9DD8C6FD9DE8C70D9DF8C71D9E08CD5
:104F100072D9E18C73D9E28C74D9E38C75D9E48CA5
:104F200076D9E58C77D9E68C78D9E78C79D9E88C75
:104F30007AD9E98C7BD9EA8C7CD9EB8C7DD9EC8C45
:104F40007ED9ED8C80D9EE8C81D9EF8C82D9F08C12
:104F500083D9F18C84D9F28C85D9F38C86D9F48CE1
:104F600087D9F58C88D9F68C89D9F78C8AD9F88CB1
:104F70008BD9F98C8CD9FA8C8DD9FB8C8ED9FC8C81
:104F80008FD9FD8C90D9FE8C91D9FF8C92D9008D50
:104F900093D9018D94D9028D95D9038D96D9048D1D
:104FA00097D9058D98D9068D99D9078D9AD9088DED
:104FB0009BD9098D9CD90A8D9DD90B8D9ED90C8DBD
:104FC0009FD90D8DA0D90E8D40DA0F8D41DA108D4D
:104FD00042DA118D43DA128D44DA138D45DA148DDD
:104FE00046DA158D47DA168D48DA178D49DA188DAD
:104FF0004ADA198D4BDA1A8D4CDA1B8D4DDA1C8D7D
:105000004EDA1D8DB4B11E8DEAD51F8DBAB8208D34
:105010004FDA218DB1B9228DC6B2238DF0D4248D03
:10502000CDCF258DDCB0268DCBD5278DF5BB288D3A
:10503000CAD6298DB7B72A8DB0CC2B8DB6C62C8D8C
:10504000E1B12D8DBAB92E8DFCD62F8DE1B9308D01
:10505000A1B7318DFABC328DDAEA338DDBEA348DBB
:10506000F9CC358DF3B9368DDCEA378DFBB4388D4C
:10507000B3C3398DD1B73A8DD8BA3B8DDDEA3C8DBB
:10508000F4D43D8DDEEA3E8DD6BC3F8DDFBB408D36
:10509000DFEA418DDEC1428DB8C2438DDFD4448D3D
:1050A000CAD7458DE0EA468DE1EA478DE4EA488DAE
:1050B000E2EA498DE3EA4A8DDEC94B8DB3B84C8DE7
:1050C000C4B64D8DE5EA4E8DEACA4F8DCDC9508DDF
:1050D000CDB4518D50DA528D51DA538DD9E2548DC1
:1050E000E2C5558DE6EA568DB5C0578D52DA588D1A
:1050F000B8D7598DE7EA5A8DACD75B8DFCC85C8D6B
:10510000D3D85D8DCDD85E8DDED45F8D53DA608DC2
:10511000F9D4618DC4C9628DAED3638DD3B8648D6B
:10512000E0B3658D54DA668DE2C9678DF6F4688D5B
:1051300055DA698D56DA6A8D57DA6B8DD5BA6C8D72
:1051400058DA6D8DF7F46E8D59DA6F8D5ADA708DED
:10515000DFD7718D5BDA728D5CDA738DF1F4748D4B
:10516000B0B8758DD4D5768DCFB8778DF0C6788DE3
:105170005DDA798D5EDA7A8D5FDA7B8D60DA7C8D2F
:1051800061DA7D8D62DA7E8D63DA7F8D64DA808DFF
:1051900065DA818DC3B3828D66DA838D67DA848D9B
:1051A000F2F4858DACB3868D68DA878D69DA888DE7
:1051B0006ADA898D6BDA8A8DBDD48B8DF7C78C8DB9
:1051C0006CDA8D8D6DDA8E8D6EDA8F8D6FDA908D53
:1051D00070DA918DF4F4928D71DA938D72DA948D88
:1051E000F3F4958D73DA968D74DA978D75DA988D60
:1051F00076DA998D77DA9A8D78DA9B8D79DA9C8DCB
:105200007ADA9D8D7BDA9E8D7CDA9F8DCBCCA08D5A
:105210007DDAA18D7EDAA28D80DAA38DA4C8A48D5B
:1052200081DAA58D82DAA68D83DAA78D84DAA88D3E
:1052300085DAA98D86DAAA8D87DAAB8D88DAAC8D0E
:1052400089DAAD8D8ADAAE8D8BDAAF8D8CDAB08DDE
:105250008DDAB18DF5F4B28D8EDAB38DE3D7B48DDE
:10526000BFC5B58DC0F5B68D8FDAB78D90DAB88D24
:10527000BBF5B98D91DABA8DC3F5BB8D92DABC8DD1
:10528000C2F5BD8D93DABE8DBAD6BF8DC1F5C08D86
:1052900094DAC18D95DAC28D96DAC38DBED4C48DF1
:1052A000C4F5C58D97DAC68DCCF5C78D98DAC88D53
:1052B00099DAC98D9ADACA8D9BDACB8DCFB0CC8DB5
:1052C000F8B5CD8D9CDACE8DC9F5CF8DCAF5D08DD0
:1052D0009DDAD18DDCC5D28D9EDAD38D9FDAD48D47
:1052E000A0DAD58D40DBD68DC5F5D78DC6F5D88D26
:1052F00041DBD98D42DBDA8DC7F5DB8DCBF5DC8D5B
:1053000043DBDD8DE0BEDE8DC8F5DF8DFAB8E08DC4
:1053100044DBE18D45DBE28D46DBE38DD0F5E48DAA
:10532000D3F5E58D47DBE68D48DBE78D49DBE88D7E
:10533000E7BFE98D4ADBEA8DF2B9EB8DBCF5EC8D68
:10534000CDF5ED8D4BDBEE8D4CDBEF8DB7C2F08DE7
:105350004DDBF18D4EDBF28D4FDBF38DF8CCF48D10
:1053600050DBF58DF9BCF68D51DBF78DCEF5F88D60
:10537000CFF5F98DD1F5FA8DE5B6FB8DD2F5FC8D23
:1053800052DBFD8DD5F5FE8D53DBFF8D54DB008E9A
:1053900055DB018E56DB028E57DB038E58DB048E05
:1053A00059DB058EBDF5068E5ADB078E5BDB088E5A
:1053B0005CDB098ED4F50A8EBBD30B8E5DDB0C8EC5
:1053C000ECB30D8E5EDB0E8E5FDB0F8EA4CC108EE9
:1053D00060DB118E61DB128E62DB138E63DB148E59
:1053E000D6F5158E64DB168E65DB178E66DB188EA0
:1053F00067DB198E68DB1A8E69DB1B8E6ADB1C8EFD
:105400006BDB1D8ED7F51E8EE1BE1F8ED8F5208E6C
:105410006CDB218E6DDB228EDFCC238EDBF5248EC0
:105420006EDB258E6FDB268E70DB278E71DB288E80
:1054300072DB298EC8B22A8ED9D72B8E73DB2C8EC5
:10544000D9F52D8E74DB2E8EDAF52F8EDCF5308EAD
:1054500075DB318EE2F5328E76DB338E77DB348E80
:1054600078DB358EE0F5368E79DB378E7ADB388E59
:105470007BDB398EDFF53A8EDDF53B8E7CDB3C8EB7
:105480007DDB3D8EE1F53E8E7EDB3F8E80DB408E08
:10549000DEF5418EE4F5428EE5F5438E81DB448EE8
:1054A000E3CC458E82DB468E83DB478EBFE5488E9C
:1054B000B8B5498EE3F54A8EE8F54B8EA3CC4C8EF9
:1054C00084DB4D8E85DB4E8E86DB4F8E87DB508EE8
:1054D00088DB518EE6F5528EE7F5538E89DB548ECC
:1054E0008ADB558E8BDB568E8CDB578E8DDB588E90
:1054F0008EDB598EBEF55A8E8FDB5B8E90DB5C8E19
:1055000091DB5D8E92DB5E8E93DB5F8E94DB608E33
:1055100095DB618E96DB628E97DB638E98DB648E03
:1055200099DB658E9ADB668EC4B1678E9BDB688ED5
:105530009CDB698EBFF56A8E9DDB6B8E9EDB6C8E6D
:10554000C5B56D8EE4B26E8E9FDB6F8EECF5708EFE
:10555000E9F5718EA0DB728ED7B6738E40DC748E47
:10556000EDF5758E41DC768EEAF5778E42DC788E2D
:1055700043DC798E44DC7A8E45DC7B8E46DC7C8E87
:10558000EBF57D8E47DC7E8E48DC7F8EDAB4808E34
:1055900049DC818EEAD4828E4ADC838E4BDC848E99
:1055A0004CDC858EEEF5868E4DDC878EF9B3888EC9
:1055B0004EDC898E4FDC8A8E50DC8B8E51DC8C8EDB
:1055C00052DC8D8E53DC8E8E54DC8F8EEFF5908EF8
:1055D000F1F5918E55DC928E56DC938E57DC948ECD
:1055E000F0F5958E58DC968E59DC978E5ADC988EA5
:1055F0005BDC998E5CDC9A8E5DDC9B8E5EDC9C8E27
:10560000F2F59D8E5FDC9E8EF3F59F8E60DCA08EA2
:1056100061DCA18E62DCA28E63DCA38E64DCA48ECE
:1056200065DCA58E66DCA68E67DCA78E68DCA88E9E
:1056300069DCA98E6ADCAA8E6BDCAB8EEDC9AC8E00
:10564000AAB9AD8E6CDCAE8E6DDCAF8EFBC7B08EB2
:105650006EDCB18E6FDCB28EE3B6B38E70DCB48ECE
:1056600071DCB58E72DCB68E73DCB78E74DCB88EEE
:1056700075DCB98E76DCBA8EC9CCBB8E77DCBC8E7D
:1056800078DCBD8E79DCBE8E7ADCBF8E7BDCC08E92
:105690007CDCC18E7DDCC28E7EDCC38E80DCC48E61
:1056A00081DCC58E82DCC68E83DCC78E84DCC88E2E
:1056B00085DCC98E86DCCA8E87DCCB8E88DCCC8EFE
:1056C00089DCCD8E8ADCCE8EA6EACF8E8BDCD08EA6
:1056D0008CDCD18E8DDCD28E8EDCD38E8FDCD48EA2
:1056E00090DCD58E91DCD68E92DCD78E93DCD88E72
:1056F00094DCD98E95DCDA8E96DCDB8E97DCDC8E42
:1057000098DCDD8E99DCDE8E9ADCDF8E9BDCE08E11
:105710009CDCE18E9DDCE28E9EDCE38E9FDCE48EE1
:10572000A0DCE58E40DDE68E41DDE78E42DDE88ED1
:1057300043DDE98E44DDEA8E45DDEB8E46DDEC8E01
:1057400047DDED8E48DDEE8E49DDEF8E4ADDF08ED1
:105750004BDDF18E4CDDF28E4DDDF38E4EDDF48EA1
:105760004FDDF58E50DDF68E51DDF78E52DDF88E71
:1057700053DDF98E54DDFA8E55DDFB8E56DDFC8E41
:1057800057DDFD8E58DDFE8E59DDFF8E5ADD008F10
:105790005BDD018F5CDD028F5DDD038F5EDD048FDD
:1057A0005FDD058F60DD068F61DD078F62DD088FAD
:1057B00063DD098F64DD0A8F65DD0B8F66DD0C8F7D
:1057C00067DD0D8F68DD0E8F69DD0F8F6ADD108F4D
:1057D0006BDD118F6CDD128F6DDD138F6EDD148F1D
:1057E0006FDD158F70DD168F71DD178F72DD188FED
:1057F00073DD198F74DD1A8F75DD1B8F76DD1C8FBD
:1058000077DD1D8F78DD1E8F79DD1F8F7ADD208F8C
:105810007BDD218F7CDD228F7DDD238F7EDD248F5C
:1058200080DD258F81DD268F82DD278F83DD288F28
:1058300084DD298F85DD2A8F86DD2B8F87DD2C8FF8
:1058400088DD2D8F89DD2E8F8ADD2F8F8BDD308FC8
:105850008CDD318F8DDD328F8EDD338F8FDD348F98
:1058600090DD358F91DD368F92DD378F93DD388F68
:1058700094DD398F95DD3A8F96DD3B8F97DD3C8F38
:1058800098DD3D8F99DD3E8F9ADD3F8F9BDD408F08
:105890009CDD418F9DDD428F9EDD438F9FDD448FD8
:1058A000A0DD458F40DE468F41DE478F42DE488FC8
:1058B00043DE498F44DE4A8F45DE4B8F46DE4C8FF8
:1058C00047DE4D8F48DE4E8F49DE4F8F4ADE508FC8
:1058D0004BDE518F4CDE528F4DDE538F4EDE548F98
:1058E0004FDE558F50DE568F51DE578F52DE588F68
:1058F00053DE598F54DE5A8F55DE5B8F56DE5C8F38
:1059000057DE5D8F58DE5E8F59DE5F8F5ADE608F07
:105910005BDE618F5CDE628F5DDE638F5EDE648FD7
:105920005FDE658F60DE668FB5B3678FFED4688FEC
:10593000ECB9698FF9D06A8F61DE6B8FEDE96C8FFE
:10594000AAD76D8FEEE96E8FD6C26F8FEDC8708FBC
:10595000E4BA718FEFE9728FF0E9738FF1E9748F18
:10596000E1D6758FF2E9768FF3E9778FF5E9788FD5
:10597000F4E9798FF6E97A8FF7E97B8FE1C77C8FBD
:10598000F8E97D8FD8D47E8FF9E97F8FCEBD808FE7
:1059900062DE818FFAE9828FFBE9838FCFBD848F2E
:1059A000FCE9858FA8B8868FBEC1878FFDE9888FF7
:1059B000B2B1898FD4BB8A8FF5B98B8FFEE98C8FFA
:1059C00063DE8D8FA1EA8E8FA2EA8F8FA3EA908F7C
:1059D000F8B7918FADBC928F64DE938FE4CA948F39
:1059E000CEE0958FAFD4968FBDCF978FB7D5988FD8
:1059F000A4EA998FDED59A8FA5EA9B8FC1D09C8FA0
:105A0000BCB99D8F65DE9E8FC7B49F8FD9B1A08F23
:105A100066DEA18F67DEA28F68DEA38FB1C0A48F80
:105A200069DEA58F6ADEA68F6BDEA78F6CDEA88F7E
:105A3000E6B1A98FE7B1AA8F6DDEAB8FE8B1AC8F6D
:105A40006EDEAD8F6FDEAE8F70DEAF8F71DEB08F2A
:105A5000BDB3B18FE8C8B28F72DEB38F73DEB48F7F
:105A600074DEB58F75DEB68FC1E5B78F76DEB88F81
:105A700077DEB98FDFB1BA8F78DEBB8F79DEBC8F6E
:105A80007ADEBD8FC9C1BE8FEFB4BF8F7BDEC08F02
:105A90007CDEC18FA8C7C28FD8D3C38F7DDEC48FF1
:105AA000F9C6C58FB8D1C68F7EDEC78FFDB9C88F46
:105AB000F5C2C98F80DECA8F81DECB8F82DECC8FAC
:105AC00083DECD8F84DECE8FADD3CF8F85DED08FBA
:105AD000CBD4D18FFCBDD28F86DED38FC2E5D48FDD
:105AE000B5B7D58FC3E5D68F87DED78F88DED88F41
:105AF000B9BBD98FE2D5DA8F89DEDB8FF8BDDC8FB9
:105B0000B6D4DD8FA5CEDE8FACC1DF8FD9B3E08FE9
:105B10008ADEE18F8BDEE28FF6CCE38F8CDEE48FC2
:105B2000C6E5E58FC4E5E68FC8E5E78F8DDEE88F33
:105B3000CAE5E98FC7E5EA8FCFB5EB8FC8C6EC8F12
:105B40008EDEED8FFCB5EE8FC5E5EF8F8FDEF08F2B
:105B5000F6CAF18F90DEF28F91DEF38FC9E5F48FF4
:105B600092DEF58F93DEF68F94DEF78FD4C3F88F35
:105B7000C5B1F98FA3BCFA8F95DEFB8F96DEFC8F43
:105B800097DEFD8FB7D7FE8F98DEFF8F99DE0090EE
:105B9000CBCD0190CDCB0290CACA0390D3CC049058
:105BA000CCE50590CBE50690E6C407909ADE089018
:105BB0009BDE0990A1D10A90B7D10B90CDE50C9056
:105BC0009CDE0D90D0E50E909DDE0F90B8CD10902C
:105BD000F0D61190CFE51290DDB513909EDE1490B3
:105BE000BECD15909FDE1690D1E51790BAB61890ED
:105BF000A0DE199040DF1A90A8CD1B90E4B91C904C
:105C000041DF1D90C5CA1E90D1B31F90D9CB209003
:105C1000ECD42190D2E52290EAB7239042DF249081
:105C200043DF259044DF2690CEE5279045DF28907E
:105C300046DF299047DF2A9048DF2B9049DF2C90E0
:105C40004ADF2D90D5E52E90FEB42F90D6E530900A
:105C50004BDF31904CDF32904DDF33904EDF34908C
:105C60004FDF3590D3E53690D4E5379050DF38904C
:105C7000DDD2399051DF3A9052DF3B90DFC23C9049
:105C8000C6B13D9053DF3E90E2D33F9054DF409049
:105C900055DF4190DDB64290ECCB439056DF449007
:105CA000D7E5459057DF469058DF4790F6D34890A8
:105CB00059DF49905ADF4A905BDF4B905CDF4C9094
:105CC0005DDF4D90E9B14E905EDF4F90F4B650909D
:105CD000DAE55190D8E55290D9E55390C0B554908B
:105CE0005FDF559060DF569061DF5790C5D25890C6
:105CF000DCE5599062DF5A9063DF5B90DEE55C90F3
:105D000064DF5D9065DF5E9066DF5F9067DF6090C7
:105D100068DF619069DF6290DDE56390B2C76490EF
:105D20006ADF6590A3D266906BDF67906CDF689046
:105D3000DBE569906DDF6A906EDF6B906FDF6C90D2
:105D400070DF6D90E2D46E90DAD56F9071DF709055
:105D500072DF719073DF729074DF739075DF7490EF
:105D6000E0E57590F1D7769076DF779077DF7890E1
:105D700078DF799079DF7A907ADF7B907BDF7C9097
:105D80007CDF7D90E1E57E907DDF7F90DCB18090CF
:105D9000FBD181907EDF8290E2E58390E4E5849000
:105DA00080DF859081DF869082DF879083DF889017
:105DB000E3E5899084DF8A9085DF8B90E5E58C9020
:105DC00086DF8D9087DF8E9088DF8F9089DF9090BF
:105DD0008ADF9190D8D292908BDF9390CBB594903C
:105DE0008CDF9590DFE796908DDF9790F5DA9890AD
:105DF0008EDF9990F8DA9A908FDF9B90F6DA9C907C
:105E000090DF9D90F7DA9E9091DF9F9092DFA090B7
:105E100093DFA190FADAA290CFD0A390C7C4A49048
:105E200094DFA59095DFA690EEB0A79096DFA8909E
:105E300097DFA99098DFAA90B0D0AB9099DFAC9093
:105E4000F9DAAD909ADFAE90CAD3AF90AABAB0900B
:105E5000A2DBB190F1C7B2909BDFB390FCDAB490B3
:105E6000FBDAB590DBC9B690FDDAB7909CDFB8904D
:105E7000A1DBB990DED7BA90FEDABB90DAC1BC9054
:105E80009DDFBD909EDFBE90A5DBBF909FDFC090E1
:105E9000A0DFC190F4D3C29040E0C39041E0C49031
:105EA000A7DBC590A4DBC69042E0C790A8DBC890F2
:105EB00043E0C99044E0CA90BCBDCB9045E0CC9093
:105EC00046E0CD9047E0CE90C9C0CF90A3DBD09004
:105ED000A6DBD190A3D6D29048E0D390A9DBD49092
:105EE00049E0D5904AE0D6904BE0D790ADDBD89012
:105EF0004CE0D9904DE0DA904EE0DB90AEDBDC90E8
:105F0000ACDBDD90C2BADE904FE0DF9050E0E09075
:105F100051E0E190A4BFE290ABDBE39052E0E4906B
:105F200053E0E59054E0E690AADBE790C7D4E89010
:105F3000BFB2E99055E0EA9056E0EB90AFDBEC9011
:105F400057E0ED90F9B9EE9058E0EF90B0DBF090AB
:105F500059E0F1905AE0F2905BE0F3905CE0F4904D
:105F6000BBB3F5905DE0F6905EE0F7905FE0F890EF
:105F7000A6B5F99060E0FA9061E0FB9062E0FC90D9
:105F800063E0FD90BCB6FE90B1DBFF9064E0009151
:105F900065E0019166E00291F5B6039167E0049136
:105FA000B2DB059168E0069169E007916AE008912B
:105FB0006BE009916CE00A916DE00B916EE00C9141
:105FC0006FE00D9170E00E9171E00F9172E0109111
:105FD00073E0119174E0129175E0139176E01491E1
:105FE00077E0159178E0169179E017917AE01891B1
:105FF0007BE01991C9B11A917CE01B917DE01C9165
:106000007EE01D9180E01E91B4DB1F9181E0209124
:1060100082E0219183E02291B3DB2391B5DB2491CF
:1060200084E0259185E0269186E0279187E02891FC
:1060300088E0299189E02A918AE02B918BE02C91CC
:106040008CE02D918DE02E918EE02F91B7DB309179
:106050008FE03191B6DB329190E0339191E0349151
:1060600092E0359193E0369194E0379195E0389144
:1060700096E03991B8DB3A9197E03B9198E03C91FA
:1060800099E03D919AE03E919BE03F919CE04091E8
:106090009DE041919EE042919FE04391B9DB4491A4
:1060A000A0E0459140E14691BADB479141E148913A
:1060B00042E14991CFD34A91FAF44B91F5C74C9103
:1060C000C3D74D91E4C54E91FCF44F91FDF450912E
:1060D000FBF4519143E15291C6BE539144E1549176
:1060E00045E1559146E1569147E15791EFD05891DE
:1060F00048E1599149E15A91D3B75B914AE15C91EA
:106100004BE15D91CDD45E91AACC5F914CE1609161
:106110004DE16191A2F56291A1F56391A8BA6491F4
:10612000FEF46591D6CB66914EE167914FE168919F
:1061300050E16991A4F56A91D2C06B9151E16C91E3
:10614000EAB36D9152E16E91AACD6F91A5F5709170
:10615000A3F57191B4BD7291A8F5739153E1749157
:10616000A9F57591CDBD7691B8C37791E1BF7891CE
:10617000E1CB7991AAF57A9154E17B9155E17C913B
:1061800056E17D91A6F57E91A7F57F91F0C48091AF
:1061900057E1819158E1829159E183915AE18491CB
:1061A0005BE18591ACF586915CE18791BCB4889107
:1061B0005DE18991EDD78A915EE18B91D7B48C91A5
:1061C000ABF58D91AEF58E915FE18F9160E190918D
:1061D000ADF59191AFF59291D1D0939161E1949108
:1061E00062E1959163E1969164E1979165E19891FF
:1061F00066E1999167E19A91D1C39B91A9C89C915D
:1062000068E19D9169E19E916AE19F916BE1A091A6
:106210006CE1A1916DE1A291B0F5A391B1F5A491CA
:106220006EE1A5916FE1A69170E1A79171E1A8914E
:1062300072E1A99173E1AA91B2F5AB9174E1AC91CD
:1062400075E1AD91B3F5AE91B4F5AF91B5F5B091FF
:1062500076E1B19177E1B29178E1B39179E1B491CE
:10626000B7F5B591B6F5B6917AE1B7917BE1B89102
:106270007CE1B9917DE1BA91B8F5BB917EE1BC9129
:1062800080E1BD9181E1BE9182E1BF9183E1C09146
:1062900084E1C19185E1C29186E1C39187E1C49116
:1062A00088E1C59189E1C6918AE1C791C9B2C891D7
:1062B0008BE1C991D4D3CA91CDCACB918CE1CC9159
:1062C000EFC0CD91D8D6CE91B0D2CF91BFC1D091F1
:1062D0008DE1D191F0BDD2918EE1D3918FE1D49136
:1062E00090E1D59191E1D69192E1D79193E1D89146
:1062F00094E1D99195E1DA9196E1DB9197E1DC9116
:10630000AAB8DD9198E1DE9199E1DF919AE1E091FF
:106310009BE1E1919CE1E2919DE1E3919EE1E491B9
:106320009FE1E591A0E1E69140E2E79141E2E89149
:1063300042E2E99143E2EA9144E2EB9145E2EC91D9
:1063400046E2ED9147E2EE9148E2EF9149E2F091A9
:106350004AE2F1914BE2F2914CE2F3914DE2F49179
:106360004EE2F5914FE2F69150E2F79151E2F89149
:1063700052E2F99153E2FA9154E2FB9155E2FC9119
:1063800056E2FD9157E2FE9158E2FF9159E20092E8
:106390005AE201925BE202925CE203925DE20492B5
:1063A0005EE205925FE2069260E2079261E2089285
:1063B00062E2099263E20A9264E20B9265E20C9255
:1063C00066E20D9267E20E9268E20F9269E2109225
:1063D0006AE211926BE212926CE213926DE21492F5
:1063E0006EE215926FE2169270E2179271E21892C5
:1063F00072E2199273E21A9274E21B9275E21C9295
:1064000076E21D9277E21E9278E21F9279E2209264
:106410007AE221927BE222927CE223927DE2249234
:106420007EE2259280E2269281E2279282E2289201
:1064300083E2299284E22A9285E22B9286E22C92D0
:1064400087E22D9288E22E9289E22F928AE23092A0
:106450008BE231928CE232928DE233928EE2349270
:106460008FE2359290E2369291E2379292E2389240
:1064700093E2399294E23A9295E23B9296E23C9210
:1064800097E23D9298E23E9299E23F929AE24092E0
:106490009BE241929CE242929DE243929EE24492B0
:1064A0009FE24592A0E2469240E3479241E3489240
:1064B00042E3499243E34A9244E34B9245E34C92D0
:1064C00046E34D9247E34E9248E34F9249E35092A0
:1064D0004AE351924BE352924CE353924DE3549270
:1064E0004EE355924FE3569250E3579251E3589240
:1064F00052E3599253E35A9254E35B9255E35C9210
:1065000056E35D9257E35E9258E35F9259E36092DF
:106510005AE361925BE362925CE363925DE36492AF
:106520005EE365925FE3669260E3679261E368927F
:1065300062E3699263E36A9264E36B9265E36C924F
:1065400066E36D9267E36E9268E36F9269E370921F
:106550006AE371926BE372926CE373926DE37492EF
:10656000F8BC75926EE376926FE3779270E378925F
:1065700071E3799272E37A9273E37B9274E37C9293
:1065800075E37D9276E37E9277E37F9278E3809263
:1065900079E381927AE382927BE383927CE3849233
:1065A0007DE385927EE3869280E3879281E3889201
:1065B00082E3899283E38A9284E38B9285E38C92CF
:1065C00086E38D9287E38E92C6F68F9288E390924F
:1065D00089E391928AE392928BE393928CE3949273
:1065E0008DE395928EE396928FE3979290E3989243
:1065F00091E3999292E39A9293E39B9294E39C9213
:1066000095E39D9296E39E9297E39F9298E3A092E2
:1066100099E3A1929AE3A2929BE3A3929CE3A492B2
:106620009DE3A5929EE3A6929FE3A792A0E3A89282
:1066300040E4A99241E4AA9242E4AB9243E4AC92D2
:1066400044E4AD9245E4AE92C7F6AF9246E4B09210
:1066500047E4B19248E4B29249E4B3924AE4B49276
:106660004BE4B5924CE4B6924DE4B7924EE4B89246
:106670004FE4B99250E4BA9251E4BB9252E4BC9216
:1066800053E4BD9254E4BE9255E4BF9256E4C092E6
:1066900057E4C19258E4C29259E4C3925AE4C492B6
:1066A0005BE4C5925CE4C6925DE4C7925EE4C89286
:1066B000C8F6C9925FE4CA9260E4CB9261E4CC92DE
:1066C00062E4CD9263E4CE9264E4CF9265E4D0922A
:1066D00066E4D19267E4D29268E4D39269E4D492FA
:1066E0006AE4D5926BE4D6926CE4D7926DE4D892CA
:1066F0006EE4D9926FE4DA9270E4DB9271E4DC929A
:1067000072E4DD9273E4DE9274E4DF9275E4E09269
:1067100076E4E19277E4E29278E4E39279E4E49239
:106720007AE4E5927BE4E6927CE4E7927DE4E89209
:106730007EE4E99280E4EA9281E4EB9282E4EC92D6
:1067400083E4ED9284E4EE9285E4EF9286E4F092A5
:1067500087E4F19288E4F29289E4F3928AE4F49275
:106760008BE4F5928CE4F6928DE4F7928EE4F89245
:106770008FE4F99290E4FA9291E4FB9292E4FC9215
:1067800093E4FD9294E4FE9295E4FF9296E40093E4
:1067900097E4019398E4029399E403939AE40493B1
:1067A0009BE405939CE406939DE407939EE4089381
:1067B0009FE40993A0E40A9340E50B9341E50C9311
:1067C00042E50D9343E50E9344E50F9345E51093A1
:1067D00046E5119347E5129348E5139349E5149371
:1067E0004AE515934BE516934CE517934DE5189341
:1067F0004EE519934FE51A9350E51B9351E51C9311
:1068000052E51D9353E51E9354E51F9355E52093E0
:1068100056E5219357E5229358E5239359E52493B0
:106820005AE525935BE526935CE527935DE5289380
:106830005EE529935FE52A9360E52B9361E52C9350
:1068400062E52D9363E52E9364E52F9365E5309320
:1068500066E5319367E5329368E5339369E53493F0
:106860006AE535936BE536936CE537936DE53893C0
:106870006EE539936FE53A9370E53B9371E53C9390
:1068800072E53D9373E53E93C9F63F9374E54093FB
:1068900075E5419376E5429377E5439378E5449334
:1068A00079E545937AE546937BE547937CE5489304
:1068B0007DE549937EE54A9380E54B9381E54C93D2
:1068C00082E54D9383E54E9384E54F9385E55093A0
:1068D00086E5519387E5529388E5539389E5549370
:1068E0008AE555938BE556938CE557938DE5589340
:1068F0008EE559938FE55A9390E55B9391E55C9310
:1069000092E55D9393E55E9394E55F9395E56093DF
:1069100096E5619397E5629398E5639399E56493AF
:106920009AE565939BE566939CE567939DE568937F
:106930009EE569939FE56A93CAF66B93A0E56C9315
:1069400040E66D9341E66E9342E66F9343E67093A3
:1069500044E6719345E6729346E6739347E6749373
:1069600048E6759349E676934AE677934BE6789343
:106970004CE679934DE67A934EE67B934FE67C9313
:1069800050E67D9351E67E9352E67F9353E68093E3
:1069900054E6819355E6829356E6839357E68493B3
:1069A00058E6859359E686935AE687935BE6889383
:1069B0005CE689935DE68A935EE68B935FE68C9353
:1069C00060E68D9361E68E9362E68F93CCF69093AA
:1069D00063E6919364E6929365E6939366E69493F7
:1069E00067E6959368E6969369E697936AE69893C7
:1069F0006BE699936CE69A936DE69B936EE69C9397
:106A00006FE69D9370E69E9371E69F9372E6A09366
:106A100073E6A19374E6A29375E6A39376E6A49336
:106A200077E6A59378E6A69379E6A7937AE6A89306
:106A30007BE6A9937CE6AA937DE6AB937EE6AC93D6
:106A400080E6AD9381E6AE9382E6AF9383E6B093A2
:106A500084E6B19385E6B29386E6B39387E6B49372
:106A600088E6B59389E6B6938AE6B7938BE6B89342
:106A70008CE6B9938DE6BA938EE6BB938FE6BC9312
:106A800090E6BD9391E6BE9392E6BF9393E6C093E2
:106A900094E6C19395E6C29396E6C39397E6C493B2
:106AA00098E6C59399E6C6939AE6C7939BE6C89382
:106AB0009CE6C9939DE6CA93CBF6CB939EE6CC9316
:106AC0009FE6CD93A0E6CE9340E7CF9341E7D093E6
:106AD00042E7D19343E7D29344E7D39345E7D49376
:106AE00046E7D59347E7D693E9F7D79348E7D89396
:106AF00049E7D9934AE7DA934BE7DB934CE7DC931A
:106B00004DE7DD934EE7DE934FE7DF9350E7E093E9
:106B100051E7E19352E7E29353E7E39354E7E493B9
:106B200055E7E59356E7E69357E7E79358E7E89389
:106B300059E7E9935AE7EA935BE7EB935CE7EC9359
:106B40005DE7ED935EE7EE935FE7EF9360E7F09329
:106B500061E7F19362E7F29363E7F39364E7F493F9
:106B600065E7F59366E7F69367E7F79368E7F893C9
:106B700069E7F9936AE7FA936BE7FB936CE7FC9399
:106B80006DE7FD936EE7FE936FE7FF9370E7009468
:106B900071E7019472E7029473E7039474E7049435
:106BA00075E7059476E7069477E7079478E7089405
:106BB00079E709947AE70A947BE70B947CE70C94D5
:106BC0007DE70D947EE70E9480E70F9481E71094A3
:106BD00082E7119483E7129484E7139485E7149471
:106BE00086E7159487E7169488E7179489E7189441
:106BF0008AE719948BE71A948CE71B948DE71C9411
:106C00008EE71D948FE71E9490E71F9491E72094E0
:106C100092E7219493E7229494E7239495E72494B0
:106C200096E7259497E7269498E7279499E7289480
:106C30009AE729949BE72A949CE72B949DE72C9450
:106C40009EE72D949FE72E94A0E72F9440E8309480
:106C500041E8319442E8329443E8339444E8349470
:106C600045E8359446E8369447E8379448E8389440
:106C700049E839944AE83A944BE83B944CE83C9410
:106C80004DE83D944EE83E94CDF63F944FE8409455
:106C900050E8419451E8429452E8439453E84494B4
:106CA00054E8459455E8469456E8479457E8489484
:106CB00058E8499459E84A945AE84B945BE84C9454
:106CC0005CE84D945DE84E945EE84F945FE8509424
:106CD00060E8519461E8529462E8539463E85494F4
:106CE00064E8559465E8569466E8579467E85894C4
:106CF00068E8599469E85A946AE85B946BE85C9494
:106D00006CE85D946DE85E946EE85F946FE8609463
:106D100070E8619471E8629472E8639473E8649433
:106D200074E8659475E8669476E8679477E8689403
:106D300078E8699479E86A947AE86B94CEF66C9472
:106D40007BE86D947CE86E947DE86F947EE87094A7
:106D500080E8719481E8729482E8739483E8749473
:106D600084E8759485E8769486E8779487E8789443
:106D700088E8799489E87A948AE87B948BE87C9413
:106D80008CE87D948DE87E948EE87F948FE88094E3
:106D900090E8819491E8829492E8839493E88494B3
:106DA00094E88594C4EE8694C5EE8794C6EE8894E4
:106DB000EBD58994A4B68A94C8EE8B94C7EE8C94D4
:106DC000C9EE8D94CAEE8E94A5C78F94CBEE9094A5
:106DD000CCEE919495E89294B0B79394F6B59494D0
:106DE000CDEE9594CFEE969496E89794CEEE989447
:106DF00097E89994C6B89A94D0EE9B94D1EE9C945F
:106E0000D2EE9D94DBB69E94AEB39F94D3D6A0945D
:106E1000C6C4A194B5B1A294D6B8A394D3EEA49459
:106E2000D4EEA594BFD4A694D5C7A794FBBEA894CE
:106E3000D9CEA994B3B9AA94D6EEAB94D5EEAC94BE
:106E4000D8EEAD94D7EEAE94A5C5AF94D9EEB0947C
:106E5000DAEEB194AEC7B294DBEEB394AFC7B4949C
:106E6000DCEEB594A7B2B694DDEEB794DEEEB8943E
:106E7000DFEEB994E0EEBA94E1EEBB94EAD7BC94AD
:106E8000E2EEBD94E3EEBE94D8BCBF94E4EEC094B1
:106E9000CBD3C194FACCC294ACB2C394E5C1C49430
:106EA000E5EEC594A6C7C694ADC3C79498E8C89448
:106EB000E6EEC994E7EECA94E8EECB94E9EECC9402
:106EC000EAEECD94EBEECE94ECEECF9499E8D0942C
:106ED000EDEED194EEEED294EFEED3949AE8D49402
:106EE0009BE8D594F0EED694F1EED794F2EED894D8
:106EF000F4EED994F3EEDA949CE8DB94F5EEDC94AE
:106F0000ADCDDD94C1C2DE94F6EEDF94F7EEE094F1
:106F1000F8EEE194A1D5E294F9EEE394B3CFE494D2
:106F2000FAEEE594FBEEE6949DE8E794FCEEE89437
:106F3000FDEEE994A1EFEA94FEEEEB94A2EFEC945F
:106F4000F5B8ED94FAC3EE94A3EFEF94A4EFF094A8
:106F5000C2BDF194BFD2F294F9B2F394A5EFF494C8
:106F6000A6EFF594A7EFF694F8D2F794A8EFF8946B
:106F7000FDD6F994A9EFFA94CCC6FB949EE8FC9454
:106F8000AAEFFD94ABEFFE94B4C1FF94ACEF009573
:106F9000FACF0195F8CB0295AEEF0395ADEF0495CE
:106FA000FAB30595F8B90695AFEF0795B0EF0895D8
:106FB000E2D00995B1EF0A95B2EF0B95E6B70C95C3
:106FC000BFD00D95B3EF0E95B4EF0F95B5EF1095BB
:106FD000F1C81195E0CC1295B6EF1395B7EF149563
:106FE000B8EF1595B9EF1695BAEF1795E0D5189546
:106FF000BBEF1995EDB41A95AAC31B95BCEF1C9570
:107000009FE81D95BDEF1E95BEEF1F95BFEF209524
:10701000A0E82195FDCE2295C0EF2395E0C22495EE
:10702000B8B42595B6D72695F5BD279540E928959E
:10703000C7CF2995C3EF2A95C1EF2B95C2EF2C95A9
:10704000C4EF2D95A7B62E95FCBC2F95E2BE3095CA
:10705000CCC33195C5EF3295C6EF339541E93495F0
:10706000C7EF3595CFEF3695C8EF3795C9EF38950F
:10707000CAEF3995C2C73A95F1EF3B95CDB63C952D
:10708000CBEF3D9542E93E95CCEF3F95CDEF409556
:10709000C6B64195BEC34295CEEF439543E94495AC
:1070A000D0EF4595D1EF4695D2EF4795F2D548956B
:1070B00044E94995D3EF4A95F7C44B9545E94C957A
:1070C000D4EF4D95F8C44E95D5EF4F95D6EF50952A
:1070D000E4B85195F7B05295D7EF5395D8EF549542
:1070E000D9EF559546E95695DAEF5795DBEF589568
:1070F000DCEF5995DDEF5A9547E95B95DEEF5C953E
:10710000B5BE5D95E1EF5E95DFEF5F95E0EF6095D1
:1071100048E96195E2EF6295E3EF6395CDC164952F
:10712000E4EF6595E5EF6695E6EF6795E7EF68951F
:10713000E8EF6995E9EF6A95EAEF6B95EBEF6C95EF
:10714000ECEF6D95D8C06E9549E96F95EDEF7095B0
:10715000ADC17195EEEF7295EFEF7395F0EF749509
:107160004AE975954BE97695E2CF77954CE97895A4
:107170004DE979954EE97A954FE97B9550E97C95F3
:1071800051E97D9552E97E9553E97F95A4B38095A9
:1071900054E9819555E9829556E9839557E9849597
:1071A00058E9859559E986955AE987955BE9889567
:1071B0005CE989955DE98A955EE98B955FE98C9537
:1071C00060E98D9561E98E9562E98F9563E9909507
:1071D00064E9919565E9929566E9939567E99495D7
:1071E00068E9959569E996956AE997956BE99895A7
:1071F0006CE999956DE99A956EE99B956FE99C9577
:1072000070E99D9571E99E9572E99F9573E9A09546
:1072100074E9A19575E9A29576E9A39577E9A49516
:1072200078E9A59579E9A6957AE9A7957BE9A895E6
:107230007CE9A9957DE9AA957EE9AB9580E9AC95B5
:1072400081E9AD9582E9AE9583E9AF9584E9B09582
:1072500085E9B19586E9B29587E9B39588E9B49552
:1072600089E9B5958AE9B6958BE9B7958CE9B89522
:107270008DE9B9958EE9BA958FE9BB9590E9BC95F2
:1072800091E9BD9592E9BE9593E9BF9594E9C095C2
:1072900095E9C19596E9C29597E9C39598E9C49592
:1072A00099E9C5959AE9C6959BE9C7959CE9C89562
:1072B0009DE9C9959EE9CA959FE9CB95A0E9CC9532
:1072C00040EACD9541EACE9542EACF9543EAD09582
:1072D00044EAD19545EAD29546EAD39547EAD49552
:1072E00048EAD59549EAD6954AEAD7954BEAD89522
:1072F0004CEAD9954DEADA954EEADB954FEADC95F2
:1073000050EADD9551EADE9552EADF9553EAE095C1
:1073100054EAE19555EAE29556EAE39557EAE49591
:1073200058EAE59559EAE6955AEAE7955BEAE89561
:10733000C5C3E995C5E3EA95C1C9EB95C6E3EC95EC
:107340005CEAED95D5B1EE95CACEEF95B3B4F09564
:10735000F2C8F195C7E3F295D0CFF395C8E3F49561
:10736000E4BCF595C9E3F695CAE3F795C6C3F8956D
:10737000A2D5F995D6C4FA95EBB9FB95C5CEFC9587
:10738000CBE3FD95F6C3FE95CCE3FF955DEA009651
:10739000A7B70196F3B80296D2BA0396CDE3049646
:1073A000CEE30596C4D40696CFE307965EEA089628
:1073B000D0E30996CBD10A96D1E30B96D2E30C9693
:1073C000D3E30D96D4E30E96D6D10F96D5E310965F
:1073D000FBB21196BBC01296D6E313965FEA1496E1
:1073E000ABC01596D7E31696D8E31796D9E318964F
:1073F00060EA1996DAE31A96DBE31B9661EA1C96BB
:10740000B7B81D96E2DA1E9662EA1F96D3B62096AA
:1074100063EA2196E4DA2296E3DA239664EA249674
:1074200065EA259666EA269667EA279668EA289628
:1074300069EA29966AEA2A96E6DA2B966BEA2C968E
:107440006CEA2D966DEA2E96EEC82F966EEA30966F
:107450006FEA3196E5DA3296C0B73396F4D13496B6
:10746000F5D23596F3D53696D7BD379670EA38966D
:1074700071EA399672EA3A9673EA3B96E8D73C96F7
:10748000E8DA3D96E7DA3E9674EA3F96A2B0409677
:10749000D3CD419675EA4296E9DA439676EA449668
:1074A000BDB84596CABC4696BDC24796A4C248968A
:1074B000C2B34996EADA4A9677EA4B96AAC24C9644
:1074C000B0C44D96B5BD4E9678EA4F9679EA50967F
:1074D000DECF51967AEA52967BEA53967CEA54962E
:1074E000EBDA5596C2C956967DEA57967EEA5896CB
:1074F00080EA599681EA5A9682EA5B96DDB15C96FB
:1075000083EA5D9684EA5E9685EA5F96ECDA609699
:1075100086EA6196B8B66296BAD4639687EA6496AC
:10752000FDB3659688EA669689EA6796EDDA68960D
:10753000C9D46996D5CF6A96E3C56B968AEA6C96EC
:10754000EEDA6D968BEA6E968CEA6F968DEA7096FF
:107550008EEA71968FEA7296EFDA739690EA7496D5
:10756000F0DA7596EAC17696D5CC7796DDCF789627
:1075700091EA799692EA7A9693EA7B9694EA7C96D7
:1075800095EA7D9696EA7E9697EA7F9698EA8096A7
:1075900099EA81969AEA82969BEA83969CEA849677
:1075A0009DEA8596E7D38696A1C287969EEA88963D
:1075B000F1DA89969FEA8A96A0EA8B96E5CB8C96BB
:1075C00040EB8D96F2DA8E9641EB8F96E6CB909655
:1075D000FED2919642EB929643EB939644EB9496AF
:1075E000F4B8959645EB969646EB9796F3DA98960F
:1075F000AFB09996B6CF9A9647EB9B9648EB9C9680
:10760000CFD59D9649EB9E964AEB9F964BEBA09665
:107610004CEBA1964DEBA2964EEBA3964FEBA496A6
:1076200050EBA59651EBA69652EBA796EDCBA896FC
:1076300053EBA99654EBAA9655EBAB9656EBAC964A
:1076400057EBAD9658EBAE9659EBAF965AEBB0961A
:10765000F4DAB1965BEBB2965CEBB396C4E3B49606
:107660005DEBB5965EEBB696A5C1B7965FEBB896A7
:1076700060EBB996BFF6BA9661EBBB9662EBBC962F
:10768000C0F6BD96C1F6BE96D1C4BF9663EBC09658
:10769000B8C8C196E3D1C29664EBC39665EBC496B5
:1076A000DBD0C596C5D1C696AFBCC796CDB9C89636
:1076B00066EBC996F4EFCA9667EBCB9668EBCC966F
:1076C000C6B4CD96BAD3CE96C2F6CF96FBB3D096BB
:1076D00069EBD1966AEBD296C3F6D3966BEBD49650
:1076E0006CEBD596F1B5D6966DEBD7966EEBD8963A
:1076F0006FEBD99670EBDA9671EBDB9672EBDC965A
:1077000073EBDD9674EBDE9675EBDF9676EBE09629
:10771000C5F6E19677EBE29678EBE39679EBE496A3
:107720007AEBE5967BEBE6967CEBE7967DEBE896CD
:10773000EAD3E996A7F6EA96A9D1EB967EEBEC960A
:1077400080EBED9681EBEE9682EBEF96A9F6F09644
:1077500083EBF19684EBF29685EBF396A8F6F4961C
:1077600086EBF59687EBF696E3C1F796D7C0F896C9
:1077700088EBF996A2B1FA9689EBFB968AEBFC9618
:107780008BEBFD968CEBFE96EDCEFF968DEB009786
:10779000E8D00197ABF602978EEB03978FEB049737
:1077A000F6CF059790EB0697AAF60797F0D50897BE
:1077B000ACF60997B9C30A9791EB0B9792EB0C972C
:1077C00093EB0D97F4BB0E97AEF60F97ADF61097AF
:1077D00094EB119795EB129796EB1397DEC41497E1
:1077E00097EB159798EB1697D8C1179799EB1897C1
:1077F0009AEB19979BEB1A979CEB1B979DEB1C97A9
:10780000AACB1D979EEB1E97BCCF1F979FEB20978F
:10781000A0EB219740EC229741EC239742EC249770
:1078200043EC259744EC269745EC279746EC2897A0
:1078300047EC299748EC2A97AFF62B9749EC2C9701
:107840004AEC2D97B0F62E974BEC2F974CEC3097D7
:10785000B1F631974DEC3297B6C233974EEC349770
:107860004FEC359750EC369751EC379752EC3897F0
:10787000D4B03997F9C53A9753EC3B9754EC3C9701
:1078800055EC3D9756EC3E97B2F63F9757EC409734
:1078900058EC419759EC42975AEC43975BEC44976C
:1078A0005CEC45975DEC46975EEC47975FEC48973C
:1078B00060EC499761EC4A9762EC4B9763EC4C970C
:1078C00064EC4D9765EC4E9766EC4F9767EC5097DC
:1078D00068EC519769EC5297E0C75397A6F6549716
:1078E0006AEC55976BEC5697B8BE57976CEC589767
:1078F0006DEC5997B2BE5A976EEC5B97E5B55C9705
:107900006FEC5D9770EC5E97C7B75F9771EC60970F
:10791000BFBF6197D2C36297E6C3639772EC649767
:1079200073EC6597CCD8669774EC679775EC68979D
:1079300076EC6997EFB86A9777EC6B9778EC6C9771
:1079400079EC6D977AEC6E977BEC6F977CEC709787
:107950007DEC71977EEC729780EC7397F9BD74970C
:10796000A5D1759781EC7697D0B0779782EC789710
:1079700083EC799784EC7A9785EC7B9786EC7C97FF
:10798000B0F77D9787EC7E9788EC7F9789EC80979E
:107990008AEC81978BEC82978CEC83978DEC8497A3
:1079A0008EEC8597B1F786978FEC879790EC889748
:1079B00091EC899792EC8A9793EC8B97ACD08C974B
:1079C00094EC8D97B0B08E9795EC8F9796EC90973E
:1079D00097EC9197B2F79297B3F7939798EC9497A7
:1079E000B4F7959799EC96979AEC97979BEC9897A4
:1079F000CAC799979CEC9A979DEC9B979EEC9C9795
:107A00009FEC9D97A0EC9E9740ED9F9741EDA0972E
:107A1000CFBEA19742EDA29743EDA397B7F7A497E6
:107A200044EDA59745EDA69746EDA79747EDA89796
:107A300048EDA99749EDAA974AEDAB97B6F7AC97F1
:107A40004BEDAD97DEB1AE974CEDAF97B5F7B09774
:107A50004DEDB1974EEDB297B8F7B3974FEDB497A0
:107A6000B9F7B59750EDB69751EDB79752EDB89776
:107A700053EDB99754EDBA9755EDBB9756EDBC97BA
:107A800057EDBD9758EDBE9759EDBF975AEDC0978A
:107A90005BEDC1975CEDC2975DEDC3975EEDC4975A
:107AA0005FEDC59760EDC69761EDC79762EDC8972A
:107AB00063EDC99764EDCA9765EDCB9766EDCC97FA
:107AC00067EDCD9768EDCE9769EDCF976AEDD097CA
:107AD0006BEDD1976CEDD2976DEDD3976EEDD4979A
:107AE0006FEDD59770EDD69771EDD79772EDD8976A
:107AF00073EDD99774EDDA9775EDDB9776EDDC973A
:107B000077EDDD9778EDDE9779EDDF977AEDE09709
:107B10007BEDE1977CEDE2977DEDE3977EEDE497D9
:107B200080EDE59781EDE697A4CEE797CDC8E8977D
:107B300082EDE997ABBAEA97B8E8EB97B9E8EC972A
:107B4000BAE8ED97C2BEEE9783EDEF9784EDF0971C
:107B500085EDF19786EDF29787EDF397F4D2F497E0
:107B600088EDF597CFD4F697D8C9F79789EDF897B0
:107B70008AEDF9978BEDFA978CEDFB978DEDFC97DD
:107B80008EEDFD978FEDFE9790EDFF9791ED0098AC
:107B900092ED019893ED029894ED039895ED049879
:107BA00096ED059897ED069898ED079899ED089849
:107BB0009AED09989BED0A989CED0B989DED0C9819
:107BC0009EED0D989FED0E98A0ED0F9840EE109849
:107BD00041EE119842EE129843EE139844EE149839
:107BE00045EE159846EE169847EE179848EE189809
:107BF00049EE19984AEE1A984BEE1B984CEE1C98D9
:107C00004DEE1D984EEE1E984FEE1F9850EE2098A8
:107C100051EE219852EE229853EE239854EE249878
:107C200055EE259856EE269857EE279858EE289848
:107C300059EE29985AEE2A985BEE2B985CEE2C9818
:107C40005DEE2D985EEE2E985FEE2F9860EE3098E8
:107C500061EE319862EE329863EE339864EE3498B8
:107C600065EE359866EE369867EE379868EE389888
:107C700069EE39986AEE3A986BEE3B986CEE3C9858
:107C80006DEE3D986EEE3E986FEE3F9870EE409828
:107C900071EE419872EE429873EE439874EE4498F8
:107CA00075EE459876EE469877EE479878EE4898C8
:107CB00079EE49987AEE4A987BEE4B987CEE4C9898
:107CC0007DEE4D987EEE4E9880EE4F9881EE509866
:107CD00082EE519883EE529884EE539885EE549834
:107CE00086EE559887EE569888EE579889EE589804
:107CF0008AEE59988BEE5A988CEE5B988DEE5C98D4
:107D00008EEE5D988FEE5E9890EE5F9891EE6098A3
:107D100092EE619893EE629894EE639895EE649873
:107D200096EE659897EE669898EE679899EE689843
:107D30009AEE69989BEE6A989CEE6B989DEE6C9813
:107D40009EEE6D989FEE6E98A0EE6F9840EF709843
:107D500041EF719842EF729843EF739844EF749833
:107D600045EF7598B3D27698A5B67798EAC7789814
:107D7000FCF17998EECF7A98B3CB7B98EBD07C98D6
:107D8000EFE77D98E7CD7E98CBB97F98D9B68098FC
:107D9000FDF18198E4B08298CCCB8398FEF1849871
:107DA000A4D48598ADC28698ECC18798C4C688983B
:107DB000B1BE8998A1F28A98D5BC8B9846EF8C9871
:107DC000A2F28D98A3F28E9847EF8F98A4F2909824
:107DD000C3D29198B5C6929848EF9398C7CD94981E
:107DE000A5F2959849EF9698B1D39798C5BF989802
:107DF000E2CC99984AEF9A98A6F29B98A7F29C98A1
:107E0000D5D19D98EEB69E98A8F29F98A9F2A09819
:107E1000DFB5A198AAF2A298ABF2A3984BEFA49871
:107E2000FCB2A598ACF2A698ADF2A798A7C8A898FE
:107E30004CEFA9984DEFAA984EEFAB984FEFAC9846
:107E400050EFAD9851EFAE9852EFAF9853EFB09816
:107E500054EFB19855EFB29856EFB39857EFB498E6
:107E600058EFB59859EFB6985AEFB7985BEFB898B6
:107E70005CEFB9985DEFBA985EEFBB985FEFBC9886
:107E800060EFBD9861EFBE9862EFBF9863EFC09856
:107E900064EFC19865EFC29866EFC39867EFC49826
:107EA00068EFC59869EFC6986AEFC7986BEFC898F6
:107EB0006CEFC9986DEFCA986EEFCB986FEFCC98C6
:107EC00070EFCD9871EFCE98E7B7CF9872EFD0985A
:107ED00073EFD198A9ECD298AAECD398ABECD498D4
:107EE00074EFD598ACECD69875EFD79876EFD89814
:107EF000AEC6D998ADECDA98AEECDB9877EFDC98AB
:107F000078EFDD9879EFDE98C9B7DF98B3CAE098CB
:107F10007AEFE1987BEFE2987CEFE3987DEFE498CD
:107F20007EEFE59880EFE69881EFE798B8E2E89871
:107F3000CFF7E99882EFEA9883EFEB9884EFEC981B
:107F400085EFED9886EFEE9887EFEF9888EFF09841
:107F500089EFF1988AEFF2988BEFF3988CEFF49811
:107F60008DEFF5988EEFF6988FEFF79890EFF898E1
:107F700091EFF99892EFFA9893EFFB9894EFFC98B1
:107F800095EFFD9896EFFE9897EFFF9898EF009980
:107F900099EF01999AEF02999BEF03999CEF04994D
:107FA0009DEF05999EEF06999FEF0799A0EF08991D
:107FB00040F0099941F00A9942F00B9943F00C996D
:107FC00044F00D99D0F70E9945F00F9946F01099AD
:107FD000CDB2119947F0129948F0139949F01499CC
:107FE0004AF015994BF016994CF017994DF01899E5
:107FF0004EF019994FF01A9950F01B9951F01C99B5
:1080000052F01D9953F01E9954F01F9955F0209984
:1080100056F0219957F0229958F0239959F0249954
:108020005AF025995BF026995CF027995DF0289924
:108030005EF029995FF02A9960F02B9961F02C99F4
:1080400062F02D9963F02E99D1F72F9964F0309951
:1080500065F0319966F0329967F0339968F0349998
:1080600069F035996AF036996BF037996CF0389968
:108070006DF039996EF03A996FF03B9970F03C9938
:1080800071F03D9972F03E9973F03F9974F0409908
:1080900075F0419976F0429977F0439978F04499D8
:1080A00079F045997AF046997BF047997CF04899A8
:1080B0007DF049997EF04A9980F04B9981F04C9976
:1080C00082F04D9983F04E9984F04F9985F0509944
:1080D00086F0519987F0529988F0539989F0549914
:1080E000D3F75599D2F756998AF057998BF058994A
:1080F0008CF059998DF05A998EF05B998FF05C99BC
:1081000090F05D9991F05E9992F05F9993F060998B
:1081100094F0619995F0629996F06399BBE2649945
:1081200097F06599A2BC669998F06799BCE2689946
:10813000BDE26999BEE26A99BFE26B99C0E26C99AF
:10814000C1E26D99B9B76E99FBD26F99A4BD7099D0
:10815000CECA7199A5B17299C7CB739999F07499E8
:10816000C2E27599FCB67699C4C87799C3E278994A
:108170009AF079999BF07A99C8BD7B999CF07C998B
:10818000FDB17D99C4E27E999DF07F99F6B6809904
:10819000C5E28199D9C482999EF083999FF0849910
:1081A000C6E28599DACF8699DDB98799C7E28899C1
:1081B000A1C08999A0F08A99C8E28B99F6B28C99EE
:1081C00040F18D99C9E28E9941F18F99F3C190994F
:1081D000CAE29199CBE29299F8C29399CCE2949930
:1081E000CDE29599CEE29699D7CA9799B8D8989941
:1081F000E5D99999E3CF9A9942F19B9943F19C99DA
:1082000044F19D9945F19E9946F19F9947F1A099B6
:1082100048F1A19949F1A2994AF1A3994BF1A49986
:108220004CF1A599A5F0A6994DF1A7994EF1A89901
:10823000B0DCA9994FF1AA9950F1AB9951F1AC99E1
:1082400052F1AD9953F1AE9954F1AF9955F1B099FE
:1082500056F1B19957F1B29958F1B39959F1B499CE
:108260005AF1B5995BF1B6995CF1B7995DF1B8999E
:108270005EF1B9995FF1BA9960F1BB9961F1BC996E
:1082800062F1BD9963F1BE9964F1BF9965F1C0993E
:1082900066F1C19967F1C29968F1C39969F1C4990E
:1082A0006AF1C5996BF1C6996CF1C7996DF1C899DE
:1082B0006EF1C9996FF1CA9970F1CB9971F1CC99AE
:1082C00072F1CD9973F1CE9974F1CF9975F1D0997E
:1082D00076F1D19977F1D29978F1D39979F1D4994E
:1082E0007AF1D5997BF1D6997CF1D7997DF1D8991E
:1082F0007EF1D99980F1DA9981F1DB9982F1DC99EB
:1083000083F1DD9984F1DE9985F1DF9986F1E099B9
:1083100087F1E19988F1E29989F1E3998AF1E49989
:108320008BF1E5998CF1E6998DF1E7998EF1E89959
:108330008FF1E99990F1EA9991F1EB9992F1EC9929
:1083400093F1ED9994F1EE9995F1EF9996F1F099F9
:1083500097F1F19998F1F29999F1F3999AF1F499C9
:108360009BF1F5999CF1F6999DF1F7999EF1F89999
:108370009FF1F999A0F1FA9940F2FB9941F2FC9929
:1083800042F2FD9943F2FE9944F2FF9945F2009AB8
:1083900046F2019A47F2029A48F2039A49F2049A85
:1083A0004AF2059A4BF2069A4CF2079A4DF2089A55
:1083B0004EF2099A4FF20A9A50F20B9A51F20C9A25
:1083C00052F20D9A53F20E9A54F20F9A55F2109AF5
:1083D00056F2119A57F2129A58F2139A59F2149AC5
:1083E0005AF2159A5BF2169A5CF2179A5DF2189A95
:1083F0005EF2199A5FF21A9A60F21B9A61F21C9A65
:1084000062F21D9A63F21E9A64F21F9A65F2209A34
:1084100066F2219A67F2229A68F2239A69F2249A04
:108420006AF2259A6BF2269A6CF2279A6DF2289AD4
:108430006EF2299A6FF22A9A70F22B9A71F22C9AA4
:1084400072F22D9A73F22E9A74F22F9A75F2309A74
:1084500076F2319A77F2329A78F2339A79F2349A44
:108460007AF2359A7BF2369A7CF2379A7DF2389A14
:108470007EF2399A80F23A9A81F23B9A82F23C9AE1
:1084800083F23D9A84F23E9A85F23F9A86F2409AB0
:1084900087F2419A88F2429A89F2439A8AF2449A80
:1084A0008BF2459A8CF2469A8DF2479A8EF2489A50
:1084B0008FF2499A90F24A9A91F24B9A92F24C9A20
:1084C00093F24D9A94F24E9A95F24F9A96F2509AF0
:1084D00097F2519A98F2529A99F2539A9AF2549AC0
:1084E0009BF2559A9CF2569A9DF2579A9EF2589A90
:1084F0009FF2599AA0F25A9A40F35B9A41F35C9A20
:1085000042F35D9A43F35E9A44F35F9A45F3609AAF
:1085100046F3619A47F3629A48F3639A49F3649A7F
:108520004AF3659A4BF3669A4CF3679A4DF3689A4F
:108530004EF3699A4FF36A9A50F36B9A51F36C9A1F
:10854000EDC26D9AA6D46E9AD4CD6F9AB1D1709ABD
:10855000DBB3719AFDC7729A52F3739AB5B2749AEB
:10856000BFC2759AE0E6769ABBCA779AE1E6789A36
:10857000E2E6799AD4BE7A9AE3E67B9AA4D77C9A0B
:10858000D5CD7D9AE5E67E9ADDBC7F9AE4E6809AB9
:10859000E6E6819AE7E6829AEEC2839A53F3849ADA
:1085A000BEBD859AE8E6869AE6C2879AA7BA889AF7
:1085B000E9E6899A54F38A9AEAE68B9AD2B38C9ABE
:1085C000E9D18D9A55F38E9A56F38F9AA5BF909A5A
:1085D000EBE6919AEFC6929AECE6939AEDE6949ABE
:1085E00057F3959A58F3969AEEE6979AADC6989AED
:1085F000EFE6999A59F39A9AA7C99B9AF0E69C9A42
:10860000F1E69D9AF2E69E9AB9E59F9AF3E6A09A62
:10861000F4E6A19AE2C2A29AF5E6A39AF6E6A49A33
:10862000E8D6A59AF7E6A69A5AF3A79AF8E6A89A82
:10863000C7B9A99A5BF3AA9A5CF3AB9A5DF3AC9ABB
:108640005EF3AD9A5FF3AE9A60F3AF9A61F3B09ABE
:10865000BBF7B19ABAF7B29A62F3B39A63F3B49ADA
:1086600064F3B59A65F3B69ABEF7B79ABCF7B89AB1
:10867000A1BAB99A66F3BA9ABFF7BB9A67F3BC9AE4
:10868000C0F7BD9A68F3BE9A69F3BF9A6AF3C09ABD
:10869000C2F7C19AC1F7C29AC4F7C39A6BF3C49ADE
:1086A0006CF3C59AC3F7C69A6DF3C79A6EF3C89A6E
:1086B0006FF3C99A70F3CA9A71F3CB9AC5F7CC9A43
:1086C000C6F7CD9A72F3CE9A73F3CF9A74F3D09A19
:1086D00075F3D19AC7F7D29A76F3D39AE8CBD49AA6
:1086E00077F3D59A78F3D69A79F3D79A7AF3D89A1A
:1086F000DFB8D99A7BF3DA9A7CF3DB9A7DF3DC9AC4
:108700007EF3DD9A80F3DE9A81F3DF9AD4F7E09A64
:1087100082F3E19AD5F7E29A83F3E39A84F3E49A39
:1087200085F3E59A86F3E69AD6F7E79A87F3E89A0F
:1087300088F3E99A89F3EA9A8AF3EB9AD8F7EC9AE4
:108740008BF3ED9ADAF7EE9A8CF3EF9AD7F7F09A6B
:108750008DF3F19A8EF3F29A8FF3F39A90F3F49AE1
:1087600091F3F59A92F3F69A93F3F79A94F3F89AB1
:1087700095F3F99ADBF7FA9A96F3FB9AD9F7FC9AF4
:1087800097F3FD9A98F3FE9A99F3FF9A9AF3009B58
:108790009BF3019B9CF3029B9DF3039BD7D7049B08
:1087A0009EF3059B9FF3069BA0F3079B40F4089B59
:1087B000DCF7099B41F40A9B42F40B9B43F40C9BAE
:1087C00044F40D9B45F40E9B46F40F9BDDF7109B84
:1087D00047F4119B48F4129B49F4139BDEF7149B5A
:1087E0004AF4159B4BF4169B4CF4179B4DF4189BC5
:1087F0004EF4199B4FF41A9B50F41B9B51F41C9B95
:1088000052F41D9B53F41E9B54F41F9BDFF7209BD7
:1088100055F4219B56F4229B57F4239BE0F7249BAD
:1088200058F4259B59F4269B5AF4279B5BF4289B0C
:108830005CF4299B5DF42A9B5EF42B9B5FF42C9BDC
:1088400060F42D9B61F42E9B62F42F9BCBDB309B5D
:1088500063F4319B64F4329BAAD8339B65F4349B58
:1088600066F4359B67F4369B68F4379B69F4389B54
:108870006AF4399B6BF43A9B6CF43B9BF7E53C9BA9
:10888000EDB93D9B6DF43E9B6EF43F9B6FF4409BB6
:1088900070F4419BFDBF429BEABB439BC9F7449BDD
:1088A000C7C6459BC8F7469B71F4479BCAF7489BD0
:1088B000CCF7499BCBF74A9B72F44B9B73F44C9BD0
:1088C00074F44D9BCDF74E9B75F44F9BBACE509BE5
:1088D00076F4519BCEF7529B77F4539B78F4549BDC
:1088E000A7C4559B79F4569B7AF4579B7BF4589B0D
:1088F0007CF4599B7DF45A9B7EF45B9B80F45C9BDB
:1089000081F45D9B82F45E9B83F45F9B84F4609BA7
:1089100085F4619B86F4629B87F4639B88F4649B77
:1089200089F4659B8AF4669B8BF4679B8CF4689B47
:108930008DF4699B8EF46A9B8FF46B9B90F46C9B17
:1089400091F46D9B92F46E9B93F46F9B94F4709BE7
:1089500095F4719B96F4729B97F4739B98F4749BB7
:1089600099F4759B9AF4769B9BF4779B9CF4789B87
:108970009DF4799B9EF47A9B9FF47B9BA0F47C9B57
:1089800040F57D9B41F57E9B42F57F9B43F5809BA7
:1089900044F5819B45F5829B46F5839B47F5849B77
:1089A00048F5859B49F5869B4AF5879B4BF5889B47
:1089B0004CF5899B4DF58A9B4EF58B9B4FF58C9B17
:1089C00050F58D9B51F58E9B52F58F9B53F5909BE7
:1089D00054F5919B55F5929B56F5939B57F5949BB7
:1089E00058F5959B59F5969B5AF5979B5BF5989B87
:1089F0005CF5999B5DF59A9B5EF59B9B5FF59C9B57
:108A000060F59D9B61F59E9B62F59F9B63F5A09B26
:108A100064F5A19B65F5A29B66F5A39B67F5A49BF6
:108A200068F5A59B69F5A69B6AF5A79B6BF5A89BC6
:108A30006CF5A99B6DF5AA9B6EF5AB9B6FF5AC9B96
:108A400070F5AD9B71F5AE9B72F5AF9B73F5B09B66
:108A500074F5B19B75F5B29B76F5B39B77F5B49B36
:108A600078F5B59B79F5B69B7AF5B79B7BF5B89B06
:108A70007CF5B99B7DF5BA9B7EF5BB9B80F5BC9BD5
:108A800081F5BD9B82F5BE9B83F5BF9B84F5C09BA2
:108A900085F5C19B86F5C29B87F5C39B88F5C49B72
:108AA00089F5C59B8AF5C69B8BF5C79B8CF5C89B42
:108AB0008DF5C99B8EF5CA9B8FF5CB9B90F5CC9B12
:108AC00091F5CD9B92F5CE9B93F5CF9B94F5D09BE2
:108AD00095F5D19B96F5D29B97F5D39B98F5D49BB2
:108AE00099F5D59B9AF5D69B9BF5D79B9CF5D89B82
:108AF0009DF5D99B9EF5DA9B9FF5DB9BA0F5DC9B52
:108B000040F6DD9B41F6DE9B42F6DF9B43F6E09BA1
:108B100044F6E19B45F6E29B46F6E39B47F6E49B71
:108B200048F6E59B49F6E69B4AF6E79B4BF6E89B41
:108B30004CF6E99B4DF6EA9B4EF6EB9B4FF6EC9B11
:108B400050F6ED9B51F6EE9B52F6EF9B53F6F09BE1
:108B500054F6F19B55F6F29B56F6F39B57F6F49BB1
:108B600058F6F59B59F6F69B5AF6F79B5BF6F89B81
:108B70005CF6F99B5DF6FA9B5EF6FB9B5FF6FC9B51
:108B800060F6FD9B61F6FE9B62F6FF9B63F6009C20
:108B900064F6019C65F6029C66F6039C67F6049CED
:108BA00068F6059C69F6069C6AF6079C6BF6089CBD
:108BB0006CF6099C6DF60A9C6EF60B9C6FF60C9C8D
:108BC00070F60D9C71F60E9C72F60F9C73F6109C5D
:108BD00074F6119C75F6129C76F6139C77F6149C2D
:108BE00078F6159C79F6169C7AF6179C7BF6189CFD
:108BF0007CF6199C7DF61A9C7EF61B9C80F61C9CCC
:108C000081F61D9C82F61E9C83F61F9C84F6209C98
:108C100085F6219C86F6229C87F6239C88F6249C68
:108C200089F6259C8AF6269C8BF6279C8CF6289C38
:108C30008DF6299C8EF62A9C8FF62B9C90F62C9C08
:108C400091F62D9C92F62E9C93F62F9C94F6309CD8
:108C500095F6319C96F6329C97F6339C98F6349CA8
:108C600099F6359C9AF6369C9BF6379C9CF6389C78
:108C70009DF6399C9EF63A9C9FF63B9CA0F63C9C48
:108C800040F73D9C41F73E9C42F73F9C43F7409C98
:108C900044F7419C45F7429C46F7439C47F7449C68
:108CA00048F7459C49F7469C4AF7479C4BF7489C38
:108CB0004CF7499C4DF74A9C4EF74B9C4FF74C9C08
:108CC00050F74D9C51F74E9C52F74F9C53F7509CD8
:108CD00054F7519C55F7529C56F7539C57F7549CA8
:108CE00058F7559C59F7569C5AF7579C5BF7589C78
:108CF0005CF7599C5DF75A9C5EF75B9C5FF75C9C48
:108D000060F75D9C61F75E9C62F75F9C63F7609C17
:108D100064F7619C65F7629C66F7639C67F7649CE7
:108D200068F7659C69F7669C6AF7679C6BF7689CB7
:108D30006CF7699C6DF76A9C6EF76B9C6FF76C9C87
:108D400070F76D9C71F76E9C72F76F9C73F7709C57
:108D500074F7719C75F7729C76F7739C77F7749C27
:108D600078F7759C79F7769C7AF7779C7BF7789CF7
:108D70007CF7799C7DF77A9C7EF77B9C80F77C9CC6
:108D8000E3D37D9C81F77E9C82F77F9CCFF6809C0D
:108D900083F7819CB3C2829CD0F6839C84F7849C29
:108DA00085F7859CD1F6869CD2F6879CD3F6889C65
:108DB000D4F6899C86F78A9C87F78B9CD6F68C9C88
:108DC00088F78D9CABB18E9CD7F68F9C89F7909CD1
:108DD000D8F6919CD9F6929CDAF6939C8AF7949CEB
:108DE000DBF6959CDCF6969C8BF7979C8CF7989C11
:108DF0008DF7999C8EF79A9CDDF69B9CDEF69C9CE9
:108E0000CACF9D9C8FF79E9CDFF69F9CE0F6A09CAE
:108E1000E1F6A19CE2F6A29CE3F6A39CE4F6A49CF6
:108E2000F0C0A59CE5F6A69CE6F6A79CE7F6A89CF4
:108E3000E8F6A99CE9F6AA9C90F7AB9CEAF6AC9CF4
:108E400091F7AD9CEBF6AE9CECF6AF9C92F7B09C24
:108E5000EDF6B19CEEF6B29CEFF6B39CF0F6B49C46
:108E6000F1F6B59CF2F6B69CF3F6B79CF4F6B89C16
:108E7000A8BEB99C93F7BA9CF5F6BB9CF6F6BC9CD1
:108E8000F7F6BD9CF8F6BE9C94F7BF9C95F7C09C86
:108E900096F7C19C97F7C29C98F7C39CFAC8C49CEC
:108EA000F9F6C59CFAF6C69CFBF6C79CFCF6C89C76
:108EB00099F7C99C9AF7CA9CFDF6CB9CFEF6CC9C10
:108EC000A1F7CD9CA2F7CE9CA3F7CF9CA4F7D09C92
:108ED000A5F7D19C9BF7D29C9CF7D39CA6F7D49C7A
:108EE000A7F7D59CA8F7D69CEEB1D79CA9F7D89C3C
:108EF000AAF7D99CABF7DA9C9DF7DB9C9EF7DC9C2C
:108F0000ACF7DD9CADF7DE9CDBC1DF9CAEF7E09CEF
:108F10009FF7E19CA0F7E29CAFF7E39C40F8E49C4C
:108F200041F8E59C42F8E69C43F8E79C44F8E89C4D
:108F300045F8E99C46F8EA9C47F8EB9C48F8EC9C1D
:108F400049F8ED9C4AF8EE9C4BF8EF9C4CF8F09CED
:108F50004DF8F19C4EF8F29C4FF8F39C50F8F49CBD
:108F600051F8F59C52F8F69C53F8F79C54F8F89C8D
:108F700055F8F99C56F8FA9C57F8FB9C58F8FC9C5D
:108F800059F8FD9C5AF8FE9C5BF8FF9C5CF8009D2C
:108F90005DF8019D5EF8029D5FF8039D60F8049DF9
:108FA00061F8059D62F8069D63F8079D64F8089DC9
:108FB00065F8099D66F80A9D67F80B9D68F80C9D99
:108FC00069F80D9D6AF80E9D6BF80F9D6CF8109D69
:108FD0006DF8119D6EF8129D6FF8139D70F8149D39
:108FE00071F8159D72F8169D73F8179D74F8189D09
:108FF00075F8199D76F81A9D77F81B9D78F81C9DD9
:1090000079F81D9D7AF81E9D7BF81F9D7CF8209DA8
:109010007DF8219D7EF8229D80F8239D81F8249D76
:1090200082F8259D83F8269D84F8279D85F8289D44
:1090300086F8299D87F82A9D88F82B9D89F82C9D14
:109040008AF82D9D8BF82E9D8CF82F9D8DF8309DE4
:109050008EF8319D8FF8329D90F8339D91F8349DB4
:1090600092F8359D93F8369D94F8379D95F8389D84
:1090700096F8399D97F83A9D98F83B9D99F83C9D54
:109080009AF83D9D9BF83E9D9CF83F9D9DF8409D24
:109090009EF8419D9FF8429DA0F8439D40F9449D54
:1090A00041F9459D42F9469D43F9479D44F9489D44
:1090B00045F9499D46F94A9D47F94B9D48F94C9D14
:1090C00049F94D9D4AF94E9D4BF94F9D4CF9509DE4
:1090D0004DF9519D4EF9529D4FF9539D50F9549DB4
:1090E00051F9559D52F9569D53F9579D54F9589D84
:1090F00055F9599D56F95A9D57F95B9D58F95C9D54
:1091000059F95D9D5AF95E9D5BF95F9D5CF9609D23
:109110005DF9619D5EF9629D5FF9639D60F9649DF3
:1091200061F9659D62F9669D63F9679D64F9689DC3
:1091300065F9699D66F96A9D67F96B9D68F96C9D93
:1091400069F96D9D6AF96E9D6BF96F9D6CF9709D63
:109150006DF9719D6EF9729D6FF9739D70F9749D33
:1091600071F9759D72F9769D73F9779D74F9789D03
:1091700075F9799D76F97A9D77F97B9D78F97C9DD3
:1091800079F97D9D7AF97E9D7BF97F9D7CF9809DA3
:109190007DF9819D7EF9829D80F9839D81F9849D71
:1091A00082F9859D83F9869D84F9879D85F9889D3F
:1091B00086F9899D87F98A9D88F98B9D89F98C9D0F
:1091C0008AF98D9D8BF98E9D8CF98F9D8DF9909DDF
:1091D0008EF9919D8FF9929D90F9939D91F9949DAF
:1091E00092F9959D93F9969D94F9979D95F9989D7F
:1091F00096F9999D97F99A9D98F99B9D99F99C9D4F
:109200009AF99D9D9BF99E9D9CF99F9D9DF9A09D1E
:109210009EF9A19D9FF9A29DA0F9A39D40FAA49D4E
:1092200041FAA59D42FAA69D43FAA79D44FAA89D3E
:1092300045FAA99D46FAAA9D47FAAB9D48FAAC9D0E
:1092400049FAAD9D4AFAAE9D4BFAAF9D4CFAB09DDE
:109250004DFAB19D4EFAB29D4FFAB39D50FAB49DAE
:1092600051FAB59D52FAB69D53FAB79D54FAB89D7E
:1092700055FAB99D56FABA9D57FABB9D58FABC9D4E
:1092800059FABD9D5AFABE9D5BFABF9D5CFAC09D1E
:109290005DFAC19D5EFAC29D5FFAC39D60FAC49DEE
:1092A00061FAC59D62FAC69D63FAC79D64FAC89DBE
:1092B00065FAC99D66FACA9D67FACB9D68FACC9D8E
:1092C00069FACD9D6AFACE9D6BFACF9D6CFAD09D5E
:1092D0006DFAD19D6EFAD29D6FFAD39D70FAD49D2E
:1092E00071FAD59D72FAD69D73FAD79D74FAD89DFE
:1092F00075FAD99D76FADA9D77FADB9D78FADC9DCE
:1093000079FADD9D7AFADE9D7BFADF9D7CFAE09D9D
:109310007DFAE19D7EFAE29D80FAE39D81FAE49D6B
:1093200082FAE59D83FAE69D84FAE79D85FAE89D39
:1093300086FAE99D87FAEA9D88FAEB9D89FAEC9D09
:109340008AFAED9D8BFAEE9D8CFAEF9D8DFAF09DD9
:109350008EFAF19D8FFAF29D90FAF39D91FAF49DA9
:1093600092FAF59D93FAF69D94FAF79D95FAF89D79
:1093700096FAF99D97FAFA9D98FAFB9D99FAFC9D49
:109380009AFAFD9D9BFAFE9D9CFAFF9D9DFA009E18
:109390009EFA019E9FFA029EA0FA039E40FB049E45
:1093A00041FB059E42FB069E43FB079E44FB089E35
:1093B00045FB099E46FB0A9E47FB0B9E48FB0C9E05
:1093C00049FB0D9E4AFB0E9E4BFB0F9E4CFB109ED5
:1093D0004DFB119E4EFB129E4FFB139E50FB149EA5
:1093E00051FB159E52FB169E53FB179E54FB189E75
:1093F00055FB199E56FB1A9E57FB1B9E58FB1C9E45
:1094000059FB1D9E5AFB1E9E5BFB1F9EF1C4209EB6
:10941000AFF0219EA6BC229EB0F0239EF9C3249EED
:109420005CFB259EB8C5269EBBD1279E5DFB289E72
:10943000B1F0299EB2F02A9EB3F02B9EB4F02C9E80
:10944000B5F02D9EBCD12E9E5EFB2F9EECD1309EA2
:109450005FFB319EB7F0329EB6F0339EA7D4349EA8
:1094600060FB359ED2CD369EB8F0379EBAF0389E5E
:10947000B9F0399EBBF03A9EBCF03B9E61FB3C9E2E
:1094800062FB3D9EEBB83E9EBDF03F9EE8BA409E1B
:1094900063FB419EBEF0429EBFF0439EE9BE449EE8
:1094A000C0F0459EECB6469EC1F0479EC2F0489E75
:1094B000C3F0499EC4F04A9EB5C84B9EC5F04C9E71
:1094C000C6F04D9E64FB4E9EC7F04F9EF4C5509E65
:1094D00065FB519EC8F0529E66FB539E67FB549EEF
:1094E00068FB559EC9F0569E69FB579ECAF0589E70
:1094F000BDF7599E6AFB5A9ECBF05B9ECCF05C9EFA
:10950000CDF05D9E6BFB5E9ECEF05F9E6CFB609E21
:109510006DFB619E6EFB629E6FFB639ECFF0649E4F
:10952000D7BA659E70FB669ED0F0679ED1F0689EAC
:10953000D2F0699ED3F06A9ED4F06B9ED5F06C9EFB
:10954000D6F06D9ED8F06E9E71FB6F9E72FB709E82
:10955000A5D3719ED7F0729E73FB739ED9F0749E53
:1095600074FB759E75FB769E76FB779E77FB789EE7
:1095700078FB799E79FB7A9E7AFB7B9E7BFB7C9EB7
:109580007CFB7D9E7DFB7E9EBAF57F9EB9C2809E50
:109590007EFB819E80FB829EE4F7839E81FB849EFE
:1095A00082FB859E83FB869E84FB879EE5F7889ED3
:1095B000E6F7899E85FB8A9E86FB8B9EE7F78C9E4D
:1095C00087FB8D9E88FB8E9E89FB8F9E8AFB909EDB
:1095D0008BFB919E8CFB929EE8F7939EB4C2949E67
:1095E0008DFB959E8EFB969E8FFB979E90FB989E83
:1095F00091FB999E92FB9A9E93FB9B9E94FB9C9E53
:1096000095FB9D9EEAF79E9E96FB9F9EEBF7A09E84
:1096100097FBA19E98FBA29E99FBA39E9AFBA49EFA
:109620009BFBA59E9CFBA69EF3C2A79E9DFBA89EAE
:109630009EFBA99E9FFBAA9EA0FBAB9E40FCAC9EFE
:1096400041FCAD9E42FCAE9E43FCAF9E44FCB09EEE
:1096500045FCB19E46FCB29E47FCB39E48FCB49EBE
:10966000F0F4B59E49FCB69E4AFCB79E4BFCB89EF2
:10967000EFF4B99E4CFCBA9E4DFCBB9EE9C2BC9E69
:109680004EFCBD9EE1F7BE9EE2F7BF9E4FFCC09E22
:1096900050FCC19E51FCC29E52FCC39E53FCC49E12
:1096A000C6BBC59E54FCC69E55FCC79E56FCC89EB4
:1096B00057FCC99EE4D9CA9E58FCCB9E59FCCC9E4F
:1096C0005AFCCD9EF2CACE9EE8C0CF9EA4F0D09E9A
:1096D0005BFCD19EDABAD29E5CFCD39E5DFCD49E2C
:1096E000ADC7D59E5EFCD69E5FFCD79E60FCD89E23
:1096F000ACC4D99E61FCDA9E62FCDB9EECF7DC9E7A
:10970000EDF7DD9EEEF7DE9E63FCDF9EF0F7E09E58
:10971000EFF7E19E64FCE29EF1F7E39E65FCE49EB8
:1097200066FCE59EF4F7E69E67FCE79EF3F7E89E8D
:1097300068FCE99EF2F7EA9EF5F7EB9E69FCEC9E69
:109740006AFCED9E6BFCEE9E6CFCEF9EF6F7F09EC5
:109750006DFCF19E6EFCF29E6FFCF39E70FCF49E1D
:1097600071FCF59E72FCF69E73FCF79E74FCF89EED
:1097700075FCF99EE9EDFA9E76FCFB9EEAEDFC9EF7
:10978000EBEDFD9E77FCFE9EBCF6FF9E78FC009FF5
:1097900079FC019F7AFC029F7BFC039F7CFC049F69
:1097A0007DFC059F7EFC069F80FC079F81FC089F37
:1097B00082FC099F83FC0A9F84FC0B9FBDF60C9FD3
:1097C00085FC0D9FBEF60E9FA6B60F9F86FC109FD0
:1097D000BED8119F87FC129F88FC139FC4B9149FA9
:1097E00089FC159F8AFC169F8BFC179FBBD8189F7E
:1097F0008CFC199FB1DC1A9F8DFC1B9F8EFC1C9F5B
:109800008FFC1D9F90FC1E9F91FC1F9F92FC209F30
:10981000F3CA219F93FC229FF7F7239F94FC249F78
:1098200095FC259F96FC269F97FC279F98FC289FD8
:1098300099FC299F9AFC2A9F9BFC2B9F9CFC2C9FA8
:10984000F8F72D9F9DFC2E9F9EFC2F9FF9F7309FD0
:109850009FFC319FA0FC329F40FD339F41FD349F10
:1098600042FD359F43FD369F44FD379FFBF7389FF0
:1098700045FD399FFAF73A9F46FD3B9FC7B13C9F94
:1098800047FD3D9FFCF73E9FFDF73F9F48FD409FF2
:1098900049FD419F4AFD429F4BFD439F4CFD449F24
:1098A000FEF7459F4DFD469F4EFD479F4FFD489F4C
:1098B00050FD499F51FD4A9F52FD4B9F53FD4C9FC8
:1098C00054FD4D9F55FD4E9F56FD4F9F57FD509F98
:1098D000EBC6519FB4EC529F58FD539F59FD549FC6
:1098E0005AFD559F5BFD569F5CFD579F5DFD589F40
:1098F0005EFD599F5FFD5A9F60FD5B9F61FD5C9F10
:1099000062FD5D9F63FD5E9F64FD5F9F65FD609FDF
:1099100066FD619F67FD629F68FD639F69FD649FAF
:109920006AFD659F6BFD669F6CFD679F6DFD689F7F
:109930006EFD699F6FFD6A9F70FD6B9F71FD6C9F4F
:1099400072FD6D9F73FD6E9F74FD6F9F75FD709F1F
:1099500076FD719F77FD729F78FD739F79FD749FEF
:109960007AFD759F7BFD769F7CFD779F7DFD789FBF
:109970007EFD799F80FD7A9F81FD7B9F82FD7C9F8C
:1099800083FD7D9F84FD7E9F85FD7F9FDDB3809F4E
:10999000B3F6819F86FD829F87FD839FB4F6849FE7
:1099A000E4C1859FB5F6869FB6F6879FB7F6889F78
:1099B000B8F6899FB9F68A9FBAF68B9FA3C88C9F89
:1099C000BBF68D9F88FD8E9F89FD8F9F8AFD909F9E
:1099D0008BFD919F8CFD929F8DFD939F8EFD949F9B
:1099E0008FFD959F90FD969F91FD979F92FD989F6B
:1099F00093FD999FFAC19A9FA8B99B9FE8ED9C9F00
:109A000094FD9D9F95FD9E9F96FD9F9FEAB9A09F07
:109A1000DFD9A19F97FDA29F98FDA39F99FDA49FC9
:109A20009AFDA59F9BFD2CF99CFD79F99DFD95F96B
:109A30009EFDE7F99FFDF1F9A0FD0CFA40FE0DFA3D
:109A400041FE0EFA42FE0FFA43FE11FA44FE13FAEB
:109A500045FE14FA46FE18FA47FE1FFA48FE20FAA1
:109A600049FE21FA4AFE23FA4BFE24FA4CFE27FA5D
:109A70004DFE28FA4EFE29FA4FFE30FE55A931FE62
:109A8000F2A633FEF4A634FEF5A635FEE0A636FEB9
:109A9000E1A637FEF0A638FEF1A639FEE2A63AFEB0
:109AA000E3A63BFEEEA63CFEEFA63DFEE6A63EFE8E
:109AB000E7A63FFEE4A640FEE5A641FEE8A642FE7C
:109AC000E9A643FEEAA644FEEBA649FE68A94AFEC3
:109AD00069A94BFE6AA94CFE6BA94DFE6CA94EFE0E
:109AE0006DA94FFE6EA950FE6FA951FE70A952FEDE
:109AF00071A954FE72A955FE73A956FE74A957FEAA
:109B000075A959FE76A95AFE77A95BFE78A95CFE75
:109B100079A95DFE7AA95EFE7BA95FFE7CA960FE45
:109B20007DA961FE7EA962FE80A963FE81A964FE13
:109B300082A965FE83A966FE84A968FE85A969FEDF
:109B400086A96AFE87A96BFE88A901FFA1A302FF6F
:109B5000A2A303FFA3A304FFE7A105FFA5A306FF9C
:109B6000A6A307FFA7A308FFA8A309FFA9A30AFFAD
:109B7000AAA30BFFABA30CFFACA30DFFADA30EFF7D
:109B8000AEA30FFFAFA310FFB0A311FFB1A312FF4D
:109B9000B2A313FFB3A314FFB4A315FFB5A316FF1D
:109BA000B6A317FFB7A318FFB8A319FFB9A31AFFED
:109BB000BAA31BFFBBA31CFFBCA31DFFBDA31EFFBD
:109BC000BEA31FFFBFA320FFC0A321FFC1A322FF8D
:109BD000C2A323FFC3A324FFC4A325FFC5A326FF5D
:109BE000C6A327FFC7A328FFC8A329FFC9A32AFF2D
:109BF000CAA32BFFCBA32CFFCCA32DFFCDA32EFFFD
:109C0000CEA32FFFCFA330FFD0A331FFD1A332FFCC
:109C1000D2A333FFD3A334FFD4A335FFD5A336FF9C
:109C2000D6A337FFD7A338FFD8A339FFD9A33AFF6C
:109C3000DAA33BFFDBA33CFFDCA33DFFDDA33EFF3C
:109C4000DEA33FFFDFA340FFE0A341FFE1A342FF0C
:109C5000E2A343FFE3A344FFE4A345FFE5A346FFDC
:109C6000E6A347FFE7A348FFE8A349FFE9A34AFFAC
:109C7000EAA34BFFEBA34CFFECA34DFFEDA34EFF7C
:109C8000EEA34FFFEFA350FFF0A351FFF1A352FF4C
:109C9000F2A353FFF3A354FFF4A355FFF5A356FF1C
:109CA000F6A357FFF7A358FFF8A359FFF9A35AFFEC
:109CB000FAA35BFFFBA35CFFFCA35DFFFDA35EFFBC
:109CC000ABA1E0FFE9A1E1FFEAA1E2FF56A9E3FFB2
:109CD000FEA3E4FF57A9E5FFA4A300000000800055
:109CE000AC204081024E4181044E4281054E4381A9
:109CF000064E44810F4E4581124E4681174E4781D4
:109D00001F4E4881204E4981214E4A81234E4B816E
:109D1000264E4C81294E4D812E4E4E812F4E4F8125
:109D2000314E5081334E5181354E5281374E5381E1
:109D30003C4E5481404E5581414E5681424E578192
:109D4000444E5881464E59814A4E5A81514E5B814C
:109D5000554E5C81574E5D815A4E5E815B4E5F81F0
:109D6000624E6081634E6181644E6281654E6381A3
:109D7000674E6481684E65816A4E66816B4E67816D
:109D80006C4E68816D4E69816E4E6A816F4E6B813B
:109D9000724E6C81744E6D81754E6E81764E6F8100
:109DA000774E7081784E7181794E72817A4E7381CF
:109DB0007B4E74817C4E75817D4E76817F4E77819E
:109DC000804E7881814E7981824E7A81834E7B816B
:109DD000844E7C81854E7D81874E7E818A4E808136
:109DE000904E8181964E8281974E8381994E8481D7
:109DF0009C4E85819D4E86819E4E8781A34E888193
:109E0000AA4E8981AF4E8A81B04E8B81B14E8C8132
:109E1000B44E8D81B64E8E81B74E8F81B84E9081F3
:109E2000B94E9181BC4E9281BD4E9381BE4E9481BC
:109E3000C84E9581CC4E9681CF4E9781D04E988159
:109E4000D24E9981DA4E9A81DB4E9B81DC4E9C8109
:109E5000E04E9D81E24E9E81E64E9F81E74EA081BD
:109E6000E94EA181ED4EA281EE4EA381EF4EA48179
:109E7000F14EA581F44EA681F84EA781F94EA88136
:109E8000FA4EA981FC4EAA81FE4EAB81004FAC81F7
:109E9000024FAD81034FAE81044FAF81054FB081BA
:109EA000064FB181074FB281084FB3810B4FB48188
:109EB0000C4FB581124FB681134FB781144FB88143
:109EC000154FB981164FBA811C4FBB811D4FBC8104
:109ED000214FBD81234FBE81284FBF81294FC081B3
:109EE0002C4FC1812D4FC2812E4FC381314FC48170
:109EF000334FC581354FC681374FC781394FC88130
:109F00003B4FC9813E4FCA813F4FCB81404FCC81EF
:109F1000414FCD81424FCE81444FCF81454FD081BB
:109F2000474FD181484FD281494FD3814A4FD48185
:109F30004B4FD5814C4FD681524FD781544FD8814A
:109F4000564FD981614FDA81624FDB81664FDC81E8
:109F5000684FDD816A4FDE816B4FDF816D4FE0819D
:109F60006E4FE181714FE281724FE381754FE48161
:109F7000774FE581784FE681794FE7817A4FE88125
:109F80007D4FE981804FEA81814FEB81824FEC81E7
:109F9000854FED81864FEE81874FEF818A4FF081AB
:109FA0008C4FF1818E4FF281904FF381924FF4816B
:109FB000934FF581954FF681964FF781984FF88131
:109FC000994FF9819A4FFA819C4FFB819E4FFC81FA
:109FD0009F4FFD81A14FFE81A24F4082A44F41823D
:109FE000AB4F4282AD4F4382B04F4482B14F458266
:109FF000B24F4682B34F4782B44F4882B64F498230
:10A00000B74F4A82B84F4B82B94F4C82BA4F4D82FC
:10A01000BB4F4E82BC4F4F82BD4F5082BE4F5182CC
:10A02000C04F5282C14F5382C24F5482C64F558295
:10A03000C74F5682C84F5782C94F5882CB4F59825B
:10A04000CC4F5A82CD4F5B82D24F5C82D34F5D8220
:10A05000D44F5E82D54F5F82D64F6082D94F6182E6
:10A06000DB4F6282E04F6382E24F6482E44F65829D
:10A07000E54F6682E74F6782EB4F6882EC4F69825B
:10A08000F04F6A82F24F6B82F44F6C82F54F6D8213
:10A09000F64F6E82F74F6F82F94F7082FB4F7182DD
:10A0A000FC4F7282FD4F7382FF4F748200507582A5
:10A0B0000150768202507782035078820450798270
:10A0C00005507A8206507B8207507C8208507D8240
:10A0D00009507E820A5080820B5081820E5082820B
:10A0E00010508382115084821350858215508682CD
:10A0F00016508782175088821B5089821D508A8291
:10A100001E508B8220508C8222508D8223508E8252
:10A1100024508F82275090822B5091822F50928210
:10A1200030509382315094823250958233509682CF
:10A1300034509782355098823650998237509A829F
:10A1400038509B8239509C823B509D823D509E826C
:10A150003F509F824050A0824150A1824250A28233
:10A160004450A3824550A4824650A5824950A682FD
:10A170004A50A7824B50A8824D50A9825050AA82C3
:10A180005150AB825250AC825350AD825450AE828B
:10A190005650AF825750B0825850B1825950B28257
:10A1A0005B50B3825D50B4825E50B5825F50B68220
:10A1B0006050B7826150B8826250B9826350BA82EF
:10A1C0006450BB826650BC826750BD826850BE82BC
:10A1D0006950BF826A50C0826B50C1826D50C2828A
:10A1E0006E50C3826F50C4827050C5827150C68257
:10A1F0007250C7827350C8827450C9827550CA8227
:10A200007850CB827950CC827A50CD827C50CE82ED
:10A210007D50CF828150D0828250D1828350D282B1
:10A220008450D3828650D4828750D5828950D6827A
:10A230008A50D7828B50D8828C50D9828E50DA8245
:10A240008F50DB829050DC829150DD829250DE8212
:10A250009350DF829450E0829550E1829650E282E2
:10A260009750E3829850E4829950E5829A50E682B2
:10A270009B50E7829C50E8829D50E9829E50EA8282
:10A280009F50EB82A050EC82A150ED82A250EE8252
:10A29000A450EF82A650F082AA50F182AB50F28215
:10A2A000AD50F382AE50F482AF50F582B050F682DA
:10A2B000B150F782B350F882B450F982B550FA82A7
:10A2C000B650FB82B750FC82B850FD82B950FE8276
:10A2D000BC504083BD504183BE504283BF50438336
:10A2E000C0504483C1504583C2504683C350478306
:10A2F000C4504883C5504983C6504A83C7504B83D6
:10A30000C8504C83C9504D83CA504E83CB504F83A5
:10A31000CC505083CD505183CE505283D050538374
:10A32000D1505483D2505583D3505683D450578341
:10A33000D5505883D7505983D8505A83D9505B830E
:10A34000DB505C83DC505D83DD505E83DE505F83D9
:10A35000DF506083E0506183E1506283E2506383A9
:10A36000E3506483E4506583E5506683E850678377
:10A37000E9506883EA506983EB506A83EF506B833E
:10A38000F0506C83F1506D83F2506E83F4506F8304
:10A39000F6507083F7507183F8507283F9507383CD
:10A3A000FA507483FC507583FD507683FE5077839A
:10A3B000FF5078830051798301517A8302517B8366
:10A3C00003517C8304517D8305517E830851808332
:10A3D000095181830A5182830C5183830D518483F7
:10A3E0000E5185830F5186831051878311518883C5
:10A3F0001351898314518A8315518B8316518C8391
:10A4000017518D8318518E8319518F831A51908360
:10A410001B5191831C5192831D5193831E51948330
:10A420001F519583205196832251978323519883FE
:10A430002451998325519A8326519B8327519C83CC
:10A4400028519D8329519E832A519F832B51A0839C
:10A450002C51A1832D51A2832E51A3832F51A4836C
:10A460003051A5833151A6833251A7833351A8833C
:10A470003451A9833551AA833651AB833751AC830C
:10A480003851AD833951AE833A51AF833B51B083DC
:10A490003C51B1833D51B2833E51B3834251B483A9
:10A4A0004751B5834A51B6834C51B7834E51B88357
:10A4B0004F51B9835051BA835251BB835351BC831E
:10A4C0005751BD835851BE835951BF835B51C083DF
:10A4D0005D51C1835E51C2835F51C3836051C483A8
:10A4E0006151C5836351C6836451C7836651C88374
:10A4F0006751C9836951CA836A51CB836F51CC8339
:10A500007251CD837A51CE837E51CF837F51D083D8
:10A510008351D1838451D2838651D3838751D4838D
:10A520008A51D5838B51D6838E51D7838F51D8834F
:10A530009051D9839151DA839351DB839451DC8319
:10A540009851DD839A51DE839D51DF839E51E083D4
:10A550009F51E183A151E283A351E383A651E48398
:10A56000A751E583A851E683A951E783AA51E8835F
:10A57000AD51E983AE51EA83B451EB83B851EC831A
:10A58000B951ED83BA51EE83BE51EF83BF51F083D1
:10A59000C151F183C251F283C351F383C551F48396
:10A5A000C851F583CA51F683CD51F783CE51F88354
:10A5B000D051F983D251FA83D351FB83D451FC8318
:10A5C000D551FD83D651FE83D7514084D851418463
:10A5D000D9514284DA514384DC514484DE514584AC
:10A5E000DF514684E2514784E3514884E551498470
:10A5F000E6514A84E7514B84E8514C84E9514D843B
:10A60000EA514E84EC514F84EE515084F151518403
:10A61000F2515284F4515384F7515484FE515584BD
:10A620000452568405525784095258840B52598457
:10A630000C525A840F525B8410525C8413525D8416
:10A6400014525E8415525F841C5260841E526184D1
:10A650001F5262842152638422526484235265848F
:10A660002552668426526784275268842A52698458
:10A670002C526A842F526B8431526C8432526D8416
:10A6800034526E8435526F843C5270843E527184D1
:10A69000445272844552738446527484475275847E
:10A6A00048527684495277844B5278844E5279844A
:10A6B0004F527A8452527B8453527C8455527D840B
:10A6C00057527E8458528084595281845A528284CF
:10A6D0005B5283845D5284845F5285846052868499
:10A6E00062528784635288846452898466528A8461
:10A6F00068528B846B528C846C528D846D528E8424
:10A700006E528F84705290847152918473529284ED
:10A7100074529384755294847652958477529684B9
:10A7200078529784795298847A5299847B529A8489
:10A730007C529B847E529C8480529D8483529E8452
:10A7400084529F848552A0848652A1848752A28419
:10A750008952A3848A52A4848B52A5848C52A684E5
:10A760008D52A7848E52A8848F52A9849152AA84B4
:10A770009252AB849452AC849552AD849652AE847E
:10A780009752AF849852B0849952B1849A52B2844D
:10A790009C52B384A452B484A552B584A652B68404
:10A7A000A752B784AE52B884AF52B984B052BA84BB
:10A7B000B452BB84B552BC84B652BD84B752BE8479
:10A7C000B852BF84B952C084BA52C184BB52C28449
:10A7D000BC52C384BD52C484C052C584C152C68415
:10A7E000C252C784C452C884C552C984C652CA84DE
:10A7F000C852CB84CA52CC84CC52CD84CD52CE84A4
:10A80000CE52CF84CF52D084D152D184D352D2846D
:10A81000D452D384D552D484D752D584D952D68435
:10A82000DA52D784DB52D884DC52D984DD52DA8400
:10A83000DE52DB84E052DC84E152DD84E252DE84CD
:10A84000E352DF84E552E084E652E184E752E28499
:10A85000E852E384E952E484EA52E584EB52E68468
:10A86000EC52E784ED52E884EE52E984EF52EA8438
:10A87000F152EB84F252EC84F352ED84F452EE8404
:10A88000F552EF84F652F084F752F184F852F284D4
:10A89000FB52F384FC52F484FD52F5840153F68498
:10A8A0000253F7840353F8840453F9840753FA845A
:10A8B0000953FB840A53FC840B53FD840C53FE8420
:10A8C0000E534085115341851253428513534385DE
:10A8D00014534485185345851B5346851C5347859F
:10A8E0001E5348851F53498522534A8524534B855F
:10A8F00025534C8527534D8528534E8529534F8525
:10A900002B5350852C5351852D5352852F535385EE
:10A9100030535485315355853253568533535785BB
:10A92000345358853553598536535A8537535B858B
:10A9300038535C853C535D853D535E8540535F8550
:10A940004253608544536185465362854B5363850A
:10A950004C5364854D5365855053668554536785C4
:10A9600058536885595369855B536A855D536B8578
:10A9700065536C8568536D856A536E856C536F851E
:10A980006D537085725371857653728579537385D3
:10A990007B5374857C5375857D5376857E5377858F
:10A9A000805378858153798583537A8587537B8556
:10A9B00088537C858A537D858E537E858F53808511
:10A9C00090538185915382859253838593538485D7
:10A9D00094538585965386859753878599538885A3
:10A9E0009B5389859C538A859E538B85A0538C8568
:10A9F000A1538D85A4538E85A7538F85AA53908527
:10AA0000AB539185AC539285AD539385AF539485E9
:10AA1000B0539585B1539685B2539785B3539885B6
:10AA2000B4539985B5539A85B7539B85B8539C8584
:10AA3000B9539D85BA539E85BC539F85BD53A08550
:10AA4000BE53A185C053A285C353A385C453A48517
:10AA5000C553A585C653A685C753A785CE53A885DC
:10AA6000CF53A985D053AA85D253AB85D353AC8598
:10AA7000D553AD85DA53AE85DC53AF85DD53B08554
:10AA8000DE53B185E153B285E253B385E753B48514
:10AA9000F453B585FA53B685FE53B785FF53B88591
:10AAA0000054B9850254BA850554BB850754BC854A
:10AAB0000B54BD851454BE851854BF851954C085E8
:10AAC0001A54C1851C54C2852254C3852454C4859C
:10AAD0002554C5852A54C6853054C7853354C88546
:10AAE0003654C9853754CA853A54CB853D54CC85F4
:10AAF0003F54CD854154CE854254CF854454D085B2
:10AB00004554D1854754D2854954D3854C54D48576
:10AB10004D54D5854E54D6854F54D7855154D8853C
:10AB20005A54D9855D54DA855E54DB855F54DC85E3
:10AB30006054DD856154DE856354DF856554E085AE
:10AB40006754E1856954E2856A54E3856B54E48572
:10AB50006C54E5856D54E6856E54E7856F54E88541
:10AB60007054E9857454EA857954EB857A54EC8500
:10AB70007E54ED857F54EE858154EF858354F085B6
:10AB80008554F1858754F2858854F3858954F4857A
:10AB90008A54F5858D54F6859154F7859354F8853C
:10ABA0009754F9859854FA859C54FB859E54FC85EE
:10ABB0009F54FD85A054FE85A1544086A254418631
:10ABC000A5544286AE544386B0544486B25445865A
:10ABD000B5544686B6544786B7544886B954498614
:10ABE000BA544A86BC544B86BE544C86C3544D86D8
:10ABF000C5544E86CA544F86CB545086D65451867F
:10AC0000D8545286DB545386E0545486E15455861A
:10AC1000E2545686E3545786E4545886EB545986DA
:10AC2000EC545A86EF545B86F0545C86F1545D8692
:10AC3000F4545E86F5545F86F6546086F754618658
:10AC4000F8546286F9546386FB546486FE54658624
:10AC500000556686025567860355688604556986E1
:10AC600005556A8608556B860A556C860B556D86A8
:10AC70000C556E860D556F860E5570861255718671
:10AC80001355728615557386165574861755758635
:10AC900018557686195577861A5578861C55798603
:10ACA0001D557A861E557B861F557C8621557D86CF
:10ACB00025557E862655808628558186295582868B
:10ACC0002B5583862D558486325585863455868648
:10ACD00035558786365588863855898639558A860A
:10ACE0003A558B863B558C863D558D8640558E86D4
:10ACF00042558F8645559086475591864855928690
:10AD00004B5593864C5594864D5595864E55968653
:10AD10004F559786515598865255998653559A8620
:10AD200054559B8657559C8658559D8659559E86E9
:10AD30005A559F865B55A0865D55A1865E55A286B5
:10AD40005F55A3866055A4866255A5866355A68681
:10AD50006855A7866955A8866B55A9866F55AA863A
:10AD60007055AB867155AC867255AD867355AE86FF
:10AD70007455AF867955B0867A55B1867D55B286C1
:10AD80007F55B3868555B4868655B5868C55B6866F
:10AD90008D55B7868E55B8869055B9869255BA8628
:10ADA0009355BB869555BC869655BD869755BE86F0
:10ADB0009A55BF869B55C0869E55C186A055C286B2
:10ADC000A155C386A255C486A355C586A455C6867B
:10ADD000A555C786A655C886A855C986A955CA8649
:10ADE000AA55CB86AB55CC86AC55CD86AD55CE8617
:10ADF000AE55CF86AF55D086B055D186B255D286E6
:10AE0000B455D386B655D486B855D586BA55D686A8
:10AE1000BC55D786BF55D886C055D986C155DA8668
:10AE2000C255DB86C355DC86C655DD86C755DE8632
:10AE3000C855DF86CA55E086CB55E186CE55E286F9
:10AE4000CF55E386D055E486D555E586D755E686B9
:10AE5000D855E786D955E886DA55E986DB55EA867E
:10AE6000DE55EB86E055EC86E255ED86E755EE863D
:10AE7000E955EF86ED55F086EE55F186F055F286F0
:10AE8000F155F386F455F486F655F586F855F686B1
:10AE9000F955F786FA55F886FB55F986FC55FA867A
:10AEA000FF55FB860256FC860356FD860456FE8639
:10AEB0000556408706564187075642870A564387FC
:10AEC0000B5644870D5645871056468711564787BF
:10AED000125648871356498714564A8715564B878A
:10AEE00016564C8717564D8719564E871A564F8758
:10AEF0001C5650871D56518720565287215653871E
:10AF000022565487255655872656568728565787E2
:10AF1000295658872A5659872B565A872E565B87AB
:10AF20002F565C8730565D8733565E8735565F8770
:10AF300037566087385661873A5662873C56638732
:10AF40003D5664873E5665874056668741566787FB
:10AF5000425668874356698744566A8745566B87C9
:10AF600046566C8747566D8748566E8749566F8799
:10AF70004A5670874B5671874F5672875056738763
:10AF8000515674875256758753567687555677872C
:10AF9000565678875A5679875B567A875D567B87EF
:10AFA0005E567C875F567D8760567E8761568087B8
:10AFB000635681876556828766568387675684877E
:10AFC0006D5685876E5686876F5687877056888739
:10AFD0007256898773568A8774568B8775568C8705
:10AFE00077568D8778568E8779568F877A569087D1
:10AFF0007D5691877E5692877F5693878056948799
:10B000008156958782569687835697878456988768
:10B010008756998788569A8789569B878A569C8730
:10B020008B569D878C569E878D569F879056A087FE
:10B030009156A1879256A2879456A3879556A487C6
:10B040009656A5879756A6879856A7879956A88794
:10B050009A56A9879B56AA879C56AB879D56AC8764
:10B060009E56AD879F56AE87A056AF87A156B08734
:10B07000A256B187A456B287A556B387A656B48701
:10B08000A756B587A856B687A956B787AA56B887D0
:10B09000AB56B987AC56BA87AD56BB87AE56BC87A0
:10B0A000B056BD87B156BE87B256BF87B356C0876C
:10B0B000B456C187B556C287B656C387B856C4873B
:10B0C000B956C587BA56C687BB56C787BD56C88707
:10B0D000BE56C987BF56CA87C056CB87C156CC87D4
:10B0E000C256CD87C356CE87C456CF87C556D087A4
:10B0F000C656D187C756D287C856D387C956D48774
:10B10000CB56D587CC56D687CD56D787CE56D8873F
:10B11000CF56D987D056DA87D156DB87D256DC870F
:10B12000D356DD87D556DE87D656DF87D856E087DB
:10B13000D956E187DC56E287E356E387E556E48794
:10B14000E656E587E756E687E856E787E956E88753
:10B15000EA56E987EC56EA87EE56EB87EF56EC871E
:10B16000F256ED87F356EE87F656EF87F756F087DF
:10B17000F856F187FB56F287FC56F3870057F487A1
:10B180000157F5870257F6870557F7870757F8875E
:10B190000B57F9870C57FA870D57FB870E57FC871B
:10B1A0000F57FD871057FE87115740881257418867
:10B1B00013574288145743881557448816574588B3
:10B1C0001757468818574788195748881A57498883
:10B1D0001B574A881D574B881E574C8820574D884F
:10B1E00021574E8822574F88245750882557518819
:10B1F00026575288275753882B57548831575588DC
:10B200003257568834575788355758883657598893
:10B2100037575A8838575B883C575C883D575D885C
:10B220003F575E8841575F8843576088445761881D
:10B2300045576288465763884857648849576588E8
:10B240004B576688525767885357688854576988A0
:10B2500055576A8856576B8858576C8859576D8868
:10B2600062576E8863576F88655770886757718813
:10B270006C5772886E5773887057748871577588C9
:10B280007257768874577788755778887857798891
:10B2900079577A887A577B887D577C887E577D8856
:10B2A0007F577E888057808881578188875782881A
:10B2B00088578388895784888A5785888D578688D8
:10B2C0008E5787888F5788889057898891578A88A2
:10B2D00094578B8895578C8896578D8897578E886A
:10B2E00098578F88995790889A5791889C57928839
:10B2F0009D5793889E5794889F579588A557968801
:10B30000A8579788AA579888AC579988AF579A88B2
:10B31000B0579B88B1579C88B3579D88B5579E8876
:10B32000B6579F88B757A088B957A188BA57A2883F
:10B33000BB57A388BC57A488BD57A588BE57A6880D
:10B34000BF57A788C057A888C157A988C457AA88DB
:10B35000C557AB88C657AC88C757AD88C857AE88A5
:10B36000C957AF88CA57B088CC57B188CD57B28873
:10B37000D057B388D157B488D357B588D657B68835
:10B38000D757B788DB57B888DC57B988DE57BA88F3
:10B39000E157BB88E257BC88E357BD88E557BE88B4
:10B3A000E657BF88E757C088E857C188E957C28881
:10B3B000EA57C388EB57C488EC57C588EE57C68850
:10B3C000F057C788F157C888F257C988F357CA8819
:10B3D000F557CB88F657CC88F757CD88FB57CE88E2
:10B3E000FC57CF88FE57D088FF57D1880158D288A4
:10B3F0000358D3880458D4880558D5880858D68867
:10B400000958D7880A58D8880C58D9880E58DA882D
:10B410000F58DB881058DC881258DD881358DE88F6
:10B420001458DF881658E0881758E1881858E288C1
:10B430001A58E3881B58E4881C58E5881D58E6888C
:10B440001F58E7882258E8882358E9882558EA8851
:10B450002658EB882758EC882858ED882958EE881C
:10B460002B58EF882C58F0882D58F1882E58F288E8
:10B470002F58F3883158F4883258F5883358F688B5
:10B480003458F7883658F8883758F9883858FA8881
:10B490003958FB883A58FC883B58FD883C58FE8850
:10B4A0003D5840893E5841893F5842894058438918
:10B4B00041584489425845894358468945584789E7
:10B4C000465848894758498948584A8949584B89B4
:10B4D0004A584C894B584D894E584E894F584F8980
:10B4E0005058508952585189535852895558538948
:10B4F0005658548957585589595856895A58578912
:10B500005B5858895C5859895D585A895F585B89DE
:10B5100060585C8961585D8962585E8963585F89AB
:10B520006458608966586189675862896858638978
:10B53000695864896A5865896D5866896E58678943
:10B540006F5868897058698971586A8972586B890F
:10B5500073586C8974586D8975586E8976586F89DF
:10B560007758708978587189795872897A587389AF
:10B570007B5874897C5875897D5876897F5877897E
:10B58000825878898458798986587A8987587B893E
:10B5900088587C898A587D898B587E898C58808907
:10B5A0008D5881898E5882898F58838990588489D3
:10B5B000915885899458868995588789965888899D
:10B5C0009758898998588A899B588B899C588C8967
:10B5D0009D588D89A0588E89A1588F89A25890892D
:10B5E000A3589189A4589289A5589389A6589489FB
:10B5F000A7589589AA589689AB589789AC589889C5
:10B60000AD589989AE589A89AF589B89B0589C8992
:10B61000B1589D89B2589E89B3589F89B458A08962
:10B62000B558A189B658A289B758A389B858A48932
:10B63000B958A589BA58A689BB58A789BD58A88901
:10B64000BE58A989BF58AA89C058AB89C258AC89CD
:10B65000C358AD89C458AE89C658AF89C758B08998
:10B66000C858B189C958B289CA58B389CB58B48966
:10B67000CC58B589CD58B689CE58B789CF58B88936
:10B68000D058B989D258BA89D358BB89D458BC8903
:10B69000D658BD89D758BE89D858BF89D958C089CE
:10B6A000DA58C189DB58C289DC58C389DD58C4899E
:10B6B000DE58C589DF58C689E058C789E158C8896E
:10B6C000E258C989E358CA89E558CB89E658CC893C
:10B6D000E758CD89E858CE89E958CF89EA58D0890A
:10B6E000ED58D189EF58D289F158D389F258D489CD
:10B6F000F458D589F558D689F758D789F858D88994
:10B70000FA58D989FB58DA89FC58DB89FD58DC895D
:10B71000FE58DD89FF58DE890059DF890159E0892B
:10B720000359E1890559E2890659E3890859E489F1
:10B730000959E5890A59E6890B59E7890C59E889BD
:10B740000E59E9891059EA891159EB891259EC8986
:10B750001359ED891759EE891859EF891B59F0894A
:10B760001D59F1891E59F2892059F3892159F4890B
:10B770002259F5892359F6892659F7892859F889D4
:10B780002C59F9893059FA893259FB893359FC8986
:10B790003559FD893659FE893B59408A3D59418AC0
:10B7A0003E59428A3F59438A4059448A4359458AFF
:10B7B0004559468A4659478A4A59488A4C59498ABE
:10B7C0004D594A8A50594B8A52594C8A53594D8A7D
:10B7D00059594E8A5B594F8A5C59508A5D59518A32
:10B7E0005E59528A5F59538A6159548A6359558AFE
:10B7F0006459568A6659578A6759588A6859598AC6
:10B8000069595A8A6A595B8A6B595C8A6C595D8A94
:10B810006D595E8A6E595F8A6F59608A7059618A64
:10B820007159628A7259638A7559648A7759658A2F
:10B830007A59668A7B59678A7C59688A7E59698AEF
:10B840007F596A8A80596B8A85596C8A89596D8AB1
:10B850008B596E8A8C596F8A8E59708A8F59718A6A
:10B860009059728A9159738A9459748A9559758A34
:10B870009859768A9A59778A9B59788A9C59798AF5
:10B880009D597A8A9F597B8AA0597C8AA1597D8AC1
:10B89000A2597E8AA659808AA759818AAC59828A80
:10B8A000AD59838AB059848AB159858AB359868A39
:10B8B000B459878AB559888AB659898AB7598A8A04
:10B8C000B8598B8ABA598C8ABC598D8ABD598E8ACF
:10B8D000BF598F8AC059908AC159918AC259928A98
:10B8E000C359938AC459948AC559958AC759968A67
:10B8F000C859978AC959988ACC59998ACD599A8A30
:10B90000CE599B8ACF599C8AD5599D8AD6599E8AF1
:10B91000D9599F8ADB59A08ADE59A18ADF59A28AA8
:10B92000E059A38AE159A48AE259A58AE459A68A72
:10B93000E659A78AE759A88AE959A98AEA59AA8A39
:10B94000EB59AB8AED59AC8AEE59AD8AEF59AE8A04
:10B95000F059AF8AF159B08AF259B18AF359B28AD3
:10B96000F459B38AF559B48AF659B58AF759B68AA3
:10B97000F859B78AFA59B88AFC59B98AFD59BA8A6E
:10B98000FE59BB8A005ABC8A025ABD8A0A5ABE8A2C
:10B990000B5ABF8A0D5AC08A0E5AC18A0F5AC28AE0
:10B9A000105AC38A125AC48A145AC58A155AC68AAA
:10B9B000165AC78A175AC88A195AC98A1A5ACA8A75
:10B9C0001B5ACB8A1D5ACC8A1E5ACD8A215ACE8A3E
:10B9D000225ACF8A245AD08A265AD18A275AD28A02
:10B9E000285AD38A2A5AD48A2B5AD58A2C5AD68ACC
:10B9F0002D5AD78A2E5AD88A2F5AD98A305ADA8A9B
:10BA0000335ADB8A355ADC8A375ADD8A385ADE8A5D
:10BA1000395ADF8A3A5AE08A3B5AE18A3D5AE28A29
:10BA20003E5AE38A3F5AE48A415AE58A425AE68AF4
:10BA3000435AE78A445AE88A455AE98A475AEA8AC1
:10BA4000485AEB8A4B5AEC8A4C5AED8A4D5AEE8A88
:10BA50004E5AEF8A4F5AF08A505AF18A515AF28A56
:10BA6000525AF38A535AF48A545AF58A565AF68A25
:10BA7000575AF78A585AF88A595AF98A5B5AFA8AF1
:10BA80005C5AFB8A5D5AFC8A5E5AFD8A5F5AFE8ABE
:10BA9000605A408B615A418B635A428B645A438B84
:10BAA000655A448B665A458B685A468B695A478B50
:10BAB0006B5A488B6C5A498B6D5A4A8B6E5A4B8B1A
:10BAC0006F5A4C8B705A4D8B715A4E8B725A4F8BEA
:10BAD000735A508B785A518B795A528B7B5A538BAD
:10BAE0007C5A548B7D5A558B7E5A568B805A578B75
:10BAF000815A588B825A598B835A5A8B845A5B8B42
:10BB0000855A5C8B865A5D8B875A5E8B885A5F8B11
:10BB1000895A608B8A5A618B8B5A628B8C5A638BE1
:10BB20008D5A648B8E5A658B8F5A668B905A678BB1
:10BB3000915A688B935A698B945A6A8B955A6B8B7E
:10BB4000965A6C8B975A6D8B985A6E8B995A6F8B4D
:10BB50009C5A708B9D5A718B9E5A728B9F5A738B15
:10BB6000A05A748BA15A758BA25A768BA35A778BE5
:10BB7000A45A788BA55A798BA65A7A8BA75A7B8BB5
:10BB8000A85A7C8BA95A7D8BAB5A7E8BAC5A808B82
:10BB9000AD5A818BAE5A828BAF5A838BB05A848B4D
:10BBA000B15A858BB45A868BB65A878BB75A888B15
:10BBB000B95A898BBA5A8A8BBB5A8B8BBC5A8C8BDD
:10BBC000BD5A8D8BBF5A8E8BC05A8F8BC35A908BA8
:10BBD000C45A918BC55A928BC65A938BC75A948B71
:10BBE000C85A958BCA5A968BCB5A978BCD5A988B3D
:10BBF000CE5A998BCF5A9A8BD05A9B8BD15A9C8B09
:10BC0000D35A9D8BD55A9E8BD75A9F8BD95AA08BCE
:10BC1000DA5AA18BDB5AA28BDD5AA38BDE5AA48B96
:10BC2000DF5AA58BE25AA68BE45AA78BE55AA88B5C
:10BC3000E75AA98BE85AAA8BEA5AAB8BEC5AAC8B21
:10BC4000ED5AAD8BEE5AAE8BEF5AAF8BF05AB08BEC
:10BC5000F25AB18BF35AB28BF45AB38BF55AB48BB8
:10BC6000F65AB58BF75AB68BF85AB78BF95AB88B88
:10BC7000FA5AB98BFB5ABA8BFC5ABB8BFD5ABC8B58
:10BC8000FE5ABD8BFF5ABE8B005BBF8B015BC08B26
:10BC9000025BC18B035BC28B045BC38B055BC48BF4
:10BCA000065BC58B075BC68B085BC78B0A5BC88BC3
:10BCB0000B5BC98B0C5BCA8B0D5BCB8B0E5BCC8B90
:10BCC0000F5BCD8B105BCE8B115BCF8B125BD08B60
:10BCD000135BD18B145BD28B155BD38B185BD48B2E
:10BCE000195BD58B1A5BD68B1B5BD78B1C5BD88BF8
:10BCF0001D5BD98B1E5BDA8B1F5BDB8B205BDC8BC8
:10BD0000215BDD8B225BDE8B235BDF8B245BE08B97
:10BD1000255BE18B265BE28B275BE38B285BE48B67
:10BD2000295BE58B2A5BE68B2B5BE78B2C5BE88B37
:10BD30002D5BE98B2E5BEA8B2F5BEB8B305BEC8B07
:10BD4000315BED8B335BEE8B355BEF8B365BF08BD2
:10BD5000385BF18B395BF28B3A5BF38B3B5BF48B9B
:10BD60003C5BF58B3D5BF68B3E5BF78B3F5BF88B6B
:10BD7000415BF98B425BFA8B435BFB8B445BFC8B37
:10BD8000455BFD8B465BFE8B475B408C485B418C83
:10BD9000495B428C4A5B438C4B5B448C4C5B458CCF
:10BDA0004D5B468C4E5B478C4F5B488C525B498C9D
:10BDB000565B4A8C5E5B4B8C605B4C8C615B4D8C44
:10BDC000675B4E8C685B4F8C6B5B508C6D5B518CF2
:10BDD0006E5B528C6F5B538C725B548C745B558CB6
:10BDE000765B568C775B578C785B588C795B598C7B
:10BDF0007B5B5A8C7C5B5B8C7E5B5C8C7F5B5D8C45
:10BE0000825B5E8C865B5F8C8A5B608C8D5B618CF9
:10BE10008E5B628C905B638C915B648C925B658CB7
:10BE2000945B668C965B678C9F5B688CA75B698C68
:10BE3000A85B6A8CA95B6B8CAC5B6C8CAD5B6D8C0E
:10BE4000AE5B6E8CAF5B6F8CB15B708CB25B718CD8
:10BE5000B75B728CBA5B738CBB5B748CBC5B758C90
:10BE6000C05B768CC15B778CC35B788CC85B798C4C
:10BE7000C95B7A8CCA5B7B8CCB5B7C8CCD5B7D8C0D
:10BE8000CE5B7E8CCF5B808CD15B818CD45B828CD3
:10BE9000D55B838CD65B848CD75B858CD85B868C9A
:10BEA000D95B878CDA5B888CDB5B898CDC5B8A8C6A
:10BEB000E05B8B8CE25B8C8CE35B8D8CE65B8E8C29
:10BEC000E75B8F8CE95B908CEA5B918CEB5B928CEF
:10BED000EC5B938CED5B948CEF5B958CF15B968CBB
:10BEE000F25B978CF35B988CF45B998CF55B9A8C86
:10BEF000F65B9B8CF75B9C8CFD5B9D8CFE5B9E8C4C
:10BF0000005C9F8C025CA08C035CA18C055CA28C05
:10BF1000075CA38C085CA48C0B5CA58C0C5CA68CC9
:10BF20000D5CA78C0E5CA88C105CA98C125CAA8C92
:10BF3000135CAB8C175CAC8C195CAD8C1B5CAE8C51
:10BF40001E5CAF8C1F5CB08C205CB18C215CB28C11
:10BF5000235CB38C265CB48C285CB58C295CB68CD5
:10BF60002A5CB78C2B5CB88C2D5CB98C2E5CBA8C9F
:10BF70002F5CBB8C305CBC8C325CBD8C335CBE8C6B
:10BF8000355CBF8C365CC08C375CC18C435CC28C2A
:10BF9000445CC38C465CC48C475CC58C4C5CC68CD2
:10BFA0004D5CC78C525CC88C535CC98C545CCA8C89
:10BFB000565CCB8C575CCC8C585CCD8C5A5CCE8C50
:10BFC0005B5CCF8C5C5CD08C5D5CD18C5F5CD28C1C
:10BFD000625CD38C645CD48C675CD58C685CD68CDA
:10BFE000695CD78C6A5CD88C6B5CD98C6C5CDA8CA5
:10BFF0006D5CDB8C705CDC8C725CDD8C735CDE8C6D
:10C00000745CDF8C755CE08C765CE18C775CE28C38
:10C01000785CE38C7B5CE48C7C5CE58C7D5CE68C02
:10C020007E5CE78C805CE88C835CE98C845CEA8CC9
:10C03000855CEB8C865CEC8C875CED8C895CEE8C93
:10C040008A5CEF8C8B5CF08C8E5CF18C8F5CF28C5C
:10C05000925CF38C935CF48C955CF58C9D5CF68C17
:10C060009E5CF78C9F5CF88CA05CF98CA15CFA8CD0
:10C07000A45CFB8CA55CFC8CA65CFD8CA75CFE8C98
:10C08000A85C408DAA5C418DAE5C428DAF5C438D57
:10C09000B05C448DB25C458DB45C468DB65C478D1A
:10C0A000B95C488DBA5C498DBB5C4A8DBC5C4B8DDC
:10C0B000BE5C4C8DC05C4D8DC25C4E8DC35C4F8DA3
:10C0C000C55C508DC65C518DC75C528DC85C538D6C
:10C0D000C95C548DCA5C558DCC5C568DCD5C578D3A
:10C0E000CE5C588DCF5C598DD05C5A8DD15C5B8D08
:10C0F000D35C5C8DD45C5D8DD55C5E8DD65C5F8DD4
:10C10000D75C608DD85C618DDA5C628DDB5C638DA1
:10C11000DC5C648DDD5C658DDE5C668DDF5C678D6F
:10C12000E05C688DE25C698DE35C6A8DE75C6B8D39
:10C13000E95C6C8DEB5C6D8DEC5C6E8DEE5C6F8DF7
:10C14000EF5C708DF15C718DF25C728DF35C738DC0
:10C15000F45C748DF55C758DF65C768DF75C778D8F
:10C16000F85C788DF95C798DFA5C7A8DFC5C7B8D5E
:10C17000FD5C7C8DFE5C7D8DFF5C7E8D005D808D29
:10C18000015D818D045D828D055D838D085D848DEB
:10C19000095D858D0A5D868D0B5D878D0C5D888DB3
:10C1A0000D5D898D0F5D8A8D105D8B8D115D8C8D80
:10C1B000125D8D8D135D8E8D155D8F8D175D908D4C
:10C1C000185D918D195D928D1A5D938D1C5D948D16
:10C1D0001D5D958D1F5D968D205D978D215D988DE0
:10C1E000225D998D235D9A8D255D9B8D285D9C8DAB
:10C1F0002A5D9D8D2B5D9E8D2C5D9F8D2F5DA08D6D
:10C20000305DA18D315DA28D325DA38D335DA48D36
:10C21000355DA58D365DA68D375DA78D385DA88D02
:10C22000395DA98D3A5DAA8D3B5DAB8D3C5DAC8DD2
:10C230003F5DAD8D405DAE8D415DAF8D425DB08D9A
:10C24000435DB18D445DB28D455DB38D465DB48D6A
:10C25000485DB58D495DB68D4D5DB78D4E5DB88D30
:10C260004F5DB98D505DBA8D515DBB8D525DBC8DFA
:10C27000535DBD8D545DBE8D555DBF8D565DC08DCA
:10C28000575DC18D595DC28D5A5DC38D5C5DC48D96
:10C290005E5DC58D5F5DC68D605DC78D615DC88D5E
:10C2A000625DC98D635DCA8D645DCB8D655DCC8D2E
:10C2B000665DCD8D675DCE8D685DCF8D6A5DD08DFD
:10C2C0006D5DD18D6E5DD28D705DD38D715DD48DC0
:10C2D000725DD58D735DD68D755DD78D765DD88D8C
:10C2E000775DD98D785DDA8D795DDB8D7A5DDC8D5A
:10C2F0007B5DDD8D7C5DDE8D7D5DDF8D7E5DE08D2A
:10C300007F5DE18D805DE28D815DE38D835DE48DF8
:10C31000845DE58D855DE68D865DE78D875DE88DC5
:10C32000885DE98D895DEA8D8A5DEB8D8B5DEC8D95
:10C330008C5DED8D8D5DEE8D8E5DEF8D8F5DF08D65
:10C34000905DF18D915DF28D925DF38D935DF48D35
:10C35000945DF58D955DF68D965DF78D975DF88D05
:10C36000985DF98D9A5DFA8D9B5DFB8D9C5DFC8DD2
:10C370009E5DFD8D9F5DFE8DA05D408EA15D418E19
:10C38000A25D428EA35D438EA45D448EA55D458E65
:10C39000A65D468EA75D478EA85D488EA95D498E35
:10C3A000AA5D4A8EAB5D4B8EAC5D4C8EAD5D4D8E05
:10C3B000AE5D4E8EAF5D4F8EB05D508EB15D518ED5
:10C3C000B25D528EB35D538EB45D548EB55D558EA5
:10C3D000B65D568EB85D578EB95D588EBA5D598E72
:10C3E000BB5D5A8EBC5D5B8EBD5D5C8EBE5D5D8E41
:10C3F000BF5D5E8EC05D5F8EC15D608EC25D618E11
:10C40000C35D628EC45D638EC65D648EC75D658EDE
:10C41000C85D668EC95D678ECA5D688ECB5D698EAC
:10C42000CC5D6A8ECE5D6B8ECF5D6C8ED05D6D8E79
:10C43000D15D6E8ED25D6F8ED35D708ED45D718E48
:10C44000D55D728ED65D738ED75D748ED85D758E18
:10C45000D95D768EDA5D778EDC5D788EDF5D798EE4
:10C46000E05D7A8EE35D7B8EE45D7C8EEA5D7D8EA1
:10C47000EC5D7E8EED5D808EF05D818EF55D828E51
:10C48000F65D838EF85D848EF95D858EFA5D868E0D
:10C49000FB5D878EFC5D888EFF5D898E005E8A8ED7
:10C4A000045E8B8E075E8C8E095E8D8E0A5E8E8E8C
:10C4B0000B5E8F8E0D5E908E0E5E918E125E928E52
:10C4C000135E938E175E948E1E5E958E1F5E968E03
:10C4D000205E978E215E988E225E998E235E9A8EC4
:10C4E000245E9B8E255E9C8E285E9D8E295E9E8E90
:10C4F0002A5E9F8E2B5EA08E2C5EA18E2F5EA28E5A
:10C50000305EA38E325EA48E335EA58E345EA68E20
:10C51000355EA78E365EA88E395EA98E3A5EAA8EEB
:10C520003E5EAB8E3F5EAC8E405EAD8E415EAE8EAB
:10C53000435EAF8E465EB08E475EB18E485EB28E71
:10C54000495EB38E4A5EB48E4B5EB58E4D5EB68E3E
:10C550004E5EB78E4F5EB88E505EB98E515EBA8E0B
:10C56000525EBB8E535EBC8E565EBD8E575EBE8ED7
:10C57000585EBF8E595EC08E5A5EC18E5C5EC28EA2
:10C580005D5EC38E5F5EC48E605EC58E635EC68E6A
:10C59000645EC78E655EC88E665EC98E675ECA8E33
:10C5A000685ECB8E695ECC8E6A5ECD8E6B5ECE8E03
:10C5B0006C5ECF8E6D5ED08E6E5ED18E6F5ED28ED3
:10C5C000705ED38E715ED48E755ED58E775ED68E9C
:10C5D000795ED78E7E5ED88E815ED98E825EDA8E4F
:10C5E000835EDB8E855EDC8E885EDD8E895EDE8E10
:10C5F0008C5EDF8E8D5EE08E8E5EE18E925EE28ED0
:10C60000985EE38E9B5EE48E9D5EE58EA15EE68E77
:10C61000A25EE78EA35EE88EA45EE98EA85EEA8E37
:10C62000A95EEB8EAA5EEC8EAB5EED8EAC5EEE8EFE
:10C63000AE5EEF8EAF5EF08EB05EF18EB15EF28ECA
:10C64000B25EF38EB45EF48EBA5EF58EBB5EF68E8D
:10C65000BC5EF78EBD5EF88EBF5EF98EC05EFA8E50
:10C66000C15EFB8EC25EFC8EC35EFD8EC45EFE8E1E
:10C67000C55E408FC65E418FC75E428FC85E438FE6
:10C68000CB5E448FCC5E458FCD5E468FCE5E478FAE
:10C69000CF5E488FD05E498FD45E4A8FD55E4B8F78
:10C6A000D75E4C8FD85E4D8FD95E4E8FDA5E4F8F3E
:10C6B000DC5E508FDD5E518FDE5E528FDF5E538F0A
:10C6C000E05E548FE15E558FE25E568FE35E578FDA
:10C6D000E45E588FE55E598FE65E5A8FE75E5B8FAA
:10C6E000E95E5C8FEB5E5D8FEC5E5E8FED5E5F8F73
:10C6F000EE5E608FEF5E618FF05E628FF15E638F42
:10C70000F25E648FF35E658FF55E668FF85E678F0D
:10C71000F95E688FFB5E698FFC5E6A8FFD5E6B8FD2
:10C72000055F6C8F065F6D8F075F6E8F095F6F8F80
:10C730000C5F708F0D5F718F0E5F728F105F738F44
:10C74000125F748F145F758F165F768F195F778F06
:10C750001A5F788F1C5F798F1D5F7A8F1E5F7B8FCA
:10C76000215F7C8F225F7D8F235F7E8F245F808F90
:10C77000285F818F2B5F828F2C5F838F2E5F848F4A
:10C78000305F858F325F868F335F878F345F888F0E
:10C79000355F898F365F8A8F375F8B8F385F8C8FDD
:10C7A0003B5F8D8F3D5F8E8F3E5F8F8F3F5F908FA2
:10C7B000415F918F425F928F435F938F445F948F6D
:10C7C000455F958F465F968F475F978F485F988F3D
:10C7D000495F998F4A5F9A8F4B5F9B8F4C5F9C8F0D
:10C7E0004D5F9D8F4E5F9E8F4F5F9F8F515FA08FDC
:10C7F000545FA18F595FA28F5A5FA38F5B5FA48F95
:10C800005C5FA58F5E5FA68F5F5FA78F605FA88F5D
:10C81000635FA98F655FAA8F675FAB8F685FAC8F1F
:10C820006B5FAD8F6E5FAE8F6F5FAF8F725FB08FDC
:10C83000745FB18F755FB28F765FB38F785FB48F9F
:10C840007A5FB58F7D5FB68F7E5FB78F7F5FB88F62
:10C85000835FB98F865FBA8F8D5FBB8F8E5FBC8F12
:10C860008F5FBD8F915FBE8F935FBF8F945FC08FCF
:10C87000965FC18F9A5FC28F9B5FC38F9D5FC48F8E
:10C880009E5FC58F9F5FC68FA05FC78FA25FC88F57
:10C89000A35FC98FA45FCA8FA55FCB8FA65FCC8F24
:10C8A000A75FCD8FA95FCE8FAB5FCF8FAC5FD08FEF
:10C8B000AF5FD18FB05FD28FB15FD38FB25FD48FB4
:10C8C000B35FD58FB45FD68FB65FD78FB85FD88F81
:10C8D000B95FD98FBA5FDA8FBB5FDB8FBE5FDC8F4A
:10C8E000BF5FDD8FC05FDE8FC15FDF8FC25FE08F14
:10C8F000C75FE18FC85FE28FCA5FE38FCB5FE48FD2
:10C90000CE5FE58FD35FE68FD45FE78FD55FE88F8B
:10C91000DA5FE98FDB5FEA8FDC5FEB8FDE5FEC8F46
:10C92000DF5FED8FE25FEE8FE35FEF8FE55FF08F0C
:10C93000E65FF18FE85FF28FE95FF38FEC5FF48FD2
:10C94000EF5FF58FF05FF68FF25FF78FF35FF88F91
:10C95000F45FF98FF65FFA8FF75FFB8FF95FFC8F5B
:10C96000FA5FFD8FFC5FFE8F07604090086041908A
:10C97000096042900B6043900C60449010604590B9
:10C980001160469013604790176048901860499076
:10C990001A604A901E604B901F604C9022604D9030
:10C9A00023604E9024604F902C6050902D605190E9
:10C9B0002E605290306053903160549032605590A8
:10C9C0003360569034605790366058903760599075
:10C9D00038605A9039605B903A605C903D605D9041
:10C9E0003E605E9040605F90446060904560619002
:10C9F00046606290476063904860649049606590CB
:10CA00004A6066904C6067904E6068904F60699095
:10CA100051606A9053606B9054606C9056606D905A
:10CA200057606E9058606F905B6070905C60719022
:10CA30005E6072905F6073906060749061607590EA
:10CA400065607690666077906E607890716079909E
:10CA500072607A9074607B9075607C9077607D9056
:10CA60007E607E9080608090816081908260829004
:10CA700085608390866084908760859088608690CA
:10CA80008A6087908B6088908E6089908F608A9092
:10CA900090608B9091608C9093608D9095608E905B
:10CAA00097608F9098609090996091909C60929020
:10CAB0009E609390A1609490A2609590A4609690DF
:10CAC000A5609790A7609890A9609990AA609A90A5
:10CAD000AE609B90B0609C90B3609D90B5609E905E
:10CAE000B6609F90B760A090B960A190BA60A29024
:10CAF000BD60A390BE60A490BF60A590C060A690EA
:10CB0000C160A790C260A890C360A990C460AA90B9
:10CB1000C760AB90C860AC90C960AD90CC60AE907F
:10CB2000CD60AF90CE60B090CF60B190D060B29049
:10CB3000D260B390D360B490D460B590D660B69014
:10CB4000D760B790D960B890DB60B990DE60BA90DA
:10CB5000E160BB90E260BC90E360BD90E460BE9099
:10CB6000E560BF90EA60C090F160C190F260C29051
:10CB7000F560C390F760C490F860C590FB60C69004
:10CB8000FC60C790FD60C890FE60C990FF60CA90CD
:10CB90000261CB900361CC900461CD900561CE9091
:10CBA0000761CF900A61D0900B61D1900C61D29057
:10CBB0001061D3901161D4901261D5901361D69019
:10CBC0001461D7901661D8901761D9901861DA90E6
:10CBD0001961DB901B61DC901C61DD901D61DE90B2
:10CBE0001E61DF902161E0902261E1902561E29079
:10CBF0002861E3902961E4902A61E5902C61E69038
:10CC00002D61E7902E61E8902F61E9903061EA9004
:10CC10003161EB903261EC903361ED903461EE90D4
:10CC20003561EF903661F0903761F1903861F290A4
:10CC30003961F3903A61F4903B61F5903C61F69074
:10CC40003D61F7903E61F8904061F9904161FA9042
:10CC50004261FB904361FC904461FD904561FE9010
:10CC60004661409147614191496142914B614391D5
:10CC70004D6144914F614591506146915261479198
:10CC8000536148915461499156614A9157614B9162
:10CC900058614C9159614D915A614E915B614F9130
:10CCA0005C6150915E6151915F61529160615391FD
:10CCB00061615491636155916461569165615791C9
:10CCC00066615891696159916A615A916B615B9192
:10CCD0006C615C916D615D916E615E916F615F9160
:10CCE000716160917261619173616291746163912C
:10CCF0007661649178616591796166917A616791F5
:10CD00007B6168917C6169917D616A917E616B91C3
:10CD10007F616C9180616D9181616E9182616F9193
:10CD20008361709184617191856172918661739163
:10CD30008761749188617591896176918A61779133
:10CD40008C6178918D6179918F617A9190617B91FD
:10CD500091617C9192617D9193617E9195618091C9
:10CD60009661819197618291986183919961849193
:10CD70009A6185919B6186919C6187919E61889162
:10CD80009F618991A0618A91A1618B91A2618C912F
:10CD9000A3618D91A4618E91A5618F91A6619091FF
:10CDA000AA619191AB619291AD619391AE619491C1
:10CDB000AF619591B0619691B1619791B26198918F
:10CDC000B3619991B4619A91B5619B91B6619C915F
:10CDD000B8619D91B9619E91BA619F91BB61A0912B
:10CDE000BC61A191BD61A291BF61A391C061A491F9
:10CDF000C161A591C361A691C461A791C561A891C4
:10CE0000C661A991C761AA91C961AB91CC61AC918E
:10CE1000CD61AD91CE61AE91CF61AF91D061B09156
:10CE2000D361B191D561B291D661B391D761B4911B
:10CE3000D861B591D961B691DA61B791DB61B891EA
:10CE4000DC61B991DD61BA91DE61BB91DF61BC91BA
:10CE5000E061BD91E161BE91E261BF91E361C0918A
:10CE6000E461C191E561C291E761C391E861C49158
:10CE7000E961C591EA61C691EB61C791EC61C89126
:10CE8000ED61C991EE61CA91EF61CB91F061CC91F6
:10CE9000F161CD91F261CE91F361CF91F461D091C6
:10CEA000F661D191F761D291F861D391F961D49192
:10CEB000FA61D591FB61D691FC61D791FD61D89162
:10CEC000FE61D9910062DA910162DB910262DC912C
:10CED0000362DD910462DE910562DF910762E091F9
:10CEE0000962E1911362E2911462E3911962E491A3
:10CEF0001C62E5911D62E6911E62E7912062E89155
:10CF00002362E9912662EA912762EB912862EC9113
:10CF10002962ED912B62EE912D62EF912F62F091DB
:10CF20003062F1913162F2913262F3913562F491A3
:10CF30003662F5913862F6913962F7913A62F8916A
:10CF40003B62F9913C62FA914262FB914462FC912E
:10CF50004562FD914662FE914A6240924F62419263
:10CF60005062429255624392566244925762459291
:10CF7000596246925A6247925C6248925D62499257
:10CF80005E624A925F624B9260624C9261624D9225
:10CF900062624E9264624F926562509268625192F0
:10CFA0007162529272625392746254927562559297
:10CFB00077625692786257927A6258927B6259925F
:10CFC0007D625A9281625B9282625C9283625D9220
:10CFD00085625E9286625F928762609288626192E9
:10CFE0008B6262928C6263928D6264928E626592B1
:10CFF0008F62669290626792946268929962699277
:10D000009C626A929D626B929E626C92A3626D9228
:10D01000A6626E92A7626F92A9627092AA627192E2
:10D02000AD627292AE627392AF627492B0627592A8
:10D03000B2627692B3627792B4627892B662799273
:10D04000B7627A92B8627B92BA627C92BE627D923B
:10D05000C0627E92C1628092C3628192CB628292F0
:10D06000CF628392D1628492D5628592DD6286928C
:10D07000DE628792E0628892E1628992E4628A923B
:10D08000EA628B92EB628C92F0628D92F2628E92E7
:10D09000F5628F92F8629092F9629192FA6292929E
:10D0A000FB62939200639492036395920463969259
:10D0B00005639792066398920A6399920B639A921A
:10D0C0000C639B920D639C920F639D9210639E92E2
:10D0D00012639F921363A0921463A1921563A292AC
:10D0E0001763A3921863A4921963A5921C63A69276
:10D0F0002663A7922763A8922963A9922C63AA9218
:10D100002D63AB922E63AC923063AD923163AE92DD
:10D110003363AF923463B0923563B1923663B292A7
:10D120003763B3923863B4923B63B5923C63B69273
:10D130003E63B7923F63B8924063B9924163BA923B
:10D140004463BB924763BC924863BD924A63BE92FC
:10D150005163BF925263C0925363C1925463C292AF
:10D160005663C3925763C4925863C5925963C6927B
:10D170005A63C7925B63C8925C63C9925D63CA924B
:10D180006063CB926463CC926563CD926663CE920A
:10D190006863CF926A63D0926B63D1926C63D292D0
:10D1A0006F63D3927063D4927263D5927363D69295
:10D1B0007463D7927563D8927863D9927963DA925F
:10D1C0007C63DB927D63DC927E63DD927F63DE9223
:10D1D0008163DF928363E0928463E1928563E292EC
:10D1E0008663E3928B63E4928D63E5929163E692AA
:10D1F0009363E7929463E8929563E9929763EA9266
:10D200009963EB929A63EC929B63ED929C63EE922E
:10D210009D63EF929E63F0929F63F192A163F292FD
:10D22000A463F392A663F492AB63F592AF63F692B4
:10D23000B163F792B263F892B563F992B663FA926A
:10D24000B963FB92BB63FC92BD63FD92BF63FE9228
:10D25000C0634093C1634193C2634293C3634393EA
:10D26000C5634493C7634593C8634693CA634793B2
:10D27000CB634893CC634993D1634A93D3634B9375
:10D28000D4634C93D5634D93D7634E93D8634F9338
:10D29000D9635093DA635193DB635293DC63539306
:10D2A000DD635493DF635593E2635693E4635793CE
:10D2B000E5635893E6635993E7635A93E8635B9396
:10D2C000EB635C93EC635D93EE635E93EF635F935C
:10D2D000F0636093F1636193F3636293F563639327
:10D2E000F7636493F9636593FA636693FB636793EB
:10D2F000FC636893FE63699303646A9304646B93AD
:10D3000006646C9307646D9308646E9309646F936D
:10D310000A6470930D6471930E6472931164739335
:10D3200012647493156475931664769317647793F7
:10D3300018647893196479931A647A931D647B93C3
:10D340001F647C9322647D9323647E932464809382
:10D35000256481932764829328648393296484934A
:10D360002B6485932E6486932F648793306488930F
:10D370003164899332648A9333648B9335648C93DC
:10D3800036648D9337648E9338648F9339649093A9
:10D390003B6491933C6492933E6493934064949372
:10D3A0004264959343649693496497934B6498932E
:10D3B0004C6499934D649A934E649B934F649C93F1
:10D3C00050649D9351649E9353649F935564A093BE
:10D3D0005664A1935764A2935964A3935A64A49387
:10D3E0005B64A5935C64A6935D64A7935F64A89354
:10D3F0006064A9936164AA936264AB936364AC9321
:10D400006464AD936564AE936664AF936864B093EF
:10D410006A64B1936B64B2936C64B3936E64B493B7
:10D420006F64B5937064B6937164B7937264B89384
:10D430007364B9937464BA937564BB937664BC9354
:10D440007764BD937B64BE937C64BF937D64C0931B
:10D450007E64C1937F64C2938064C3938164C493E8
:10D460008364C5938664C6938864C7938964C893AC
:10D470008A64C9938B64CA938C64CB938D64CC9378
:10D480008E64CD938F64CE939064CF939364D09346
:10D490009464D1939764D2939864D3939A64D49309
:10D4A0009B64D5939C64D6939D64D7939F64D893D3
:10D4B000A064D993A164DA93A264DB93A364DC93A0
:10D4C000A564DD93A664DE93A764DF93A864E0936C
:10D4D000AA64E193AB64E293AF64E393B164E49331
:10D4E000B264E593B364E693B464E793B664E893F7
:10D4F000B964E993BB64EA93BD64EB93BE64EC93B7
:10D50000BF64ED93C164EE93C364EF93C464F0937E
:10D51000C664F193C764F293C864F393C964F49347
:10D52000CA64F593CB64F693CC64F793CF64F89315
:10D53000D164F993D364FA93D464FB93D564FC93D8
:10D54000D664FD93D964FE93DA644094DB6441941D
:10D55000DC644294DD644394DF644494E064459465
:10D56000E1644694E3644794E5644894E76449942D
:10D57000E8644A94E9644B94EA644C94EB644D94F7
:10D58000EC644E94ED644F94EE645094EF645194C7
:10D59000F0645294F1645394F2645494F364559497
:10D5A000F4645694F5645794F6645894F764599467
:10D5B000F8645A94F9645B94FA645C94FB645D9437
:10D5C000FC645E94FD645F94FE646094FF64619407
:10D5D00001656294026563940365649404656594CF
:10D5E000056566940665679407656894086569949F
:10D5F0000A656A940B656B940C656C940D656D946B
:10D600000E656E940F656F9410657094116571943A
:10D610001365729414657394156574941665759406
:10D6200017657694196577941A6578941B657994D3
:10D630001C657A941D657B941E657C941F657D94A2
:10D6400020657E942165809422658194236582946F
:10D65000246583942665849427658594286586943B
:10D66000296587942A6588942C6589942D658A9408
:10D6700030658B9431658C9432658D9433658E94CE
:10D6800037658F943A6590943C6591943D6592948A
:10D69000406593944165949442659594436596944E
:10D6A0004465979446659894476599944A659A9419
:10D6B0004B659B944D659C944E659D9450659E94DE
:10D6C00052659F945365A0945465A1945765A294A4
:10D6D0005865A3945A65A4945C65A5945F65A69467
:10D6E0006065A7946165A8946465A9946565AA942A
:10D6F0006765AB946865AC946965AD946A65AE94F2
:10D700006D65AF946E65B0946F65B1947165B294B8
:10D710007365B3947565B4947665B5947865B6947D
:10D720007965B7947A65B8947B65B9947C65BA9449
:10D730007D65BB947E65BC947F65BD948065BE9419
:10D740008165BF948265C0948365C1948465C294E9
:10D750008565C3948665C4948865C5948965C694B7
:10D760008A65C7948D65C8948E65C9948F65CA947F
:10D770009265CB949465CC949565CD949665CE9442
:10D780009865CF949A65D0949D65D1949E65D29406
:10D79000A065D394A265D494A365D594A665D694C8
:10D7A000A865D794AA65D894AC65D994AE65DA9487
:10D7B000B165DB94B265DC94B365DD94B465DE9449
:10D7C000B565DF94B665E094B765E194B865E29419
:10D7D000BA65E394BB65E494BE65E594BF65E694E1
:10D7E000C065E794C265E894C765E994C865EA94A2
:10D7F000C965EB94CA65EC94CD65ED94D065EE9463
:10D80000D165EF94D365F094D465F194D565F29425
:10D81000D865F394D965F494DA65F594DB65F694EC
:10D82000DC65F794DD65F894DE65F994DF65FA94BC
:10D83000E165FB94E365FC94E465FD94EA65FE9480
:10D84000EB654095F2654195F3654295F465439526
:10D85000F5654495F8654595F9654695FB654795E9
:10D86000FC654895FD654995FE654A95FF654B95B4
:10D8700001664C9504664D9505664E9507664F9575
:10D8800008665095096651950B6652950D6653953D
:10D8900010665495116655951266569516665795FD
:10D8A00017665895186659951A665A951B665B95C2
:10D8B0001C665C951E665D9521665E9522665F9589
:10D8C0002366609524666195266662952966639550
:10D8D0002A6664952B6665952C6666952E66679517
:10D8E000306668953266699533666A9537666B95DA
:10D8F00038666C9539666D953A666E953B666F95A0
:10D900003D6670953F667195406672954266739567
:10D91000446674954566759546667695476677952F
:10D9200048667895496679954A667A954D667B95FD
:10D930004E667C9550667D9551667E9558668095BD
:10D94000596681955B6682955C6683955D66849574
:10D950005E6685956066869562668795636688953E
:10D960006566899567668A9569668B956A668C9502
:10D970006B668D956C668E956D668F9571669095CC
:10D98000726691957366929575669395786694958F
:10D99000796695957B6696957C6697957D66989554
:10D9A0007F66999580669A9581669B9583669C951E
:10D9B00085669D9586669E9588669F958966A095E5
:10D9C0008A66A1958B66A2958D66A3958E66A495B1
:10D9D0008F66A5959066A6959266A7959366A8957D
:10D9E0009466A9959566AA959866AB959966AC9547
:10D9F0009A66AD959B66AE959C66AF959E66B09512
:10DA00009F66B195A066B295A166B395A266B495DE
:10DA1000A366B595A466B695A566B795A666B895AE
:10DA2000A966B995AA66BA95AB66BB95AC66BC9576
:10DA3000AD66BD95AF66BE95B066BF95B166C09543
:10DA4000B266C195B366C295B566C395B666C49510
:10DA5000B766C595B866C695BA66C795BB66C895DC
:10DA6000BC66C995BD66CA95BF66CB95C066CC95A8
:10DA7000C166CD95C266CE95C366CF95C466D09576
:10DA8000C566D195C666D295C766D395C866D49546
:10DA9000C966D595CA66D695CB66D795CC66D89516
:10DAA000CD66D995CE66DA95CF66DB95D066DC95E6
:10DAB000D166DD95D266DE95D366DF95D466E095B6
:10DAC000D566E195D666E295D766E395D866E49586
:10DAD000DA66E595DE66E695DF66E795E066E89549
:10DAE000E166E995E266EA95E366EB95E466EC9516
:10DAF000E566ED95E766EE95E866EF95EA66F095E2
:10DB0000EB66F195EC66F295ED66F395EE66F495AD
:10DB1000EF66F595F166F695F566F795F666F89574
:10DB2000F866F995FA66FA95FB66FB95FD66FC9535
:10DB30000167FD950267FE9503674096046741966D
:10DB40000567429606674396076744960C674596B5
:10DB50000E6746960F674796116748961267499673
:10DB600013674A9616674B9618674C9619674D9639
:10DB70001A674E961C674F961E67509620675196FF
:10DB800021675296226753962367549624675596C9
:10DB90002567569627675796296758962E67599690
:10DBA00030675A9632675B9633675C9636675D9648
:10DBB00037675E9638675F96396760963B67619610
:10DBC0003C6762963E6763963F67649641676596D9
:10DBD0004467669645676796476768964A67699699
:10DBE0004B676A964D676B9652676C9654676D9655
:10DBF00055676E9657676F96586770965967719616
:10DC00005A6772965B6773965D67749662677596DE
:10DC1000636776966467779666677896676779969E
:10DC20006B677A966C677B966E677C9671677D965C
:10DC300074677E9676678096786781967967829614
:10DC40007A6783967B6784967D67859680678696DC
:10DC500082678796836788968567899686678A969E
:10DC600088678B968A678C968C678D968D678E9663
:10DC70008E678F968F67909691679196926792962E
:10DC800093679396946794969667959699679696F8
:10DC90009B6797969F679896A0679996A1679A96B3
:10DCA000A4679B96A6679C96A9679D96AC679E966F
:10DCB000AE679F96B167A096B267A196B467A29629
:10DCC000B967A396BA67A496BB67A596BC67A696E4
:10DCD000BD67A796BE67A896BF67A996C067AA96B4
:10DCE000C267AB96C567AC96C667AD96C767AE967A
:10DCF000C867AF96C967B096CA67B196CB67B29648
:10DD0000CC67B396CD67B496CE67B596D567B69611
:10DD1000D667B796D767B896DB67B996DF67BA96C6
:10DD2000E167BB96E367BC96E467BD96E667BE967F
:10DD3000E767BF96E867C096EA67C196EB67C29649
:10DD4000ED67C396EE67C496F267C596F567C6960B
:10DD5000F667C796F767C896F867C996F967CA96CF
:10DD6000FA67CB96FB67CC96FC67CD96FE67CE969E
:10DD70000168CF960268D0960368D1960468D2965F
:10DD80000668D3960D68D4961068D5961268D69614
:10DD90001468D7961568D8961868D9961968DA96CF
:10DDA0001A68DB961B68DC961C68DD961E68DE969A
:10DDB0001F68DF962068E0962268E1962368E29665
:10DDC0002468E3962568E4962668E5962768E69633
:10DDD0002868E7962B68E8962C68E9962D68EA96FD
:10DDE0002E68EB962F68EC963068ED963168EE96CB
:10DDF0003468EF963568F0963668F1963A68F29690
:10DE00003B68F3963F68F4964768F5964B68F6963C
:10DE10004D68F7964F68F8965268F9965668FA96E4
:10DE20005768FB965868FC965968FD965A68FE96A6
:10DE30005B6840975C6841975D6842975E6843976E
:10DE40005F6844976A6845976C6846976D6847971E
:10DE50006E6848976F68499770684A9771684B97E2
:10DE600072684C9773684D9775684E9778684F97AE
:10DE7000796850977A6851977B6852977C68539776
:10DE80007D6854977E6855977F6856978068579746
:10DE9000826858978468599787685A9788685B970B
:10DEA00089685C978A685D978B685E978C685F97D6
:10DEB0008D6860978E6861979068629791686397A4
:10DEC000926864979468659795686697966867976F
:10DED00098686897996869979A686A979B686B973A
:10DEE0009C686C979D686D979E686E979F686F970A
:10DEF000A0687097A1687197A3687297A4687397D8
:10DF0000A5687497A9687597AA687697AB6877979C
:10DF1000AC687897AE687997B1687A97B2687B9762
:10DF2000B4687C97B6687D97B7687E97B868809725
:10DF3000B9688197BA688297BB688397BC688497F1
:10DF4000BD688597BE688697BF688797C1688897C0
:10DF5000C3688997C4688A97C5688B97C6688C9789
:10DF6000C7688D97C8688E97CA688F97CC68909756
:10DF7000CE689197CF689297D0689397D16894971D
:10DF8000D3689597D4689697D6689797D7689897E7
:10DF9000D9689997DB689A97DC689B97DD689C97AE
:10DFA000DE689D97DF689E97E1689F97E268A0977B
:10DFB000E468A197E568A297E668A397E768A49745
:10DFC000E868A597E968A697EA68A797EB68A89715
:10DFD000EC68A997ED68AA97EF68AB97F268AC97E1
:10DFE000F368AD97F468AE97F668AF97F768B097A7
:10DFF000F868B197FB68B297FD68B397FE68B4976D
:10E00000FF68B5970069B6970269B7970369B89733
:10E010000469B9970669BA970769BB970869BC97FD
:10E020000969BD970A69BE970C69BF970F69C097C8
:10E030001169C1971369C2971469C3971569C49789
:10E040001669C5971769C6971869C7971969C89758
:10E050001A69C9971B69CA971C69CB971D69CC9728
:10E060001E69CD972169CE972269CF972369D097F2
:10E070002569D1972669D2972769D3972869D497BC
:10E080002969D5972A69D6972B69D7972C69D8978C
:10E090002E69D9972F69DA973169DB973269DC9756
:10E0A0003369DD973569DE973669DF973769E09721
:10E0B0003869E1973A69E2973B69E3973C69E497ED
:10E0C0003E69E5974069E6974169E7974369E897B4
:10E0D0004469E9974569EA974669EB974769EC9780
:10E0E0004869ED974969EE974A69EF974B69F09750
:10E0F0004C69F1974D69F2974E69F3974F69F49720
:10E100005069F5975169F6975269F7975369F897EF
:10E110005569F9975669FA975869FB975969FC97B9
:10E120005B69FD975C69FE975F69409861694198FA
:10E13000626942986469439865694498676945983B
:10E1400068694698696947986A6948986C69499806
:10E150006D694A986F694B9870694C9872694D98CF
:10E1600073694E9874694F9875695098766951989B
:10E170007A6952987B6953987D6954987E6955985D
:10E180007F69569881695798836958988569599825
:10E190008A695A988B695B988C695C988E695D98DE
:10E1A0008F695E9890695F989169609892696198AB
:10E1B0009369629896696398976964989969659874
:10E1C0009A6966989D6967989E6968989F69699839
:10E1D000A0696A98A1696B98A2696C98A3696D9807
:10E1E000A4696E98A5696F98A6697098A9697198D5
:10E1F000AA697298AC697398AE697498AF6975989A
:10E20000B0697698B2697798B3697898B569799862
:10E21000B6697A98B8697B98B9697C98BA697D982B
:10E22000BC697E98BD698098BE698198BF698298F3
:10E23000C0698398C2698498C3698598C4698698BF
:10E24000C5698798C6698898C7698998C8698A988E
:10E25000C9698B98CB698C98CD698D98CF698E9858
:10E26000D1698F98D2699098D3699198D56992981D
:10E27000D6699398D7699498D8699598D9699698EA
:10E28000DA699798DC699898DD699998DE699A98B7
:10E29000E1699B98E2699C98E3699D98E4699E987E
:10E2A000E5699F98E669A098E769A198E869A2984E
:10E2B000E969A398EA69A498EB69A598EC69A6981E
:10E2C000EE69A798EF69A898F069A998F169AA98EA
:10E2D000F369AB98F469AC98F569AD98F669AE98B6
:10E2E000F769AF98F869B098F969B198FA69B29886
:10E2F000FB69B398FC69B498FE69B598006AB69852
:10E30000016AB798026AB898036AB998046ABA9819
:10E31000056ABB98066ABC98076ABD98086ABE98E9
:10E32000096ABF980B6AC0980C6AC1980D6AC298B6
:10E330000E6AC3980F6AC498106AC598116AC69885
:10E34000126AC798136AC898146AC998156ACA9855
:10E35000166ACB98196ACC981A6ACD981B6ACE981F
:10E360001C6ACF981D6AD0981E6AD198206AD298EC
:10E37000226AD398236AD498246AD598256AD698B5
:10E38000266AD798276AD898296AD9982B6ADA9882
:10E390002C6ADB982D6ADC982E6ADD98306ADE984C
:10E3A000326ADF98336AE098346AE198366AE29814
:10E3B000376AE398386AE498396AE5983A6AE698E1
:10E3C0003B6AE7983C6AE8983F6AE998406AEA98AD
:10E3D000416AEB98426AEC98436AED98456AEE9878
:10E3E000466AEF98486AF098496AF1984A6AF29842
:10E3F0004B6AF3984C6AF4984D6AF5984E6AF69811
:10E400004F6AF798516AF898526AF998536AFA98DD
:10E41000546AFB98556AFC98566AFD98576AFE98AC
:10E420005A6A40995C6A41995D6A42995E6A439969
:10E430005F6A4499606A4599626A4699636A479936
:10E44000646A4899666A4999676A4A99686A4B9901
:10E45000696A4C996A6A4D996B6A4E996C6A4F99D0
:10E460006D6A50996E6A51996F6A5299706A5399A0
:10E47000726A5499736A5599746A5699756A57996C
:10E48000766A5899776A5999786A5A997A6A5B993B
:10E490007B6A5C997D6A5D997E6A5E997F6A5F9905
:10E4A000816A6099826A6199836A6299856A6399CF
:10E4B000866A6499876A6599886A6699896A67999C
:10E4C0008A6A68998B6A69998C6A6A998D6A6B996C
:10E4D0008F6A6C99926A6D99936A6E99946A6F9932
:10E4E000956A7099966A7199986A7299996A7399FE
:10E4F0009A6A74999B6A75999C6A76999D6A7799CC
:10E500009E6A78999F6A7999A16A7A99A26A7B9999
:10E51000A36A7C99A46A7D99A56A7E99A66A809966
:10E52000A76A8199A86A8299AA6A8399AD6A84992F
:10E53000AE6A8599AF6A8699B06A8799B16A8899F7
:10E54000B26A8999B36A8A99B46A8B99B56A8C99C7
:10E55000B66A8D99B76A8E99B86A8F99B96A909997
:10E56000BA6A9199BB6A9299BC6A9399BD6A949967
:10E57000BE6A9599BF6A9699C06A9799C16A989937
:10E58000C26A9999C36A9A99C46A9B99C56A9C9907
:10E59000C66A9D99C76A9E99C86A9F99C96AA099D7
:10E5A000CA6AA199CB6AA299CC6AA399CD6AA499A7
:10E5B000CE6AA599CF6AA699D06AA799D16AA89977
:10E5C000D26AA999D36AAA99D46AAB99D56AAC9947
:10E5D000D66AAD99D76AAE99D86AAF99D96AB09917
:10E5E000DA6AB199DB6AB299DC6AB399DD6AB499E7
:10E5F000DE6AB599DF6AB699E06AB799E16AB899B7
:10E60000E26AB999E36ABA99E46ABB99E56ABC9986
:10E61000E66ABD99E76ABE99E86ABF99E96AC09956
:10E62000EA6AC199EB6AC299EC6AC399ED6AC49926
:10E63000EE6AC599EF6AC699F06AC799F16AC899F6
:10E64000F26AC999F36ACA99F46ACB99F56ACC99C6
:10E65000F66ACD99F76ACE99F86ACF99F96AD09996
:10E66000FA6AD199FB6AD299FC6AD399FD6AD49966
:10E67000FE6AD599FF6AD699006BD799016BD89934
:10E68000026BD999036BDA99046BDB99056BDC9902
:10E69000066BDD99076BDE99086BDF99096BE099D2
:10E6A0000A6BE1990B6BE2990C6BE3990D6BE499A2
:10E6B0000E6BE5990F6BE699106BE799116BE89972
:10E6C000126BE999136BEA99146BEB99156BEC9942
:10E6D000166BED99176BEE99186BEF99196BF09912
:10E6E0001A6BF1991B6BF2991C6BF3991D6BF499E2
:10E6F0001E6BF5991F6BF699256BF799266BF899A8
:10E70000286BF999296BFA992A6BFB992B6BFC9969
:10E710002C6BFD992D6BFE992E6B409A2F6B419AB5
:10E72000306B429A316B439A336B449A346B459AFF
:10E73000356B469A366B479A386B489A3B6B499AC9
:10E740003C6B4A9A3D6B4B9A3F6B4C9A406B4D9A8F
:10E75000416B4E9A426B4F9A446B509A456B519A5B
:10E76000486B529A4A6B539A4B6B549A4D6B559A1D
:10E770004E6B569A4F6B579A506B589A516B599AE9
:10E78000526B5A9A536B5B9A546B5C9A556B5D9AB9
:10E79000566B5E9A576B5F9A586B609A5A6B619A88
:10E7A0005B6B629A5C6B639A5D6B649A5E6B659A55
:10E7B0005F6B669A606B679A616B689A686B699A1F
:10E7C000696B6A9A6B6B6B9A6C6B6C9A6D6B6D9ADA
:10E7D0006E6B6E9A6F6B6F9A706B709A716B719AA9
:10E7E000726B729A736B739A746B749A756B759A79
:10E7F000766B769A776B779A786B789A7A6B799A48
:10E800007D6B7A9A7E6B7B9A7F6B7C9A806B7D9A0C
:10E81000856B7E9A886B809A8C6B819A8E6B829ABC
:10E820008F6B839A906B849A916B859A946B869A7E
:10E83000956B879A976B889A986B899A996B8A9A45
:10E840009C6B8B9A9D6B8C9A9E6B8D9A9F6B8E9A0C
:10E85000A06B8F9AA26B909AA36B919AA46B929AD9
:10E86000A56B939AA66B949AA76B959AA86B969AA8
:10E87000A96B979AAB6B989AAC6B999AAD6B9A9A75
:10E88000AE6B9B9AAF6B9C9AB06B9D9AB16B9E9A44
:10E89000B26B9F9AB66BA09AB86BA19AB96BA29A09
:10E8A000BA6BA39ABB6BA49ABC6BA59ABD6BA69AD4
:10E8B000BE6BA79AC06BA89AC36BA99AC46BAA9A9D
:10E8C000C66BAB9AC76BAC9AC86BAD9AC96BAE9A64
:10E8D000CA6BAF9ACC6BB09ACE6BB19AD06BB29A2E
:10E8E000D16BB39AD86BB49ADA6BB59ADC6BB69AE3
:10E8F000DD6BB79ADE6BB89ADF6BB99AE06BBA9AA8
:10E90000E26BBB9AE36BBC9AE46BBD9AE56BBE9A73
:10E91000E66BBF9AE76BC09AE86BC19AE96BC29A43
:10E92000EC6BC39AED6BC49AEE6BC59AF06BC69A0A
:10E93000F16BC79AF26BC89AF46BC99AF66BCA9AD4
:10E94000F76BCB9AF86BCC9AFA6BCD9AFB6BCE9A9D
:10E95000FC6BCF9AFE6BD09AFF6BD19A006CD29A67
:10E96000016CD39A026CD49A036CD59A046CD69A33
:10E97000086CD79A096CD89A0A6CD99A0B6CDA9AF7
:10E980000C6CDB9A0E6CDC9A126CDD9A176CDE9ABA
:10E990001C6CDF9A1D6CE09A1E6CE19A206CE29A66
:10E9A000236CE39A256CE49A2B6CE59A2C6CE69A1E
:10E9B0002D6CE79A316CE89A336CE99A366CEA9AD6
:10E9C000376CEB9A396CEC9A3A6CED9A3B6CEE9A98
:10E9D0003C6CEF9A3E6CF09A3F6CF19A436CF29A61
:10E9E000446CF39A456CF49A486CF59A4B6CF69A21
:10E9F0004C6CF79A4D6CF89A4E6CF99A4F6CFA9AE7
:10EA0000516CFB9A526CFC9A536CFD9A566CFE9AB0
:10EA1000586C409B596C419B5A6C429B626C439B67
:10EA2000636C449B656C459B666C469B676C479B1F
:10EA30006B6C489B6C6C499B6D6C4A9B6E6C4B9BE2
:10EA40006F6C4C9B716C4D9B736C4E9B756C4F9BAC
:10EA5000776C509B786C519B7A6C529B7B6C539B70
:10EA60007C6C549B7F6C559B806C569B846C579B35
:10EA7000876C589B8A6C599B8B6C5A9B8D6C5B9BEB
:10EA80008E6C5C9B916C5D9B926C5E9B956C5F9BAE
:10EA9000966C609B976C619B986C629B9A6C639B75
:10EAA0009C6C649B9D6C659B9E6C669BA06C679B3D
:10EAB000A26C689BA86C699BAC6C6A9BAF6C6B9BEF
:10EAC000B06C6C9BB46C6D9BB56C6E9BB66C6F9BA5
:10EAD000B76C709BBA6C719BC06C729BC16C739B62
:10EAE000C26C749BC36C759BC66C769BC76C779B22
:10EAF000C86C789BCB6C799BCD6C7A9BCE6C7B9BE6
:10EB0000CF6C7C9BD16C7D9BD26C7E9BD86C809BA8
:10EB1000D96C819BDA6C829BDC6C839BDD6C849B63
:10EB2000DF6C859BE46C869BE66C879BE76C889B1F
:10EB3000E96C899BEC6C8A9BED6C8B9BF26C8C9BDB
:10EB4000F46C8D9BF96C8E9BFF6C8F9B006D909B82
:10EB5000026D919B036D929B056D939B066D949B3B
:10EB6000086D959B096D969B0A6D979B0D6D989B03
:10EB70000F6D999B106D9A9B116D9B9B136D9C9BC8
:10EB8000146D9D9B156D9E9B166D9F9B186DA09B94
:10EB90001C6DA19B1D6DA29B1F6DA39B206DA49B53
:10EBA000216DA59B226DA69B236DA79B246DA89B21
:10EBB000266DA99B286DAA9B296DAB9B2C6DAC9BE8
:10EBC0002D6DAD9B2F6DAE9B306DAF9B346DB09BAB
:10EBD000366DB19B376DB29B386DB39B3A6DB49B6C
:10EBE0003F6DB59B406DB69B426DB79B446DB89B26
:10EBF000496DB99B4C6DBA9B506DBB9B556DBC9BD1
:10EC0000566DBD9B576DBE9B586DBF9B5B6DC09B8A
:10EC10005D6DC19B5F6DC29B616DC39B626DC49B4B
:10EC2000646DC59B656DC69B676DC79B686DC89B12
:10EC30006B6DC99B6C6DCA9B6D6DCB9B706DCC9BD6
:10EC4000716DCD9B726DCE9B736DCF9B756DD09B9F
:10EC5000766DD19B796DD29B7A6DD39B7B6DD49B66
:10EC60007D6DD59B7E6DD69B7F6DD79B806DD89B30
:10EC7000816DD99B836DDA9B846DDB9B866DDC9BFC
:10EC8000876DDD9B8A6DDE9B8B6DDF9B8D6DE09BC1
:10EC90008F6DE19B906DE29B926DE39B966DE49B83
:10ECA000976DE59B986DE69B996DE79B9A6DE89B48
:10ECB0009C6DE99BA26DEA9BA56DEB9BAC6DEC9BFB
:10ECC000AD6DED9BB06DEE9BB16DEF9BB36DF09BA9
:10ECD000B46DF19BB66DF29BB76DF39BB96DF49B70
:10ECE000BA6DF59BBB6DF69BBC6DF79BBD6DF89B3C
:10ECF000BE6DF99BC16DFA9BC26DFB9BC36DFC9B06
:10ED0000C86DFD9BC96DFE9BCA6D409CCD6D419C3D
:10ED1000CE6D429CCF6D439CD06D449CD26D459C82
:10ED2000D36D469CD46D479CD56D489CD76D499C4E
:10ED3000DA6D4A9CDB6D4B9CDC6D4C9CDF6D4D9C11
:10ED4000E26D4E9CE36D4F9CE56D509CE76D519CD0
:10ED5000E86D529CE96D539CEA6D549CED6D559C99
:10ED6000EF6D569CF06D579CF26D589CF46D599C5C
:10ED7000F56D5A9CF66D5B9CF86D5C9CFA6D5D9C24
:10ED8000FD6D5E9CFE6D5F9CFF6D609C006E619CE6
:10ED9000016E629C026E639C036E649C046E659CB3
:10EDA000066E669C076E679C086E689C096E699C7F
:10EDB0000B6E6A9C0F6E6B9C126E6C9C136E6D9C3E
:10EDC000156E6E9C186E6F9C196E709C1B6E719CFC
:10EDD0001C6E729C1E6E739C1F6E749C226E759CC2
:10EDE000266E769C276E779C286E789C2A6E799C7E
:10EDF0002C6E7A9C2E6E7B9C306E7C9C316E7D9C42
:10EE0000336E7E9C356E809C366E819C376E829C04
:10EE1000396E839C3B6E849C3C6E859C3D6E869CCB
:10EE20003E6E879C3F6E889C406E899C416E8A9C9A
:10EE3000426E8B9C456E8C9C466E8D9C476E8E9C64
:10EE4000486E8F9C496E909C4A6E919C4B6E929C32
:10EE50004C6E939C4F6E949C506E959C516E969CFC
:10EE6000526E979C556E989C576E999C596E9A9CC1
:10EE70005A6E9B9C5C6E9C9C5D6E9D9C5E6E9E9C87
:10EE8000606E9F9C616EA09C626EA19C636EA29C52
:10EE9000646EA39C656EA49C666EA59C676EA69C22
:10EEA000686EA79C696EA89C6A6EA99C6C6EAA9CF1
:10EEB0006D6EAB9C6F6EAC9C706EAD9C716EAE9CBB
:10EEC000726EAF9C736EB09C746EB19C756EB29C8A
:10EED000766EB39C776EB49C786EB59C796EB69C5A
:10EEE0007A6EB79C7B6EB89C7C6EB99C7D6EBA9C2A
:10EEF000806EBB9C816EBC9C826EBD9C846EBE9CF1
:10EF0000876EBF9C886EC09C8A6EC19C8B6EC29CB3
:10EF10008C6EC39C8D6EC49C8E6EC59C916EC69C7F
:10EF2000926EC79C936EC89C946EC99C956ECA9C49
:10EF3000966ECB9C976ECC9C996ECD9C9A6ECE9C17
:10EF40009B6ECF9C9D6ED09C9E6ED19CA06ED29CE1
:10EF5000A16ED39CA36ED49CA46ED59CA66ED69CA9
:10EF6000A86ED79CA96ED89CAB6ED99CAC6EDA9C6F
:10EF7000AD6EDB9CAE6EDC9CB06EDD9CB36EDE9C39
:10EF8000B56EDF9CB86EE09CB96EE19CBC6EE29CF5
:10EF9000BE6EE39CBF6EE49CC06EE59CC36EE69CB7
:10EFA000C46EE79CC56EE89CC66EE99CC86EEA9C80
:10EFB000C96EEB9CCA6EEC9CCC6EED9CCD6EEE9C4B
:10EFC000CE6EEF9CD06EF09CD26EF19CD66EF29C11
:10EFD000D86EF39CD96EF49CDB6EF59CDC6EF69CCF
:10EFE000DD6EF79CE36EF89CE76EF99CEA6EFA9C86
:10EFF000EB6EFB9CEC6EFC9CED6EFD9CEE6EFE9C45
:10F00000EF6E409DF06E419DF16E429DF26E439D0C
:10F01000F36E449DF56E459DF66E469DF76E479DD9
:10F02000F86E489DFA6E499DFB6E4A9DFC6E4B9DA5
:10F03000FD6E4C9DFE6E4D9DFF6E4E9D006F4F9D73
:10F04000016F509D036F519D046F529D056F539D3D
:10F05000076F549D086F559D0A6F569D0B6F579D06
:10F060000C6F589D0D6F599D0E6F5A9D106F5B9DD3
:10F07000116F5C9D126F5D9D166F5E9D176F5F9D9A
:10F08000186F609D196F619D1A6F629D1B6F639D64
:10F090001C6F649D1D6F659D1E6F669D1F6F679D34
:10F0A000216F689D226F699D236F6A9D256F6B9DFF
:10F0B000266F6C9D276F6D9D286F6E9D2C6F6F9DC9
:10F0C0002E6F709D306F719D326F729D346F739D86
:10F0D000356F749D376F759D386F769D396F779D4D
:10F0E0003A6F789D3B6F799D3C6F7A9D3D6F7B9D1C
:10F0F0003F6F7C9D406F7D9D416F7E9D426F809DE7
:10F10000436F819D446F829D456F839D486F849DB1
:10F11000496F859D4A6F869D4C6F879D4E6F889D78
:10F120004F6F899D506F8A9D516F8B9D526F8C9D43
:10F13000536F8D9D546F8E9D556F8F9D566F909D13
:10F14000576F919D596F929D5A6F939D5B6F949DE0
:10F150005D6F959D5F6F969D606F979D616F989DA8
:10F16000636F999D646F9A9D656F9B9D676F9C9D72
:10F17000686F9D9D696F9E9D6A6F9F9D6B6FA09D3F
:10F180006C6FA19D6F6FA29D706FA39D716FA49D09
:10F19000736FA59D756FA69D766FA79D776FA89DD0
:10F1A000796FA99D7B6FAA9D7D6FAB9D7E6FAC9D96
:10F1B0007F6FAD9D806FAE9D816FAF9D826FB09D63
:10F1C000836FB19D856FB29D866FB39D876FB49D30
:10F1D0008A6FB59D8B6FB69D8F6FB79D906FB89DF1
:10F1E000916FB99D926FBA9D936FBB9D946FBC9DBB
:10F1F000956FBD9D966FBE9D976FBF9D986FC09D8B
:10F20000996FC19D9A6FC29D9B6FC39D9D6FC49D59
:10F210009E6FC59D9F6FC69DA06FC79DA26FC89D25
:10F22000A36FC99DA46FCA9DA56FCB9DA66FCC9DF2
:10F23000A86FCD9DA96FCE9DAA6FCF9DAB6FD09DBE
:10F24000AC6FD19DAD6FD29DAE6FD39DAF6FD49D8E
:10F25000B06FD59DB16FD69DB26FD79DB46FD89D5D
:10F26000B56FD99DB76FDA9DB86FDB9DBA6FDC9D26
:10F27000BB6FDD9DBC6FDE9DBD6FDF9DBE6FE09DF2
:10F28000BF6FE19DC16FE29DC36FE39DC46FE49DBD
:10F29000C56FE59DC66FE69DC76FE79DC86FE89D8A
:10F2A000CA6FE99DCB6FEA9DCC6FEB9DCD6FEC9D56
:10F2B000CE6FED9DCF6FEE9DD06FEF9DD36FF09D24
:10F2C000D46FF19DD56FF29DD66FF39DD76FF49DEE
:10F2D000D86FF59DD96FF69DDA6FF79DDB6FF89DBE
:10F2E000DC6FF99DDD6FFA9DDF6FFB9DE26FFC9D8A
:10F2F000E36FFD9DE46FFE9DE56F409EE66F419ECE
:10F30000E76F429EE86F439EE96F449EEA6F459E19
:10F31000EB6F469EEC6F479EED6F489EF06F499EE7
:10F32000F16F4A9EF26F4B9EF36F4C9EF46F4D9EB1
:10F33000F56F4E9EF66F4F9EF76F509EF86F519E81
:10F34000F96F529EFA6F539EFB6F549EFC6F559E51
:10F35000FD6F569EFE6F579EFF6F589E0070599E20
:10F3600001705A9E02705B9E03705C9E04705D9EED
:10F3700005705E9E06705F9E0770609E0870619EBD
:10F380000970629E0A70639E0B70649E0C70659E8D
:10F390000D70669E0E70679E0F70689E1070699E5D
:10F3A00012706A9E13706B9E14706C9E15706D9E29
:10F3B00016706E9E17706F9E1870709E1970719EF9
:10F3C0001C70729E1D70739E1E70749E1F70759EC1
:10F3D0002070769E2170779E2270789E2470799E90
:10F3E00025707A9E26707B9E27707C9E28707D9E5D
:10F3F00029707E9E2A70809E2B70819E2C70829E2A
:10F400002D70839E2E70849E2F70859E3070869EF8
:10F410003170879E3270889E3370899E34708A9EC8
:10F4200036708B9E37708C9E38708D9E3A708E9E93
:10F430003B708F9E3C70909E3D70919E3E70929E60
:10F440003F70939E4070949E4170959E4270969E30
:10F450004370979E4470989E4570999E46709A9E00
:10F4600047709B9E48709C9E49709D9E4A709E9ED0
:10F470004B709F9E4D70A09E4E70A19E5070A29E9C
:10F480005170A39E5270A49E5370A59E5470A69E68
:10F490005570A79E5670A89E5770A99E5870AA9E38
:10F4A0005970AB9E5A70AC9E5B70AD9E5C70AE9E08
:10F4B0005D70AF9E5F70B09E6070B19E6170B29ED5
:10F4C0006270B39E6370B49E6470B59E6570B69EA4
:10F4D0006670B79E6770B89E6870B99E6970BA9E74
:10F4E0006A70BB9E6E70BC9E7170BD9E7270BE9E37
:10F4F0007370BF9E7470C09E7770C19E7970C29EFB
:10F500007A70C39E7B70C49E7D70C59E8170C69EBE
:10F510008270C79E8370C89E8470C99E8670CA9E82
:10F520008770CB9E8870CC9E8B70CD9E8C70CE9E4B
:10F530008D70CF9E8F70D09E9070D19E9170D29E14
:10F540009370D39E9770D49E9870D59E9A70D69ED5
:10F550009B70D79E9E70D89E9F70D99EA070DA9E99
:10F56000A170DB9EA270DC9EA370DD9EA470DE9E67
:10F57000A570DF9EA670E09EA770E19EA870E29E37
:10F58000A970E39EAA70E49EB070E59EB270E69EFC
:10F59000B470E79EB570E89EB670E99EBA70EA9EB8
:10F5A000BE70EB9EBF70EC9EC470ED9EC570EE9E6B
:10F5B000C670EF9EC770F09EC970F19ECB70F29E30
:10F5C000CC70F39ECD70F49ECE70F59ECF70F69EFB
:10F5D000D070F79ED170F89ED270F99ED370FA9ECB
:10F5E000D470FB9ED570FC9ED670FD9ED770FE9E9B
:10F5F000DA70409FDC70419FDD70429FDE70439F58
:10F60000E070449FE170459FE270469FE370479F22
:10F61000E570489FEA70499FEE704A9FF0704B9FDB
:10F62000F1704C9FF2704D9FF3704E9FF4704F9F9E
:10F63000F570509FF670519FF870529FFA70539F6B
:10F64000FB70549FFC70559FFE70569FFF70579F34
:10F650000071589F0171599F02715A9F03715B9FFE
:10F6600004715C9F05715D9F06715E9F07715F9FCE
:10F670000871609F0B71619F0C71629F0D71639F98
:10F680000E71649F0F71659F1171669F1271679F64
:10F690001471689F1771699F1B716A9F1C716B9F22
:10F6A0001D716C9F1E716D9F1F716E9F20716F9FEA
:10F6B0002171709F2271719F2371729F2471739FBA
:10F6C0002571749F2771759F2871769F2971779F87
:10F6D0002A71789F2B71799F2C717A9F2D717B9F56
:10F6E0002E717C9F32717D9F33717E9F3471809F1C
:10F6F0003571819F3771829F3871839F3971849FE3
:10F700003A71859F3B71869F3C71879F3D71889FB1
:10F710003E71899F3F718A9F40718B9F41718C9F81
:10F7200042718D9F43718E9F44718F9F4671909F50
:10F730004771919F4871929F4971939F4B71949F1C
:10F740004D71959F4F71969F5071979F5171989FE2
:10F750005271999F53719A9F54719B9F55719C9FB1
:10F7600056719D9F57719E9F58719F9F5971A09F81
:10F770005A71A19F5B71A29F5D71A39F5F71A49F4E
:10F780006071A59F6171A69F6271A79F6371A89F19
:10F790006571A99F6971AA9F6A71AB9F6B71AC9FDC
:10F7A0006C71AD9F6D71AE9F6F71AF9F7071B09FA7
:10F7B0007171B19F7471B29F7571B39F7671B49F6F
:10F7C0007771B59F7971B69F7B71B79F7C71B89F38
:10F7D0007E71B99F7F71BA9F8071BB9F8171BC9F01
:10F7E0008271BD9F8371BE9F8571BF9F8671C09FCF
:10F7F0008771C19F8871C29F8971C39F8B71C49F9C
:10F800008C71C59F8D71C69F8E71C79F9071C89F67
:10F810009171C99F9271CA9F9371CB9F9571CC9F33
:10F820009671CD9F9771CE9F9A71CF9F9B71D09FFC
:10F830009C71D19F9D71D29F9E71D39FA171D49FC6
:10F84000A271D59FA371D69FA471D79FA571D89F90
:10F85000A671D99FA771DA9FA971DB9FAA71DC9F5E
:10F86000AB71DD9FAD71DE9FAE71DF9FAF71E09F29
:10F87000B071E19FB171E29FB271E39FB471E49FF7
:10F88000B671E59FB771E69FB871E79FBA71E89FBF
:10F89000BB71E99FBC71EA9FBD71EB9FBE71EC9F8C
:10F8A000BF71ED9FC071EE9FC171EF9FC271F09F5C
:10F8B000C471F19FC571F29FC671F39FC771F49F28
:10F8C000C871F59FC971F69FCA71F79FCB71F89FF8
:10F8D000CC71F99FCD71FA9FCF71FB9FD071FC9FC6
:10F8E000D171FD9FD271FE9FD37140A0D67141A00E
:10F8F000D77142A0D87143A0D97144A0DA7145A054
:10F90000DB7146A0DC7147A0DD7148A0DE7149A023
:10F91000DF714AA0E1714BA0E2714CA0E3714DA0F0
:10F92000E4714EA0E6714FA0E87150A0E97151A0BA
:10F93000EA7152A0EB7153A0EC7154A0ED7155A087
:10F94000EF7156A0F07157A0F17158A0F27159A053
:10F95000F3715AA0F4715BA0F5715CA0F6715DA023
:10F96000F7715EA0F8715FA0FA7160A0FB7161A0F1
:10F97000FC7162A0FD7163A0FE7164A0FF7165A0BF
:10F98000007266A0017267A0027268A0037269A08B
:10F9900004726AA005726BA007726CA008726DA059
:10F9A00009726EA00A726FA00B7270A00C7271A027
:10F9B0000D7272A00E7273A00F7274A0107275A0F7
:10F9C000117276A0127277A0137278A0147279A0C7
:10F9D00015727AA016727BA017727CA018727DA097
:10F9E00019727EA01A7280A01B7281A01C7282A064
:10F9F0001E7283A01F7284A0207285A0217286A02F
:10FA0000227287A0237288A0247289A025728AA0FE
:10FA100026728BA027728CA029728DA02B728EA0CB
:10FA20002D728FA02E7290A02F7291A0327292A090
:10FA3000337293A0347294A03A7295A03C7296A04F
:10FA40003E7297A0407298A0417299A042729AA00B
:10FA500043729BA044729CA045729DA046729EA0DA
:10FA600049729FA04A72A0A04B72A1A04E72A2A0A0
:10FA70004F72A3A05072A4A05172A5A05372A6A069
:10FA80005472A7A05572A8A05772A9A05872AAA034
:10FA90005A72ABA05C72ACA05E72ADA06072AEA0F8
:10FAA0006372AFA06472B0A06572B1A06872B2A0B8
:10FAB0006A72B3A06B72B4A06C72B5A06D72B6A07E
:10FAC0007072B7A07172B8A07372B9A07472BAA044
:10FAD0007672BBA07772BCA07872BDA07B72BEA00C
:10FAE0007C72BFA07D72C0A08272C1A08372C2A0CE
:10FAF0008572C3A08672C4A08772C5A08872C6A092
:10FB00008972C7A08C72C8A08E72C9A09072CAA058
:10FB10009172CBA09372CCA09472CDA09572CEA01E
:10FB20009672CFA09772D0A09872D1A09972D2A0ED
:10FB30009A72D3A09B72D4A09C72D5A09D72D6A0BD
:10FB40009E72D7A0A072D8A0A172D9A0A272DAA08A
:10FB5000A372DBA0A472DCA0A572DDA0A672DEA059
:10FB6000A772DFA0A872E0A0A972E1A0AA72E2A029
:10FB7000AB72E3A0AE72E4A0B172E5A0B272E6A0EF
:10FB8000B372E7A0B572E8A0BA72E9A0BB72EAA0AE
:10FB9000BC72EBA0BD72ECA0BE72EDA0BF72EEA075
:10FBA000C072EFA0C572F0A0C672F1A0C772F2A039
:10FBB000C972F3A0CA72F4A0CB72F5A0CC72F6A001
:10FBC000CF72F7A0D172F8A0D372F9A0D472FAA0C4
:10FBD000D572FBA0D672FCA0D872FDA0DA72FEA08E
:10FBE000DB72A1A10030A2A10130A3A10230A4A127
:10FBF000B700A5A1C902A6A1C702A7A1A800A8A1F4
:10FC00000330A9A10530AAA11420ABA15EFFACA1CD
:10FC10001620ADA12620AEA11820AFA11920B0A1B9
:10FC20001C20B1A11D20B2A11430B3A11530B4A184
:10FC30000830B5A10930B6A10A30B7A10B30B8A180
:10FC40000C30B9A10D30BAA10E30BBA10F30BCA150
:10FC50001630BDA11730BEA11030BFA11130C0A118
:10FC6000B100C1A1D700C2A1F700C3A13622C4A12F
:10FC70002722C5A12822C6A11122C7A10F22C8A1EF
:10FC80002A22C9A12922CAA10822CBA13722CCA1AC
:10FC90001A22CDA1A522CEA12522CFA12022D0A11A
:10FCA0001223D1A19922D2A12B22D3A12E22D4A1F9
:10FCB0006122D5A14C22D6A14822D7A13D22D8A1AC
:10FCC0001D22D9A16022DAA16E22DBA16F22DCA164
:10FCD0006422DDA16522DEA11E22DFA13522E0A182
:10FCE0003422E1A14226E2A14026E3A1B000E4A132
:10FCF0003220E5A13320E6A10321E7A104FFE8A11A
:10FD0000A400E9A1E0FFEAA1E1FFEBA13020ECA112
:10FD1000A700EDA11621EEA10626EFA10526F0A170
:10FD2000CB25F1A1CF25F2A1CE25F3A1C725F4A1C2
:10FD3000C625F5A1A125F6A1A025F7A1B325F8A117
:10FD4000B225F9A13B20FAA19221FBA19021FCA1AF
:10FD50009121FDA19321FEA11330A1A27021A2A2A5
:10FD60007121A3A27221A4A27321A5A27421A6A22B
:10FD70007521A7A27621A8A27721A9A27821AAA2FB
:10FD80007921B1A28824B2A28924B3A28A24B4A280
:10FD90008B24B5A28C24B6A28D24B7A28E24B8A23F
:10FDA0008F24B9A29024BAA29124BBA29224BCA20F
:10FDB0009324BDA29424BEA29524BFA29624C0A2DF
:10FDC0009724C1A29824C2A29924C3A29A24C4A2AF
:10FDD0009B24C5A27424C6A27524C7A27624C8A2F7
:10FDE0007724C9A27824CAA27924CBA27A24CCA2EF
:10FDF0007B24CDA27C24CEA27D24CFA27E24D0A2BF
:10FE00007F24D1A28024D2A28124D3A28224D4A28E
:10FE10008324D5A28424D6A28524D7A28624D8A25E
:10FE20008724D9A26024DAA26124DBA26224DCA2A6
:10FE30006324DDA26424DEA26524DFA26624E0A29E
:10FE40006724E1A26824E2A26924E5A22032E6A2A6
:10FE50002132E7A22232E8A22332E9A22432EAA226
:10FE60002532EBA22632ECA22732EDA22832EEA2F6
:10FE70002932F1A26021F2A26121F3A26221F4A24F
:10FE80006321F5A26421F6A26521F7A26621F8A2FA
:10FE90006721F9A26821FAA26921FBA26A21FCA2CA
:10FEA0006B21A1A301FFA2A302FFA3A303FFA4A3AD
:10FEB000E5FFA5A305FFA6A306FFA7A307FFA8A329
:10FEC00008FFA9A309FFAAA30AFFABA30BFFACA3DA
:10FED0000CFFADA30DFFAEA30EFFAFA30FFFB0A3AA
:10FEE00010FFB1A311FFB2A312FFB3A313FFB4A37A
:10FEF00014FFB5A315FFB6A316FFB7A317FFB8A34A
:10FF000018FFB9A319FFBAA31AFFBBA31BFFBCA319
:10FF10001CFFBDA31DFFBEA31EFFBFA31FFFC0A3E9
:10FF200020FFC1A321FFC2A322FFC3A323FFC4A3B9
:10FF300024FFC5A325FFC6A326FFC7A327FFC8A389
:10FF400028FFC9A329FFCAA32AFFCBA32BFFCCA359
:10FF50002CFFCDA32DFFCEA32EFFCFA32FFFD0A329
:10FF600030FFD1A331FFD2A332FFD3A333FFD4A3F9
:10FF700034FFD5A335FFD6A336FFD7A337FFD8A3C9
:10FF800038FFD9A339FFDAA33AFFDBA33BFFDCA399
:10FF90003CFFDDA33DFFDEA33EFFDFA33FFFE0A369
:10FFA00040FFE1A341FFE2A342FFE3A343FFE4A339
:10FFB00044FFE5A345FFE6A346FFE7A347FFE8A309
:10FFC00048FFE9A349FFEAA34AFFEBA34BFFECA3D9
:10FFD0004CFFEDA34DFFEEA34EFFEFA34FFFF0A3A9
:10FFE00050FFF1A351FFF2A352FFF3A353FFF4A379
:10FFF00054FFF5A355FFF6A356FFF7A357FFF8A349
:020000040802F0
:1000000058FFF9A359FFFAA35AFFFBA35BFFFCA318
:100010005CFFFDA35DFFFEA3E3FFA1A44130A2A40A
:100020004230A3A44330A4A44430A5A44530A6A4E0
:100030004630A7A44730A8A44830A9A44930AAA4B0
:100040004A30ABA44B30ACA44C30ADA44D30AEA480
:100050004E30AFA44F30B0A45030B1A45130B2A450
:100060005230B3A45330B4A45430B5A45530B6A420
:100070005630B7A45730B8A45830B9A45930BAA4F0
:100080005A30BBA45B30BCA45C30BDA45D30BEA4C0
:100090005E30BFA45F30C0A46030C1A46130C2A490
:1000A0006230C3A46330C4A46430C5A46530C6A460
:1000B0006630C7A46730C8A46830C9A46930CAA430
:1000C0006A30CBA46B30CCA46C30CDA46D30CEA400
:1000D0006E30CFA46F30D0A47030D1A47130D2A4D0
:1000E0007230D3A47330D4A47430D5A47530D6A4A0
:1000F0007630D7A47730D8A47830D9A47930DAA470
:100100007A30DBA47B30DCA47C30DDA47D30DEA43F
:100110007E30DFA47F30E0A48030E1A48130E2A40F
:100120008230E3A48330E4A48430E5A48530E6A4DF
:100130008630E7A48730E8A48830E9A48930EAA4AF
:100140008A30EBA48B30ECA48C30EDA48D30EEA47F
:100150008E30EFA48F30F0A49030F1A49130F2A44F
:100160009230F3A49330A1A5A130A2A5A230A3A5FB
:10017000A330A4A5A430A5A5A530A6A5A630A7A503
:10018000A730A8A5A830A9A5A930AAA5AA30ABA5D3
:10019000AB30ACA5AC30ADA5AD30AEA5AE30AFA5A3
:1001A000AF30B0A5B030B1A5B130B2A5B230B3A573
:1001B000B330B4A5B430B5A5B530B6A5B630B7A543
:1001C000B730B8A5B830B9A5B930BAA5BA30BBA513
:1001D000BB30BCA5BC30BDA5BD30BEA5BE30BFA5E3
:1001E000BF30C0A5C030C1A5C130C2A5C230C3A5B3
:1001F000C330C4A5C430C5A5C530C6A5C630C7A583
:10020000C730C8A5C830C9A5C930CAA5CA30CBA552
:10021000CB30CCA5CC30CDA5CD30CEA5CE30CFA522
:10022000CF30D0A5D030D1A5D130D2A5D230D3A5F2
:10023000D330D4A5D430D5A5D530D6A5D630D7A5C2
:10024000D730D8A5D830D9A5D930DAA5DA30DBA592
:10025000DB30DCA5DC30DDA5DD30DEA5DE30DFA562
:10026000DF30E0A5E030E1A5E130E2A5E230E3A532
:10027000E330E4A5E430E5A5E530E6A5E630E7A502
:10028000E730E8A5E830E9A5E930EAA5EA30EBA5D2
:10029000EB30ECA5EC30EDA5ED30EEA5EE30EFA5A2
:1002A000EF30F0A5F030F1A5F130F2A5F230F3A572
:1002B000F330F4A5F430F5A5F530F6A5F630A1A697
:1002C0009103A2A69203A3A69303A4A69403A5A6B2
:1002D0009503A6A69603A7A69703A8A69803A9A682
:1002E0009903AAA69A03ABA69B03ACA69C03ADA652
:1002F0009D03AEA69E03AFA69F03B0A6A003B1A622
:10030000A103B2A6A303B3A6A403B4A6A503B5A6EE
:10031000A603B6A6A703B7A6A803B8A6A903C1A6B5
:10032000B103C2A6B203C3A6B303C4A6B403C5A651
:10033000B503C6A6B603C7A6B703C8A6B803C9A621
:10034000B903CAA6BA03CBA6BB03CCA6BC03CDA6F1
:10035000BD03CEA6BE03CFA6BF03D0A6C003D1A6C1
:10036000C103D2A6C303D3A6C403D4A6C503D5A68E
:10037000C603D6A6C703D7A6C803D8A6C903E0A656
:1003800035FEE1A636FEE2A639FEE3A63AFEE4A675
:100390003FFEE5A640FEE6A63DFEE7A63EFEE8A639
:1003A00041FEE9A642FEEAA643FEEBA644FEEEA607
:1003B0003BFEEFA63CFEF0A637FEF1A638FEF2A605
:1003C00031FEF4A633FEF5A634FEA1A71004A2A7C1
:1003D0001104A3A71204A4A71304A5A71404A6A795
:1003E0001504A7A70104A8A71604A9A71704AAA77C
:1003F0001804ABA71904ACA71A04ADA71B04AEA739
:100400001C04AFA71D04B0A71E04B1A71F04B2A708
:100410002004B3A72104B4A72204B5A72304B6A7D8
:100420002404B7A72504B8A72604B9A72704BAA7A8
:100430002804BBA72904BCA72A04BDA72B04BEA778
:100440002C04BFA72D04C0A72E04C1A72F04D1A739
:100450003004D2A73104D3A73204D4A73304D5A7DC
:100460003404D6A73504D7A75104D8A73604D9A792
:100470003704DAA73804DBA73904DCA73A04DDA780
:100480003B04DEA73C04DFA73D04E0A73E04E1A750
:100490003F04E2A74004E3A74104E4A74204E5A720
:1004A0004304E6A74404E7A74504E8A74604E9A7F0
:1004B0004704EAA74804EBA74904ECA74A04EDA7C0
:1004C0004B04EEA74C04EFA74D04F0A74E04F1A790
:1004D0004F0440A8CA0241A8CB0242A8D90243A8AF
:1004E000132044A8152045A8252046A8352047A854
:1004F000052148A8092149A896214AA897214BA877
:1005000098214CA899214DA815224EA81F224FA82A
:10051000232250A8522251A8662252A8672253A82B
:10052000BF2254A8502555A8512556A8522557A892
:10053000532558A8542559A855255AA856255BA8CF
:1005400057255CA858255DA859255EA85A255FA89F
:100550005B2560A85C2561A85D2562A85E2563A86F
:100560005F2564A8602565A8612566A8622567A83F
:10057000632568A8642569A865256AA866256BA80F
:1005800067256CA868256DA869256EA86A256FA8DF
:100590006B2570A86C2571A86D2572A86E2573A8AF
:1005A0006F2574A8702575A8712576A8722577A87F
:1005B000732578A8812579A882257AA883257BA828
:1005C00084257CA885257DA886257EA8872580A8EA
:1005D000882581A8892582A88A2583A88B2584A8B7
:1005E0008C2585A88D2586A88E2587A88F2588A887
:1005F000932589A894258AA895258BA8BC258CA825
:10060000BD258DA8E2258EA8E3258FA8E42590A816
:10061000E52591A8092692A8952293A8123094A8BE
:100620001D3095A81E30A1A80101A2A8E100A3A831
:10063000CE01A4A8E000A5A81301A6A8E900A7A8D8
:100640001B01A8A8E800A9A82B01AAA8ED00ABA847
:10065000D001ACA8EC00ADA84D01AEA8F300AFA846
:10066000D201B0A8F200B1A86B01B2A8FA00B3A8F9
:10067000D401B4A8F900B5A8D601B6A8D801B7A886
:10068000DA01B8A8DC01B9A8FC00BAA8EA00BBA846
:100690005102BDA84401BEA84801C0A86102C5A876
:1006A0000531C6A80631C7A80731C8A80831C9A8AE
:1006B0000931CAA80A31CBA80B31CCA80C31CDA87E
:1006C0000D31CEA80E31CFA80F31D0A81031D1A84E
:1006D0001131D2A81231D3A81331D4A81431D5A81E
:1006E0001531D6A81631D7A81731D8A81831D9A8EE
:1006F0001931DAA81A31DBA81B31DCA81C31DDA8BE
:100700001D31DEA81E31DFA81F31E0A82031E1A88D
:100710002131E2A82231E3A82331E4A82431E5A85D
:100720002531E6A82631E7A82731E8A82831E9A82D
:10073000293140A9213041A9223042A9233043A9BF
:10074000243044A9253045A9263046A9273047A999
:10075000283048A9293049A9A3324AA98E334BA988
:100760008F334CA99C334DA99D334EA99E334FA97D
:10077000A13350A9C43351A9CE3352A9D13353A9BF
:10078000D23354A9D53355A930FE56A9E2FF57A953
:10079000E4FF59A921215AA931325CA9102060A98E
:1007A000FC3061A99B3062A99C3063A9FD3064A92B
:1007B000FE3065A9063066A99D3067A99E3068A9FC
:1007C00049FE69A94AFE6AA94BFE6BA94CFE6CA9B9
:1007D0004DFE6DA94EFE6EA94FFE6FA950FE70A989
:1007E00051FE71A952FE72A954FE73A955FE74A957
:1007F00056FE75A957FE76A959FE77A95AFE78A923
:100800005BFE79A95CFE7AA95DFE7BA95EFE7CA9F0
:100810005FFE7DA960FE7EA961FE80A962FE81A9BE
:1008200063FE82A964FE83A965FE84A966FE85A98C
:1008300068FE86A969FE87A96AFE88A96BFE96A94B
:100840000730A4A90025A5A90125A6A90225A7A9C5
:100850000325A8A90425A9A90525AAA90625ABA9A8
:100860000725ACA90825ADA90925AEA90A25AFA978
:100870000B25B0A90C25B1A90D25B2A90E25B3A948
:100880000F25B4A91025B5A91125B6A91225B7A918
:100890001325B8A91425B9A91525BAA91625BBA9E8
:1008A0001725BCA91825BDA91925BEA91A25BFA9B8
:1008B0001B25C0A91C25C1A91D25C2A91E25C3A988
:1008C0001F25C4A92025C5A92125C6A92225C7A958
:1008D0002325C8A92425C9A92525CAA92625CBA928
:1008E0002725CCA92825CDA92925CEA92A25CFA9F8
:1008F0002B25D0A92C25D1A92D25D2A92E25D3A9C8
:100900002F25D4A93025D5A93125D6A93225D7A997
:100910003325D8A93425D9A93525DAA93625DBA967
:100920003725DCA93825DDA93925DEA93A25DFA937
:100930003B25E0A93C25E1A93D25E2A93E25E3A907
:100940003F25E4A94025E5A94125E6A94225E7A9D7
:100950004325E8A94425E9A94525EAA94625EBA9A7
:100960004725ECA94825EDA94925EEA94A25EFA977
:100970004B2540AADC7241AADD7242AADF7243AA6B
:10098000E27244AAE37245AAE47246AAE57247AA53
:10099000E67248AAE77249AAEA724AAAEB724BAA1F
:1009A000F5724CAAF6724DAAF9724EAAFD724FAAC0
:1009B000FE7250AAFF7251AA007352AA027353AA80
:1009C000047354AA057355AA067356AA077357AA47
:1009D000087358AA097359AA0B735AAA0C735BAA15
:1009E0000D735CAA0F735DAA10735EAA11735FAAE0
:1009F000127360AA147361AA187362AA197363AAA6
:100A00001A7364AA1F7365AA207366AA237367AA60
:100A1000247368AA267369AA27736AAA28736BAA23
:100A20002D736CAA2F736DAA30736EAA32736FAADE
:100A3000337370AA357371AA367372AA3A7373AAA4
:100A40003B7374AA3C7375AA3D7376AA407377AA68
:100A5000417378AA427379AA43737AAA44737BAA32
:100A600045737CAA46737DAA47737EAA487380AA01
:100A7000497381AA4A7382AA4B7383AA4C7384AACE
:100A80004E7385AA4F7386AA517387AA537388AA97
:100A9000547389AA55738AAA56738BAA58738CAA61
:100AA00059738DAA5A738EAA5B738FAA5C7390AA2E
:100AB0005D7391AA5E7392AA5F7393AA617394AAFD
:100AC000627395AA637396AA647397AA657398AACA
:100AD000667399AA67739AAA68739BAA69739CAA9A
:100AE0006A739DAA6B739EAA6E739FAA7073A0AA65
:100AF000717340AB727341AB737342AB747343ABAE
:100B0000757344AB767345AB777346AB787347AB7D
:100B1000797348AB7A7349AB7B734AAB7C734BAB4D
:100B20007D734CAB7F734DAB80734EAB81734FAB1A
:100B3000827350AB837351AB857352AB867353ABE7
:100B4000887354AB8A7355AB8C7356AB8D7357ABAC
:100B50008F7358AB907359AB92735AAB93735BAB73
:100B600094735CAB95735DAB97735EAB98735FAB3F
:100B7000997360AB9A7361AB9C7362AB9D7363AB0B
:100B80009E7364ABA07365ABA17366ABA37367ABD5
:100B9000A47368ABA57369ABA6736AABA7736BABA1
:100BA000A8736CABAA736DABAC736EABAD736FAB6C
:100BB000B17370ABB47371ABB57372ABB67373AB27
:100BC000B87374ABB97375ABBC7376ABBD7377ABED
:100BD000BE7378ABBF7379ABC1737AABC3737BABB6
:100BE000C4737CABC5737DABC6737EABC77380AB80
:100BF000CB7381ABCC7382ABCE7383ABD27384AB3C
:100C0000D37385ABD47386ABD57387ABD67388AB00
:100C1000D77389ABD8738AABDA738BABDB738CABCE
:100C2000DC738DABDD738EABDF738FABE17390AB99
:100C3000E27391ABE37392ABE47393ABE67394AB63
:100C4000E87395ABEA7396ABEB7397ABEC7398AB29
:100C5000EE7399ABEF739AABF0739BABF1739CABF4
:100C6000F3739DABF4739EABF5739FABF673A0ABC0
:100C7000F77340ACF87341ACF97342ACFA7343AC10
:100C8000FB7344ACFC7345ACFD7346ACFE7347ACE0
:100C9000FF7348AC007449AC01744AAC02744BACAD
:100CA00004744CAC07744DAC08744EAC0B744FAC70
:100CB0000C7450AC0D7451AC0E7452AC117453AC36
:100CC000127454AC137455AC147456AC157457AC00
:100CD000167458AC177459AC18745AAC19745BACD0
:100CE0001C745CAC1D745DAC1E745EAC1F745FAC98
:100CF000207460AC217461AC237462AC247463AC66
:100D0000277464AC297465AC2B7466AC2D7467AC25
:100D10002F7468AC317469AC32746AAC37746BACE4
:100D200038746CAC39746DAC3A746EAC3B746FACA7
:100D30003D7470AC3E7471AC3F7472AC407473AC73
:100D4000427474AC437475AC447476AC457477AC3F
:100D5000467478AC477479AC48747AAC49747BAC0F
:100D60004A747CAC4B747DAC4C747EAC4D7480ACDE
:100D70004E7481AC4F7482AC507483AC517484ACAB
:100D8000527485AC537486AC547487AC567488AC7A
:100D9000587489AC5D748AAC60748BAC61748CAC33
:100DA00062748DAC63748EAC64748FAC657490ACFB
:100DB000667491AC677492AC687493AC697494ACCB
:100DC0006A7495AC6B7496AC6C7497AC6E7498AC9A
:100DD0006F7499AC71749AAC72749BAC73749CAC64
:100DE00074749DAC75749EAC78749FAC7974A0AC2F
:100DF0007A7440AD7B7441AD7C7442AD7D7443AD7B
:100E00007F7444AD827445AD847446AD857447AD3E
:100E1000867448AD887449AD89744AAD8A744BAD07
:100E20008C744CAD8D744DAD8F744EAD91744FADCF
:100E3000927450AD937451AD947452AD957453AD9A
:100E4000967454AD977455AD987456AD997457AD6A
:100E50009A7458AD9B7459AD9D745AAD9F745BAD37
:100E6000A0745CADA1745DADA2745EADA3745FAD02
:100E7000A47460ADA57461ADA67462ADAA7463ADCF
:100E8000AB7464ADAC7465ADAD7466ADAE7467AD96
:100E9000AF7468ADB07469ADB1746AADB2746BAD66
:100EA000B3746CADB4746DADB5746EADB6746FAD36
:100EB000B77470ADB87471ADB97472ADBB7473AD05
:100EC000BC7474ADBD7475ADBE7476ADBF7477ADD2
:100ED000C07478ADC17479ADC2747AADC3747BADA2
:100EE000C4747CADC5747DADC6747EADC77480AD71
:100EF000C87481ADC97482ADCA7483ADCB7484AD3E
:100F0000CC7485ADCD7486ADCE7487ADCF7488AD0D
:100F1000D07489ADD1748AADD3748BADD4748CADDB
:100F2000D5748DADD6748EADD7748FADD87490ADA9
:100F3000D97491ADDA7492ADDB7493ADDD7494AD78
:100F4000DF7495ADE17496ADE57497ADE77498AD37
:100F5000E87499ADE9749AADEA749BADEB749CADFD
:100F6000EC749DADED749EADF0749FADF174A0ADC9
:100F7000F27440AEF37441AEF57442AEF87443AE11
:100F8000F97444AEFA7445AEFB7446AEFC7447AED9
:100F9000FD7448AEFE7449AE00754AAE01754BAEA5
:100FA00002754CAE03754DAE05754EAE06754FAE6F
:100FB000077550AE087551AE097552AE0A7553AE3D
:100FC0000B7554AE0C7555AE0E7556AE107557AE0A
:100FD000127558AE147559AE15755AAE16755BAECE
:100FE00017755CAE1B755DAE1D755EAE1E755FAE92
:100FF000207560AE217561AE227562AE237563AE59
:10100000247564AE267565AE277566AE2A7567AE23
:101010002E7568AE347569AE36756AAE39756BAECD
:101020003C756CAE3D756DAE3F756EAE41756FAE85
:10103000427570AE437571AE447572AE467573AE4F
:10104000477574AE497575AE4A7576AE4D7577AE17
:10105000507578AE517579AE52757AAE53757BAED8
:1010600055757CAE56757DAE57757EAE587580AEA3
:101070005D7581AE5E7582AE5F7583AE607584AE60
:10108000617585AE627586AE637587AE647588AE30
:10109000677589AE68758AAE69758BAE6B758CAEF7
:1010A0006C758DAE6D758EAE6E758FAE6F7590AEC4
:1010B000707591AE717592AE737593AE757594AE91
:1010C000767595AE777596AE7A7597AE7B7598AE58
:1010D0007C7599AE7D759AAE7E759BAE80759CAE23
:1010E00081759DAE82759EAE84759FAE8575A0AEEE
:1010F000877540AF887541AF897542AF8A7543AF38
:101100008C7544AF8D7545AF8E7546AF907547AF02
:10111000937548AF957549AF98754AAF9B754BAFBE
:101120009C754CAF9E754DAFA2754EAFA6754FAF77
:10113000A77550AFA87551AFA97552AFAA7553AF37
:10114000AD7554AFB67555AFB77556AFBA7557AFE5
:10115000BB7558AFBF7559AFC0755AAFC1755BAF9E
:10116000C6755CAFCB755DAFCC755EAFCE755FAF4E
:10117000CF7560AFD07561AFD17562AFD37563AF16
:10118000D77564AFD97565AFDA7566AFDC7567AFD3
:10119000DD7568AFDF7569AFE0756AAFE1756BAF9C
:1011A000E5756CAFE9756DAFEC756EAFED756FAF52
:1011B000EE7570AFEF7571AFF27572AFF37573AF17
:1011C000F57574AFF67575AFF77576AFF87577AFDF
:1011D000FA7578AFFB7579AFFD757AAFFE757BAFA9
:1011E00002767CAF04767DAF06767EAF077680AF61
:1011F000087681AF097682AF0B7683AF0D7684AF28
:101200000E7685AF0F7686AF117687AF127688AFF0
:10121000137689AF14768AAF16768BAF1A768CAFB9
:101220001C768DAF1D768EAF1E768FAF217690AF78
:10123000237691AF277692AF287693AF2C7694AF32
:101240002E7695AF2F7696AF317697AF327698AFF0
:10125000367699AF37769AAF39769BAF3A769CAFB0
:101260003B769DAF3D769EAF41769FAF4276A0AF75
:10127000447640B0457641B0467642B0477643B0BA
:10128000487644B0497645B04A7646B04B7647B08A
:101290004E7648B04F7649B050764AB051764BB052
:1012A00052764CB053764DB055764EB057764FB01F
:1012B000587650B0597651B05A7652B05B7653B0EA
:1012C0005D7654B05F7655B0607656B0617657B0B3
:1012D000627658B0647659B065765AB066765BB07F
:1012E00067765CB068765DB069765EB06A765FB04E
:1012F0006C7660B06D7661B06E7662B0707663B019
:10130000717664B0727665B0737666B0747667B0E5
:10131000757668B0767669B077766AB079766BB0B4
:101320007A766CB07C766DB07F766EB080766FB07A
:10133000817670B0837671B0857672B0897673B03D
:101340008A7674B08C7675B08D7676B08F7677B0FD
:10135000907678B0927679B094767AB095767BB0C4
:1013600097767CB098767DB09A767EB09B7680B08A
:101370009C7681B09D7682B09E7683B09F7684B055
:10138000A07685B0A17686B0A27687B0A37688B025
:10139000A57689B0A6768AB0A7768BB0A8768CB0F1
:1013A000A9768DB0AA768EB0AB768FB0AC7690B0C1
:1013B000AD7691B0AF7692B0B07693B0B37694B08C
:1013C000B57695B0B67696B0B77697B0B87698B051
:1013D000B97699B0BA769AB0BB769BB0BC769CB021
:1013E000BD769DB0BE769EB0C0769FB0C176A0B0EF
:1013F000C376A1B04A55A2B03F96A3B0C357A4B0DC
:101400002863A5B0CE54A6B00955A7B0C054A8B063
:101410009176A9B04C76AAB03C85ABB0EE77ACB073
:101420007E82ADB08D78AEB03172AFB09896B0B06C
:101430008D97B1B0286CB2B0895BB3B0FA4FB4B03D
:101440000963B5B09766B6B0B85CB7B0FA80B8B00B
:101450004868B9B0AE80BAB00266BBB0CE76BCB058
:10146000F951BDB05665BEB0AC71BFB0F17FC0B030
:101470008488C1B0B250C2B06559C3B0CA61C4B0AB
:10148000B36FC5B0AD82C6B04C63C7B05262C8B0CE
:10149000ED53C9B02754CAB0067BCBB06B51CCB06A
:1014A000A475CDB0F45DCEB0D462CFB0CB8DD0B04A
:1014B0007697D1B08A62D2B01980D3B05D57D4B0DC
:1014C0003897D5B0627FD6B03872D7B07D76D8B0B5
:1014D000CF67D9B07E76DAB04664DBB0704FDCB04F
:1014E000258DDDB0DC62DEB0177ADFB09165E0B04B
:1014F000ED73E1B02C64E2B07362E3B02C82E4B02F
:101500008198E5B07F67E6B04872E7B06E62E8B0F8
:10151000CC62E9B0344FEAB0E374EBB04A53ECB0BC
:101520009E52EDB0CA7EEEB0A690EFB02E5EF0B047
:101530008668F1B09C69F2B08081F3B0D17EF4B0DE
:10154000D268F5B0C578F6B08C86F7B05195F8B092
:101550008D50F9B0248CFAB0DE82FBB0DE80FCB096
:101560000553FDB01289FEB0655240B1C47641B159
:10157000C77642B1C97643B1CB7644B1CC7645B19A
:10158000D37646B1D57647B1D97648B1DA7649B146
:10159000DC764AB1DD764BB1DE764CB1E0764DB10A
:1015A000E1764EB1E2764FB1E37650B1E47651B1D7
:1015B000E67652B1E77653B1E87654B1E97655B1A3
:1015C000EA7656B1EB7657B1EC7658B1ED7659B173
:1015D000F0765AB1F3765BB1F5765CB1F6765DB133
:1015E000F7765EB1FA765FB1FB7660B1FD7661B1F8
:1015F000FF7662B1007763B1027764B1037765B1BA
:10160000057766B1067767B10A7768B10C7769B17B
:101610000E776AB10F776BB110776CB111776DB13E
:1016200012776EB113776FB1147770B1157771B10E
:10163000167772B1177773B1187774B11B7775B1DC
:101640001C7776B11D7777B11E7778B1217779B1A4
:1016500023777AB124777BB125777CB127777DB169
:101660002A777EB12B7780B12C7781B12E7782B12A
:10167000307783B1317784B1327785B1337786B1F2
:10168000347787B1397788B13B7789B13D778AB1B3
:101690003E778BB13F778CB142778DB144778EB175
:1016A00045778FB1467790B1487791B1497792B13C
:1016B0004A7793B14B7794B14C7795B14D7796B10A
:1016C0004E7797B14F7798B1527799B153779AB1D6
:1016D00054779BB155779CB156779DB157779EB1A2
:1016E00058779FB15977A0B15C77A1B18485A2B139
:1016F000F996A3B1DD4FA4B12158A5B17199A6B156
:101700009D5BA7B1B162A8B1A562A9B1B466AAB147
:10171000798CABB18D9CACB10672ADB16F67AEB1D7
:101720009178AFB1B260B0B15153B1B11753B2B10A
:10173000888FB3B1CC80B4B11D8DB5B1A194B6B1D1
:101740000D50B7B1C872B8B10759B9B1EB60BAB1B1
:101750001971BBB1AB88BCB15459BDB1EF82BEB1F8
:101760002C67BFB1287BC0B1295DC1B1F77EC2B182
:101770002D75C3B1F56CC4B1668EC5B1F88FC6B115
:101780003C90C7B13B9FC8B1D46BC9B11991CAB1E4
:10179000147BCBB17C5FCCB1A778CDB1D684CEB170
:1017A0003D85CFB1D56BD0B1D96BD1B1D66BD2B1AC
:1017B000015ED3B1875ED4B1F975D5B1ED95D6B1DF
:1017C0005D65D7B10A5FD8B1C55FD9B19F8FDAB176
:1017D000C158DBB1C281DCB17F90DDB15B96DEB177
:1017E000AD97DFB1B98FE0B1167FE1B12C8DE2B1D9
:1017F0004162E3B1BF4FE4B1D853E5B15E53E6B106
:10180000A88FE7B1A98FE8B1AB8FE9B14D90EAB1EC
:101810000768EBB16A5FECB19881EDB16888EEB111
:10182000D69CEFB18B61F0B12B52F1B12A76F2B1B7
:101830006C5FF3B18C65F4B1D26FF5B1E86EF6B1BF
:10184000BE5BF7B14864F8B17551F9B1B051FAB166
:10185000C467FBB1194EFCB1C979FDB17C99FEB1E9
:10186000B37040B25D7741B25E7742B25F7743B208
:10187000607744B2647745B2677746B2697747B21A
:101880006A7748B26D7749B26E774AB26F774BB2DA
:1018900070774CB271774DB272774EB273774FB2A8
:1018A000747750B2757751B2767752B2777753B278
:1018B000787754B27A7755B27B7756B27C7757B245
:1018C000817758B2827759B283775AB286775BB202
:1018D00087775CB288775DB289775EB28A775FB2CC
:1018E0008B7760B28F7761B2907762B2937763B291
:1018F000947764B2957765B2967766B2977767B258
:10190000987768B2997769B29A776AB29B776BB227
:101910009C776CB29D776DB29E776EB2A1776FB2F5
:10192000A37770B2A47771B2A67772B2A87773B2B8
:10193000AB7774B2AD7775B2AE7776B2AF7777B278
:10194000B17778B2B27779B2B4777AB2B6777BB240
:10195000B7777CB2B8777DB2B9777EB2BA7780B20A
:10196000BC7781B2BE7782B2C07783B2C17784B2CE
:10197000C27785B2C37786B2C47787B2C57788B29B
:10198000C67789B2C7778AB2C8778BB2C9778CB26B
:10199000CA778DB2CB778EB2CC778FB2CE7790B23A
:1019A000CF7791B2D07792B2D17793B2D27794B207
:1019B000D37795B2D47796B2D57797B2D67798B2D7
:1019C000D87799B2D9779AB2DA779BB2DD779CB2A1
:1019D000DE779DB2DF779EB2E0779FB2E177A0B26B
:1019E000E477A1B2C575A2B2765EA3B2BB73A4B20E
:1019F000E083A5B2AD64A6B2E862A7B2B594A8B27E
:101A0000E26CA9B25A53AAB2C352ABB20F64ACB2E1
:101A1000C294ADB2947BAEB22F4FAFB21B5EB0B2E8
:101A20003682B1B21681B2B28A81B3B2246EB4B238
:101A3000CA6CB5B2739AB6B25563B7B25C53B8B25A
:101A4000FA54B9B26588BAB2E057BBB20D4EBCB217
:101A5000035EBDB2656BBEB23F7CBFB2E890C0B260
:101A60001660C1B2E664C2B21C73C3B2C188C4B20C
:101A70005067C5B24D62C6B2228DC7B26C77C8B28C
:101A8000298EC9B2C791CAB2695FCBB2DC83CCB22E
:101A90002185CDB21099CEB2C253CFB29586D0B2C5
:101AA0008B6BD1B2ED60D2B2E860D3B27F70D4B2AA
:101AB000CD82D5B23182D6B2D34ED7B2A76CD8B2CE
:101AC000CF85D9B2CD64DAB2D97CDBB2FD69DCB2A4
:101AD000F966DDB24983DEB29553DFB2567BE0B2E0
:101AE000A74FE1B28C51E2B24B6DE3B2425CE4B27B
:101AF0006D8EE5B2D263E6B2C953E7B22C83E8B289
:101B00003683E9B2E567EAB2B478EBB23D64ECB291
:101B1000DF5BEDB2945CEEB2EE5DEFB2E78BF0B25C
:101B2000C662F1B2F467F2B27A8CF3B20064F4B236
:101B3000BA63F5B24987F6B28B99F7B2178CF8B24F
:101B4000207FF9B2F294FAB2A74EFBB21096FCB223
:101B5000A498FDB20C66FEB2167340B3E67741B3AB
:101B6000E87742B3EA7743B3EF7744B3F07745B30E
:101B7000F17746B3F27747B3F47748B3F57749B3D3
:101B8000F7774AB3F9774BB3FA774CB3FB774DB39A
:101B9000FC774EB303784FB3047850B3057851B354
:101BA000067852B3077853B3087854B30A7855B31C
:101BB0000B7856B30E7857B30F7858B3107859B3E3
:101BC00013785AB315785BB319785CB31B785DB39F
:101BD0001E785EB320785FB3217860B3227861B35A
:101BE000247862B3287863B32A7864B32B7865B31A
:101BF0002E7866B32F7867B3317868B3327869B3DB
:101C000033786AB335786BB336786CB33D786DB39F
:101C10003F786EB341786FB3427870B3437871B355
:101C2000447872B3467873B3487874B3497875B31F
:101C30004A7876B34B7877B34D7878B34F7879B3E9
:101C400051787AB353787BB354787CB358787DB3AA
:101C500059787EB35A7880B35B7881B35C7882B36D
:101C60005E7883B35F7884B3607885B3617886B338
:101C7000627887B3637888B3647889B365788AB308
:101C800066788BB367788CB368788DB369788EB3D8
:101C90006F788FB3707890B3717891B3727892B394
:101CA000737893B3747894B3757895B3767896B364
:101CB000787897B3797898B37A7899B37B789AB330
:101CC0007D789BB37E789CB37F789DB380789EB3FC
:101CD00081789FB38278A0B38378A1B33A57A2B337
:101CE0001D5CA3B3385EA4B37F95A5B37F50A6B3A4
:101CF000A080A7B38253A8B35E65A9B34575AAB304
:101D00003155ABB32150ACB3858DADB38462AEB366
:101D10009E94AFB31D67B0B33256B1B36E6FB2B31A
:101D2000E25DB3B33554B4B39270B5B3668FB6B356
:101D30006F62B7B3A464B8B3A363B9B37B5FBAB33C
:101D4000886FBBB3F490BCB3E381BDB3B08FBEB3B7
:101D5000185CBFB36866C0B3F15FC1B3896CC2B32E
:101D60004896C3B3818DC4B36C88C5B39164C6B3C0
:101D7000F079C7B3CE57C8B3596AC9B31062CAB3B2
:101D80004854CBB3584ECCB30B7ACDB3E960CEB345
:101D9000846FCFB3DA8BD0B37F62D1B31E90D2B34E
:101DA0008B9AD3B3E479D4B30354D5B3F475D6B3D3
:101DB0000163D7B31953D8B3606CD9B3DF8FDAB3EB
:101DC0001B5FDBB3709ADCB33B80DDB37F9FDEB378
:101DD000884FDFB33A5CE0B3648DE1B3C57FE2B313
:101DE000A565E3B3BD70E4B34551E5B3B251E6B3C5
:101DF0006B86E7B3075DE8B3A05BE9B3BD62EAB306
:101E00006C91EBB37475ECB30C8EEDB3207AEEB33A
:101E10000161EFB3797BF0B3C74EF1B3F87EF2B353
:101E20008577F3B3114EF4B3ED81F5B31D52F6B3DC
:101E3000FA51F7B3716AF8B3A853F9B3878EFAB3BE
:101E40000495FBB3CF96FCB3C16EFDB36496FEB3AD
:101E50005A6940B4847841B4857842B4867843B4F2
:101E6000887844B48A7845B48B7846B48F7847B480
:101E7000907848B4927849B494784AB495784BB441
:101E800096784CB499784DB49D784EB49E784FB402
:101E9000A07850B4A27851B4A47852B4A67853B4C0
:101EA000A87854B4A97855B4AA7856B4AB7857B486
:101EB000AC7858B4AD7859B4AE785AB4AF785BB456
:101EC000B5785CB4B6785DB4B7785EB4B8785FB412
:101ED000BA7860B4BB7861B4BC7862B4BD7863B4DE
:101EE000BF7864B4C07865B4C27866B4C37867B4A8
:101EF000C47868B4C67869B4C7786AB4C8786BB473
:101F0000CC786CB4CD786DB4CE786EB4CF786FB435
:101F1000D17870B4D27871B4D37872B4D67873B4FF
:101F2000D77874B4D87875B4DA7876B4DB7877B4C7
:101F3000DC7878B4DD7879B4DE787AB4DF787BB495
:101F4000E0787CB4E1787DB4E2787EB4E37880B464
:101F5000E47881B4E57882B4E67883B4E77884B431
:101F6000E97885B4EA7886B4EB7887B4ED7888B4FC
:101F7000EE7889B4EF788AB4F0788BB4F1788CB4C9
:101F8000F3788DB4F5788EB4F6788FB4F87890B491
:101F9000F97891B4FB7892B4FC7893B4FD7894B45A
:101FA000FE7895B4FF7896B4007997B4027998B426
:101FB000037999B404799AB406799BB407799CB4EF
:101FC00008799DB409799EB40A799FB40B79A0B4BD
:101FD0000C79A1B44078A2B4A850A3B4D777A4B424
:101FE0001064A5B4E689A6B40459A7B4E363A8B401
:101FF000DD5DA9B47F7AAAB43D69ABB4204FACB41F
:102000003982ADB49855AEB4324EAFB4AE75B0B4FB
:10201000977AB1B4625EB2B48A5EB3B4EF95B4B4E9
:102020001B52B5B43954B6B48A70B7B47663B8B439
:102030002495B9B48257BAB42566BBB43F69BCB421
:102040008791BDB40755BEB4F36DBFB4AF7EC0B4C5
:102050002288C1B43362C2B4F07EC3B4B575C4B4CF
:102060002883C5B4C178C6B4CC96C7B49E8FC8B413
:102070004861C9B4F774CAB4CD8BCBB4646BCCB42B
:102080003A52CDB4508DCEB4216BCFB46A80D0B467
:102090007184D1B4F156D2B40653D3B4CE4ED4B475
:1020A0001B4ED5B4D151D6B4977CD7B48B91D8B44C
:1020B000077CD9B4C34FDAB47F8EDBB4E17BDCB4E8
:1020C0009C7ADDB46764DEB4145DDFB4AC50E0B478
:1020D0000681E1B40176E2B4B97CE3B4EC6DE4B41A
:1020E000E07FE5B45167E6B4585BE7B4F85BE8B469
:1020F000CB78E9B4AE64EAB41364EBB4AA63ECB48D
:102100002B63EDB41995EEB42D64EFB4BE8FF0B42B
:10211000547BF1B42976F2B45362F3B42759F4B482
:102120004654F5B4796BF6B4A350F7B43462F8B4FE
:10213000265EF9B4866BFAB4E34EFBB4378DFCB47B
:102140008B88FDB4855FFEB42E9040B50D7941B506
:102150000E7942B50F7943B5107944B5117945B57B
:10216000127946B5147947B5157948B5167949B548
:1021700017794AB518794BB519794CB51A794DB517
:102180001B794EB51C794FB51D7950B51F7951B5E6
:10219000207952B5217953B5227954B5237955B5B3
:1021A000257956B5267957B5277958B5287959B57F
:1021B00029795AB52A795BB52B795CB52C795DB54F
:1021C0002D795EB52E795FB52F7960B5307961B51F
:1021D000317962B5327963B5337964B5357965B5EE
:1021E000367966B5377967B5387968B5397969B5BB
:1021F0003D796AB53F796BB542796CB543796DB578
:1022000044796EB545796FB5477970B54A7971B53E
:102210004B7972B54C7973B54D7974B54E7975B506
:102220004F7976B5507977B5517978B5527979B5D6
:1022300054797AB555797BB558797CB559797DB59E
:1022400061797EB5637980B5647981B5667982B547
:10225000697983B56A7984B56B7985B56C7986B50A
:102260006E7987B5707988B5717989B572798AB5D3
:1022700073798BB574798CB575798DB576798EB5A2
:1022800079798FB57B7990B57C7991B57D7992B567
:102290007E7993B57F7994B5827995B5837996B532
:1022A000867997B5877998B5887999B589799AB5F6
:1022B0008B799BB58C799CB58D799DB58E799EB5C2
:1022C00090799FB59179A0B59279A1B52060A2B51A
:1022D0003D80A3B5C562A4B5394EA5B55553A6B585
:1022E000F890A7B5B863A8B5C680A9B5E665AAB544
:1022F0002E6CABB5464FACB5EE60ADB5E16DAEB58D
:10230000DE8BAFB5395FB0B5CB86B1B5535FB2B533
:102310002163B3B55A51B4B56183B5B56368B6B539
:102320000052B7B56363B8B5488EB9B51250BAB5A7
:102330009B5CBBB57779BCB5FC5BBDB53052BEB517
:102340003B7ABFB5BC60C0B55390C1B5D776C2B5B6
:10235000B75FC3B5975FC4B58476C5B56C8EC6B597
:102360006F70C7B57B76C8B5497BC9B5AA77CAB5C2
:10237000F351CBB59390CCB52458CDB54E4FCEB5D7
:10238000F46ECFB5EA8FD0B54C65D1B51B7BD2B515
:10239000C472D3B5A46DD4B5DF7FD5B5E15AD6B537
:1023A000B562D7B5955ED8B53057D9B58284DAB560
:1023B0002C7BDBB51D5EDCB51F5FDDB51290DEB595
:1023C000147FDFB5A098E0B58263E1B5C76EE2B5D2
:1023D0009878E3B5B970E4B57851E5B55B97E6B5A3
:1023E000AB57E7B53575E8B5434FE9B53875EAB58C
:1023F000975EEBB5E660ECB56059EDB5C06DEEB536
:10240000BF6BEFB58978F0B5FC53F1B5D596F2B551
:10241000CB51F3B50152F4B58963F5B50A54F6B55D
:102420009394F7B5038CF8B5CC8DF9B53972FAB53C
:102430009F78FBB57687FCB5ED8FFDB50D8CFEB5AD
:10244000E05340B6937941B6947942B6957943B654
:10245000967944B6977945B6987946B6997947B64C
:102460009B7948B69C7949B69D794AB69E794BB618
:102470009F794CB6A0794DB6A1794EB6A2794FB6E8
:10248000A37950B6A47951B6A57952B6A67953B6B8
:10249000A87954B6A97955B6AA7956B6AB7957B684
:1024A000AC7958B6AD7959B6AE795AB6AF795BB654
:1024B000B0795CB6B1795DB6B2795EB6B4795FB623
:1024C000B57960B6B67961B6B77962B6B87963B6F0
:1024D000BC7964B6BF7965B6C27966B6C47967B6A9
:1024E000C57968B6C77969B6C8796AB6CA796BB66C
:1024F000CC796CB6CE796DB6CF796EB6D0796FB631
:10250000D37970B6D47971B6D67972B6D77973B6F5
:10251000D97974B6DA7975B6DB7976B6DC7977B6BF
:10252000DD7978B6DE7979B6E0797AB6E1797BB68D
:10253000E2797CB6E5797DB6E8797EB6EA7980B64F
:10254000EC7981B6EE7982B6F17983B6F27984B608
:10255000F37985B6F47986B6F57987B6F67988B6D3
:10256000F77989B6F9798AB6FA798BB6FC798CB69F
:10257000FE798DB6FF798EB6017A8FB6047A90B661
:10258000057A91B6077A92B6087A93B6097A94B624
:102590000A7A95B60C7A96B60F7A97B6107A98B6EC
:1025A000117A99B6127A9AB6137A9BB6157A9CB6B6
:1025B000167A9DB6187A9EB6197A9FB61B7AA0B67F
:1025C0001C7AA1B6014EA2B6EF76A3B6EE53A4B61E
:1025D0008994A5B67698A6B60E9FA7B62D95A8B6EF
:1025E0009A5BA9B6A28BAAB6224EABB61C4EACB66D
:1025F000AC51ADB66384AEB6C261AFB6A852B0B648
:102600000B68B1B6974FB2B66B60B3B6BB51B4B6F8
:102610001E6DB5B65C51B6B69662B7B69765B8B6DC
:102620006196B9B6468CBAB61790BBB6D875BCB62B
:10263000FD90BDB66377BEB6D26BBFB68A72C0B628
:10264000EC72C1B6FB8BC2B63558C3B67977C4B647
:102650004C8DC5B65C67C6B64095C7B69A80C8B6FD
:10266000A65EC9B6216ECAB69259CBB6EF7ACCB681
:10267000ED77CDB63B95CEB6B56BCFB6AD65D0B6E2
:102680000E7FD1B60658D2B65151D3B61F96D4B6E6
:10269000F95BD5B6A958D6B62854D7B6728ED8B637
:1026A0006665D9B67F98DAB6E456DBB69D94DCB69B
:1026B000FE76DDB64190DEB68763DFB6C654E0B67F
:1026C0001A59E1B63A59E2B69B57E3B6B28EE4B670
:1026D0003567E5B6FA8DE6B63582E7B64152E8B61B
:1026E000F060E9B61558EAB6FE86EBB6E85CECB6E3
:1026F000459EEDB6C44FEEB69D98EFB6B98BF0B6D9
:10270000255AF1B67660F2B68453F3B67C62F4B61D
:102710004F90F5B60291F6B67F99F7B66960F8B6B4
:102720000C80F9B63F51FAB63380FBB6145CFCB6A8
:102730007599FDB6316DFEB68C4E40B71D7A41B726
:102740001F7A42B7217A43B7227A44B7247A45B731
:10275000257A46B7267A47B7277A48B7287A49B7FD
:10276000297A4AB72A7A4BB72B7A4CB72C7A4DB7CD
:102770002D7A4EB72E7A4FB72F7A50B7307A51B79D
:10278000317A52B7327A53B7347A54B7357A55B76B
:10279000367A56B7387A57B73A7A58B73E7A59B731
:1027A000407A5AB7417A5BB7427A5CB7437A5DB7F1
:1027B000447A5EB7457A5FB7477A60B7487A61B7BF
:1027C000497A62B74A7A63B74B7A64B74C7A65B78D
:1027D0004D7A66B74E7A67B74F7A68B7507A69B75D
:1027E000527A6AB7537A6BB7547A6CB7557A6DB729
:1027F000567A6EB7587A6FB7597A70B75A7A71B7F6
:102800005B7A72B75C7A73B75D7A74B75E7A75B7C4
:102810005F7A76B7607A77B7617A78B7627A79B794
:10282000637A7AB7647A7BB7657A7CB7667A7DB764
:10283000677A7EB7687A80B7697A81B76A7A82B731
:102840006B7A83B76C7A84B76D7A85B76E7A86B700
:102850006F7A87B7717A88B7727A89B7737A8AB7CD
:10286000757A8BB77B7A8CB77C7A8DB77D7A8EB789
:102870007E7A8FB7827A90B7857A91B7877A92B746
:10288000897A93B78A7A94B78B7A95B78C7A96B708
:102890008E7A97B78F7A98B7907A99B7937A9AB7D2
:1028A000947A9BB7997A9CB79A7A9DB79B7A9EB790
:1028B0009E7A9FB7A17AA0B7A27AA1B7308DA2B7AE
:1028C000D153A3B75A7FA4B74F7BA5B7104FA6B774
:1028D0004F4EA7B70096A8B7D56CA9B7D073AAB7C3
:1028E000E985ABB7065EACB76A75ADB7FB7FAEB72F
:1028F0000A6AAFB7FE77B0B79294B1B7417EB2B76C
:10290000E151B3B7E670B4B7CD53B5B7D48FB6B70E
:102910000383B7B7298DB8B7AF72B9B76D99BAB796
:10292000DB6CBBB74A57BCB7B382BDB7B965BEB79E
:10293000AA80BFB73F62C0B73296C1B7A859C2B725
:10294000FF4EC3B7BF8BC4B7BA7EC5B73E65C6B727
:10295000F283C7B75E97C8B76155C9B7DE98CAB7E3
:10296000A580CBB72A53CCB7FD8BCDB72054CEB7BB
:10297000BA80CFB79F5ED0B7B86CD1B7398DD2B718
:10298000AC82D3B75A91D4B72954D5B71B6CD6B7FC
:102990000652D7B7B77ED8B75F57D9B71A71DAB72B
:1029A0007E6CDBB7897CDCB74B59DDB7FD4EDEB7FB
:1029B000FF5FDFB72461E0B7AA7CE1B7304EE2B732
:1029C000015CE3B7AB67E4B70287E5B7F05CE6B755
:1029D0000B95E7B7CE98E8B7AF75E9B7FD70EAB7E2
:1029E0002290EBB7AF51ECB71D7FEDB7BD8BEEB7C3
:1029F0004959EFB7E451F0B75B4FF1B72654F2B73E
:102A00002B59F3B77765F4B7A480F5B7755BF6B7C4
:102A10007662F7B7C262F8B7908FF9B7455EFAB73A
:102A20001F6CFBB7267BFCB70F4FFDB7D84FFEB727
:102A30000D6740B8A37A41B8A47A42B8A77A43B8E0
:102A4000A97A44B8AA7A45B8AB7A46B8AE7A47B8FC
:102A5000AF7A48B8B07A49B8B17A4AB8B27A4BB8C6
:102A6000B47A4CB8B57A4DB8B67A4EB8B77A4FB892
:102A7000B87A50B8B97A51B8BA7A52B8BB7A53B862
:102A8000BC7A54B8BD7A55B8BE7A56B8C07A57B831
:102A9000C17A58B8C27A59B8C37A5AB8C47A5BB8FE
:102AA000C57A5CB8C67A5DB8C77A5EB8C87A5FB8CE
:102AB000C97A60B8CA7A61B8CC7A62B8CD7A63B89C
:102AC000CE7A64B8CF7A65B8D07A66B8D17A67B86A
:102AD000D27A68B8D37A69B8D47A6AB8D57A6BB83A
:102AE000D77A6CB8D87A6DB8DA7A6EB8DB7A6FB804
:102AF000DC7A70B8DD7A71B8E17A72B8E27A73B8CC
:102B0000E47A74B8E77A75B8E87A76B8E97A77B88B
:102B1000EA7A78B8EB7A79B8EC7A7AB8EE7A7BB858
:102B2000F07A7CB8F17A7DB8F27A7EB8F37A80B820
:102B3000F47A81B8F57A82B8F67A83B8F77A84B8ED
:102B4000F87A85B8FB7A86B8FC7A87B8FE7A88B8B6
:102B5000007B89B8017B8AB8027B8BB8057B8CB877
:102B6000077B8DB8097B8EB80C7B8FB80D7B90B836
:102B70000E7B91B8107B92B8127B93B8137B94B8FC
:102B8000167B95B8177B96B8187B97B81A7B98B8C0
:102B90001C7B99B81D7B9AB81F7B9BB8217B9CB886
:102BA000227B9DB8237B9EB8277B9FB8297BA0B84A
:102BB0002D7BA1B86E6DA2B8AA6DA3B88F79A4B809
:102BC000B188A5B8175FA6B82B75A7B89A62A8B840
:102BD000858FA9B8EF4FAAB8DC91ABB8A765ACB8A0
:102BE0002F81ADB85181AEB89C5EAFB85081B0B8FE
:102BF000748DB1B86F52B2B88689B3B84B8DB4B882
:102C00000D59B5B88550B6B8D84EB7B81C96B8B8F7
:102C10003672B9B87981BAB81F8DBBB8CC5BBCB875
:102C2000A38BBDB84496BEB88759BFB81A7FC0B849
:102C30009054C1B87656C2B80E56C3B8E58BC4B826
:102C40003965C5B88269C6B89994C7B8D676C8B888
:102C5000896EC9B8725ECAB81875CBB84667CCB869
:102C6000D167CDB8FF7ACEB89D80CFB8768DD0B879
:102C70001F61D1B8C679D2B86265D3B8638DD4B8B4
:102C80008851D5B81A52D6B8A294D7B8387FD8B8D8
:102C90009B80D9B8B27EDAB8975CDBB82F6EDCB80F
:102CA0006067DDB8D97BDEB88B76DFB8D89AE0B83C
:102CB0008F81E1B8947FE2B8D57CE3B81E64E4B8B4
:102CC0005095E5B83F7AE6B84A54E7B8E554E8B815
:102CD0004C6BE9B80164EAB80862EBB83D9EECB809
:102CE000F380EDB89975EEB87252EFB86997F0B805
:102CF0005B84F1B83C68F2B8E486F3B80196F4B8A6
:102D00009496F5B8EC94F6B82A4EF7B80454F8B88F
:102D1000D97EF9B83968FAB8DF8DFBB81580FCB8F0
:102D2000F466FDB89A5EFEB8B97F40B92F7B41B911
:102D3000307B42B9327B43B9347B44B9357B45B9EA
:102D4000367B46B9377B47B9397B48B93B7B49B9B4
:102D50003D7B4AB93F7B4BB9407B4CB9417B4DB978
:102D6000427B4EB9437B4FB9447B50B9467B51B946
:102D7000487B52B94A7B53B94D7B54B94E7B55B908
:102D8000537B56B9557B57B9577B58B9597B59B9BD
:102D90005C7B5AB95E7B5BB95F7B5CB9617B5DB97B
:102DA000637B5EB9647B5FB9657B60B9667B61B943
:102DB000677B62B9687B63B9697B64B96A7B65B913
:102DC0006B7B66B96C7B67B96D7B68B96F7B69B9E2
:102DD000707B6AB9737B6BB9747B6CB9767B6DB9A8
:102DE000787B6EB97A7B6FB97C7B70B97D7B71B96A
:102DF0007F7B72B9817B73B9827B74B9837B75B930
:102E0000847B76B9867B77B9877B78B9887B79B9FB
:102E1000897B7AB98A7B7BB98B7B7CB98C7B7DB9CA
:102E20008E7B7EB98F7B80B9917B81B9927B82B991
:102E3000937B83B9967B84B9987B85B9997B86B956
:102E40009A7B87B99B7B88B99E7B89B99F7B8AB91E
:102E5000A07B8BB9A37B8CB9A47B8DB9A57B8EB9E4
:102E6000AE7B8FB9AF7B90B9B07B91B9B27B92B991
:102E7000B37B93B9B57B94B9B67B95B9B77B96B95B
:102E8000B97B97B9BA7B98B9BB7B99B9BC7B9AB926
:102E9000BD7B9BB9BE7B9CB9BF7B9DB9C07B9EB9F6
:102EA000C27B9FB9C37BA0B9C47BA1B9C257A2B9E9
:102EB0003F80A3B99768A4B9E55DA5B93B65A6B9FC
:102EC0009F52A7B96D60A8B99A9FA9B99B4FAAB99B
:102ED000AC8EABB96C51ACB9AB5BADB9135FAEB9ED
:102EE000E95DAFB95E6CB0B9F162B1B9218DB2B92B
:102EF0007151B3B9A994B4B9FE52B5B99F6CB6B9C2
:102F0000DF82B7B9D772B8B9A257B9B98467BAB96D
:102F10002D8DBBB91F59BCB99C8FBDB9C783BEB934
:102F20009554BFB98D7BC0B9304FC1B9BD6CC2B922
:102F3000645BC3B9D159C4B9139FC5B9E453C6B9C9
:102F4000CA86C7B9A89AC8B9378CC9B9A180CAB905
:102F50004565CBB97E98CCB9FA56CDB9C796CEB9EE
:102F60002E52CFB9DC74D0B95052D1B9E15BD2B98D
:102F70000263D3B90289D4B9564ED5B9D062D6B955
:102F80002A60D7B9FA68D8B97351D9B9985BDAB958
:102F9000A051DBB9C289DCB9A17BDDB98699DEB964
:102FA000507FDFB9EF60E0B94C70E1B92F8DE2B925
:102FB0004951E3B97F5EE4B91B90E5B97074E6B995
:102FC000C489E7B92D57E8B94578E9B9525FEAB93C
:102FD0009F9FEBB9FA95ECB9688FEDB93C9BEEB9C0
:102FE000E18BEFB97876F0B94268F1B9DC67F2B9F4
:102FF000EA8DF3B9358DF4B93D52F5B98A8FF6B93A
:10300000DA6EF7B9CD68F8B90595F9B9ED90FAB966
:10301000FD56FBB99C67FCB9F988FDB9C78FFEB9AD
:10302000C85440BAC57B41BAC87B42BAC97B43BACF
:10303000CA7B44BACB7B45BACD7B46BACE7B47BA76
:10304000CF7B48BAD07B49BAD27B4ABAD47B4BBA41
:10305000D57B4CBAD67B4DBAD77B4EBAD87B4FBA0C
:10306000DB7B50BADC7B51BADE7B52BADF7B53BAD2
:10307000E07B54BAE27B55BAE37B56BAE47B57BA9D
:10308000E77B58BAE87B59BAE97B5ABAEB7B5BBA63
:10309000EC7B5CBAED7B5DBAEF7B5EBAF07B5FBA2E
:1030A000F27B60BAF37B61BAF47B62BAF57B63BAF8
:1030B000F67B64BAF87B65BAF97B66BAFA7B67BAC5
:1030C000FB7B68BAFD7B69BAFF7B6ABA007C6BBA8E
:1030D000017C6CBA027C6DBA037C6EBA047C6FBA58
:1030E000057C70BA067C71BA087C72BA097C73BA26
:1030F0000A7C74BA0D7C75BA0E7C76BA107C77BAED
:10310000117C78BA127C79BA137C7ABA147C7BBAB7
:10311000157C7CBA177C7DBA187C7EBA197C80BA83
:103120001A7C81BA1B7C82BA1C7C83BA1D7C84BA4F
:103130001E7C85BA207C86BA217C87BA227C88BA1C
:10314000237C89BA247C8ABA257C8BBA287C8CBAE9
:10315000297C8DBA2B7C8EBA2C7C8FBA2D7C90BAB0
:103160002E7C91BA2F7C92BA307C93BA317C94BA7F
:10317000327C95BA337C96BA347C97BA357C98BA4F
:10318000367C99BA377C9ABA397C9BBA3A7C9CBA1D
:103190003B7C9DBA3C7C9EBA3D7C9FBA3E7CA0BAEB
:1031A000427CA1BAB89AA2BA695BA3BA776DA4BAF5
:1031B000266CA5BAA54EA6BAB35BA7BA879AA8BAD9
:1031C0006391A9BAA861AABAAF90ABBAE997ACBAB1
:1031D0002B54ADBAB56DAEBAD25BAFBAFD51B0BA31
:1031E0008A55B1BA557FB2BAF07FB3BABC64B4BAEB
:1031F0004D63B5BAF165B6BABE61B7BA8D60B8BAFB
:103200000A71B9BA576CBABA496CBBBA2F59BCBA71
:103210006D67BDBA2A82BEBAD558BFBA8E56C0BA3B
:103220006A8CC1BAEB6BC2BADD90C3BA7D59C4BA1D
:103230001780C5BAF753C6BA696DC7BA7554C8BA0C
:103240009D55C9BA7783CABACF83CBBA3868CCBA8E
:10325000BE79CDBA8C54CEBA554FCFBA0854D0BA35
:10326000D276D1BA898CD2BA0296D3BAB36CD4BA18
:10327000B86DD5BA6B8DD6BA1089D7BA649ED8BA54
:103280003A8DD9BA3F56DABAD19EDBBAD575DCBAD7
:10329000885FDDBAE072DEBA6860DFBAFC54E0BA7B
:1032A000A84EE1BA2A6AE2BA6188E3BA5260E4BA87
:1032B000708FE5BAC454E6BAD870E7BA7986E8BA2E
:1032C0003F9EE9BA2A6DEABA8F5BEBBA185FECBA97
:1032D000A27EEDBA8955EEBAAF4FEFBA3473F0BAA9
:1032E0003C54F1BA9A53F2BA1950F3BA0E54F4BAE4
:1032F0007C54F5BA4E4EF6BAFD5FF7BA5A74F8BA76
:10330000F658F9BA6B84FABAE180FBBA7487FCBA52
:10331000D072FDBACA7CFEBA566E40BB437C41BB3C
:10332000447C42BB457C43BB467C44BB477C45BB9D
:10333000487C46BB497C47BB4A7C48BB4B7C49BB6D
:103340004C7C4ABB4E7C4BBB4F7C4CBB507C4DBB3A
:10335000517C4EBB527C4FBB537C50BB547C51BB09
:10336000557C52BB567C53BB577C54BB587C55BBD9
:10337000597C56BB5A7C57BB5B7C58BB5C7C59BBA9
:103380005D7C5ABB5E7C5BBB5F7C5CBB607C5DBB79
:10339000617C5EBB627C5FBB637C60BB647C61BB49
:1033A000657C62BB667C63BB677C64BB687C65BB19
:1033B000697C66BB6A7C67BB6B7C68BB6C7C69BBE9
:1033C0006D7C6ABB6E7C6BBB6F7C6CBB707C6DBBB9
:1033D000717C6EBB727C6FBB757C70BB767C71BB85
:1033E000777C72BB787C73BB797C74BB7A7C75BB51
:1033F0007E7C76BB7F7C77BB807C78BB817C79BB15
:10340000827C7ABB837C7BBB847C7CBB857C7DBBE4
:10341000867C7EBB877C80BB887C81BB8A7C82BBB0
:103420008B7C83BB8C7C84BB8D7C85BB8E7C86BB7C
:103430008F7C87BB907C88BB937C89BB947C8ABB48
:10344000967C8BBB997C8CBB9A7C8DBB9B7C8EBB0A
:10345000A07C8FBBA17C90BBA37C91BBA67C92BBC4
:10346000A77C93BBA87C94BBA97C95BBAB7C96BB8B
:10347000AC7C97BBAD7C98BBAF7C99BBB07C9ABB56
:10348000B47C9BBBB57C9CBBB67C9DBBB77C9EBB18
:10349000B87C9FBBBA7CA0BBBB7CA1BB275FA2BB97
:1034A0004E86A3BB2C55A4BBA462A5BB924EA6BB63
:1034B000AA6CA7BB3762A8BBB182A9BBD754AABB71
:1034C0004E53ABBB3E73ACBBD16EADBB3B75AEBB1D
:1034D0001252AFBB1653B0BBDD8BB1BBD069B2BBD0
:1034E0008A5FB3BB0060B4BBEE6DB5BB4F57B6BBD4
:1034F000226BB7BBAF73B8BB5368B9BBD88FBABB2D
:10350000137FBBBB6263BCBBA360BDBB2455BEBB0A
:10351000EA75BFBB628CC0BB1571C1BBA36DC2BBDA
:10352000A65BC3BB7B5EC4BB5283C5BB4C61C6BB41
:10353000C49EC7BBFA78C8BB5787C9BB277CCABB28
:103540008776CBBBF051CCBBF660CDBB4C71CEBB0C
:103550004366CFBB4C5ED0BB4D60D1BB0E8CD2BBA3
:103560007070D3BB2563D4BB898FD5BBBD5FD6BB81
:103570006260D7BBD486D8BBDE56D9BBC16BDABB81
:103580009460DBBB6761DCBB4953DDBBE060DEBB45
:103590006666DFBB3F8DE0BBFD79E1BB1A4FE2BB46
:1035A000E970E3BB476CE4BBB38BE5BBF28BE6BBD6
:1035B000D87EE7BB6483E8BB0F66E9BB5A5AEABB17
:1035C000429BEBBB516DECBBF76DEDBB418CEEBB91
:1035D0003B6DEFBB194FF0BB6B70F1BBB783F2BB18
:1035E0001662F3BBD160F4BB0D97F5BB278DF6BB1C
:1035F0007879F7BBFB51F8BB3E57F9BBFA57FABBDA
:103600003A67FBBB7875FCBB3D7AFDBBEF79FEBB2F
:10361000957B40BCBF7C41BCC07C42BCC27C43BCEF
:10362000C37C44BCC47C45BCC67C46BCC97C47BC8E
:10363000CB7C48BCCE7C49BCCF7C4ABCD07C4BBC4C
:10364000D17C4CBCD27C4DBCD37C4EBCD47C4FBC1A
:10365000D87C50BCDA7C51BCDB7C52BCDD7C53BCDA
:10366000DE7C54BCE17C55BCE27C56BCE37C57BCA0
:10367000E47C58BCE57C59BCE67C5ABCE77C5BBC6E
:10368000E97C5CBCEA7C5DBCEB7C5EBCEC7C5FBC3A
:10369000ED7C60BCEE7C61BCF07C62BCF17C63BC08
:1036A000F27C64BCF37C65BCF47C66BCF57C67BCD6
:1036B000F67C68BCF77C69BCF97C6ABCFA7C6BBCA4
:1036C000FC7C6CBCFD7C6DBCFE7C6EBCFF7C6FBC6E
:1036D000007D70BC017D71BC027D72BC037D73BC3A
:1036E000047D74BC057D75BC067D76BC077D77BC0A
:1036F000087D78BC097D79BC0B7D7ABC0C7D7BBCD8
:103700000D7D7CBC0E7D7DBC0F7D7EBC107D80BCA4
:10371000117D81BC127D82BC137D83BC147D84BC71
:10372000157D85BC167D86BC177D87BC187D88BC41
:10373000197D89BC1A7D8ABC1B7D8BBC1C7D8CBC11
:103740001D7D8DBC1E7D8EBC1F7D8FBC217D90BCE0
:10375000237D91BC247D92BC257D93BC267D94BCA9
:10376000287D95BC297D96BC2A7D97BC2C7D98BC74
:103770002D7D99BC2E7D9ABC307D9BBC317D9CBC3F
:10378000327D9DBC337D9EBC347D9FBC357DA0BC0D
:10379000367DA1BC8C80A2BC6599A3BCF98FA4BC6A
:1037A000C06FA5BCA58BA6BC219EA7BCEC59A8BC2C
:1037B000E97EA9BC097FAABC0954ABBC8167ACBC3B
:1037C000D868ADBC918FAEBC4D7CAFBCC696B0BCCA
:1037D000CA53B1BC2560B2BCBE75B3BC726CB4BC7C
:1037E0007353B5BCC95AB6BCA77EB7BC2463B8BC7A
:1037F000E051B9BC0A81BABCF15DBBBCDF84BCBC82
:103800008062BDBC8051BEBC635BBFBC0E4FC0BC00
:103810006D79C1BC4252C2BCB860C3BC4E6DC4BC61
:10382000C45BC5BCC25BC6BCA18BC7BCB08BC8BCEB
:10383000E265C9BCCC5FCABC4596CBBC9359CCBC35
:10384000E77ECDBCAA7ECEBC0956CFBCB767D0BC44
:103850003959D1BC734FD2BCB65BD3BCA052D4BCD7
:103860005A83D5BC8A98D6BC3E8DD7BC3275D8BC9D
:10387000BE94D9BC4750DABC3C7ADBBCF74EDCBC0A
:10388000B667DDBC7E9ADEBCC15ADFBC7C6BE0BC97
:10389000D176E1BC5A57E2BC165CE3BC3A7BE4BC8F
:1038A000F495E5BC4E71E6BC7C51E7BCA980E8BC50
:1038B0007082E9BC7859EABC047FEBBC2783ECBC7E
:1038C000C068EDBCEC67EEBCB178EFBC7778F0BCBB
:1038D000E362F1BC6163F2BC807BF3BCED4FF4BCEE
:1038E0006A52F5BCCF51F6BC5083F7BCDB69F8BC1B
:1038F0007492F9BCF58DFABC318DFBBCC189FCBC5E
:103900002E95FDBCAD7BFEBCF64E40BD377D41BD66
:10391000387D42BD397D43BD3A7D44BD3B7D45BDCB
:103920003C7D46BD3D7D47BD3E7D48BD3F7D49BD9B
:10393000407D4ABD417D4BBD427D4CBD437D4DBD6B
:10394000447D4EBD457D4FBD467D50BD477D51BD3B
:10395000487D52BD497D53BD4A7D54BD4B7D55BD0B
:103960004C7D56BD4D7D57BD4E7D58BD4F7D59BDDB
:10397000507D5ABD517D5BBD527D5CBD537D5DBDAB
:10398000547D5EBD557D5FBD567D60BD577D61BD7B
:10399000587D62BD597D63BD5A7D64BD5B7D65BD4B
:1039A0005C7D66BD5D7D67BD5E7D68BD5F7D69BD1B
:1039B000607D6ABD617D6BBD627D6CBD637D6DBDEB
:1039C000647D6EBD657D6FBD667D70BD677D71BDBB
:1039D000687D72BD697D73BD6A7D74BD6B7D75BD8B
:1039E0006C7D76BD6D7D77BD6F7D78BD707D79BD59
:1039F000717D7ABD727D7BBD737D7CBD747D7DBD27
:103A0000757D7EBD767D80BD787D81BD797D82BDF1
:103A10007A7D83BD7B7D84BD7C7D85BD7D7D86BDBE
:103A20007E7D87BD7F7D88BD807D89BD817D8ABD8E
:103A3000827D8BBD837D8CBD847D8DBD857D8EBD5E
:103A4000867D8FBD877D90BD887D91BD897D92BD2E
:103A50008A7D93BD8B7D94BD8C7D95BD8D7D96BDFE
:103A60008E7D97BD8F7D98BD907D99BD917D9ABDCE
:103A7000927D9BBD937D9CBD947D9DBD957D9EBD9E
:103A8000967D9FBD977DA0BD987DA1BD6550A2BDCF
:103A90003082A3BD5152A4BD6F99A5BD106EA6BDC5
:103AA000856EA7BDA76DA8BDFA5EA9BDF550AABDDC
:103AB000DC59ABBD065CACBD466DADBD5F6CAEBD4B
:103AC0008675AFBD8B84B0BD6868B1BD5659B2BDB7
:103AD000B28BB3BD2053B4BD7191B5BD4D96B6BD8B
:103AE0004985B7BD1269B8BD0179B9BD2671BABDA6
:103AF000F680BBBDA44EBCBDCA90BDBD476DBEBD6A
:103B0000849ABFBD075AC0BDBC56C1BD0564C2BDC5
:103B1000F094C3BDEB77C4BDA54FC5BD1A81C6BD2A
:103B2000E172C7BDD289C8BD7A99C9BD347FCABD0B
:103B3000DE7ECBBD7F52CCBD5965CDBD7591CEBD6E
:103B40007F8FCFBD838FD0BDEB53D1BD967AD2BDD1
:103B5000ED63D3BDA563D4BD8676D5BDF879D6BD5A
:103B60005788D7BD3696D8BD2A62D9BDAB52DABDCB
:103B70008282DBBD5468DCBD7067DDBD7763DEBD6E
:103B80006B77DFBDED7AE0BD016DE1BDD37EE2BDB7
:103B9000E389E3BDD059E4BD1262E5BDC985E6BD48
:103BA000A582E7BD4C75E8BD1F50E9BDCB4EEABD0F
:103BB000A575EBBDEB8BECBD4A5CEDBDFE5DEEBDCE
:103BC0004B7BEFBDA465F0BDD191F1BDCA4EF2BDF6
:103BD000256DF3BD5F89F4BD277DF5BD2695F6BD46
:103BE000C54EF7BD288CF8BDDB8FF9BD7397FABDC4
:103BF0004B66FBBD8179FCBDD18FFDBDEC70FEBD78
:103C0000786D40BE997D41BE9A7D42BE9B7D43BE8C
:103C10009C7D44BE9D7D45BE9E7D46BE9F7D47BE2C
:103C2000A07D48BEA17D49BEA27D4ABEA37D4BBEFC
:103C3000A47D4CBEA57D4DBEA77D4EBEA87D4FBECA
:103C4000A97D50BEAA7D51BEAB7D52BEAC7D53BE98
:103C5000AD7D54BEAF7D55BEB07D56BEB17D57BE65
:103C6000B27D58BEB37D59BEB47D5ABEB57D5BBE34
:103C7000B67D5CBEB77D5DBEB87D5EBEB97D5FBE04
:103C8000BA7D60BEBB7D61BEBC7D62BEBD7D63BED4
:103C9000BE7D64BEBF7D65BEC07D66BEC17D67BEA4
:103CA000C27D68BEC37D69BEC47D6ABEC57D6BBE74
:103CB000C67D6CBEC77D6DBEC87D6EBEC97D6FBE44
:103CC000CA7D70BECB7D71BECC7D72BECD7D73BE14
:103CD000CE7D74BECF7D75BED07D76BED17D77BEE4
:103CE000D27D78BED37D79BED47D7ABED57D7BBEB4
:103CF000D67D7CBED77D7DBED87D7EBED97D80BE83
:103D0000DA7D81BEDB7D82BEDC7D83BEDD7D84BE4F
:103D1000DE7D85BEDF7D86BEE07D87BEE17D88BE1F
:103D2000E27D89BEE37D8ABEE47D8BBEE57D8CBEEF
:103D3000E67D8DBEE77D8EBEE87D8FBEE97D90BEBF
:103D4000EA7D91BEEB7D92BEEC7D93BEED7D94BE8F
:103D5000EE7D95BEEF7D96BEF07D97BEF17D98BE5F
:103D6000F27D99BEF37D9ABEF47D9BBEF57D9CBE2F
:103D7000F67D9DBEF77D9EBEF87D9FBEF97DA0BEFF
:103D8000FA7DA1BE3D5CA2BEB252A3BE4683A4BED4
:103D90006251A5BE0E83A6BE5B77A7BE7666A8BE9F
:103DA000B89CA9BEAC4EAABECA60ABBEBE7CACBEBF
:103DB000B37CADBECF7EAEBE954EAFBE668BB0BE01
:103DC0006F66B1BE8898B2BE5997B3BE8358B4BE71
:103DD0006C65B5BE5C95B6BE845FB7BEC975B8BE2E
:103DE0005697B9BEDF7ABABEDE7ABBBEC051BCBE42
:103DF000AF70BDBE987ABEBEEA63BFBE767AC0BE63
:103E0000A07EC1BE9673C2BEED97C3BE454EC4BE72
:103E10007870C5BE5D4EC6BE5291C7BEA953C8BE1E
:103E20005165C9BEE765CABEFC81CBBE0582CCBE6A
:103E30008E54CDBE315CCEBE9A75CFBEA097D0BE9B
:103E4000D862D1BED972D2BEBD75D3BE455CD4BED8
:103E5000799AD5BECA83D6BE405CD7BE8054D8BE40
:103E6000E977D9BE3E4EDABEAE6CDBBE5A80DCBE10
:103E7000D262DDBE6E63DEBEE85DDFBE7751E0BEBE
:103E8000DD8DE1BE1E8EE2BE2F95E3BEF14FE4BE96
:103E9000E553E5BEE760E6BEAC70E7BE6752E8BE3C
:103EA0005063E9BE439EEABE1F5AEBBE2650ECBEED
:103EB0003777EDBE7753EEBEE27EEFBE8564F0BE8F
:103EC0002B65F1BE8962F2BE9863F3BE1450F4BE56
:103ED0003572F5BEC989F6BEB351F7BEC08BF8BEC8
:103EE000DD7EF9BE4757FABECC83FBBEA794FCBE6D
:103EF0009B51FDBE1B54FEBEFB5C40BFFB7D41BF22
:103F0000FC7D42BFFD7D43BFFE7D44BFFF7D45BFBD
:103F1000007E46BF017E47BF027E48BF037E49BF89
:103F2000047E4ABF057E4BBF067E4CBF077E4DBF59
:103F3000087E4EBF097E4FBF0A7E50BF0B7E51BF29
:103F40000C7E52BF0D7E53BF0E7E54BF0F7E55BFF9
:103F5000107E56BF117E57BF127E58BF137E59BFC9
:103F6000147E5ABF157E5BBF167E5CBF177E5DBF99
:103F7000187E5EBF197E5FBF1A7E60BF1B7E61BF69
:103F80001C7E62BF1D7E63BF1E7E64BF1F7E65BF39
:103F9000207E66BF217E67BF227E68BF237E69BF09
:103FA000247E6ABF257E6BBF267E6CBF277E6DBFD9
:103FB000287E6EBF297E6FBF2A7E70BF2B7E71BFA9
:103FC0002C7E72BF2D7E73BF2E7E74BF2F7E75BF79
:103FD000307E76BF317E77BF327E78BF337E79BF49
:103FE000347E7ABF357E7BBF367E7CBF377E7DBF19
:103FF000387E7EBF397E80BF3A7E81BF3C7E82BFE5
:104000003D7E83BF3E7E84BF3F7E85BF407E86BFB0
:10401000427E87BF437E88BF447E89BF457E8ABF7C
:10402000467E8BBF487E8CBF497E8DBF4A7E8EBF49
:104030004B7E8FBF4C7E90BF4D7E91BF4E7E92BF18
:104040004F7E93BF507E94BF517E95BF527E96BFE8
:10405000537E97BF547E98BF557E99BF567E9ABFB8
:10406000577E9BBF587E9CBF597E9DBF5A7E9EBF88
:104070005B7E9FBF5C7EA0BF5D7EA1BFCA4FA2BF1B
:10408000E37AA3BF5A6DA4BFE190A5BF8F9AA6BFE4
:104090008055A7BF9654A8BF6153A9BFAF54AABF0C
:1040A000005FABBFE963ACBF7769ADBFEF51AEBF97
:1040B0006861AFBF0A52B0BF2A58B1BFD852B2BF71
:1040C0004E57B3BF0D78B4BF0B77B5BFB75EB6BF61
:1040D0007761B7BFE07CB8BF5B62B9BF9762BABF18
:1040E000A24EBBBF9570BCBF0380BDBFF762BEBF11
:1040F000E470BFBF6097C0BF7757C1BFDB82C2BF4C
:10410000EF67C3BFF568C4BFD578C5BF9798C6BF72
:10411000D179C7BFF358C8BFB354C9BFEF53CABFA3
:10412000346ECBBF4B51CCBF3B52CDBFA25BCEBF99
:10413000FE8BCFBFAF80D0BF4355D1BFA657D2BFF4
:104140007360D3BF5157D4BF2D54D5BF7A7AD6BF31
:104150005060D7BF545BD8BFA763D9BFA062DABF96
:10416000E353DBBF6362DCBFC75BDDBFAF67DEBFAE
:10417000ED54DFBF9F7AE0BFE682E1BF7791E2BFF7
:10418000935EE3BFE488E4BF3859E5BFAE57E6BFAE
:104190000E63E7BFE88DE8BFEF80E9BF5757EABF7E
:1041A000777BEBBFA94FECBFEB5FEDBFBD5BEEBF15
:1041B0003E6BEFBF2153F0BF507BF1BFC272F2BF25
:1041C0004668F3BFFF77F4BF3677F5BFF765F6BFF4
:1041D000B551F7BF8F4EF8BFD476F9BFBF5CFABFB9
:1041E000A57AFBBF7584FCBF4E59FDBF419BFEBF46
:1041F000805040C05E7E41C05F7E42C0607E43C052
:10420000617E44C0627E45C0637E46C0647E47C016
:10421000657E48C0667E49C0677E4AC0687E4BC0E6
:10422000697E4CC06A7E4DC06B7E4EC06C7E4FC0B6
:104230006D7E50C06E7E51C06F7E52C0707E53C086
:10424000717E54C0727E55C0737E56C0747E57C056
:10425000757E58C0767E59C0777E5AC0787E5BC026
:10426000797E5CC07A7E5DC07B7E5EC07C7E5FC0F6
:104270007D7E60C07E7E61C07F7E62C0807E63C0C6
:10428000817E64C0837E65C0847E66C0857E67C093
:10429000867E68C0877E69C0887E6AC0897E6BC062
:1042A0008A7E6CC08B7E6DC08C7E6EC08D7E6FC032
:1042B0008E7E70C08F7E71C0907E72C0917E73C002
:1042C000927E74C0937E75C0947E76C0957E77C0D2
:1042D000967E78C0977E79C0987E7AC0997E7BC0A2
:1042E0009A7E7CC09C7E7DC09D7E7EC09E7E80C06E
:1042F000AE7E81C0B47E82C0BB7E83C0BC7E84C0E3
:10430000D67E85C0E47E86C0EC7E87C0F97E88C0FC
:104310000A7F89C0107F8AC01E7F8BC0377F8CC008
:10432000397F8DC03B7F8EC03C7F8FC03D7F90C06A
:104330003E7F91C03F7F92C0407F93C0417F94C039
:10434000437F95C0467F96C0477F97C0487F98C0FF
:10435000497F99C04A7F9AC04B7F9BC04C7F9CC0CD
:104360004D7F9DC04E7F9EC04F7F9FC0527FA0C09B
:10437000537FA1C08899A2C02761A3C0836EA4C047
:104380006457A5C00666A6C04663A7C0F056A8C07D
:10439000EC62A9C06962AAC0D35EABC01496ACC07F
:1043A0008357ADC0C962AEC08755AFC02187B0C0CA
:1043B0004A81B1C0A38FB2C06655B3C0B183B4C047
:1043C0006567B5C0568DB6C0DD84B7C06A5AB8C03F
:1043D0000F68B9C0E662BAC0EE7BBBC01196BCC024
:1043E0007051BDC09C6FBEC0308CBFC0FD63C0C0EB
:1043F000C889C1C0D261C2C0067FC3C0C270C4C078
:10440000E56EC5C00574C6C09469C7C0FC72C8C05B
:10441000CA5EC9C0CE90CAC01767CBC06A6DCCC097
:104420005E63CDC0B352CEC06272CFC00180D0C037
:104430006C4FD1C0E559D2C06A91D3C0D970D4C0F5
:104440009D6DD5C0D252D6C0504ED7C0F796D8C0B9
:104450006D95D9C07E85DAC0CA78DBC02F7DDCC0FF
:104460002151DDC09257DEC0C264DFC08B80E0C046
:104470007B7CE1C0EA6CE2C0F168E3C05E69E4C045
:10448000B751E5C09853E6C0A868E7C08172E8C09C
:10449000CE9EE9C0F17BEAC0F872EBC0BB79ECC0FC
:1044A000136FEDC00674EEC04E67EFC0CC91F0C044
:1044B000A49CF1C03C79F2C08983F3C05483F4C05A
:1044C0000F54F5C01768F6C03D4EF7C08953F8C0C9
:1044D000B152F9C03E78FAC08653FBC02952FCC0E5
:1044E0008850FDC08B4FFEC0D04F40C1567F41C1A8
:1044F000597F42C15B7F43C15C7F44C15D7F45C141
:104500005E7F46C1607F47C1637F48C1647F49C108
:10451000657F4AC1667F4BC1677F4CC16B7F4DC1D0
:104520006C7F4EC16D7F4FC16F7F50C1707F51C195
:10453000737F52C1757F53C1767F54C1777F55C158
:10454000787F56C17A7F57C17B7F58C17C7F59C124
:104550007D7F5AC17F7F5BC1807F5CC1827F5DC1EF
:10456000837F5EC1847F5FC1857F60C1867F61C1BB
:10457000877F62C1887F63C1897F64C18B7F65C18A
:104580008D7F66C18F7F67C1907F68C1917F69C150
:10459000927F6AC1937F6BC1957F6CC1967F6DC11D
:1045A000977F6EC1987F6FC1997F70C19B7F71C1EA
:1045B0009C7F72C1A07F73C1A27F74C1A37F75C1AC
:1045C000A57F76C1A67F77C1A87F78C1A97F79C171
:1045D000AA7F7AC1AB7F7BC1AC7F7CC1AD7F7DC13F
:1045E000AE7F7EC1B17F80C1B37F81C1B47F82C104
:1045F000B57F83C1B67F84C1B77F85C1BA7F86C1CD
:10460000BB7F87C1BE7F88C1C07F89C1C27F8AC18D
:10461000C37F8BC1C47F8CC1C67F8DC1C77F8EC154
:10462000C87F8FC1C97F90C1CB7F91C1CD7F92C11F
:10463000CF7F93C1D07F94C1D17F95C1D27F96C1E6
:10464000D37F97C1D67F98C1D77F99C1D97F9AC1AF
:10465000DA7F9BC1DB7F9CC1DC7F9DC1DD7F9EC17A
:10466000DE7F9FC1E27FA0C1E37FA1C1E275A2C14D
:10467000CB7AA3C1927CA4C1A56CA5C1B696A6C1F4
:104680009B52A7C18374A8C1E954A9C1E94FAAC12B
:104690005480ABC1B283ACC1DE8FADC17095AEC1E9
:1046A000C95EAFC11C60B0C19F6DB1C1185EB2C11F
:1046B0005B65B3C13881B4C1FE94B5C14B60B6C16E
:1046C000BC70B7C1C37EB8C1AE7CB9C1C951BAC153
:1046D0008168BBC1B17CBCC16F82BDC1244EBEC16B
:1046E000868FBFC1CF91C0C17E66C1C1AE4EC2C16F
:1046F000058CC3C1A964C4C14A80C5C1DA50C6C112
:104700009775C7C1CE71C8C1E55BC9C1BD8FCAC1AC
:10471000666FCBC1864ECCC18264CDC16395CEC1DC
:10472000D65ECFC19965D0C11752D1C1C288D2C15E
:10473000C870D3C1A352D4C10E73D5C13374D6C1CE
:104740009767D7C1F778D8C11697D9C1344EDAC167
:10475000BB90DBC1DE9CDCC1CB6DDDC1DB51DEC1BA
:10476000418DDFC11D54E0C1CE62E1C1B273E2C12F
:10477000F183E3C1F696E4C1849FE5C1C394E6C129
:10478000364FE7C19A7FE8C1CC51E9C17570EAC1E3
:104790007596EBC1AD5CECC18698EDC1E653EEC1F8
:1047A000E44EEFC19C6EF0C10974F1C1B469F2C16D
:1047B0006B78F3C18F99F4C15975F5C11852F6C1E0
:1047C0002476F7C1416DF8C1F367F9C16D51FAC1A3
:1047D000999FFBC14B80FCC19954FDC13C7BFEC13C
:1047E000BF7A40C2E47F41C2E77F42C2E87F43C252
:1047F000EA7F44C2EB7F45C2EC7F46C2ED7F47C2F1
:10480000EF7F48C2F27F49C2F47F4AC2F57F4BC2B4
:10481000F67F4CC2F77F4DC2F87F4EC2F97F4FC280
:10482000FA7F50C2FD7F51C2FE7F52C2FF7F53C24A
:10483000028054C2078055C2088056C2098057C200
:104840000A8058C20E8059C20F805AC211805BC2C2
:1048500013805CC21A805DC21B805EC21D805FC275
:104860001E8060C21F8061C2218062C2238063C239
:10487000248064C22B8065C22C8066C22D8067C2F2
:104880002E8068C22F8069C230806AC232806BC2BB
:1048900034806CC239806DC23A806EC23C806FC277
:1048A0003E8070C2408071C2418072C2448073C237
:1048B000458074C2478075C2488076C2498077C2FD
:1048C0004E8078C24F8079C250807AC251807BC2BC
:1048D00053807CC255807DC256807EC2578080C284
:1048E000598081C25B8082C25C8083C25D8084C249
:1048F0005E8085C25F8086C2608087C2618088C218
:10490000628089C263808AC264808BC265808CC2E7
:1049100066808DC267808EC268808FC26B8090C2B5
:104920006C8091C26D8092C26E8093C26F8094C27F
:10493000708095C2728096C2738097C2748098C24C
:10494000758099C276809AC277809BC278809CC21B
:1049500079809DC27A809EC27B809FC27C80A0C2EB
:104960007D80A1C28696A2C28457A3C2E262A4C27D
:104970004796A5C27C69A6C2045AA7C20264A8C20F
:10498000D37BA9C20F6FAAC24B96ABC2A682ACC2A0
:104990006253ADC28598AEC2905EAFC28970B0C29C
:1049A000B363B1C26453B2C24F86B3C2819CB4C276
:1049B000939EB5C28C78B6C23297B7C2EF8DB8C29B
:1049C000428DB9C27F9EBAC25E6FBBC28479BCC23F
:1049D000555FBDC24696BEC22E62BFC2749AC0C2A7
:1049E0001554C1C2DD94C2C2A34FC3C2C565C4C2BF
:1049F000655CC5C2615CC6C2157FC7C25186C8C2AC
:104A00002F6CC9C28B5FCAC28773CBC2E46ECCC2A3
:104A1000FF7ECDC2E65CCEC21B63CFC26A5BD0C252
:104A2000E66ED1C27553D2C2714ED3C2A063D4C256
:104A30006575D5C2A162D6C26E8FD7C2264FD8C2C5
:104A4000D14ED9C2A66CDAC2B67EDBC2BA8BDCC24A
:104A50001D84DDC2BA87DEC2577FDFC23B90E0C251
:104A60002395E1C2A97BE2C2A19AE3C2F888E4C21D
:104A70003D84E5C21B6DE6C2869AE7C2DC7EE8C2D1
:104A80008859E9C2BB9EEAC29B73EBC20178ECC2B3
:104A90008286EDC26C9AEEC2829AEFC21B56F0C2B9
:104AA0001754F1C2CB57F2C2704EF3C2A69EF4C2A5
:104AB0005653F5C2C88FF6C20981F7C29277F8C281
:104AC0009299F9C2EE86FAC2E16EFBC21385FCC26E
:104AD000FC66FDC26261FEC22B6F40C37E8041C393
:104AE000818042C3828043C3858044C3888045C39C
:104AF0008A8046C38D8047C38E8048C38F8049C358
:104B000090804AC391804BC392804CC394804DC324
:104B100095804EC397804FC3998050C39E8051C3E8
:104B2000A38052C3A68053C3A78054C3A88055C393
:104B3000AC8056C3B08057C3B38058C3B58059C347
:104B4000B6805AC3B8805BC3B9805CC3BB805DC309
:104B5000C5805EC3C7805FC3C88060C3C98061C3AE
:104B6000CA8062C3CB8063C3CF8064C3D08065C377
:104B7000D18066C3D28067C3D38068C3D48069C341
:104B8000D5806AC3D8806BC3DF806CC3E0806DC3FF
:104B9000E2806EC3E3806FC3E68070C3EE8071C3B2
:104BA000F58072C3F78073C3F98074C3FB8075C34B
:104BB000FE8076C3FF8077C3008178C3018179C30B
:104BC00003817AC304817BC305817CC307817DC3D4
:104BD00008817EC30B8180C30C8181C3158182C390
:104BE000178183C3198184C31B8185C31C8186C33C
:104BF0001D8187C31F8188C3208189C321818AC306
:104C000022818BC323818CC324818DC325818EC3D4
:104C100026818FC3278190C3288191C3298192C3A4
:104C20002A8193C32B8194C32D8195C32E8196C372
:104C3000308197C3338198C3348199C335819AC336
:104C400037819BC339819CC33A819DC33B819EC3FD
:104C50003C819FC33D81A0C33F81A1C3298CA2C3D6
:104C60009282A3C32B83A4C3F276A5C3136CA6C3FD
:104C7000D95FA7C3BD83A8C32B73A9C30583AAC3E8
:104C80001A95ABC3DB6BACC3DB77ADC3C694AEC3C5
:104C90006F53AFC30283B0C39251B1C33D5EB2C381
:104CA0008C8CB3C3388DB4C3484EB5C3AB73B6C395
:104CB0009A67B7C38568B8C37691B9C30997BAC371
:104CC0006471BBC3A16CBCC30977BDC3925ABEC398
:104CD0004195BFC3CF6BC0C38E7FC1C32766C2C31C
:104CE000D05BC3C3B959C4C39A5AC5C3E895C6C3F8
:104CF000F795C7C3EC4EC8C30C84C9C39984CAC313
:104D0000AC6ACBC3DF76CCC33095CDC31B73CEC3A7
:104D1000A668CFC35F5BD0C32F77D1C39A91D2C3AC
:104D20006197D3C3DC7CD4C3F78FD5C31C8CD6C3A7
:104D3000255FD7C3737CD8C3D879D9C3C589DAC3F3
:104D4000CC6CDBC31C87DCC3C65BDDC3425EDEC349
:104D5000C968DFC32077E0C3F57EE1C39551E2C3A4
:104D60004D51E3C3C952E4C3295AE5C3057FE6C3E5
:104D70006297E7C3D782E8C3CF63E9C38477EAC306
:104D8000D085EBC3D279ECC33A6EEDC3995EEEC326
:104D90009959EFC31185F0C36D70F1C3116CF2C363
:104DA000BF62F3C3BF76F4C34F65F5C3AF60F6C30C
:104DB000FD95F7C30E66F8C39F87F9C3239EFAC318
:104DC000ED94FBC30D54FCC37D54FDC32C8CFEC37A
:104DD000786440C4408141C4418142C4428143C49B
:104DE000438144C4448145C4458146C4478147C486
:104DF000498148C44D8149C44E814AC44F814BC446
:104E000052814CC456814DC457814EC458814FC401
:104E10005B8150C45C8151C45D8152C45E8153C4C6
:104E20005F8154C4618155C4628156C4638157C493
:104E3000648158C4668159C468815AC46A815BC45C
:104E40006B815CC46C815DC46F815EC472815FC420
:104E5000738160C4758161C4768162C4778163C4E3
:104E6000788164C4818165C4838166C4848167C498
:104E7000858168C4868169C487816AC489816BC45D
:104E80008B816CC48C816DC48D816EC48E816FC426
:104E9000908170C4928171C4938172C4948173C4EF
:104EA000958174C4968175C4978176C4998177C4BD
:104EB0009A8178C49E8179C49F817AC4A0817BC481
:104EC000A1817CC4A2817DC4A4817EC4A58180C44B
:104ED000A78181C4A98182C4AB8183C4AC8184C40D
:104EE000AD8185C4AE8186C4AF8187C4B08188C4DA
:104EF000B18189C4B2818AC4B4818BC4B5818CC4A8
:104F0000B6818DC4B7818EC4B8818FC4B98190C475
:104F1000BC8191C4BD8192C4BE8193C4BF8194C43D
:104F2000C48195C4C58196C4C78197C4C88198C4FB
:104F3000C98199C4CB819AC4CD819BC4CE819CC4C4
:104F4000CF819DC4D0819EC4D1819FC4D281A0C491
:104F5000D381A1C47964A2C41186A3C4216AA4C464
:104F60009C81A5C4E878A6C46964A7C4549BA8C45E
:104F7000B962A9C42B67AAC4AB83ABC4A858ACC49C
:104F8000D89EADC4AB6CAEC4206FAFC4DE5BB0C402
:104F90004C96B1C40B8CB2C45F72B3C4D067B4C4B6
:104FA000C762B5C46172B6C4A94EB7C4C659B8C405
:104FB000CD6BB9C49358BAC4AE66BBC4555EBCC40D
:104FC000DF52BDC45561BEC42867BFC4EE76C0C4FD
:104FD0006677C1C46772C2C4467AC3C4FF62C4C4E0
:104FE000EA54C5C45054C6C4A094C7C4A390C8C44E
:104FF0001C5AC9C4B37ECAC4166CCBC4434ECCC4BD
:105000007659CDC41080CEC44859CFC45753D0C4AC
:105010003775D1C4BE96D2C4CA56D3C42063D4C493
:105020001181D5C47C60D6C4F995D7C4D66DD8C4D7
:105030006254D9C48199DAC48551DBC4E95ADCC40D
:10504000FD80DDC4AE59DEC41397DFC42A50E0C42E
:10505000E56CE1C43C5CE2C4DF62E3C4604FE4C4DD
:105060003F53E5C47B81E6C40690E7C4BA6EE8C44A
:105070002B85E9C4C862EAC4745EEBC4BE78ECC494
:10508000B564EDC47B63EEC4F55FEFC4185AF0C499
:105090007F91F1C41F9EF2C43F5CF3C44F63F4C41C
:1050A0004280F5C47D5BF6C46E55F7C44A95F8C4DA
:1050B0004D95F9C4856DFAC4A860FBC4E067FCC4D3
:1050C000DE72FDC4DD51FEC4815B40C5D48141C5A3
:1050D000D58142C5D68143C5D78144C5D88145C550
:1050E000D98146C5DA8147C5DB8148C5DC8149C520
:1050F000DD814AC5DE814BC5DF814CC5E0814DC5F0
:10510000E1814EC5E2814FC5E48150C5E58151C5BD
:10511000E68152C5E88153C5E98154C5EB8155C587
:10512000EE8156C5EF8157C5F08158C5F18159C54B
:10513000F2815AC5F5815BC5F6815CC5F7815DC515
:10514000F8815EC5F9815FC5FA8160C5FD8161C5E1
:10515000FF8162C5038263C5078264C5088265C595
:10516000098266C50A8267C50B8268C50E8269C559
:105170000F826AC511826BC513826CC515826DC51D
:1051800016826EC517826FC5188270C5198271C5E7
:105190001A8272C51D8273C5208274C5248275C5AA
:1051A000258276C5268277C5278278C5298279C56A
:1051B0002E827AC532827BC53A827CC53C827DC50F
:1051C0003D827EC53F8280C5408281C5418282C5C5
:1051D000428283C5438284C5458285C5468286C591
:1051E000488287C54A8288C54C8289C54D828AC556
:1051F0004E828BC550828CC551828DC552828EC520
:1052000053828FC5548290C5558291C5568292C5EE
:10521000578293C5598294C55B8295C55C8296C5B9
:105220005D8297C55E8298C5608299C561829AC584
:1052300062829BC563829CC564829DC565829EC552
:1052400066829FC56782A0C56982A1C5E762A2C5C3
:10525000DE6CA3C55B72A4C56D62A5C5AE94A6C580
:10526000BD7EA7C51381A8C5536DA9C59C51AAC50C
:10527000045FABC57459ACC5AA52ADC51260AEC5CA
:105280007359AFC59666B0C55086B1C59F75B2C596
:105290002A63B3C5E661B4C5EF7CB5C5FA8BB6C564
:1052A000E654B7C5276BB8C5259EB9C5B46BBAC55A
:1052B000D585BBC55554BCC57650BDC5A46CBEC50F
:1052C0006A55BFC5B48DC0C52C72C1C5155EC2C5B7
:1052D0001560C3C53674C4C5CD62C5C59263C6C565
:1052E0004C72C7C5985FC8C5436EC9C53E6DCAC577
:1052F0000065CBC5586FCCC5D876CDC5D078CEC5A6
:10530000FC76CFC55475D0C52452D1C5DB53D2C568
:10531000534ED3C59E5ED4C5C165D5C52A80D6C5BA
:10532000D680D7C59B62D8C58654D9C52852DAC560
:10533000AE70DBC58D88DCC5D18DDDC5E16CDEC509
:105340007854DFC5DA80E0C5F957E1C5F488E2C5D5
:10535000548DE3C56A96E4C54D91E5C5694FE6C530
:105360009B6CE7C5B755E8C5C676E9C53078EAC590
:10537000A862EBC5F970ECC58E6FEDC56D5FEEC52B
:10538000EC84EFC5DA68F0C57C78F1C5F77BF2C52F
:10539000A881F3C50B67F4C54F9EF5C56763F6C5D5
:1053A000B078F7C56F57F8C51278F9C53997FAC5BF
:1053B0007962FBC5AB62FCC58852FDC53574FEC57C
:1053C000D76B40C66A8241C66B8242C66C8243C6B6
:1053D0006D8244C6718245C6758246C6768247C6CE
:1053E000778248C6788249C67B824AC67C824BC691
:1053F00080824CC681824DC683824EC685824FC64E
:10540000868250C6878251C6898252C68C8253C614
:10541000908254C6938255C6948256C6958257C6CA
:10542000968258C69A8259C69B825AC69E825BC68D
:10543000A0825CC6A2825DC6A3825EC6A7825FC64A
:10544000B28260C6B58261C6B68262C6BA8263C6DF
:10545000BB8264C6BC8265C6BF8266C6C08267C6A0
:10546000C28268C6C38269C6C5826AC6C6826BC666
:10547000C9826CC6D0826DC6D6826EC6D9826FC60E
:10548000DA8270C6DD8271C6E28272C6E78273C6B6
:10549000E88274C6E98275C6EA8276C6EC8277C66F
:1054A000ED8278C6EE8279C6F0827AC6F2827BC639
:1054B000F3827CC6F5827DC6F6827EC6F88280C6FF
:1054C000FA8281C6FC8282C6FD8283C6FE8284C6C1
:1054D000FF8285C6008386C60A8387C60B8388C67B
:1054E0000D8389C610838AC612838BC613838CC62C
:1054F00016838DC618838EC619838FC61D8390C6EA
:105500001E8391C61F8392C6208393C6218394C6AF
:10551000228395C6238396C6248397C6258398C67F
:10552000268399C629839AC62A839BC62E839CC646
:1055300030839DC632839EC637839FC63B83A0C6F9
:105540003D83A1C66455A2C63E81A3C6B275A4C65A
:10555000AE76A5C63953A6C6DE75A7C6FB50A8C64B
:10556000415CA9C66C8BAAC6C77BABC64F50ACC604
:105570004772ADC6979AAEC6D898AFC6026FB0C68E
:10558000E274B1C66879B2C68764B3C6A577B4C6FB
:10559000FC62B5C69198B6C62B8DB7C6C154B8C6C5
:1055A0005880B9C6524EBAC66A57BBC6F982BCC645
:1055B0000D84BDC6735EBEC6ED51BFC6F674C0C6CF
:1055C000C48BC1C64F5CC2C66157C3C6FC6CC4C69F
:1055D0008798C5C6465AC6C63478C7C6449BC8C64F
:1055E000EB8FC9C6957CCAC65652CBC65162CCC693
:1055F000FA94CDC6C64ECEC68683CFC66184D0C6C9
:10560000E983D1C6B284D2C6D457D3C63467D4C6D0
:105610000357D5C66E66D6C6666DD7C6318CD8C65A
:10562000DD66D9C61170DAC61F67DBC63A6BDCC609
:105630001668DDC61A62DEC6BB59DFC6034EE0C679
:10564000C451E1C6066FE2C6D267E3C68F6CE4C6FA
:105650007651E5C6CB68E6C64759E7C6676BE8C62C
:105660006675E9C60E5DEAC61081EBC6509FECC6B2
:10567000D765EDC64879EEC64179EFC6919AF0C676
:10568000778DF1C6825CF2C65E4EF3C6014FF4C65A
:105690002F54F5C65159F6C60C78F7C66856F8C6A9
:1056A000146CF9C6C48FFAC6035FFBC67D6CFCC6DA
:1056B000E36CFDC6AB8BFEC6906340C73E8341C71B
:1056C0003F8342C7418343C7428344C7448345C79E
:1056D000458346C7488347C74A8348C74B8349C762
:1056E0004C834AC74D834BC74E834CC753834DC72A
:1056F00055834EC756834FC7578350C7588351C7EA
:10570000598352C75D8353C7628354C7708355C79B
:10571000718356C7728357C7738358C7748359C739
:1057200075835AC776835BC779835CC77A835DC705
:105730007E835EC77F835FC7808360C7818361C7C5
:10574000828362C7838363C7848364C7878365C793
:10575000888366C78A8367C78B8368C78C8369C75A
:105760008D836AC78F836BC790836CC791836DC726
:1057700094836EC795836FC7968370C7978371C7ED
:10578000998372C79A8373C79D8374C79F8375C7B4
:10579000A18376C7A28377C7A38378C7A48379C779
:1057A000A5837AC7A6837BC7A7837CC7AC837DC745
:1057B000AD837EC7AE8380C7AF8381C7B58382C701
:1057C000BB8383C7BE8384C7BF8385C7C28386C7A5
:1057D000C38387C7C48388C7C68389C7C8838AC76A
:1057E000C9838BC7CB838CC7CD838DC7CE838EC730
:1057F000D0838FC7D18390C7D28391C7D38392C7F9
:10580000D58393C7D78394C7D98395C7DA8396C7BF
:10581000DB8397C7DE8398C7E28399C7E3839AC780
:10582000E4839BC7E6839CC7E7839DC7E8839EC745
:10583000EB839FC7EC83A0C7ED83A1C77060A2C7AD
:105840003D6DA3C77572A4C76662A5C78E94A6C72F
:10585000C594A7C74353A8C7C18FA9C77E7BAAC752
:10586000DF4EABC7268CACC77E4EADC7D49EAEC74D
:10587000B194AFC7B394B0C74D52B1C75C6FB2C754
:105880006390B3C7456DB4C7348CB5C71158B6C75C
:105890004C5DB7C7206BB8C7496BB9C7AA67BAC711
:1058A0005B54BBC75481BCC78C7FBDC79958BEC76A
:1058B0003785BFC73A5FC0C7A262C1C7476AC2C7C0
:1058C0003995C3C77265C4C78460C5C76568C6C754
:1058D000A777C7C7544EC8C7A84FC9C7E75DCAC78F
:1058E0009897CBC7AC64CCC7D87FCDC7ED5CCEC78B
:1058F000CF4FCFC78D7AD0C70752D1C70483D2C745
:10590000144ED3C72F60D4C7837AD5C7A694D6C701
:10591000B54FD7C7B24ED8C7E679D9C73474DAC7FE
:10592000E452DBC7B982DCC7D264DDC7BD79DEC70C
:10593000DD5BDFC7816CE0C75297E1C77B8FE2C7B1
:10594000226CE3C73E50E4C77F53E5C7056EE6C748
:10595000CE64E7C77466E8C7306CE9C7C560EAC7BC
:105960007798EBC7F78BECC7865EEDC73C74EEC744
:10597000777AEFC7CB79F0C7184EF1C7B190F2C76D
:105980000374F3C7426CF4C7DA56F5C74B91F6C7F8
:10599000C56CF7C78B8DF8C73A53F9C7C686FAC7E7
:1059A000F266FBC7AF8EFCC7485CFDC7719AFEC7A5
:1059B000206E40C8EE8341C8EF8342C8F38343C8DA
:1059C000F48344C8F58345C8F68346C8F78347C8BF
:1059D000FA8348C8FB8349C8FC834AC8FE834BC886
:1059E000FF834CC800844DC802844EC805844FC84C
:1059F000078450C8088451C8098452C80A8453C80F
:105A0000108454C8128455C8138456C8148457C8C7
:105A1000158458C8168459C817845AC819845BC895
:105A20001A845CC81B845DC81E845EC81F845FC85E
:105A3000208460C8218461C8228462C8238463C82A
:105A4000298464C82A8465C82B8466C82C8467C8E6
:105A50002D8468C82E8469C82F846AC830846BC8B6
:105A600032846CC833846DC834846EC835846FC882
:105A7000368470C8378471C8398472C83A8473C850
:105A80003B8474C83E8475C83F8476C8408477C818
:105A9000418478C8428479C843847AC844847BC8E6
:105AA00045847CC847847DC848847EC8498480C8B2
:105AB0004A8481C84B8482C84C8483C84D8484C87E
:105AC0004E8485C84F8486C8508487C8528488C84D
:105AD000538489C854848AC855848BC856848CC81A
:105AE00058848DC85D848EC85E848FC85F8490C8DA
:105AF000608491C8628492C8648493C8658494C8A1
:105B0000668495C8678496C8688497C86A8498C86C
:105B10006E8499C86F849AC870849BC872849CC82C
:105B200074849DC877849EC879849FC87B84A0C8EC
:105B30007C84A1C8D653A2C8365AA3C88B9FA4C8D8
:105B4000A38DA5C8BB53A6C80857A7C8A798A8C8BF
:105B50004367A9C89B91AAC8C96CABC86851ACC8B7
:105B6000CA75ADC8F362AEC8AC72AFC83852B0C81F
:105B70009D52B1C83A7FB2C89470B3C83876B4C8E1
:105B80007453B5C84A9EB6C8B769B7C86E78B8C866
:105B9000C096B9C8D988BAC8A47FBBC83671BCC87A
:105BA000C371BDC88951BEC8D367BFC8E474C0C83B
:105BB000E458C1C81865C2C8B756C3C8A98BC4C8C1
:105BC0007699C5C87062C6C8D57EC7C8F960C8C80E
:105BD000ED70C9C8EC58CAC8C14ECBC8BA4ECCC8C3
:105BE000CD5FCDC8E797CEC8FB4ECFC8A48BD0C839
:105BF0000352D1C88A59D2C8AB7ED3C85462D4C824
:105C0000CD4ED5C8E565D6C80E62D7C83883D8C88A
:105C1000C984D9C86383DAC88D87DBC89471DCC8AE
:105C2000B66EDDC8B95BDEC8D27EDFC89751E0C86A
:105C3000C963E1C8D467E2C88980E3C83983E4C88E
:105C40001588E5C81251E6C87A5BE7C88259E8C8EA
:105C5000B18FE9C8734EEAC85D6CEBC86551ECC8FA
:105C60002589EDC86F8FEEC82E96EFC84A85F0C81B
:105C70005E74F1C81095F2C8F095F3C8A66DF4C82B
:105C8000E582F5C8315FF6C89264F7C8126DF8C8AE
:105C90002884F9C86E81FAC8C39CFBC85E58FCC84A
:105CA0005B8DFDC8094EFEC8C15340C97D8441C902
:105CB0007E8442C97F8443C9808444C9818445C9A4
:105CC000838446C9848447C9858448C9868449C970
:105CD0008A844AC98D844BC98F844CC990844DC92C
:105CE00091844EC992844FC9938450C9948451C9F8
:105CF000958452C9968453C9988454C99A8455C9C5
:105D00009B8456C99D8457C99E8458C99F8459C98C
:105D1000A0845AC9A2845BC9A3845CC9A4845DC958
:105D2000A5845EC9A6845FC9A78460C9A88461C927
:105D3000A98462C9AA8463C9AB8464C9AC8465C9F7
:105D4000AD8466C9AE8467C9B08468C9B18469C9C5
:105D5000B3846AC9B5846BC9B6846CC9B7846DC98C
:105D6000BB846EC9BC846FC9BE8470C9C08471C94C
:105D7000C28472C9C38473C9C58474C9C68475C911
:105D8000C78476C9C88477C9CB8478C9CC8479C9DB
:105D9000CE847AC9CF847BC9D2847CC9D4847DC99E
:105DA000D5847EC9D78480C9D88481C9D98482C961
:105DB000DA8483C9DB8484C9DC8485C9DE8486C92E
:105DC000E18487C9E28488C9E48489C9E7848AC9EF
:105DD000E8848BC9E9848CC9EA848DC9EB848EC9B7
:105DE000ED848FC9EE8490C9EF8491C9F18492C982
:105DF000F28493C9F38494C9F48495C9F58496C94F
:105E0000F68497C9F78498C9F88499C9F9849AC91E
:105E1000FA849BC9FB849CC9FD849DC9FE849EC9EC
:105E200000859FC90185A0C90285A1C91E4FA2C9CD
:105E30006365A3C95168A4C9D355A5C9274EA6C98E
:105E40001464A7C99A9AA8C96B62A9C9C25AAAC9F7
:105E50005F74ABC97282ACC9A96DADC9EE68AEC939
:105E6000E750AFC98E83B0C90278B1C94067B2C9E3
:105E70003952B3C9996CB4C9B17EB5C9BB50B6C962
:105E80006555B7C95E71B8C95B7BB9C95266BAC9F5
:105E9000CA73BBC9EB82BCC94967BDC9715CBEC9C5
:105EA0002052BFC97D71C0C96B88C1C9EA95C2C9FA
:105EB0005596C3C9C564C4C9618DC5C9B381C6C976
:105EC0008455C7C9556CC8C94762C9C92E7FCAC99C
:105ED0009258CBC9244FCCC94655CDC94F8DCEC998
:105EE0004C66CFC90A4ED0C91A5CD1C9F388D2C951
:105EF000A268D3C94E63D4C90D7AD5C9E770D6C993
:105F00008D82D7C9FA52D8C9F697D9C9115CDAC9B6
:105F1000E854DBC9B590DCC9CD7EDDC96259DEC964
:105F20004A8DDFC9C786E0C90C82E1C90D82E2C98A
:105F3000668DE3C94464E4C9045CE5C95161E6C9FE
:105F4000896DE7C93E79E8C9BE8BE9C93778EAC9E6
:105F50003375EBC97B54ECC9384FEDC9AB8EEEC934
:105F6000F16DEFC9205AF0C9C57EF1C95E79F2C959
:105F7000886CF3C9A15BF4C9765AF5C91A75F6C9DC
:105F8000BE80F7C94E61F8C9176EF9C9F058FAC951
:105F90001F75FBC92575FCC97272FDC94753FEC93F
:105FA000F37E40CA038541CA048542CA058543CAB7
:105FB000068544CA078545CA088546CA098547CA71
:105FC0000A8548CA0B8549CA0D854ACA0E854BCA3F
:105FD0000F854CCA10854DCA12854ECA14854FCA0A
:105FE000158550CA168551CA188552CA198553CAD3
:105FF0001B8554CA1C8555CA1D8556CA1E8557CA9D
:10600000208558CA228559CA23855ACA24855BCA65
:1060100025855CCA26855DCA27855ECA28855FCA34
:10602000298560CA2A8561CA2D8562CA2E8563CA00
:106030002F8564CA308565CA318566CA328567CACC
:10604000338568CA348569CA35856ACA36856BCA9C
:106050003E856CCA3F856DCA40856ECA41856FCA50
:10606000428570CA448571CA458572CA468573CA1D
:10607000478574CA4B8575CA4C8576CA4D8577CAE3
:106080004E8578CA4F8579CA50857ACA51857BCAB0
:1060900052857CCA53857DCA54857ECA558580CA7F
:1060A000578581CA588582CA5A8583CA5B8584CA46
:1060B0005C8585CA5D8586CA5F8587CA608588CA12
:1060C000618589CA62858ACA63858BCA65858CCADF
:1060D00066858DCA67858ECA69858FCA6A8590CAAA
:1060E0006B8591CA6C8592CA6D8593CA6E8594CA78
:1060F0006F8595CA708596CA718597CA738598CA47
:10610000758599CA76859ACA77859BCA78859CCA0F
:106110007C859DCA7D859ECA7F859FCA8085A0CAD1
:106120008185A1CA0177A2CADB76A3CA6952A4CA33
:10613000DC80A5CA2357A6CA085EA7CA3159A8CAD7
:10614000EE72A9CABD65AACA7F6EABCAD78BACCAAC
:10615000385CADCA7186AECA4153AFCAF377B0CAD4
:10616000FE62B1CAF665B2CAC04EB3CADF98B4CAFD
:106170008086B5CA9E5BB6CAC68BB7CAF253B8CA88
:10618000E277B9CA7F4FBACA4E5CBBCA769ABCCA1C
:10619000CB59BDCA0F5FBECA3A79BFCAEB58C0CA55
:1061A000164EC1CAFF67C2CA8B4EC3CAED62C4CACB
:1061B000938AC5CA1D90C6CABF52C7CA2F66C8CA2D
:1061C000DC55C9CA6C56CACA0290CBCAD54ECCCAD5
:1061D0008D4FCDCACA91CECA7099CFCA0F6CD0CAA2
:1061E000025ED1CA4360D2CAA45BD3CAC689D4CAEC
:1061F000D58BD5CA3665D6CA4B62D7CA9699D8CA46
:10620000885BD9CAFF5BDACA8863DBCA2E55DCCA51
:10621000D753DDCA2676DECA7D51DFCA2C85E0CA97
:10622000A267E1CAB368E2CA8A6BE3CA9262E4CAAF
:10623000938FE5CAD453E6CA1282E7CAD16DE8CA81
:106240008F75E9CA664EEACA4E8DEBCA705BECCA1E
:106250009F71EDCAAF85EECA9166EFCAD966F0CAE2
:10626000727FF1CA0087F2CACD9EF3CA209FF4CA9A
:106270005E5CF5CA2F67F6CAF08FF7CA1168F8CAD4
:106280005F67F9CA0D62FACAD67AFBCA8558FCCA9A
:10629000B65EFDCA7065FECA316F40CB828541CBC8
:1062A000838542CB868543CB888544CB898545CB86
:1062B0008A8546CB8B8547CB8C8548CB8D8549CB52
:1062C0008E854ACB90854BCB91854CCB92854DCB1F
:1062D00093854ECB94854FCB958550CB968551CBEE
:1062E000978552CB988553CB998554CB9A8555CBBE
:1062F0009D8556CB9E8557CB9F8558CBA08559CB86
:10630000A1855ACBA2855BCBA3855CCBA5855DCB54
:10631000A6855ECBA7855FCBA98560CBAB8561CB1E
:10632000AC8562CBAD8563CBB18564CBB28565CBE3
:10633000B38566CBB48567CBB58568CBB68569CBAD
:10634000B8856ACBBA856BCBBB856CCBBC856DCB76
:10635000BD856ECBBE856FCBBF8570CBC08571CB45
:10636000C28572CBC38573CBC48574CBC58575CB11
:10637000C68576CBC78577CBC88578CBCA8579CBE0
:10638000CB857ACBCC857BCBCD857CCBCE857DCBAD
:10639000D1857ECBD28580CBD48581CBD68582CB6F
:1063A000D78583CBD88584CBD98585CBDA8586CB39
:1063B000DB8587CBDD8588CBDE8589CBDF858ACB06
:1063C000E0858BCBE1858CCBE2858DCBE3858ECBD5
:1063D000E5858FCBE68590CBE78591CBE88592CBA1
:1063E000EA8593CBEB8594CBEC8595CBED8596CB6D
:1063F000EE8597CBEF8598CBF08599CBF1859ACB3D
:10640000F2859BCBF3859CCBF4859DCBF5859ECB0C
:10641000F6859FCBF785A0CBF885A1CB5560A2CBA5
:106420003752A3CB0D80A4CB5464A5CB7088A6CBE8
:106430002975A7CB055EA8CB1368A9CBF462AACBBC
:106440001C97ABCBCC53ACCB3D72ADCB018CAECB60
:10645000346CAFCB6177B0CB0E7AB1CB2E54B2CBCC
:10646000AC77B3CB7A98B4CB1C82B5CBF48BB6CBDC
:106470005578B7CB1467B8CBC170B9CBAF65BACB81
:106480009564BBCB3656BCCB1D60BDCBC179BECBB2
:10649000F853BFCB1D4EC0CB7B6BC1CB8680C2CB2C
:1064A000FA5BC3CBE355C4CBDB56C5CB3A4FC6CB67
:1064B0003C4FC7CB7299C8CBF35DC9CB7E67CACBC3
:1064C0003880CBCB0260CCCB8298CDCB0190CECBA9
:1064D0008B5BCFCBBC8BD0CBF58BD1CB1C64D2CB21
:1064E0005882D3CBDE64D4CBFD55D5CBCF82D6CB6F
:1064F0006591D7CBD74FD8CB207DD9CB1F90DACBA6
:106500009F7CDBCBF350DCCB5158DDCBAF6EDECBC9
:10651000BF5BDFCBC98BE0CB8380E1CB7891E2CB53
:106520009C84E3CB977BE4CB7D86E5CB8B96E6CB57
:106530008F96E7CBE57EE8CBD39AE9CB8E78EACB92
:10654000815CEBCB577AECCB4290EDCBA796EECBB0
:106550005F79EFCB595BF0CB5F63F1CB0B7BF2CB79
:10656000D184F3CBAD68F4CB0655F5CB297FF6CBC0
:106570001074F7CB227DF8CB0195F9CB4062FACBB2
:106580004C58FBCBD64EFCCB835BFDCB7959FECB75
:10659000545840CCF98541CCFA8542CCFC8543CC9B
:1065A000FD8544CCFE8545CC008646CC018647CC93
:1065B000028648CC038649CC04864ACC06864BCC5E
:1065C00007864CCC08864DCC09864ECC0A864FCC2B
:1065D0000B8650CC0C8651CC0D8652CC0E8653CCFB
:1065E0000F8654CC108655CC128656CC138657CCC9
:1065F000148658CC158659CC17865ACC18865BCC95
:1066000019865CCC1A865DCC1B865ECC1C865FCC62
:106610001D8660CC1E8661CC1F8662CC208663CC32
:10662000218664CC228665CC238666CC248667CC02
:10663000258668CC268669CC28866ACC2A866BCCCF
:106640002B866CCC2C866DCC2D866ECC2E866FCC9A
:106650002F8670CC308671CC318672CC328673CC6A
:10666000338674CC348675CC358676CC368677CC3A
:10667000378678CC398679CC3A867ACC3B867BCC07
:106680003D867CCC3E867DCC3F867ECC408680CCD1
:10669000418681CC428682CC438683CC448684CC9E
:1066A000458685CC468686CC478687CC488688CC6E
:1066B000498689CC4A868ACC4B868BCC4C868CCC3E
:1066C00052868DCC53868ECC55868FCC568690CCF8
:1066D000578691CC588692CC598693CC5B8694CCC5
:1066E0005C8695CC5D8696CC5F8697CC608698CC90
:1066F000618699CC63869ACC64869BCC65869CCC5B
:1067000066869DCC67869ECC68869FCC6986A0CC29
:106710006A86A1CC6D73A2CC1E63A3CC4B8EA4CC95
:106720000F8EA5CCCE80A6CCD482A7CCAC62A8CC50
:10673000F053A9CCF06CAACC5E91ABCC2A59ACCC6E
:106740000160ADCC706CAECC4D57AFCC4A64B0CCD0
:106750002A8DB1CC2B76B2CCE96EB3CC5B57B4CCDE
:10676000806AB5CCF075B6CC6D6FB7CC2D8CB8CC3B
:10677000088CB9CC6657BACCEF6BBBCC9288BCCC3A
:10678000B378BDCCA263BECCF953BFCCAD70C0CC46
:10679000646CC1CC5858C2CC2A64C3CC0258C4CC57
:1067A000E068C5CC9B81C6CC1055C7CCD67CC8CC84
:1067B0001850C9CCBA8ECACCCC6DCBCC9F8DCCCC6A
:1067C000EB70CDCC8F63CECC9B6DCFCCD46ED0CCC8
:1067D000E67ED1CC0484D2CC4368D3CC0390D4CC15
:1067E000D86DD5CC7696D6CCA88BD7CC5759D8CCEB
:1067F0007972D9CCE485DACC7E81DBCCBC75DCCC7B
:106800008A8ADDCCAF68DECC5452DFCC228EE0CC5D
:106810001195E1CCD063E2CC9898E3CC448EE4CCE3
:106820007C55E5CC534FE6CCFF66E7CC8F56E8CCE1
:10683000D560E9CC956DEACC4352EBCC495CECCC0D
:106840002959EDCCFB6DEECC6B58EFCC3075F0CC0C
:106850001C75F1CC6C60F2CC1482F3CC4681F4CC84
:106860001163F5CC6167F6CCE28FF7CC3A77F8CCC0
:10687000F38DF9CC348DFACCC194FBCC165EFCCCF4
:106880008553FDCC2C54FECCC37040CD6D8641CDDC
:106890006F8642CD708643CD728644CD738645CDDA
:1068A000748646CD758647CD768648CD778649CDA8
:1068B00078864ACD83864BCD84864CCD85864DCD5A
:1068C00086864ECD87864FCD888650CD898651CD20
:1068D0008E8652CD8F8653CD908654CD918655CDE0
:1068E000928656CD948657CD968658CD978659CDAB
:1068F00098865ACD99865BCD9A865CCD9B865DCD78
:106900009E865ECD9F865FCDA08660CDA18661CD3F
:10691000A28662CDA58663CDA68664CDAB8665CD05
:10692000AD8666CDAE8667CDB28668CDB38669CDBD
:10693000B7866ACDB8866BCDB9866CCDBB866DCD7A
:10694000BC866ECDBD866FCDBE8670CDBF8671CD47
:10695000C18672CDC28673CDC38674CDC58675CD12
:10696000C88676CDCC8677CDCD8678CDD28679CDCA
:10697000D3867ACDD5867BCDD6867CCDD7867DCD88
:10698000DA867ECDDC8680CDDD8681CDE08682CD47
:10699000E18683CDE28684CDE38685CDE58686CD0E
:1069A000E68687CDE78688CDE88689CDEA868ACDDA
:1069B000EB868BCDEC868CCDEF868DCDF5868ECD9E
:1069C000F6868FCDF78690CDFA8691CDFB8692CD57
:1069D000FC8693CDFD8694CDFF8695CD018796CD1F
:1069E000048797CD058798CD068799CD0B879ACDDB
:1069F0000C879BCD0E879CCD0F879DCD10879ECD9C
:106A000011879FCD1487A0CD1687A1CD406CA2CD54
:106A1000F75EA3CD5C50A4CDAD4EA5CDAD5EA6CDA9
:106A20003A63A7CD4782A8CD1A90A9CD5068AACDC8
:106A30006E91ABCDB377ACCD0C54ADCDDC94AECD77
:106A4000645FAFCDE57AB0CD7668B1CD4563B2CDA8
:106A5000527BB3CDDF7EB4CDDB75B5CD7750B6CDEF
:106A60009562B7CD3459B8CD0F90B9CDF851BACDA4
:106A7000C379BBCD817ABCCDFE56BDCD925FBECD74
:106A80001490BFCD826DC0CD605CC1CD1F57C2CD0B
:106A90001054C3CD5451C4CD4D6EC5CDE256C6CDB4
:106AA000A863C7CD9398C8CD7F81C9CD1587CACDBE
:106AB0002A89CBCD0090CCCD1E54CDCD6F5CCECDF0
:106AC000C081CFCDD662D0CD5862D1CD3181D2CD6B
:106AD000359ED3CD4096D4CD6E9AD5CD7C9AD6CD69
:106AE0002D69D7CDA559D8CDD362D9CD3E55DACDB4
:106AF0001663DBCDC754DCCDD986DDCD3C6DDECD54
:106B0000035ADFCDE674E0CD9C88E1CD6A6BE2CD1F
:106B10001659E3CD4C8CE4CD2F5FE5CD7E6EE6CDEE
:106B2000A973E7CD7D98E8CD384EE9CDF770EACD71
:106B30008C5BEBCD9778ECCD3D63EDCD5A66EECD19
:106B40009676EFCDCB60F0CD9B5BF1CD495AF2CD7F
:106B5000074EF3CD5581F4CD6A6CF5CD8B73F6CD30
:106B6000A14EF7CD8967F8CD517FF9CD805FFACD81
:106B7000FA65FBCD1B67FCCDD85FFDCD8459FECDFA
:106B8000015A40CE198741CE1B8742CE1D8743CE86
:106B90001F8744CE208745CE248746CE268747CE02
:106BA000278748CE288749CE2A874ACE2B874BCEC7
:106BB0002C874CCE2D874DCE2F874ECE30874FCE93
:106BC000328750CE338751CE358752CE368753CE5B
:106BD000388754CE398755CE3A8756CE3C8757CE24
:106BE0003D8758CE408759CE41875ACE42875BCEEB
:106BF00043875CCE44875DCE45875ECE46875FCEB9
:106C00004A8760CE4B8761CE4D8762CE4F8763CE79
:106C1000508764CE518765CE528766CE548767CE43
:106C2000558768CE568769CE58876ACE5A876BCE0D
:106C30005B876CCE5C876DCE5D876ECE5E876FCED8
:106C40005F8770CE618771CE628772CE668773CEA2
:106C5000678774CE688775CE698776CE6A8777CE68
:106C60006B8778CE6C8779CE6D877ACE6F877BCE37
:106C700071877CCE72877DCE73877ECE758780CEFE
:106C8000778781CE788782CE798783CE7A8784CEC4
:106C90007F8785CE808786CE818787CE848788CE82
:106CA000868789CE87878ACE89878BCE8A878CCE46
:106CB0008C878DCE8E878ECE8F878FCE908790CE0D
:106CC000918791CE928792CE948793CE958794CEDA
:106CD000968795CE988796CE998797CE9A8798CEA5
:106CE0009B8799CE9C879ACE9D879BCE9E879CCE74
:106CF000A0879DCEA1879ECEA2879FCEA387A0CE40
:106D0000A487A1CECD5DA2CEAE5FA3CE7153A4CE9B
:106D1000E697A5CEDD8FA6CE4568A7CEF456A8CEC1
:106D20002F55A9CEDF60AACE3A4EABCE4D6FACCE7A
:106D3000F47EADCEC782AECE0E84AFCED459B0CEE7
:106D40001F4FB1CE2A4FB2CE3E5CB3CEAC7EB4CE96
:106D50002A67B5CE1A85B6CE7354B7CE4F75B8CE66
:106D6000C380B9CE8255BACE4F9BBBCE4D4FBCCE61
:106D70002D6EBDCE138CBECE095CBFCE7061C0CE71
:106D80006B53C1CE1F76C2CE296EC3CE8A86C4CEC7
:106D90008765C5CEFB95C6CEB97EC7CE3B54C8CE5F
:106DA000337AC9CE0A7DCACEEE95CBCEE155CCCE94
:106DB000C17FCDCEEE74CECE1D63CFCE1787D0CEA1
:106DC000A16DD1CE9D7AD2CE1162D3CEA165D4CEA3
:106DD0006753D5CEE163D6CE836CD7CEEB5DD8CEEC
:106DE0005C54D9CEA894DACE4C4EDBCE616CDCCEAE
:106DF000EC8BDDCE4B5CDECEE065DFCE9C82E0CE60
:106E0000A768E1CE3E54E2CE3454E3CECB6BE4CE61
:106E1000666BE5CE944EE6CE4263E7CE4853E8CEAD
:106E20001E82E9CE0D4FEACEAE4FEBCE5E57ECCED2
:106E30000A62EDCEFE96EECE6466EFCE6972F0CEBB
:106E4000FF52F1CEA152F2CE9F60F3CEEF8BF4CE83
:106E50001466F5CE9971F6CE9067F7CE7F89F8CE9D
:106E60005278F9CEFD77FACE7066FBCE3B56FCCE5B
:106E70003854FDCE2195FECE7A7240CFA58741CF02
:106E8000A68742CFA78743CFA98744CFAA8745CFFC
:106E9000AE8746CFB08747CFB18748CFB28749CFBB
:106EA000B4874ACFB6874BCFB7874CCFB8874DCF83
:106EB000B9874ECFBB874FCFBC8750CFBE8751CF4E
:106EC000BF8752CFC18753CFC28754CFC38755CF17
:106ED000C48756CFC58757CFC78758CFC88759CFE4
:106EE000C9875ACFCC875BCFCD875CCFCE875DCFAC
:106EF000CF875ECFD0875FCFD48760CFD58761CF74
:106F0000D68762CFD78763CFD88764CFD98765CF3D
:106F1000DA8766CFDC8767CFDD8768CFDE8769CF0A
:106F2000DF876ACFE1876BCFE2876CCFE3876DCFD6
:106F3000E4876ECFE6876FCFE78770CFE88771CFA2
:106F4000E98772CFEB8773CFEC8774CFED8775CF6E
:106F5000EF8776CFF08777CFF18778CFF28779CF39
:106F6000F3877ACFF4877BCFF5877CCFF6877DCF09
:106F7000F7877ECFF88780CFFA8781CFFB8782CFD4
:106F8000FC8783CFFD8784CFFF8785CF008886CF9E
:106F9000018887CF028888CF048889CF05888ACF67
:106FA00006888BCF07888CCF08888DCF09888ECF35
:106FB0000B888FCF0C8890CF0D8891CF0E8892CF01
:106FC0000F8893CF108894CF118895CF128896CFD1
:106FD000148897CF178898CF188899CF19889ACF97
:106FE0001A889BCF1C889CCF1D889DCF1E889ECF62
:106FF0001F889FCF2088A0CF2388A1CF007AA2CF5F
:107000006F60A3CF0C5EA4CF8960A5CF9D81A6CF72
:107010001559A7CFDC60A8CF8471A9CFEF70AACF94
:10702000AA6EABCF506CACCF8072ADCF846AAECFBE
:10703000AD88AFCF2D5EB0CF604EB1CFB35AB2CFD7
:107040009C55B3CFE394B4CF176DB5CFFB7CB6CFCF
:107050009996B7CF0F62B8CFC67EB9CF8E77BACF29
:107060007E86BBCF2353BCCF1E97BDCF968FBECF9E
:107070008766BFCFE15CC0CFA04FC1CFED72C2CF5A
:107080000B4EC3CFA653C4CF0F59C5CF1354C6CF91
:107090008063C7CF2895C8CF4851C9CFD94ECACF32
:1070A0009C9CCBCFA47ECCCFB854CDCF248DCECF5B
:1070B0005488CFCF3782D0CFF295D1CF8E6DD2CF3B
:1070C000265FD3CFCC5AD4CF3E66D5CF6996D6CFE4
:1070D000B073D7CF2E73D8CFBF53D9CF7A81DACF41
:1070E0008599DBCFA17FDCCFAA5BDDCF7796DECFA2
:1070F0005096DFCFBF7EE0CFF876E1CFA253E2CF4C
:107100007695E3CF9999E4CFB17BE5CF4489E6CF7B
:10711000586EE7CF614EE8CFD47FE9CF6579EACFEB
:10712000E68BEBCFF360ECCFCD54EDCFAB4EEECF93
:107130007998EFCFF75DF0CF616AF1CFCF50F2CF02
:107140001154F3CF618CF4CF2784F5CF5D78F6CF5F
:107150000497F7CF4A52F8CFEE54F9CFA356FACF9F
:107160000095FBCF886DFCCFB55BFDCFC66DFECF24
:10717000536640D0248841D0258842D0268843D009
:10718000278844D0288845D0298846D02A8847D0E7
:107190002B8848D02C8849D02D884AD02E884BD0B7
:1071A0002F884CD030884DD031884ED033884FD086
:1071B000348850D0358851D0368852D0378853D053
:1071C000388854D03A8855D03B8856D03D8857D01F
:1071D0003E8858D03F8859D041885AD042885BD0E9
:1071E00043885CD046885DD047885ED048885FD0B1
:1071F000498860D04A8861D04B8862D04E8863D07D
:107200004F8864D0508865D0518866D0528867D046
:10721000538868D0558869D056886AD058886BD012
:107220005A886CD05B886DD05C886ED05D886FD0DA
:107230005E8870D05F8871D0608872D0668873D0A5
:10724000678874D06A8875D06D8876D06F8877D05B
:10725000718878D0738879D074887AD075887BD01B
:1072600076887CD078887DD079887ED07A8880D0E6
:107270007B8881D07C8882D0808883D0838884D0AA
:10728000868885D0878886D0898887D08A8888D064
:107290008C8889D08E888AD08F888BD090888CD02B
:1072A00091888DD093888ED094888FD0958890D0F7
:1072B000978891D0988892D0998893D09A8894D0C2
:1072C0009B8895D09D8896D09E8897D09F8898D08F
:1072D000A08899D0A1889AD0A3889BD0A5889CD05B
:1072E000A6889DD0A7889ED0A8889FD0A988A0D026
:1072F000AA88A1D00F5CA2D05D5BA3D02168A4D0E6
:107300009680A5D07855A6D0117BA7D04865A8D087
:107310005469A9D09B4EAAD0476BABD04E87ACD056
:107320008B97ADD04F53AED01F63AFD03A64B0D07F
:10733000AA90B1D09C65B2D0C180B3D0108CB4D02B
:107340009951B5D0B068B6D07853B7D0F987B8D0D6
:10735000C861B9D0C46CBAD0FB6CBBD0228CBCD095
:10736000515CBDD0AA85BED0AF82BFD00C95C0D035
:10737000236BC1D09B8FC2D0B065C3D0FB5FC4D09C
:10738000C35FC5D0E14FC6D04588C7D01F66C8D0FF
:107390006581C9D02973CAD0FA60CBD07451CCD0E2
:1073A0001152CDD08B57CED0625FCFD0A290D0D02B
:1073B0004C88D1D09291D2D0785ED3D04F67D4D0C0
:1073C0002760D5D0D359D6D04451D7D0F651D8D094
:1073D000F880D9D00853DAD0796CDBD0C496DCD0F1
:1073E0008A71DDD0114FDED0EE4FDFD09E7FE0D02E
:1073F0003D67E1D0C555E2D00895E3D0C079E4D02F
:107400009688E5D0E37EE6D09F58E7D00C62E8D0BE
:107410000097E9D05A86EAD01856EBD07B98ECD08A
:10742000905FEDD0B88BEED0C484EFD05791F0D000
:10743000D953F1D0ED65F2D08F5EF3D05C75F4D006
:107440006460F5D06E7DF6D07F5AF7D0EA7EF8D032
:10745000ED7EF9D0698FFAD0A755FBD0A35BFCD0A5
:10746000AC60FDD0CB65FED0847340D1AC8841D1F7
:10747000AE8842D1AF8843D1B08844D1B28845D1DB
:10748000B38846D1B48847D1B58848D1B68849D1A8
:10749000B8884AD1B9884BD1BA884CD1BB884DD174
:1074A000BD884ED1BE884FD1BF8850D1C08851D140
:1074B000C38852D1C48853D1C78854D1C88855D104
:1074C000CA8856D1CB8857D1CC8858D1CD8859D1CC
:1074D000CF885AD1D0885BD1D1885CD1D3885DD197
:1074E000D6885ED1D7885FD1DA8860D1DB8861D158
:1074F000DC8862D1DD8863D1DE8864D1E08865D123
:10750000E18866D1E68867D1E78868D1E98869D1E2
:10751000EA886AD1EB886BD1EC886CD1ED886DD1AB
:10752000EE886ED1EF886FD1F28870D1F58871D175
:10753000F68872D1F78873D1FA8874D1FB8875D137
:10754000FD8876D1FF8877D1008978D1018979D1FA
:1075500003897AD104897BD105897CD106897DD1C3
:1075600007897ED1088980D1098981D10B8982D18F
:107570000C8983D10D8984D10E8985D10F8986D15B
:10758000118987D1148988D1158989D116898AD121
:1075900017898BD118898CD11C898DD11D898ED1E9
:1075A0001E898FD11F8990D1208991D1228992D1B2
:1075B000238993D1248994D1268995D1278996D17D
:1075C000288997D1298998D12C8999D12D899AD147
:1075D0002E899BD12F899CD131899DD132899ED111
:1075E00033899FD13589A0D13789A1D10990A2D102
:1075F0006376A3D12977A4D1DA7EA5D17497A6D1D9
:107600009B85A7D1665BA8D1747AA9D1EA96AAD145
:107610004088ABD1CB52ACD18F71ADD1AA5FAED186
:10762000EC65AFD1E28BB0D1FB5BB1D16F9AB2D137
:10763000E15DB3D1896BB4D15B6CB5D1AD8BB6D103
:10764000AF8BB7D10A90B8D1C58FB9D18B53BAD10E
:10765000BC62BBD1269EBCD12D9EBDD14054BED1B3
:107660002B4EBFD1BD82C0D15972C1D19C86C2D12F
:10767000165DC3D15988C4D1AF6DC5D1C596C6D1E9
:10768000D154C7D19A4EC8D1B68BC9D10971CAD1CC
:10769000BD54CBD10996CCD1DF70CDD1F96DCED10F
:1076A000D076CFD1254ED0D11478D1D11287D2D176
:1076B000A95CD3D1F65ED4D1008AD5D19C98D6D11D
:1076C0000E96D7D18E70D8D1BF6CD9D14459DAD1AA
:1076D000A963DBD13C77DCD14D88DDD1146FDED1DD
:1076E0007382DFD13058E0D1D571E1D18C53E2D132
:1076F0001A78E3D1C196E4D10155E5D1665FE6D1B0
:107700003071E7D1B45BE8D11A8CE9D18C9AEAD117
:10771000836BEBD12E59ECD12F9EEDD1E779EED1D1
:107720006867EFD16C62F0D16F4FF1D1A175F2D1E2
:107730008A7FF3D10B6DF4D13396F5D1276CF6D156
:10774000F04EF7D1D275F8D17B51F9D13768FAD123
:107750003E6FFBD18090FCD17081FDD19659FED156
:10776000767440D2388941D2398942D23A8943D29B
:107770003B8944D23C8945D23D8946D23E8947D295
:107780003F8948D2408949D242894AD243894BD263
:1077900045894CD246894DD247894ED248894FD22D
:1077A000498950D24A8951D24B8952D24C8953D2FD
:1077B0004D8954D24E8955D24F8956D2508957D2CD
:1077C000518958D2528959D253895AD254895BD29D
:1077D00055895CD256895DD257895ED258895FD26D
:1077E000598960D25A8961D25B8962D25C8963D23D
:1077F0005D8964D2608965D2618966D2628967D207
:10780000638968D2648969D265896AD267896BD2D3
:1078100068896CD269896DD26A896ED26B896FD2A0
:107820006C8970D26D8971D26E8972D26F8973D270
:10783000708974D2718975D2728976D2738977D240
:10784000748978D2758979D276897AD277897BD210
:1078500078897CD279897DD27A897ED27C8980D2DE
:107860007D8981D27E8982D2808983D2828984D2A5
:10787000848985D2858986D2878987D2888988D26A
:10788000898989D28A898AD28B898BD28C898CD238
:107890008D898DD28E898ED28F898FD2908990D208
:1078A000918991D2928992D2938993D2948994D2D8
:1078B000958995D2968996D2978997D2988998D2A8
:1078C000998999D29A899AD29B899BD29C899CD278
:1078D0009D899DD29E899ED29F899FD2A089A0D248
:1078E000A189A1D24764A2D2275CA3D26590A4D279
:1078F000917AA5D2238CA6D2DA59A7D2AC54A8D2B9
:107900000082A9D26F83AAD28189ABD20080ACD287
:107910003069ADD24E56AED23680AFD23772B0D2C9
:10792000CE91B1D2B651B2D25F4EB3D27598B4D225
:107930009663B5D21A4EB6D2F653B7D2F366B8D222
:107940004B81B9D21C59BAD2B26DBBD2004EBCD257
:10795000F958BDD23B53BED2D663BFD2F194C0D248
:107960009D4FC1D20A4FC2D26388C3D29098C4D26D
:107970003759C5D25790C6D2FB79C7D2EA4EC8D282
:10798000F080C9D29175CAD2826CCBD29C5BCCD22A
:10799000E859CDD25D5FCED20569CFD28186D0D2F3
:1079A0001A50D1D2F25DD2D2594ED3D2E377D4D28B
:1079B000E54ED5D27A82D6D29162D7D21366D8D28A
:1079C0009190D9D2795CDAD2BF4EDBD2795FDCD22A
:1079D000C681DDD23890DED28480DFD2AB75E0D2B2
:1079E000A64EE1D2D488E2D20F61E3D2C56BE4D2D5
:1079F000C65FE5D2494EE6D2CA76E7D2A26EE8D299
:107A0000E38BE9D2AE8BEAD20A8CEBD2D18BECD2EB
:107A1000025FEDD2FC7FEED2CC7FEFD2CE7EF0D2F1
:107A20003583F1D26B83F2D2E056F3D2B76BF4D246
:107A3000F397F5D23496F6D2FB59F7D21F54F8D209
:107A4000F694F9D2EB6DFAD2C55BFBD26E99FCD2FB
:107A5000395CFDD2155FFED2909640D3A28941D306
:107A6000A38942D3A48943D3A58944D3A68945D306
:107A7000A78946D3A88947D3A98948D3AA8949D3D6
:107A8000AB894AD3AC894BD3AD894CD3AE894DD3A6
:107A9000AF894ED3B0894FD3B18950D3B28951D376
:107AA000B38952D3B48953D3B58954D3B68955D346
:107AB000B78956D3B88957D3B98958D3BA8959D316
:107AC000BB895AD3BC895BD3BD895CD3BE895DD3E6
:107AD000BF895ED3C0895FD3C38960D3CD8961D3A9
:107AE000D38962D3D48963D3D58964D3D78965D345
:107AF000D88966D3D98967D3DB8968D3DD8969D30F
:107B0000DF896AD3E0896BD3E1896CD3E2896DD3D5
:107B1000E4896ED3E7896FD3E88970D3E98971D39B
:107B2000EA8972D3EC8973D3ED8974D3EE8975D366
:107B3000F08976D3F18977D3F28978D3F48979D330
:107B4000F5897AD3F6897BD3F7897CD3F8897DD3FD
:107B5000F9897ED3FA8980D3FB8981D3FC8982D3CA
:107B6000FD8983D3FE8984D3FF8985D3018A86D397
:107B7000028A87D3038A88D3048A89D3058A8AD361
:107B8000068A8BD3088A8CD3098A8DD30A8A8ED32E
:107B90000B8A8FD30C8A90D30D8A91D30E8A92D3FD
:107BA0000F8A93D3108A94D3118A95D3128A96D3CD
:107BB000138A97D3148A98D3158A99D3168A9AD39D
:107BC000178A9BD3188A9CD3198A9DD31A8A9ED36D
:107BD0001B8A9FD31C8AA0D31D8AA1D37053A2D322
:107BE000F182A3D3316AA4D3745AA5D3709EA6D3CD
:107BF000945EA7D3287FA8D3B983A9D32484AAD31A
:107C00002584ABD36783ACD34787ADD3CE8FAED3B8
:107C1000628DAFD3C876B0D3715FB1D39698B2D32B
:107C20006C78B3D32066B4D3DF54B5D3E562B6D352
:107C3000634FB7D3C381B8D3C875B9D3B85EBAD3CD
:107C4000CD96BBD30A8EBCD3F986BDD38F54BED399
:107C5000F36CBFD38C6DC0D3386CC1D37F60C2D3FB
:107C6000C752C3D32875C4D37D5EC5D3184FC6D3BE
:107C7000A060C7D3E75FC8D3245CC9D33175CAD32A
:107C8000AE90CBD3C094CCD3B972CDD3B96CCED394
:107C9000386ECFD34991D0D30967D1D3CB53D2D348
:107CA000F353D3D3514FD4D3C991D5D3F18BD6D37A
:107CB000C853D7D37C5ED8D3C28FD9D3E46DDAD37F
:107CC0008E4EDBD3C276DCD38669DDD35E86DED30F
:107CD0001A61DFD30682E0D3594FE1D3DE4FE2D3FE
:107CE0003E90E3D37C9CE4D30961E5D31D6EE6D3DB
:107CF000146EE7D38596E8D3884EE9D3315AEAD398
:107D0000E896EBD30E4EECD37F5CEDD3B979EED38E
:107D1000875BEFD3ED8BF0D3BD7FF1D38973F2D3C3
:107D2000DF57F3D38B82F4D3C190F5D30154F6D34C
:107D30004790F7D3BB55F8D3EA5CF9D3A15FFAD3E8
:107D40000861FBD3326BFCD3F172FDD3B280FED35A
:107D5000898A40D41E8A41D41F8A42D4208A43D4BF
:107D6000218A44D4228A45D4238A46D4248A47D4FB
:107D7000258A48D4268A49D4278A4AD4288A4BD4CB
:107D8000298A4CD42A8A4DD42B8A4ED42C8A4FD49B
:107D90002D8A50D42E8A51D42F8A52D4308A53D46B
:107DA000318A54D4328A55D4338A56D4348A57D43B
:107DB000358A58D4368A59D4378A5AD4388A5BD40B
:107DC000398A5CD43A8A5DD43B8A5ED43C8A5FD4DB
:107DD0003D8A60D43F8A61D4408A62D4418A63D4A8
:107DE000428A64D4438A65D4448A66D4458A67D477
:107DF000468A68D4478A69D4498A6AD44A8A6BD445
:107E00004B8A6CD44C8A6DD44D8A6ED44E8A6FD412
:107E10004F8A70D4508A71D4518A72D4528A73D4E2
:107E2000538A74D4548A75D4558A76D4568A77D4B2
:107E3000578A78D4588A79D4598A7AD45A8A7BD482
:107E40005B8A7CD45C8A7DD45D8A7ED45E8A80D451
:107E50005F8A81D4608A82D4618A83D4628A84D41E
:107E6000638A85D4648A86D4658A87D4668A88D4EE
:107E7000678A89D4688A8AD4698A8BD46A8A8CD4BE
:107E80006B8A8DD46C8A8ED46D8A8FD46E8A90D48E
:107E90006F8A91D4708A92D4718A93D4728A94D45E
:107EA000738A95D4748A96D4758A97D4768A98D42E
:107EB000778A99D4788A9AD47A8A9BD47B8A9CD4FC
:107EC0007C8A9DD47D8A9ED47E8A9FD47F8AA0D4CA
:107ED000808AA1D4746DA2D4D35BA3D4D588A4D452
:107EE0008498A5D46B8CA6D46D9AA7D4339EA8D4BD
:107EF0000A6EA9D4A451AAD44351ABD4A357ACD48D
:107F00008188ADD49F53AED4F463AFD4958FB0D4F1
:107F1000ED56B1D45854B2D40657B3D43F73B4D449
:107F2000906EB5D4187FB6D4DC8FB7D4D182B8D4D4
:107F30003F61B9D42860BAD46296BBD4F066BCD491
:107F4000A67EBDD48A8DBED4C38DBFD4A594C0D423
:107F5000B35CC1D4A47CC2D40867C3D4A660C4D423
:107F60000596C5D41880C6D4914EC7D4E790C8D41E
:107F70000053C9D46896CAD44151CBD4D08FCCD445
:107F80007485CDD45D91CED45566CFD4F597D0D439
:107F9000555BD1D41D53D2D43878D3D44267D4D4CE
:107FA0003D68D5D4C954D6D47E70D7D4B05BD8D46C
:107FB0007D8FD9D48D51DAD42857DBD4B154DCD499
:107FC0001265DDD48266DED45E8DDFD4438DE0D4CD
:107FD0000F81E1D46C84E2D46D90E3D4DF7CE4D4EF
:107FE000FF51E5D4FB85E6D4A367E7D4E965E8D47F
:107FF000A16FE9D4A486EAD4818EEBD46A56ECD47E
:108000002090EDD48276EED47670EFD4E571F0D482
:10801000238DF1D4E962F2D41952F3D4FD6CF4D477
:108020003C8DF5D40E60F6D49E58F7D48E61F8D40A
:10803000FE66F9D4608DFAD44E62FBD4B355FCD4FD
:10804000236EFDD42D67FED4678F40D5818A41D53C
:10805000828A42D5838A43D5848A44D5858A45D588
:10806000868A46D5878A47D5888A48D58B8A49D556
:108070008C8A4AD58D8A4BD58E8A4CD58F8A4DD520
:10808000908A4ED5918A4FD5928A50D5948A51D5EF
:10809000958A52D5968A53D5978A54D5988A55D5BC
:1080A000998A56D59A8A57D59B8A58D59C8A59D58C
:1080B0009D8A5AD59E8A5BD59F8A5CD5A08A5DD55C
:1080C000A18A5ED5A28A5FD5A38A60D5A48A61D52C
:1080D000A58A62D5A68A63D5A78A64D5A88A65D5FC
:1080E000A98A66D5AA8A67D5AB8A68D5AC8A69D5CC
:1080F000AD8A6AD5AE8A6BD5AF8A6CD5B08A6DD59C
:10810000B18A6ED5B28A6FD5B38A70D5B48A71D56B
:10811000B58A72D5B68A73D5B78A74D5B88A75D53B
:10812000B98A76D5BA8A77D5BB8A78D5BC8A79D50B
:10813000BD8A7AD5BE8A7BD5BF8A7CD5C08A7DD5DB
:10814000C18A7ED5C28A80D5C38A81D5C48A82D5A8
:10815000C58A83D5C68A84D5C78A85D5C88A86D577
:10816000C98A87D5CA8A88D5CB8A89D5CC8A8AD547
:10817000CD8A8BD5CE8A8CD5CF8A8DD5D08A8ED517
:10818000D18A8FD5D28A90D5D38A91D5D48A92D5E7
:10819000D58A93D5D68A94D5D78A95D5D88A96D5B7
:1081A000D98A97D5DA8A98D5DB8A99D5DC8A9AD587
:1081B000DD8A9BD5DE8A9CD5DF8A9DD5E08A9ED557
:1081C000E18A9FD5E28AA0D5E38AA1D5E194A2D520
:1081D000F895A3D52877A4D50568A5D5A869A6D50F
:1081E0008B54A7D54D4EA8D5B870A9D5C88BAAD5A4
:1081F0005864ABD58B65ACD5855BADD5847AAED5EF
:108200003A50AFD5E85BB0D5BB77B1D5E16BB2D50D
:10821000798AB3D5987CB4D5BE6CB5D5CF76B6D5B2
:10822000A965B7D5978FB8D52D5DB9D5555CBAD5A9
:108230003886BBD50868BCD56053BDD51862BED59D
:10824000D97ABFD55B6EC0D5FD7EC1D51F6AC2D5B8
:10825000E07AC3D5705FC4D5336FC5D5205FC6D56E
:108260008C63C7D5A86DC8D55667C9D5084ECAD581
:10827000105ECBD5268DCCD5D74ECDD5C080CED5F2
:108280003476CFD59C96D0D5DB62D1D52D66D2D5AC
:108290007E62D3D5BC6CD4D5758DD5D56771D6D556
:1082A000697FD7D54651D8D58780D9D5EC53DAD553
:1082B0006E90DBD59862DCD5F254DDD5F086DED544
:1082C000998FDFD50580E0D51795E1D51785E2D5E3
:1082D000D98FE3D5596DE4D5CD73E5D59F65E6D546
:1082E0001F77E7D50475E8D52778E9D5FB81EAD56E
:1082F0001E8DEBD58894ECD5A64FEDD59567EED5C0
:10830000B975EFD5CA8BF0D50797F1D52F63F2D5A4
:108310004795F3D53596F4D5B884F5D52363F6D5CE
:108320004177F7D5815FF8D5F072F9D5894EFAD546
:108330001460FBD57465FCD5EF62FDD5636BFED58B
:108340003F6540D6E48A41D6E58A42D6E68A43D6DE
:10835000E78A44D6E88A45D6E98A46D6EA8A47D6E5
:10836000EB8A48D6EC8A49D6ED8A4AD6EE8A4BD6B5
:10837000EF8A4CD6F08A4DD6F18A4ED6F28A4FD685
:10838000F38A50D6F48A51D6F58A52D6F68A53D655
:10839000F78A54D6F88A55D6F98A56D6FA8A57D625
:1083A000FB8A58D6FC8A59D6FD8A5AD6FE8A5BD6F5
:1083B000FF8A5CD6008B5DD6018B5ED6028B5FD6C2
:1083C000038B60D6048B61D6058B62D6068B63D691
:1083D000088B64D6098B65D60A8B66D60B8B67D65D
:1083E0000C8B68D60D8B69D60E8B6AD60F8B6BD62D
:1083F000108B6CD6118B6DD6128B6ED6138B6FD6FD
:10840000148B70D6158B71D6168B72D6178B73D6CC
:10841000188B74D6198B75D61A8B76D61B8B77D69C
:108420001C8B78D61D8B79D61E8B7AD61F8B7BD66C
:10843000208B7CD6218B7DD6228B7ED6238B80D63B
:10844000248B81D6258B82D6278B83D6288B84D606
:10845000298B85D62A8B86D62B8B87D62C8B88D6D4
:108460002D8B89D62E8B8AD62F8B8BD6308B8CD6A4
:10847000318B8DD6328B8ED6338B8FD6348B90D674
:10848000358B91D6368B92D6378B93D6388B94D644
:10849000398B95D63A8B96D63B8B97D63C8B98D614
:1084A0003D8B99D63E8B9AD63F8B9BD6408B9CD6E4
:1084B000418B9DD6428B9ED6438B9FD6448BA0D6B4
:1084C000458BA1D6275EA2D6C775A3D6D190A4D6D8
:1084D000C18BA5D69D82A6D69D67A7D62F65A8D6A7
:1084E0003154A9D61887AAD6E577ABD6A280ACD6E8
:1084F0000281ADD6416CAED64B4EAFD6C77EB0D65C
:108500004C80B1D6F476B2D60D69B3D6966BB4D69C
:108510006762B5D63C50B6D6844FB7D64057B8D66A
:108520000763B9D6626BBAD6BE8DBBD6EA53BCD64A
:10853000E865BDD6B87EBED6D75FBFD61A63C0D6B3
:10854000B763C1D6F381C2D6F481C3D66E7FC4D6D9
:108550001C5EC5D6D95CC6D63652C7D67A66C8D692
:10856000E979C9D61A7ACAD6288DCBD69970CCD6D5
:10857000D475CDD6DE6ECED6BB6CCFD6927AD0D6A1
:108580002D4ED1D6C576D2D6E05FD3D69F94D4D621
:108590007788D5D6C87ED6D6CD79D7D6BF80D8D65F
:1085A000CD91D9D6F24EDAD6174FDBD61F82DCD664
:1085B0006854DDD6DE5DDED6326DDFD6CC8BE0D6FC
:1085C000A57CE1D6748FE2D69880E3D61A5EE4D615
:1085D0009254E5D6B176E6D6995BE7D63C66E8D606
:1085E000A49AE9D6E073EAD62A68EBD6DB86ECD605
:1085F0003167EDD62A73EED6F88BEFD6DB8BF0D64B
:108600001090F1D6F97AF2D6DB70F3D66E71F4D60B
:10861000C462F5D6A977F6D63156F7D63B4EF8D6D2
:108620005784F9D6F167FAD6A952FBD6C086FCD694
:108630002E8DFDD6F894FED6517B40D7468B41D780
:10864000478B42D7488B43D7498B44D74A8B45D772
:108650004B8B46D74C8B47D74D8B48D74E8B49D742
:108660004F8B4AD7508B4BD7518B4CD7528B4DD712
:10867000538B4ED7548B4FD7558B50D7568B51D7E2
:10868000578B52D7588B53D7598B54D75A8B55D7B2
:108690005B8B56D75C8B57D75D8B58D75E8B59D782
:1086A0005F8B5AD7608B5BD7618B5CD7628B5DD752
:1086B000638B5ED7648B5FD7658B60D7678B61D721
:1086C000688B62D7698B63D76A8B64D76B8B65D7EE
:1086D0006D8B66D76E8B67D76F8B68D7708B69D7BA
:1086E000718B6AD7728B6BD7738B6CD7748B6DD78A
:1086F000758B6ED7768B6FD7778B70D7788B71D75A
:10870000798B72D77A8B73D77B8B74D77C8B75D729
:108710007D8B76D77E8B77D77F8B78D7808B79D7F9
:10872000818B7AD7828B7BD7838B7CD7848B7DD7C9
:10873000858B7ED7868B80D7878B81D7888B82D796
:10874000898B83D78A8B84D78B8B85D78C8B86D765
:108750008D8B87D78E8B88D78F8B89D7908B8AD735
:10876000918B8BD7928B8CD7938B8DD7948B8ED705
:10877000958B8FD7968B90D7978B91D7988B92D7D5
:10878000998B93D79A8B94D79B8B95D79C8B96D7A5
:108790009D8B97D79E8B98D79F8B99D7AC8B9AD769
:1087A000B18B9BD7BB8B9CD7C78B9DD7D08B9ED7CC
:1087B000EA8B9FD7098CA0D71E8CA1D74F4FA2D789
:1087C000E86CA3D75D79A4D77B9AA5D79362A6D787
:1087D0002A72A7D7FD62A8D7134EA9D71678AAD7B1
:1087E0006C8FABD7B064ACD75A8DADD7C67BAED744
:1087F0006968AFD7845EB0D7C588B1D78659B2D77C
:108800009E64B3D7EE58B4D7B672B5D70E69B6D753
:108810002595B7D7FD8FB8D7588DB9D76057BAD738
:10882000007FBBD7068CBCD7C651BDD74963BED726
:10883000D962BFD75353C0D74C68C1D72274C2D7AF
:108840000183C3D74C91C4D74455C5D74077C6D709
:108850007C70C7D74A6DC8D77951C9D7A854CAD731
:10886000448DCBD7FF59CCD7CB6ECDD7C46DCED7E7
:108870005C5BCFD72B7DD0D7D44ED1D77D7CD2D7E0
:10888000D36ED3D7505BD4D7EA81D5D70D6ED6D768
:10889000575BD7D7039BD8D7D568D9D72A8EDAD7D5
:1088A000975BDBD7FC7EDCD73B60DDD7B57EDED7C0
:1088B000B990DFD7708DE0D74F59E1D7CD63E2D7BC
:1088C000DF79E3D7B38DE4D75253E5D7CF65E6D749
:1088D0005679E7D7C58BE8D73B96E9D7C47EEAD768
:1088E000BB94EBD7827EECD73456EDD78991EED787
:1088F0000067EFD76A7FF0D70A5CF1D77590F2D79F
:108900002866F3D7E65DF4D7504FF5D7DE67F6D784
:108910005A50F7D75C4FF8D75057F9D7A75E40D8D1
:10892000388C41D8398C42D83A8C43D83B8C44D8C7
:108930003C8C45D83D8C46D83E8C47D83F8C48D897
:10894000408C49D8428C4AD8438C4BD8448C4CD864
:10895000458C4DD8488C4ED84A8C4FD84B8C50D82B
:108960004D8C51D84E8C52D84F8C53D8508C54D8F3
:10897000518C55D8528C56D8538C57D8548C58D8C3
:10898000568C59D8578C5AD8588C5BD8598C5CD88F
:108990005B8C5DD85C8C5ED85D8C5FD85E8C60D85B
:1089A0005F8C61D8608C62D8638C63D8648C64D827
:1089B000658C65D8668C66D8678C67D8688C68D8F3
:1089C000698C69D86C8C6AD86D8C6BD86E8C6CD8BD
:1089D0006F8C6DD8708C6ED8718C6FD8728C70D88B
:1089E000748C71D8758C72D8768C73D8778C74D857
:1089F0007B8C75D87C8C76D87D8C77D87E8C78D81B
:108A00007F8C79D8808C7AD8818C7BD8838C7CD8E9
:108A1000848C7DD8868C7ED8878C80D8888C81D8B1
:108A20008B8C82D88D8C83D88E8C84D88F8C85D873
:108A3000908C86D8918C87D8928C88D8938C89D842
:108A4000958C8AD8968C8BD8978C8CD8998C8DD80D
:108A50009A8C8ED89B8C8FD89C8C90D89D8C91D8DA
:108A60009E8C92D89F8C93D8A08C94D8A18C95D8AA
:108A7000A28C96D8A38C97D8A48C98D8A58C99D87A
:108A8000A68C9AD8A78C9BD8A88C9CD8A98C9DD84A
:108A9000AA8C9ED8AB8C9FD8AC8CA0D8AD8CA1D81A
:108AA0008D4EA2D80C4EA3D84051A4D8104EA5D8B4
:108AB000FF5EA6D84553A7D8154EA8D8984EA9D87A
:108AC0001E4EAAD8329BABD86C5BACD86956ADD8D9
:108AD000284EAED8BA79AFD83F4EB0D81553B1D8DA
:108AE000474EB2D82D59B3D83B72B4D86E53B5D8CF
:108AF000106CB6D8DF56B7D8E480B8D89799B9D8F3
:108B0000D36BBAD87E77BBD8179FBCD8364EBDD8AA
:108B10009F4EBED8109FBFD85C4EC0D8694EC1D8FA
:108B2000934EC2D88882C3D85B5BC4D86C55C5D875
:108B30000F56C6D8C44EC7D88D53C8D89D53C9D870
:108B4000A353CAD8A553CBD8AE53CCD86597CDD8AC
:108B50005D8DCED81A53CFD8F553D0D82653D1D85F
:108B60002E53D2D83E53D3D85C8DD4D86653D5D8A3
:108B70006353D6D80252D7D80852D8D80E52D9D873
:108B80002D52DAD83352DBD83F52DCD84052DDD8F0
:108B90004C52DED85E52DFD86152E0D85C52E1D848
:108BA000AF84E2D87D52E3D88252E4D88152E5D82E
:108BB0009052E6D89352E7D88251E8D8547FE9D84A
:108BC000BB4EEAD8C34EEBD8C94EECD8C24EEDD856
:108BD000E84EEED8E14EEFD8EB4EF0D8DE4EF1D8AD
:108BE0001B4FF2D8F34EF3D8224FF4D8644FF5D888
:108BF000F54EF6D8254FF7D8274FF8D8094FF9D8B2
:108C00002B4FFAD85E4FFBD8674FFCD83865FDD89C
:108C10005A4FFED85D4F40D9AE8C41D9AF8C42D966
:108C2000B08C43D9B18C44D9B28C45D9B38C46D9D8
:108C3000B48C47D9B58C48D9B68C49D9B78C4AD9A8
:108C4000B88C4BD9B98C4CD9BA8C4DD9BB8C4ED978
:108C5000BC8C4FD9BD8C50D9BE8C51D9BF8C52D948
:108C6000C08C53D9C18C54D9C28C55D9C38C56D918
:108C7000C48C57D9C58C58D9C68C59D9C78C5AD9E8
:108C8000C88C5BD9C98C5CD9CA8C5DD9CB8C5ED9B8
:108C9000CC8C5FD9CD8C60D9CE8C61D9CF8C62D988
:108CA000D08C63D9D18C64D9D28C65D9D38C66D958
:108CB000D48C67D9D58C68D9D68C69D9D78C6AD928
:108CC000D88C6BD9D98C6CD9DA8C6DD9DB8C6ED9F8
:108CD000DC8C6FD9DD8C70D9DE8C71D9DF8C72D9C8
:108CE000E08C73D9E18C74D9E28C75D9E38C76D998
:108CF000E48C77D9E58C78D9E68C79D9E78C7AD968
:108D0000E88C7BD9E98C7CD9EA8C7DD9EB8C7ED937
:108D1000EC8C80D9ED8C81D9EE8C82D9EF8C83D903
:108D2000F08C84D9F18C85D9F28C86D9F38C87D9D3
:108D3000F48C88D9F58C89D9F68C8AD9F78C8BD9A3
:108D4000F88C8CD9F98C8DD9FA8C8ED9FB8C8FD973
:108D5000FC8C90D9FD8C91D9FE8C92D9FF8C93D943
:108D6000008D94D9018D95D9028D96D9038D97D90F
:108D7000048D98D9058D99D9068D9AD9078D9BD9DF
:108D8000088D9CD9098D9DD90A8D9ED90B8D9FD9AF
:108D90000C8DA0D90D8DA1D95F4FA2D9574FA3D962
:108DA000324FA4D93D4FA5D9764FA6D9744FA7D934
:108DB000914FA8D9894FA9D9834FAAD98F4FABD941
:108DC0007E4FACD97B4FADD9AA4FAED97C4FAFD92E
:108DD000AC4FB0D9944FB1D9E64FB2D9E84FB3D91F
:108DE000EA4FB4D9C54FB5D9DA4FB6D9E34FB7D9A1
:108DF000DC4FB8D9D14FB9D9DF4FBAD9F84FBBD969
:108E00002950BCD94C50BDD9F34FBED92C50BFD935
:108E10000F50C0D92E50C1D92D50C2D9FE4FC3D941
:108E20001C50C4D90C50C5D92550C6D92850C7D913
:108E30007E50C8D94350C9D95550CAD94850CBD90A
:108E40004E50CCD96C50CDD97B50CED9A550CFD96E
:108E5000A750D0D9A950D1D9BA50D2D9D650D3D948
:108E60000651D4D9ED50D5D9EC50D6D9E650D7D942
:108E7000EE50D8D90751D9D90B51DAD9DD4EDBD90B
:108E80003D6CDCD9584FDDD9654FDED9CE4FDFD9E7
:108E9000A09FE0D9466CE1D9747CE2D96E51E3D948
:108EA000FD5DE4D9C99EE5D99899E6D98151E7D904
:108EB0001459E8D9F952E9D90D53EAD9078AEBD9FF
:108EC0001053ECD9EB51EDD91959EED95551EFD9D1
:108ED000A04EF0D95651F1D9B34EF2D96E88F3D9DC
:108EE000A488F4D9B54EF5D91481F6D9D288F7D92A
:108EF0008079F8D9345BF9D90388FAD9B87FFBD9DE
:108F0000AB51FCD9B151FDD9BD51FED9BC5140DAAC
:108F10000E8D41DA0F8D42DA108D43DA118D44DA6D
:108F2000128D45DA138D46DA148D47DA158D48DA3D
:108F3000168D49DA178D4ADA188D4BDA198D4CDA0D
:108F40001A8D4DDA1B8D4EDA1C8D4FDA208D50DADA
:108F5000518D51DA528D52DA578D53DA5F8D54DAD2
:108F6000658D55DA688D56DA698D57DA6A8D58DA6B
:108F70006C8D59DA6E8D5ADA6F8D5BDA718D5CDA31
:108F8000728D5DDA788D5EDA798D5FDA7A8D60DAEE
:108F90007B8D61DA7C8D62DA7D8D63DA7E8D64DAB9
:108FA0007F8D65DA808D66DA828D67DA838D68DA87
:108FB000868D69DA878D6ADA888D6BDA898D6CDA4D
:108FC0008C8D6DDA8D8D6EDA8E8D6FDA8F8D70DA15
:108FD000908D71DA928D72DA938D73DA958D74DAE1
:108FE000968D75DA978D76DA988D77DA998D78DAAD
:108FF0009A8D79DA9B8D7ADA9C8D7BDA9D8D7CDA7D
:109000009E8D7DDAA08D7EDAA18D80DAA28D81DA47
:10901000A48D82DAA58D83DAA68D84DAA78D85DA10
:10902000A88D86DAA98D87DAAA8D88DAAB8D89DAE0
:10903000AC8D8ADAAD8D8BDAAE8D8CDAAF8D8DDAB0
:10904000B08D8EDAB28D8FDAB68D90DAB78D91DA77
:10905000B98D92DABB8D93DABD8D94DAC08D95DA35
:10906000C18D96DAC28D97DAC58D98DAC78D99DAF7
:10907000C88D9ADAC98D9BDACA8D9CDACD8D9DDABE
:10908000D08D9EDAD28D9FDAD38DA0DAD48DA1DA7D
:10909000C751A2DA9651A3DAA251A4DAA551A5DAF2
:1090A000A08BA6DAA68BA7DAA78BA8DAAA8BA9DAF7
:1090B000B48BAADAB58BABDAB78BACDAC28BADDA8C
:1090C000C38BAEDACB8BAFDACF8BB0DACE8BB1DA23
:1090D000D28BB2DAD38BB3DAD48BB4DAD68BB5DADF
:1090E000D88BB6DAD98BB7DADC8BB8DADF8BB9DAA2
:1090F000E08BBADAE48BBBDAE88BBCDAE98BBDDA59
:10910000EE8BBEDAF08BBFDAF38BC0DAF68BC1DA06
:10911000F98BC2DAFC8BC3DAFF8BC4DA008CC5DAB8
:10912000028CC6DA048CC7DA078CC8DA0C8CC9DA70
:109130000F8CCADA118CCBDA128CCCDA148CCDDA23
:10914000158CCEDA168CCFDA198CD0DA1B8CD1DAEA
:10915000188CD2DA1D8CD3DA1F8CD4DA208CD5DAB5
:10916000218CD6DA258CD7DA278CD8DA2A8CD9DA72
:109170002B8CDADA2E8CDBDA2F8CDCDA328CDDDA2F
:10918000338CDEDA358CDFDA368CE0DA6953E1DAFB
:109190007A53E2DA1D96E3DA2296E4DA2196E5DAEA
:1091A0003196E6DA2A96E7DA3D96E8DA3C96E9DA8D
:1091B0004296EADA4996EBDA5496ECDA5F96EDDA03
:1091C0006796EEDA6C96EFDA7296F0DA7496F1DA68
:1091D0008896F2DA8D96F3DA9796F4DAB096F5DAA5
:1091E0009790F6DA9B90F7DA9D90F8DA9990F9DA91
:1091F000AC90FADAA190FBDAB490FCDAB390FDDA25
:10920000B690FEDABA9040DBD58D41DBD88D42DBDB
:10921000D98D43DBDC8D44DBE08D45DBE18D46DB26
:10922000E28D47DBE58D48DBE68D49DBE78D4ADBE8
:10923000E98D4BDBED8D4CDBEE8D4DDBF08D4EDBA8
:10924000F18D4FDBF28D50DBF48D51DBF68D52DB6F
:10925000FC8D53DBFE8D54DBFF8D55DB008E56DB22
:10926000018E57DB028E58DB038E59DB048E5ADBEE
:10927000068E5BDB078E5CDB088E5DDB0B8E5EDBB8
:109280000D8E5FDB0E8E60DB108E61DB118E62DB7C
:10929000128E63DB138E64DB158E65DB168E66DB48
:1092A000178E67DB188E68DB198E69DB1A8E6ADB16
:1092B0001B8E6BDB1C8E6CDB208E6DDB218E6EDBE0
:1092C000248E6FDB258E70DB268E71DB278E72DBA2
:1092D000288E73DB2B8E74DB2D8E75DB308E76DB68
:1092E000328E77DB338E78DB348E79DB368E7ADB29
:1092F000378E7BDB388E7CDB3B8E7DDB3C8E7EDBF2
:109300003E8E80DB3F8E81DB438E82DB458E83DBAE
:10931000468E84DB4C8E85DB4D8E86DB4E8E87DB66
:109320004F8E88DB508E89DB538E8ADB548E8BDB2D
:10933000558E8CDB568E8DDB578E8EDB588E8FDBF9
:109340005A8E90DB5B8E91DB5C8E92DB5D8E93DBC5
:109350005E8E94DB5F8E95DB608E96DB618E97DB95
:10936000628E98DB638E99DB648E9ADB658E9BDB65
:10937000678E9CDB688E9DDB6A8E9EDB6B8E9FDB2F
:109380006E8EA0DB718EA1DBB890A2DBB090A3DB68
:10939000CF90A4DBC590A5DBBE90A6DBD090A7DB69
:1093A000C490A8DBC790A9DBD390AADBE690ABDB27
:1093B000E290ACDBDC90ADDBD790AEDBDB90AFDBDB
:1093C000EB90B0DBEF90B1DBFE90B2DB0491B3DB4E
:1093D0002291B4DB1E91B5DB2391B6DB3191B7DB73
:1093E0002F91B8DB3991B9DB4391BADB4691BBDBF6
:1093F0000D52BCDB4259BDDBA252BEDBAC52BFDB1F
:10940000AD52C0DBBE52C1DBFF54C2DBD052C3DB66
:10941000D652C4DBF052C5DBDF53C6DBEE71C7DBCF
:10942000CD77C8DBF45EC9DBF551CADBFC51CBDB81
:109430002F9BCCDBB653CDDB015FCEDB5A75CFDB88
:10944000EF5DD0DB4C57D1DBA957D2DBA157D3DB83
:109450007E58D4DBBC58D5DBC558D6DBD158D7DB1A
:109460002957D8DB2C57D9DB2A57DADB3357DBDB1C
:109470003957DCDB2E57DDDB2F57DEDB5C57DFDBBC
:109480003B57E0DB4257E1DB6957E2DB8557E3DB23
:109490006B57E4DB8657E5DB7C57E6DB7B57E7DB86
:1094A0006857E8DB6D57E9DB7657EADB7357EBDB90
:1094B000AD57ECDBA457EDDB8C57EEDBB257EFDB9F
:1094C000CF57F0DBA757F1DBB457F2DB9357F3DB51
:1094D000A057F4DBD557F5DBD857F6DBDA57F7DBC7
:1094E000D957F8DBD257F9DBB857FADBF457FBDB77
:1094F000EF57FCDBF857FDDBE457FEDBDD5740DCC4
:10950000738E41DC758E42DC778E43DC788E44DCD2
:10951000798E45DC7A8E46DC7B8E47DC7D8E48DC9E
:109520007E8E49DC808E4ADC828E4BDC838E4CDC66
:10953000848E4DDC868E4EDC888E4FDC898E50DC2E
:109540008A8E51DC8B8E52DC8C8E53DC8D8E54DCFB
:109550008E8E55DC918E56DC928E57DC938E58DCC5
:10956000958E59DC968E5ADC978E5BDC988E5CDC8F
:10957000998E5DDC9A8E5EDC9B8E5FDC9D8E60DC5E
:109580009F8E61DCA08E62DCA18E63DCA28E64DC27
:10959000A38E65DCA48E66DCA58E67DCA68E68DCF7
:1095A000A78E69DCA88E6ADCA98E6BDCAA8E6CDCC7
:1095B000AD8E6DDCAE8E6EDCB08E6FDCB18E70DC8D
:1095C000B38E71DCB48E72DCB58E73DCB68E74DC57
:1095D000B78E75DCB88E76DCB98E77DCBB8E78DC26
:1095E000BC8E79DCBD8E7ADCBE8E7BDCBF8E7CDCF3
:1095F000C08E7DDCC18E7EDCC28E80DCC38E81DCC1
:10960000C48E82DCC58E83DCC68E84DCC78E85DC8E
:10961000C88E86DCC98E87DCCA8E88DCCB8E89DC5E
:10962000CC8E8ADCCD8E8BDCCF8E8CDCD08E8DDC2C
:10963000D18E8EDCD28E8FDCD38E90DCD48E91DCFA
:10964000D58E92DCD68E93DCD78E94DCD88E95DCCA
:10965000D98E96DCDA8E97DCDB8E98DCDC8E99DC9A
:10966000DD8E9ADCDE8E9BDCDF8E9CDCE08E9DDC6A
:10967000E18E9EDCE28E9FDCE38EA0DCE48EA1DC3A
:109680000B58A2DC0D58A3DCFD57A4DCED57A5DC7C
:109690000058A6DC1E58A7DC1958A8DC4458A9DCE1
:1096A0002058AADC6558ABDC6C58ACDC8158ADDCCA
:1096B0008958AEDC9A58AFDC8058B0DCA899B1DC90
:1096C000199FB2DCFF61B3DC7982B4DC7D82B5DC4A
:1096D0007F82B6DC8F82B7DC8A82B8DCA882B9DCF4
:1096E0008482BADC8E82BBDC9182BCDC9782BDDCDA
:1096F0009982BEDCAB82BFDCB882C0DCBE82C1DC3A
:10970000B082C2DCC882C3DCCA82C4DCE382C5DCAE
:109710009882C6DCB782C7DCAE82C8DCCB82C9DCEB
:10972000CC82CADCC182CBDCA982CCDCB482CDDCA9
:10973000A182CEDCAA82CFDC9F82D0DCC482D1DCC5
:10974000CE82D2DCA482D3DCE182D4DC0983D5DCF6
:10975000F782D6DCE482D7DC0F83D8DC0783D9DC40
:10976000DC82DADCF482DBDCD282DCDCD882DDDC99
:109770000C83DEDCFB82DFDCD382E0DC1183E1DC06
:109780001A83E2DC0683E3DC1483E4DC1583E5DC86
:10979000E082E6DCD582E7DC1C83E8DC5183E9DC8F
:1097A0005B83EADC5C83EBDC0883ECDC9283EDDC3E
:1097B0003C83EEDC3483EFDC3183F0DC9B83F1DC33
:1097C0005E83F2DC2F83F3DC4F83F4DC4783F5DC2C
:1097D0004383F6DC5F83F7DC4083F8DC1783F9DC36
:1097E0006083FADC2D83FBDC3A83FCDC3383FDDC15
:1097F0006683FEDC658340DDE58E41DDE68E42DD7D
:10980000E78E43DDE88E44DDE98E45DDEA8E46DDF8
:10981000EB8E47DDEC8E48DDED8E49DDEE8E4ADDC8
:10982000EF8E4BDDF08E4CDDF18E4DDDF28E4EDD98
:10983000F38E4FDDF48E50DDF58E51DDF68E52DD68
:10984000F78E53DDF88E54DDF98E55DDFA8E56DD38
:10985000FB8E57DDFC8E58DDFD8E59DDFE8E5ADD08
:10986000FF8E5BDD008F5CDD018F5DDD028F5EDDD5
:10987000038F5FDD048F60DD058F61DD068F62DDA4
:10988000078F63DD088F64DD098F65DD0A8F66DD74
:109890000B8F67DD0C8F68DD0D8F69DD0E8F6ADD44
:1098A0000F8F6BDD108F6CDD118F6DDD128F6EDD14
:1098B000138F6FDD148F70DD158F71DD168F72DDE4
:1098C000178F73DD188F74DD198F75DD1A8F76DDB4
:1098D0001B8F77DD1C8F78DD1D8F79DD1E8F7ADD84
:1098E0001F8F7BDD208F7CDD218F7DDD228F7EDD54
:1098F000238F80DD248F81DD258F82DD268F83DD20
:10990000278F84DD288F85DD298F86DD2A8F87DDEF
:109910002B8F88DD2C8F89DD2D8F8ADD2E8F8BDDBF
:109920002F8F8CDD308F8DDD318F8EDD328F8FDD8F
:10993000338F90DD348F91DD358F92DD368F93DD5F
:10994000378F94DD388F95DD398F96DD3A8F97DD2F
:109950003B8F98DD3C8F99DD3D8F9ADD3E8F9BDDFF
:109960003F8F9CDD408F9DDD418F9EDD428F9FDDCF
:10997000438FA0DD448FA1DD6883A2DD1B83A3DDBF
:109980006983A4DD6C83A5DD6A83A6DD6D83A7DD15
:109990006E83A8DDB083A9DD7883AADDB383ABDD58
:1099A000B483ACDDA083ADDDAA83AEDD9383AFDDF0
:1099B0009C83B0DD8583B1DD7C83B2DDB683B3DD0E
:1099C000A983B4DD7D83B5DDB883B6DD7B83B7DDE8
:1099D0009883B8DD9E83B9DDA883BADDBA83BBDD89
:1099E000BC83BCDDC183BDDD0184BEDDE583BFDD9D
:1099F000D883C0DD0758C1DD1884C2DD0B84C3DD08
:109A0000DD83C4DDFD83C5DDD683C6DD1C84C7DDF3
:109A10003884C8DD1184C9DD0684CADDD483CBDD7A
:109A2000DF83CCDD0F84CDDD0384CEDDF883CFDD95
:109A3000F983D0DDEA83D1DDC583D2DDC083D3DDF8
:109A40002684D4DDF083D5DDE183D6DD5C84D7DDEB
:109A50005184D8DD5A84D9DD5984DADD7384DBDDA5
:109A60008784DCDD8884DDDD7A84DEDD8984DFDDEA
:109A70007884E0DD3C84E1DD4684E2DD6984E3DD79
:109A80007684E4DD8C84E5DD8E84E6DD3184E7DDFB
:109A90006D84E8DDC184E9DDCD84EADDD084EBDDD1
:109AA000E684ECDDBD84EDDDD384EEDDCA84EFDD3C
:109AB000BF84F0DDBA84F1DDE084F2DDA184F3DD62
:109AC000B984F4DDB484F5DD9784F6DDE584F7DD53
:109AD000E384F8DD0C85F9DD0D75FADD3885FBDDF5
:109AE000F084FCDD3985FDDD1F85FEDD3A8540DE35
:109AF000458F41DE468F42DE478F43DE488F44DE8E
:109B0000498F45DE4A8F46DE4B8F47DE4C8F48DE5D
:109B10004D8F49DE4E8F4ADE4F8F4BDE508F4CDE2D
:109B2000518F4DDE528F4EDE538F4FDE548F50DEFD
:109B3000558F51DE568F52DE578F53DE588F54DECD
:109B4000598F55DE5A8F56DE5B8F57DE5C8F58DE9D
:109B50005D8F59DE5E8F5ADE5F8F5BDE608F5CDE6D
:109B6000618F5DDE628F5EDE638F5FDE648F60DE3D
:109B7000658F61DE6A8F62DE808F63DE8C8F64DECC
:109B8000928F65DE9D8F66DEA08F67DEA18F68DE17
:109B9000A28F69DEA48F6ADEA58F6BDEA68F6CDED6
:109BA000A78F6DDEAA8F6EDEAC8F6FDEAD8F70DE9D
:109BB000AE8F71DEAF8F72DEB28F73DEB38F74DE65
:109BC000B48F75DEB58F76DEB78F77DEB88F78DE2F
:109BD000BA8F79DEBB8F7ADEBC8F7BDEBF8F7CDEF7
:109BE000C08F7DDEC38F7EDEC68F80DEC98F81DEB3
:109BF000CA8F82DECB8F83DECC8F84DECD8F85DE75
:109C0000CF8F86DED28F87DED68F88DED78F89DE34
:109C1000DA8F8ADEE08F8BDEE18F8CDEE38F8DDEE4
:109C2000E78F8EDEEC8F8FDEEF8F90DEF18F91DE8F
:109C3000F28F92DEF48F93DEF58F94DEF68F95DE51
:109C4000FA8F96DEFB8F97DEFC8F98DEFE8F99DE13
:109C5000FF8F9ADE07909BDE08909CDE0C909DDEC5
:109C60000E909EDE13909FDE1590A0DE1890A1DE70
:109C70005685A2DE3B85A3DEFF84A4DEFC84A5DE40
:109C80005985A6DE4885A7DE6885A8DE6485A9DE3D
:109C90005E85AADE7A85ABDEA277ACDE4385ADDEDB
:109CA0007285AEDE7B85AFDEA485B0DEA885B1DE31
:109CB0008785B2DE8F85B3DE7985B4DEAE85B5DE0D
:109CC0009C85B6DE8585B7DEB985B8DEB785B9DE99
:109CD000B085BADED385BBDEC185BCDEDC85BDDEEA
:109CE000FF85BEDE2786BFDE0586C0DE2986C1DE93
:109CF0001686C2DE3C86C3DEFE5EC4DE085FC5DEBD
:109D00003C59C6DE4159C7DE3780C8DE5559C9DE29
:109D10005A59CADE5859CBDE0F53CCDE225CCDDE59
:109D2000255CCEDE2C5CCFDE345CD0DE4C62D1DE36
:109D30006A62D2DE9F62D3DEBB62D4DECA62D5DE47
:109D4000DA62D6DED762D7DEEE62D8DE2263D9DEF3
:109D5000F662DADE3963DBDE4B63DCDE4363DDDED5
:109D6000AD63DEDEF663DFDE7163E0DE7A63E1DEE3
:109D70008E63E2DEB463E3DE6D63E4DEAC63E5DEF6
:109D80008A63E6DE6963E7DEAE63E8DEBC63E9DED4
:109D9000F263EADEF863EBDEE063ECDEFF63EDDE48
:109DA000C463EEDEDE63EFDECE63F0DE5264F1DE2E
:109DB000C663F2DEBE63F3DE4564F4DE4164F5DEC5
:109DC0000B64F6DE1B64F7DE2064F8DE0C64F9DE5B
:109DD0002664FADE2164FBDE5E64FCDE8464FDDE64
:109DE0006D64FEDE966440DF199041DF1C9042DF17
:109DF000239043DF249044DF259045DF279046DF02
:109E0000289047DF299048DF2A9049DF2B904ADFCE
:109E10002C904BDF30904CDF31904DDF32904EDF95
:109E200033904FDF349050DF379051DF399052DF5D
:109E30003A9053DF3D9054DF3F9055DF409056DF1E
:109E4000439057DF459058DF469059DF48905ADFDE
:109E500049905BDF4A905CDF4B905DDF4C905EDFAA
:109E60004E905FDF549060DF559061DF569062DF67
:109E7000599063DF5A9064DF5C9065DF5D9066DF28
:109E80005E9067DF5F9068DF609069DF61906ADFF6
:109E900064906BDF66906CDF67906DDF69906EDFBA
:109EA0006A906FDF6B9070DF6C9071DF6F9072DF84
:109EB000709073DF719074DF729075DF739076DF4E
:109EC000769077DF779078DF789079DF79907ADF16
:109ED0007A907BDF7B907CDF7C907DDF7E907EDFE5
:109EE000819080DF849081DF859082DF869083DFA0
:109EF000879084DF899085DF8A9086DF8C9087DF6A
:109F00008D9088DF8E9089DF8F908ADF90908BDF35
:109F100092908CDF94908DDF96908EDF98908FDFFB
:109F20009A9090DF9C9091DF9E9092DF9F9093DFBC
:109F3000A09094DFA49095DFA59096DFA79097DF7F
:109F4000A89098DFA99099DFAB909ADFAD909BDF46
:109F5000B2909CDFB7909DDFBC909EDFBD909FDFED
:109F6000BF90A0DFC090A1DF7A64A2DFB764A3DF57
:109F7000B864A4DF9964A5DFBA64A6DFC064A7DF74
:109F8000D064A8DFD764A9DFE464AADFE264ABDFB2
:109F90000965ACDF2565ADDF2E65AEDF0B5FAFDF9A
:109FA000D25FB0DF1975B1DF115FB2DF5F53B3DF8E
:109FB000F153B4DFFD53B5DFE953B6DFE853B7DF44
:109FC000FB53B8DF1254B9DF1654BADF0654BBDFB7
:109FD0004B54BCDF5254BDDF5354BEDF5454BFDF7B
:109FE0005654C0DF4354C1DF2154C2DF5754C3DF8E
:109FF0005954C4DF2354C5DF3254C6DF8254C7DF4F
:10A000009454C8DF7754C9DF7154CADF6454CBDF7E
:10A010009A54CCDF9B54CDDF8454CEDF7654CFDF0F
:10A020006654D0DF9D54D1DFD054D2DFAD54D3DF9E
:10A03000C254D4DFB454D5DFD254D6DFA754D7DF0F
:10A04000A654D8DFD354D9DFD454DADF7254DBDF1F
:10A05000A354DCDFD554DDDFBB54DEDFBF54DFDFCC
:10A06000CC54E0DFD954E1DFDA54E2DFDC54E3DF43
:10A07000A954E4DFAA54E5DFA454E6DFDD54E7DFAA
:10A08000CF54E8DFDE54E9DF1B55EADFE754EBDFAE
:10A090002055ECDFFD54EDDF1455EEDFF354EFDF18
:10A0A0002255F0DF2355F1DF0F55F2DF1155F3DFB5
:10A0B0002755F4DF2A55F5DF6755F6DF8F55F7DFB3
:10A0C000B555F8DF4955F9DF6D55FADF4155FBDF2E
:10A0D0005555FCDF3F55FDDF5055FEDF3C5540E058
:10A0E000C29041E0C39042E0C69043E0C89044E093
:10A0F000C99045E0CB9046E0CC9047E0CD9048E059
:10A10000D29049E0D4904AE0D5904BE0D6904CE014
:10A11000D8904DE0D9904EE0DA904FE0DE9050E0DC
:10A12000DF9051E0E09052E0E39053E0E49054E09F
:10A13000E59055E0E99056E0EA9057E0EC9058E061
:10A14000EE9059E0F0905AE0F1905BE0F2905CE024
:10A15000F3905DE0F5905EE0F6905FE0F79060E0F0
:10A16000F99061E0FA9062E0FB9063E0FC9064E0BB
:10A17000FF9065E0009166E0019167E0039168E07F
:10A18000059169E006916AE007916BE008916CE047
:10A1900009916DE00A916EE00B916FE00C9170E017
:10A1A0000D9171E00E9172E00F9173E0109174E0E7
:10A1B000119175E0129176E0139177E0149178E0B7
:10A1C000159179E016917AE017917BE018917CE087
:10A1D0001A917DE01B917EE01C9180E01D9181E051
:10A1E0001F9182E0209183E0219184E0249185E019
:10A1F000259186E0269187E0279188E0289189E0E3
:10A2000029918AE02A918BE02B918CE02C918DE0B2
:10A210002D918EE02E918FE0309190E0329191E07F
:10A22000339192E0349193E0359194E0369195E04A
:10A23000379196E0389197E03A9198E03B9199E018
:10A240003C919AE03D919BE03E919CE03F919DE0E6
:10A2500040919EE041919FE04291A0E04491A1E0B5
:10A260003755A2E05655A3E07555A4E07655A5E014
:10A270007755A6E03355A7E03055A8E05C55A9E036
:10A280008B55AAE0D255ABE08355ACE0B155ADE0BB
:10A29000B955AEE08855AFE08155B0E09F55B1E0CB
:10A2A0007E55B2E0D655B3E09155B4E07B55B5E0AC
:10A2B000DF55B6E0BD55B7E0BE55B8E09455B9E0FE
:10A2C0009955BAE0EA55BBE0F755BCE0C955BDE089
:10A2D0001F56BEE0D155BFE0EB55C0E0EC55C1E0E4
:10A2E000D455C2E0E655C3E0DD55C4E0C455C5E031
:10A2F000EF55C6E0E555C7E0F255C8E0F355C9E0B3
:10A30000CC55CAE0CD55CBE0E855CCE0F555CDE0D5
:10A31000E455CEE0948FCFE01E56D0E00856D1E051
:10A320000C56D2E00156D3E02456D4E02356D5E0B3
:10A33000FE55D6E00056D7E02756D8E02D56D9E096
:10A340005856DAE03956DBE05756DCE02C56DDE0B3
:10A350004D56DEE06256DFE05956E0E05C56E1E043
:10A360004C56E2E05456E3E08656E4E06456E5E0FD
:10A370007156E6E06B56E7E07B56E8E07C56E9E094
:10A380008556EAE09356EBE0AF56ECE0D456EDE0AC
:10A39000D756EEE0DD56EFE0E156F0E0F556F1E09D
:10A3A000EB56F2E0F956F3E0FF56F4E00457F5E01F
:10A3B0000A57F6E00957F7E01C57F8E00F5EF9E09E
:10A3C000195EFAE0145EFBE0115EFCE0315EFDE038
:10A3D0003B5EFEE03C5E40E1459141E1479142E158
:10A3E000489143E1519144E1539145E1549146E153
:10A3F000559147E1569148E1589149E159914AE117
:10A400005B914BE15C914CE15F914DE160914EE1DC
:10A4100066914FE1679150E1689151E16B9152E192
:10A420006D9153E1739154E17A9155E17B9156E13D
:10A430007C9157E1809158E1819159E182915AE1F3
:10A4400083915BE184915CE186915DE188915EE1BD
:10A450008A915FE18E9160E18F9161E1939162E178
:10A46000949163E1959164E1969165E1979166E13C
:10A47000989167E1999168E19C9169E19D916AE108
:10A480009E916BE19F916CE1A0916DE1A1916EE1D4
:10A49000A4916FE1A59170E1A69171E1A79172E19C
:10A4A000A89173E1A99174E1AB9175E1AC9176E16A
:10A4B000B09177E1B19178E1B29179E1B3917AE12C
:10A4C000B6917BE1B7917CE1B8917DE1B9917EE1F4
:10A4D000BB9180E1BC9181E1BD9182E1BE9183E1BC
:10A4E000BF9184E1C09185E1C19186E1C29187E18C
:10A4F000C39188E1C49189E1C5918AE1C6918BE15C
:10A50000C8918CE1CB918DE1D0918EE1D2918FE118
:10A51000D39190E1D49191E1D59192E1D69193E1DB
:10A52000D79194E1D89195E1D99196E1DA9197E1AB
:10A53000DB9198E1DD9199E1DE919AE1DF919BE178
:10A54000E0919CE1E1919DE1E2919EE1E3919FE147
:10A55000E491A0E1E591A1E1375EA2E1445EA3E1CF
:10A56000545EA4E15B5EA5E15E5EA6E1615EA7E1EB
:10A570008C5CA8E17A5CA9E18D5CAAE1905CABE11E
:10A58000965CACE1885CADE1985CAEE1995CAFE1D2
:10A59000915CB0E19A5CB1E19C5CB2E1B55CB3E185
:10A5A000A25CB4E1BD5CB5E1AC5CB6E1AB5CB7E12B
:10A5B000B15CB8E1A35CB9E1C15CBAE1B75CBBE1F5
:10A5C000C45CBCE1D25CBDE1E45CBEE1CB5CBFE15C
:10A5D000E55CC0E1025DC1E1035DC2E1275DC3E16D
:10A5E000265DC4E12E5DC5E1245DC6E11E5DC7E1C7
:10A5F000065DC8E11B5DC9E1585DCAE13E5DCBE186
:10A60000345DCCE13D5DCDE16C5DCEE15B5DCFE1E4
:10A610006F5DD0E15D5DD1E16B5DD2E14B5DD3E17A
:10A620004A5DD4E1695DD5E1745DD6E1825DD7E133
:10A63000995DD8E19D5DD9E1738CDAE1B75DDBE12D
:10A64000C55DDCE1735FDDE1775FDEE1825FDFE165
:10A65000875FE0E1895FE1E18C5FE2E1955FE3E143
:10A66000995FE4E19C5FE5E1A85FE6E1AD5FE7E1CA
:10A67000B55FE8E1BC5FE9E16288EAE1615FEBE1D7
:10A68000AD72ECE1B072EDE1B472EEE1B772EFE100
:10A69000B872F0E1C372F1E1C172F2E1CE72F3E19E
:10A6A000CD72F4E1D272F5E1E872F6E1EF72F7E112
:10A6B000E972F8E1F272F9E1F472FAE1F772FBE1A2
:10A6C0000173FCE1F372FDE10373FEE1FA7240E213
:10A6D000E69141E2E79142E2E89143E2E99144E206
:10A6E000EA9145E2EB9146E2EC9147E2ED9148E2D6
:10A6F000EE9149E2EF914AE2F0914BE2F1914CE2A6
:10A70000F2914DE2F3914EE2F4914FE2F59150E275
:10A71000F69151E2F79152E2F89153E2F99154E245
:10A72000FA9155E2FB9156E2FC9157E2FD9158E215
:10A73000FE9159E2FF915AE200925BE201925CE2E3
:10A7400002925DE203925EE204925FE2059260E2B1
:10A75000069261E2079262E2089263E2099264E281
:10A760000A9265E20B9266E20C9267E20D9268E251
:10A770000E9269E20F926AE210926BE211926CE221
:10A7800012926DE213926EE214926FE2159270E2F1
:10A79000169271E2179272E2189273E2199274E2C1
:10A7A0001A9275E21B9276E21C9277E21D9278E291
:10A7B0001E9279E21F927AE220927BE221927CE261
:10A7C00022927DE223927EE2249280E2259281E22F
:10A7D000269282E2279283E2289284E2299285E2FD
:10A7E0002A9286E22B9287E22C9288E22D9289E2CD
:10A7F0002E928AE22F928BE230928CE231928DE29D
:10A8000032928EE233928FE2349290E2359291E26C
:10A81000369292E2379293E2389294E2399295E23C
:10A820003A9296E23B9297E23C9298E23D9299E20C
:10A830003E929AE23F929BE240929CE241929DE2DC
:10A8400042929EE243929FE24492A0E24592A1E2AC
:10A85000FB72A2E21773A3E21373A4E22173A5E2D1
:10A860000A73A6E21E73A7E21D73A8E21573A9E29C
:10A870002273AAE23973ABE22573ACE22C73ADE22A
:10A880003873AEE23173AFE25073B0E24D73B1E2B0
:10A890005773B2E26073B3E26C73B4E26F73B5E204
:10A8A0007E73B6E21B82B7E22559B8E2E798B9E2B7
:10A8B0002459BAE20259BBE26399BCE26799BDE24E
:10A8C0006899BEE26999BFE26A99C0E26B99C1E2F8
:10A8D0006C99C2E27499C3E27799C4E27D99C5E2AA
:10A8E0008099C6E28499C7E28799C8E28A99C9E249
:10A8F0008D99CAE29099CBE29199CCE29399CDE2FD
:10A900009499CEE29599CFE2805ED0E2915ED1E259
:10A910008B5ED2E2965ED3E2A55ED4E2A05ED5E283
:10A92000B95ED6E2B55ED7E2BE5ED8E2B35ED9E2EA
:10A93000538DDAE2D25EDBE2D15EDCE2DB5EDDE2A9
:10A94000E85EDEE2EA5EDFE2BA81E0E2C45FE1E215
:10A95000C95FE2E2D65FE3E2CF5FE4E20360E5E2F3
:10A96000EE5FE6E20460E7E2E15FE8E2E45FE9E28D
:10A97000FE5FEAE20560EBE20660ECE2EA5FEDE230
:10A98000ED5FEEE2F85FEFE21960F0E23560F1E2D0
:10A990002660F2E21B60F3E20F60F4E20D60F5E284
:10A9A0002960F6E22B60F7E20A60F8E23F60F9E224
:10A9B0002160FAE27860FBE27960FCE27B60FDE214
:10A9C0007A60FEE2426040E3469241E3479242E30E
:10A9D000489243E3499244E34A9245E34B9246E36B
:10A9E0004C9247E34D9248E34E9249E34F924AE33B
:10A9F00050924BE351924CE352924DE353924EE30B
:10AA000054924FE3559250E3569251E3579252E3DA
:10AA1000589253E3599254E35A9255E35B9256E3AA
:10AA20005C9257E35D9258E35E9259E35F925AE37A
:10AA300060925BE361925CE362925DE363925EE34A
:10AA400064925FE3659260E3669261E3679262E31A
:10AA5000689263E3699264E36A9265E36B9266E3EA
:10AA60006C9267E36D9268E36E9269E36F926AE3BA
:10AA700070926BE371926CE372926DE373926EE38A
:10AA800075926FE3769270E3779271E3789272E356
:10AA9000799273E37A9274E37B9275E37C9276E326
:10AAA0007D9277E37E9278E37F9279E380927AE3F6
:10AAB00081927BE382927CE383927DE384927EE3C6
:10AAC000859280E3869281E3879282E3889283E392
:10AAD000899284E38A9285E38B9286E38C9287E362
:10AAE0008D9288E38F9289E390928AE391928BE32F
:10AAF00092928CE393928DE394928EE395928FE3FE
:10AB0000969290E3979291E3989292E3999293E3CD
:10AB10009A9294E39B9295E39C9296E39D9297E39D
:10AB20009E9298E39F9299E3A0929AE3A1929BE36D
:10AB3000A2929CE3A3929DE3A4929EE3A5929FE33D
:10AB4000A692A0E3A792A1E36A60A2E37D60A3E3DB
:10AB50009660A4E39A60A5E3AD60A6E39D60A7E3D9
:10AB60008360A8E39260A9E38C60AAE39B60ABE3F7
:10AB7000EC60ACE3BB60ADE3B160AEE3DD60AFE3DE
:10AB8000D860B0E3C660B1E3DA60B2E3B460B3E3C7
:10AB90002061B4E32661B5E31561B6E32361B7E351
:10ABA000F460B8E30061B9E30E61BAE32B61BBE383
:10ABB0004A61BCE37561BDE3AC61BEE39461BFE390
:10ABC000A761C0E3B761C1E3D461C2E3F561C3E348
:10ABD000DD5FC4E3B396C5E3E995C6E3EB95C7E350
:10ABE000F195C8E3F395C9E3F595CAE3F695CBE390
:10ABF000FC95CCE3FE95CDE30396CEE30496CFE33C
:10AC00000696D0E30896D1E30A96D2E30B96D3E3F7
:10AC10000C96D4E30D96D5E30F96D6E31296D7E3C0
:10AC20001596D8E31696D9E31796DAE31996DBE37F
:10AC30001A96DCE32C4EDDE33F72DEE31562DFE3C0
:10AC4000356CE0E3546CE1E35C6CE2E34A6CE3E313
:10AC5000A36CE4E3856CE5E3906CE6E3946CE7E3D6
:10AC60008C6CE8E3686CE9E3696CEAE3746CEBE331
:10AC7000766CECE3866CEDE3A96CEEE3D06CEFE36D
:10AC8000D46CF0E3AD6CF1E3F76CF2E3F86CF3E352
:10AC9000F16CF4E3D76CF5E3B26CF6E3E06CF7E348
:10ACA000D66CF8E3FA6CF9E3EB6CFAE3EE6CFBE3D9
:10ACB000B16CFCE3D36CFDE3EF6CFEE3FE6C40E4AF
:10ACC000A89241E4A99242E4AA9243E4AB9244E4FC
:10ACD000AC9245E4AD9246E4AF9247E4B09248E4CA
:10ACE000B19249E4B2924AE4B3924BE4B4924CE498
:10ACF000B5924DE4B6924EE4B7924FE4B89250E468
:10AD0000B99251E4BA9252E4BB9253E4BC9254E437
:10AD1000BD9255E4BE9256E4BF9257E4C09258E407
:10AD2000C19259E4C2925AE4C3925BE4C4925CE4D7
:10AD3000C5925DE4C6925EE4C7925FE4C99260E4A6
:10AD4000CA9261E4CB9262E4CC9263E4CD9264E473
:10AD5000CE9265E4CF9266E4D09267E4D19268E443
:10AD6000D29269E4D3926AE4D4926BE4D5926CE413
:10AD7000D6926DE4D7926EE4D8926FE4D99270E4E3
:10AD8000DA9271E4DB9272E4DC9273E4DD9274E4B3
:10AD9000DE9275E4DF9276E4E09277E4E19278E483
:10ADA000E29279E4E3927AE4E4927BE4E5927CE453
:10ADB000E6927DE4E7927EE4E89280E4E99281E421
:10ADC000EA9282E4EB9283E4EC9284E4ED9285E4EF
:10ADD000EE9286E4EF9287E4F09288E4F19289E4BF
:10ADE000F2928AE4F3928BE4F4928CE4F5928DE48F
:10ADF000F6928EE4F7928FE4F89290E4F99291E45F
:10AE0000FA9292E4FB9293E4FC9294E4FD9295E42E
:10AE1000FE9296E4FF9297E4009398E4019399E4FC
:10AE200002939AE403939BE404939CE405939DE4CA
:10AE300006939EE407939FE40893A0E40993A1E49A
:10AE4000396DA2E4276DA3E40C6DA4E4436DA5E481
:10AE5000486DA6E4076DA7E4046DA8E4196DA9E4A4
:10AE60000E6DAAE42B6DABE44D6DACE42E6DADE43C
:10AE7000356DAEE41A6DAFE44F6DB0E4526DB1E4E0
:10AE8000546DB2E4336DB3E4916DB4E46F6DB5E429
:10AE90009E6DB6E4A06DB7E45E6DB8E4936DB9E461
:10AEA000946DBAE45C6DBBE4606DBCE47C6DBDE4A4
:10AEB000636DBEE41A6EBFE4C76DC0E4C56DC1E446
:10AEC000DE6DC2E40E6EC3E4BF6DC4E4E06DC5E4A4
:10AED000116EC6E4E66DC7E4DD6DC8E4D96DC9E462
:10AEE000166ECAE4AB6DCBE40C6ECCE4AE6DCDE473
:10AEF0002B6ECEE46E6ECFE44E6ED0E46B6ED1E47A
:10AF0000B26ED2E45F6ED3E4866ED4E4536ED5E4C1
:10AF1000546ED6E4326ED7E4256ED8E4446ED9E49C
:10AF2000DF6EDAE4B16EDBE4986EDCE4E06EDDE463
:10AF30002D6FDEE4E26EDFE4A56EE0E4A76EE1E4EF
:10AF4000BD6EE2E4BB6EE3E4B76EE4E4D76EE5E425
:10AF5000B46EE6E4CF6EE7E48F6EE8E4C26EE9E437
:10AF60009F6EEAE4626FEBE4466FECE4476FEDE45A
:10AF7000246FEEE4156FEFE4F96EF0E42F6FF1E467
:10AF8000366FF2E44B6FF3E4746FF4E42A6FF5E488
:10AF9000096FF6E4296FF7E4896FF8E48D6FF9E43F
:10AFA0008C6FFAE4786FFBE4726FFCE47C6FFDE475
:10AFB0007A6FFEE4D16F40E50A9341E50B9342E5D9
:10AFC0000C9343E50D9344E50E9345E50F9346E559
:10AFD000109347E5119348E5129349E513934AE529
:10AFE00014934BE515934CE516934DE517934EE5F9
:10AFF00018934FE5199350E51A9351E51B9352E5C9
:10B000001C9353E51D9354E51E9355E51F9356E598
:10B01000209357E5219358E5229359E523935AE568
:10B0200024935BE525935CE526935DE527935EE538
:10B0300028935FE5299360E52A9361E52B9362E508
:10B040002C9363E52D9364E52E9365E52F9366E5D8
:10B05000309367E5319368E5329369E533936AE5A8
:10B0600034936BE535936CE536936DE537936EE578
:10B0700038936FE5399370E53A9371E53B9372E548
:10B080003C9373E53D9374E53F9375E5409376E516
:10B09000419377E5429378E5439379E544937AE5E4
:10B0A00045937BE546937CE547937DE548937EE5B4
:10B0B000499380E54A9381E54B9382E54C9383E580
:10B0C0004D9384E54E9385E54F9386E5509387E550
:10B0D000519388E5529389E553938AE554938BE520
:10B0E00055938CE556938DE557938EE558938FE5F0
:10B0F000599390E55A9391E55B9392E55C9393E5C0
:10B100005D9394E55E9395E55F9396E5609397E58F
:10B11000619398E5629399E563939AE564939BE55F
:10B1200065939CE566939DE567939EE568939FE52F
:10B130006993A0E56B93A1E5C96FA2E5A76FA3E5AD
:10B14000B96FA4E5B66FA5E5C26FA6E5E16FA7E507
:10B15000EE6FA8E5DE6FA9E5E06FAAE5EF6FABE55E
:10B160001A70ACE52370ADE51B70AEE53970AFE544
:10B170003570B0E54F70B1E55E70B2E5805BB3E568
:10B18000845BB4E5955BB5E5935BB6E5A55BB7E598
:10B19000B85BB8E52F75B9E59E9ABAE53464BBE5AE
:10B1A000E45BBCE5EE5BBDE53089BEE5F05BBFE589
:10B1B000478EC0E5078BC1E5B68FC2E5D38FC3E5E7
:10B1C000D58FC4E5E58FC5E5EE8FC6E5E48FC7E50D
:10B1D000E98FC8E5E68FC9E5F38FCAE5E88FCBE5CF
:10B1E0000590CCE50490CDE50B90CEE52690CFE51B
:10B1F0001190D0E50D90D1E51690D2E52190D3E5E0
:10B200003590D4E53690D5E52D90D6E52F90D7E54D
:10B210004490D8E55190D9E55290DAE55090DBE5BD
:10B220006890DCE55890DDE56290DEE55B90DFE557
:10B23000B966E0E57490E1E57D90E2E58290E3E5B2
:10B240008890E4E58390E5E58B90E6E5505FE7E5DF
:10B25000575FE8E5565FE9E5585FEAE53B5CEBE5FB
:10B26000AB54ECE5505CEDE5595CEEE5715BEFE568
:10B27000635CF0E5665CF1E5BC7FF2E52A5FF3E52F
:10B28000295FF4E52D5FF5E57482F6E53C5FF7E5AF
:10B290003B9BF8E56E5CF9E58159FAE58359FBE5DE
:10B2A0008D59FCE5A959FDE5AA59FEE5A35940E6EB
:10B2B0006C9341E66D9342E66E9343E66F9344E6EA
:10B2C000709345E6719346E6729347E6739348E6BA
:10B2D000749349E675934AE676934BE677934CE68A
:10B2E00078934DE679934EE67A934FE67B9350E65A
:10B2F0007C9351E67D9352E67E9353E67F9354E62A
:10B30000809355E6819356E6829357E6839358E6F9
:10B31000849359E685935AE686935BE687935CE6C9
:10B3200088935DE689935EE68A935FE68B9360E699
:10B330008C9361E68D9362E68E9363E6909364E668
:10B34000919365E6929366E6939367E6949368E635
:10B35000959369E696936AE697936BE698936CE605
:10B3600099936DE69A936EE69B936FE69C9370E6D5
:10B370009D9371E69E9372E69F9373E6A09374E6A5
:10B38000A19375E6A29376E6A39377E6A49378E675
:10B39000A59379E6A6937AE6A7937BE6A8937CE645
:10B3A000A9937DE6AA937EE6AB9380E6AC9381E613
:10B3B000AD9382E6AE9383E6AF9384E6B09385E6E1
:10B3C000B19386E6B29387E6B39388E6B49389E6B1
:10B3D000B5938AE6B6938BE6B7938CE6B8938DE681
:10B3E000B9938EE6BA938FE6BB9390E6BC9391E651
:10B3F000BD9392E6BE9393E6BF9394E6C09395E621
:10B40000C19396E6C29397E6C39398E6C49399E6F0
:10B41000C5939AE6C6939BE6C7939CE6C8939DE6C0
:10B42000C9939EE6CB939FE6CC93A0E6CD93A1E68D
:10B430009759A2E6CA59A3E6AB59A4E69E59A5E6D8
:10B44000A459A6E6D259A7E6B259A8E6AF59A9E68B
:10B45000D759AAE6BE59ABE6055AACE6065AADE6A0
:10B46000DD59AEE6085AAFE6E359B0E6D859B1E681
:10B47000F959B2E60C5AB3E6095AB4E6325AB5E6BF
:10B48000345AB6E6115AB7E6235AB8E6135AB9E663
:10B49000405ABAE6675ABBE64A5ABCE6555ABDE678
:10B4A0003C5ABEE6625ABFE6755AC0E6EC80C1E679
:10B4B000AA5AC2E69B5AC3E6775AC4E67A5AC5E648
:10B4C000BE5AC6E6EB5AC7E6B25AC8E6D25AC9E631
:10B4D000D45ACAE6B85ACBE6E05ACCE6E35ACDE6EF
:10B4E000F15ACEE6D65ACFE6E65AD0E6D85AD1E699
:10B4F000DC5AD2E6095BD3E6175BD4E6165BD5E6E9
:10B50000325BD6E6375BD7E6405BD8E6155CD9E61A
:10B510001C5CDAE65A5BDBE6655BDCE6735BDDE66A
:10B52000515BDEE6535BDFE6625BE0E6759AE1E6DF
:10B53000779AE2E6789AE3E67A9AE4E67F9AE5E695
:10B540007D9AE6E6809AE7E6819AE8E6859AE9E65A
:10B55000889AEAE68A9AEBE6909AECE6929AEDE609
:10B56000939AEEE6969AEFE6989AF0E69B9AF1E6C1
:10B570009C9AF2E69D9AF3E69F9AF4E6A09AF5E685
:10B58000A29AF6E6A39AF7E6A59AF8E6A79AF9E64C
:10B590009F7EFAE6A17EFBE6A37EFCE6A57EFDE6A5
:10B5A000A87EFEE6A97E40E7CE9341E7CF9342E72F
:10B5B000D09343E7D19344E7D29345E7D39346E74B
:10B5C000D49347E7D59348E7D79349E7D8934AE719
:10B5D000D9934BE7DA934CE7DB934DE7DC934EE7E7
:10B5E000DD934FE7DE9350E7DF9351E7E09352E7B7
:10B5F000E19353E7E29354E7E39355E7E49356E787
:10B60000E59357E7E69358E7E79359E7E8935AE756
:10B61000E9935BE7EA935CE7EB935DE7EC935EE726
:10B62000ED935FE7EE9360E7EF9361E7F09362E7F6
:10B63000F19363E7F29364E7F39365E7F49366E7C6
:10B64000F59367E7F69368E7F79369E7F8936AE796
:10B65000F9936BE7FA936CE7FB936DE7FC936EE766
:10B66000FD936FE7FE9370E7FF9371E7009472E735
:10B67000019473E7029474E7039475E7049476E702
:10B68000059477E7069478E7079479E708947AE7D2
:10B6900009947BE70A947CE70B947DE70C947EE7A2
:10B6A0000D9480E70E9481E70F9482E7109483E76E
:10B6B000119484E7129485E7139486E7149487E73E
:10B6C000159488E7169489E717948AE718948BE70E
:10B6D00019948CE71A948DE71B948EE71C948FE7DE
:10B6E0001D9490E71E9491E71F9492E7209493E7AE
:10B6F000219494E7229495E7239496E7249497E77E
:10B70000259498E7269499E727949AE728949BE74D
:10B7100029949CE72A949DE72B949EE72C949FE71D
:10B720002D94A0E72E94A1E7AD7EA2E7B07EA3E71B
:10B73000BE7EA4E7C07EA5E7C17EA6E7C27EA7E7DE
:10B74000C97EA8E7CB7EA9E7CC7EAAE7D07EABE78F
:10B75000D47EACE7D77EADE7DB7EAEE7E07EAFE739
:10B76000E17EB0E7E87EB1E7EB7EB2E7EE7EB3E7DD
:10B77000EF7EB4E7F17EB5E7F27EB6E70D7FB7E77F
:10B78000F67EB8E7FA7EB9E7FB7EBAE7FE7EBBE756
:10B79000017FBCE7027FBDE7037FBEE7077FBFE70E
:10B7A000087FC0E70B7FC1E70C7FC2E70F7FC3E7CD
:10B7B000117FC4E7127FC5E7177FC6E7197FC7E788
:10B7C0001C7FC8E71B7FC9E71F7FCAE7217FCBE744
:10B7D000227FCCE7237FCDE7247FCEE7257FCFE70D
:10B7E000267FD0E7277FD1E72A7FD2E72B7FD3E7D9
:10B7F0002C7FD4E72D7FD5E72F7FD6E7307FD7E7A3
:10B80000317FD8E7327FD9E7337FDAE7357FDBE76F
:10B810007A5EDCE77F75DDE7DB5DDEE73E75DFE75F
:10B820009590E0E78E73E1E79173E2E7AE73E3E7AB
:10B83000A273E4E79F73E5E7CF73E6E7C273E7E738
:10B84000D173E8E7B773E9E7B373EAE7C073EBE7EF
:10B85000C973ECE7C873EDE7E573EEE7D973EFE77B
:10B860007C98F0E70A74F1E7E973F2E7E773F3E72E
:10B87000DE73F4E7BA73F5E7F273F6E70F74F7E7F0
:10B880002A74F8E75B74F9E72674FAE72574FBE796
:10B890002874FCE73074FDE72E74FEE72C7440E852
:10B8A0002F9441E8309442E8319443E8329444E8DC
:10B8B000339445E8349446E8359447E8369448E8AC
:10B8C000379449E838944AE839944BE83A944CE87C
:10B8D0003B944DE83C944EE83D944FE83F9450E84B
:10B8E000409451E8419452E8429453E8439454E818
:10B8F000449455E8459456E8469457E8479458E8E8
:10B90000489459E849945AE84A945BE84B945CE8B7
:10B910004C945DE84D945EE84E945FE84F9460E887
:10B92000509461E8519462E8529463E8539464E857
:10B93000549465E8559466E8569467E8579468E827
:10B94000589469E859946AE85A946BE85B946CE8F7
:10B950005C946DE85D946EE85E946FE85F9470E8C7
:10B96000609471E8619472E8629473E8639474E897
:10B97000649475E8659476E8669477E8679478E867
:10B98000689479E869947AE86A947BE86C947CE836
:10B990006D947DE86E947EE86F9480E8709481E801
:10B9A000719482E8729483E8739484E8749485E8CF
:10B9B000759486E8769487E8779488E8789489E89F
:10B9C00079948AE87A948BE87B948CE87C948DE86F
:10B9D0007D948EE87E948FE87F9490E8809491E83F
:10B9E000819492E8829493E8839494E8849495E80F
:10B9F000919496E8969497E8989498E8C79499E873
:10BA0000CF949AE8D3949BE8D4949CE8DA949DE888
:10BA1000E6949EE8FB949FE81C95A0E82095A1E899
:10BA20001B74A2E81A74A3E84174A4E85C74A5E846
:10BA30005774A6E85574A7E85974A8E87774A9E87C
:10BA40006D74AAE87E74ABE89C74ACE88E74ADE8C3
:10BA50008074AEE88174AFE88774B0E88B74B1E8A5
:10BA60009E74B2E8A874B3E8A974B4E89074B5E819
:10BA7000A774B6E8D274B7E8BA74B8E8EA97B9E838
:10BA8000EB97BAE8EC97BBE84C67BCE85367BDE8B6
:10BA90005E67BEE84867BFE86967C0E8A567C1E8B8
:10BAA0008767C2E86A67C3E87367C4E89867C5E850
:10BAB000A767C6E87567C7E8A867C8E89E67C9E8CA
:10BAC000AD67CAE88B67CBE87767CCE87C67CDE8E1
:10BAD000F067CEE80968CFE8D867D0E80A68D1E80F
:10BAE000E967D2E8B067D3E80C68D4E8D967D5E84D
:10BAF000B567D6E8DA67D7E8B367D8E8DD67D9E88D
:10BB00000068DAE8C367DBE8B867DCE8E267DDE82D
:10BB10000E68DEE8C167DFE8FD67E0E83268E1E86B
:10BB20003368E2E86068E3E86168E4E84E68E5E805
:10BB30006268E6E84468E7E86468E8E88368E9E89A
:10BB40001D68EAE85568EBE86668ECE84168EDE8EE
:10BB50006768EEE84068EFE83E68F0E84A68F1E8B8
:10BB60004968F2E82968F3E8B568F4E88F68F5E811
:10BB70007468F6E87768F7E89368F8E86B68F9E8BE
:10BB8000C268FAE86E69FBE8FC68FCE81F69FDE83A
:10BB90002069FEE8F96840E9279541E9339542E9D3
:10BBA0003D9543E9439544E9489545E94B9546E978
:10BBB000559547E95A9548E9609549E96E954AE9EE
:10BBC00074954BE975954CE977954DE978954EE973
:10BBD00079954FE97A9550E97B9551E97C9552E941
:10BBE0007D9553E97E9554E9809555E9819556E90F
:10BBF000829557E9839558E9849559E985955AE9DD
:10BC000086955BE987955CE988955DE989955EE9AC
:10BC10008A955FE98B9560E98C9561E98D9562E97C
:10BC20008E9563E98F9564E9909565E9919566E94C
:10BC3000929567E9939568E9949569E995956AE91C
:10BC400096956BE997956CE998956DE999956EE9EC
:10BC50009A956FE99B9570E99C9571E99D9572E9BC
:10BC60009E9573E99F9574E9A09575E9A19576E98C
:10BC7000A29577E9A39578E9A49579E9A5957AE95C
:10BC8000A6957BE9A7957CE9A8957DE9A9957EE92C
:10BC9000AA9580E9AB9581E9AC9582E9AD9583E9F8
:10BCA000AE9584E9AF9585E9B09586E9B19587E9C8
:10BCB000B29588E9B39589E9B4958AE9B5958BE998
:10BCC000B6958CE9B7958DE9B8958EE9B9958FE968
:10BCD000BA9590E9BB9591E9BC9592E9BD9593E938
:10BCE000BE9594E9BF9595E9C09596E9C19597E908
:10BCF000C29598E9C39599E9C4959AE9C5959BE9D8
:10BD0000C6959CE9C7959DE9C8959EE9C9959FE9A7
:10BD1000CA95A0E9CB95A1E92469A2E9F068A3E955
:10BD20000B69A4E90169A5E95769A6E9E368A7E9F0
:10BD30001069A8E97169A9E93969AAE96069ABE9FB
:10BD40004269ACE95D69ADE98469AEE96B69AFE967
:10BD50008069B0E99869B1E97869B2E93469B3E911
:10BD6000CC69B4E98769B5E98869B6E9CE69B7E90C
:10BD70008969B8E96669B9E96369BAE97969BBE9CA
:10BD80009B69BCE9A769BDE9BB69BEE9AB69BFE9CD
:10BD9000AD69C0E9D469C1E9B169C2E9C169C3E962
:10BDA000CA69C4E9DF69C5E99569C6E9E069C7E917
:10BDB0008D69C8E9FF69C9E92F6ACAE9ED69CBE96C
:10BDC000176ACCE9186ACDE9656ACEE9F269CFE96C
:10BDD000446AD0E93E6AD1E9A06AD2E9506AD3E95F
:10BDE0005B6AD4E9356AD5E98E6AD6E9796AD7E91A
:10BDF0003D6AD8E9286AD9E9586ADAE97C6ADBE958
:10BE0000916ADCE9906ADDE9A96ADEE9976ADFE90F
:10BE1000AB6AE0E93773E1E95273E2E9816BE3E988
:10BE2000826BE4E9876BE5E9846BE6E9926BE7E90D
:10BE3000936BE8E98D6BE9E99A6BEAE99B6BEBE9B7
:10BE4000A16BECE9AA6BEDE96B8FEEE96D8FEFE981
:10BE5000718FF0E9728FF1E9738FF2E9758FF3E971
:10BE6000768FF4E9788FF5E9778FF6E9798FF7E93E
:10BE70007A8FF8E97C8FF9E97E8FFAE9818FFBE907
:10BE8000828FFCE9848FFDE9878FFEE98B8F40EA82
:10BE9000CC9541EACD9542EACE9543EACF9544EA66
:10BEA000D09545EAD19546EAD29547EAD39548EA36
:10BEB000D49549EAD5954AEAD6954BEAD7954CEA06
:10BEC000D8954DEAD9954EEADA954FEADB9550EAD6
:10BED000DC9551EADD9552EADE9553EADF9554EAA6
:10BEE000E09555EAE19556EAE29557EAE39558EA76
:10BEF000E49559EAE5955AEAE6955BEAE7955CEA46
:10BF0000EC955DEAFF955EEA07965FEA139660EAB4
:10BF1000189661EA1B9662EA1E9663EA209664EA26
:10BF2000239665EA249666EA259667EA269668EAE5
:10BF3000279669EA28966AEA29966BEA2B966CEAB4
:10BF40002C966DEA2D966EEA2F966FEA309670EA7F
:10BF5000379671EA389672EA399673EA3A9674EA35
:10BF60003E9675EA419676EA439677EA4A9678EAEB
:10BF70004E9679EA4F967AEA51967BEA52967CEA97
:10BF800053967DEA56967EEA579680EA589681EA5D
:10BF9000599682EA5A9683EA5C9684EA5D9685EA27
:10BFA0005E9686EA609687EA639688EA659689EAED
:10BFB00066968AEA6B968BEA6D968CEA6E968DEAA7
:10BFC0006F968EEA70968FEA719690EA739691EA70
:10BFD000789692EA799693EA7A9694EA7B9695EA2D
:10BFE0007C9696EA7D9697EA7E9698EA7F9699EAFD
:10BFF00080969AEA81969BEA82969CEA83969DEACD
:10C0000084969EEA87969FEA8996A0EA8A96A1EA94
:10C010008D8FA2EA8E8FA3EA8F8FA4EA988FA5EA6C
:10C020009A8FA6EACE8EA7EA0B62A8EA1762A9EA5F
:10C030001B62AAEA1F62ABEA2262ACEA2162ADEAA5
:10C040002562AEEA2462AFEA2C62B0EAE781B1EA87
:10C05000EF74B2EAF474B3EAFF74B4EA0F75B5EAA8
:10C060001175B6EA1375B7EA3465B8EAEE65B9EA50
:10C07000EF65BAEAF065BBEA0A66BCEA1966BDEA92
:10C080007267BEEA0366BFEA1566C0EA0066C1EAE7
:10C090008570C2EAF766C3EA1D66C4EA3466C5EA7B
:10C0A0003166C6EA3666C7EA3566C8EA0680C9EA76
:10C0B0005F66CAEA5466CBEA4166CCEA4F66CDEACF
:10C0C0005666CEEA6166CFEA5766D0EA7766D1EA6D
:10C0D0008466D2EA8C66D3EAA766D4EA9D66D5EA7E
:10C0E000BE66D6EADB66D7EADC66D8EAE666D9EA57
:10C0F000E966DAEA328DDBEA338DDCEA368DDDEA99
:10C100003B8DDEEA3D8DDFEA408DE0EA458DE1EAD8
:10C11000468DE2EA488DE3EA498DE4EA478DE5EA97
:10C120004D8DE6EA558DE7EA598DE8EAC789E9EAD7
:10C13000CA89EAEACB89EBEACC89ECEACE89EDEA56
:10C14000CF89EEEAD089EFEAD189F0EA6E72F1EA9E
:10C150009F72F2EA5D72F3EA6672F4EA6F72F5EAD0
:10C160007E72F6EA7F72F7EA8472F8EA8B72F9EA75
:10C170008D72FAEA8F72FBEA9272FCEA0863FDEABA
:10C180003263FEEAB06340EB8C9641EB8E9642EB55
:10C19000919643EB929644EB939645EB959646EB3E
:10C1A000969647EB9A9648EB9B9649EB9D964AEB01
:10C1B0009E964BEB9F964CEBA0964DEBA1964EEBCB
:10C1C000A2964FEBA39650EBA49651EBA59652EB9B
:10C1D000A69653EBA89654EBA99655EBAA9656EB68
:10C1E000AB9657EBAC9658EBAD9659EBAE965AEB37
:10C1F000AF965BEBB1965CEBB2965DEBB4965EEB03
:10C20000B5965FEBB79660EBB89661EBBA9662EBCA
:10C21000BB9663EBBF9664EBC29665EBC39666EB89
:10C22000C89667EBCA9668EBCB9669EBD0966AEB3B
:10C23000D1966BEBD3966CEBD4966DEBD6966EEBFA
:10C24000D7966FEBD89670EBD99671EBDA9672EBC6
:10C25000DB9673EBDC9674EBDD9675EBDE9676EB96
:10C26000DF9677EBE19678EBE29679EBE3967AEB63
:10C27000E4967BEBE5967CEBE6967DEBE7967EEB32
:10C28000EB9680EBEC9681EBED9682EBEE9683EBF2
:10C29000F09684EBF19685EBF29686EBF49687EBBD
:10C2A000F59688EBF89689EBFA968AEBFB968BEB82
:10C2B000FC968CEBFD968DEBFF968EEB02978FEB49
:10C2C000039790EB059791EB0A9792EB0B9793EB03
:10C2D0000C9794EB109795EB119796EB129797EBC1
:10C2E000149798EB159799EB17979AEB18979BEB88
:10C2F00019979CEB1A979DEB1B979EEB1D979FEB55
:10C300001F97A0EB2097A1EB3F64A2EBD864A3EBAF
:10C310000480A4EBEA6BA5EBF36BA6EBFD6BA7EB3C
:10C32000F56BA8EBF96BA9EB056CAAEB076CABEB13
:10C33000066CACEB0D6CADEB156CAEEB186CAFEBAB
:10C34000196CB0EB1A6CB1EB216CB2EB296CB3EB4E
:10C35000246CB4EB2A6CB5EB326CB6EB3565B7EBFD
:10C360005565B8EB6B65B9EB4D72BAEB5272BBEB2E
:10C370005672BCEB3072BDEB6286BEEB1652BFEB61
:10C380009F80C0EB9C80C1EB9380C2EBBC80C3EB71
:10C390000A67C4EBBD80C5EBB180C6EBAB80C7EBD1
:10C3A000AD80C8EBB480C9EBB780CAEBE780CBEBBC
:10C3B000E880CCEBE980CDEBEA80CEEBDB80CFEB05
:10C3C000C280D0EBC480D1EBD980D2EBCD80D3EB4F
:10C3D000D780D4EB1067D5EBDD80D6EBEB80D7EBC5
:10C3E000F180D8EBF480D9EBED80DAEB0D81DBEB5B
:10C3F0000E81DCEBF280DDEBFC80DEEB1567DFEB22
:10C400001281E0EB5A8CE1EB3681E2EB1E81E3EB2B
:10C410002C81E4EB1881E5EB3281E6EB4881E7EB18
:10C420004C81E8EB5381E9EB7481EAEB5981EBEB4A
:10C430005A81ECEB7181EDEB6081EEEB6981EFEB02
:10C440007C81F0EB7D81F1EB6D81F2EB6781F3EBA9
:10C450004D58F4EBB55AF5EB8881F6EB8281F7EB9A
:10C460009181F8EBD56EF9EBA381FAEBAA81FBEB96
:10C47000CC81FCEB2667FDEBCA81FEEBBB8140EC77
:10C48000219741EC229742EC239743EC249744EC0C
:10C49000259745EC269746EC279747EC289748ECDC
:10C4A000299749EC2B974AEC2C974BEC2E974CECA8
:10C4B0002F974DEC31974EEC33974FEC349750EC6F
:10C4C000359751EC369752EC379753EC3A9754EC3A
:10C4D0003B9755EC3C9756EC3D9757EC3F9758EC03
:10C4E000409759EC41975AEC42975BEC43975CECD0
:10C4F00044975DEC45975EEC46975FEC479760ECA0
:10C50000489761EC499762EC4A9763EC4B9764EC6F
:10C510004C9765EC4D9766EC4E9767EC4F9768EC3F
:10C52000509769EC51976AEC54976BEC55976CEC0B
:10C5300057976DEC58976EEC5A976FEC5C9770ECD0
:10C540005D9771EC5F9772EC639773EC649774EC92
:10C55000669775EC679776EC689777EC6A9778EC56
:10C560006B9779EC6C977AEC6D977BEC6E977CEC23
:10C570006F977DEC70977EEC719780EC729781ECF1
:10C58000759782EC779783EC789784EC799785ECB4
:10C590007A9786EC7B9787EC7D9788EC7E9789EC81
:10C5A0007F978AEC80978BEC81978CEC82978DEC4F
:10C5B00083978EEC84978FEC869790EC879791EC1D
:10C5C000889792EC899793EC8A9794EC8C9795ECEA
:10C5D0008E9796EC8F9797EC909798EC939799ECB1
:10C5E00095979AEC96979BEC97979CEC99979DEC76
:10C5F0009A979EEC9B979FEC9C97A0EC9D97A1EC43
:10C60000C181A2ECA681A3EC246BA4EC376BA5EC52
:10C61000396BA6EC436BA7EC466BA8EC596BA9EC05
:10C62000D198AAECD298ABECD398ACECD598ADEC01
:10C63000D998AEECDA98AFECB36BB0EC405FB1ECEC
:10C64000C26BB2ECF389B3EC9065B4EC519FB5ECDE
:10C650009365B6ECBC65B7ECC665B8ECC465B9ECDF
:10C66000C365BAECCC65BBECCE65BCECD265BDEC69
:10C67000D665BEEC8070BFEC9C70C0EC9670C1ECCF
:10C680009D70C2ECBB70C3ECC070C4ECB770C5EC5D
:10C69000AB70C6ECB170C7ECE870C8ECCA70C9ECFE
:10C6A0001071CAEC1371CBEC1671CCEC2F71CDEC80
:10C6B0003171CEEC7371CFEC5C71D0EC6871D1EC60
:10C6C0004571D2EC7271D3EC4A71D4EC7871D5EC2F
:10C6D0007A71D6EC9871D7ECB371D8ECB571D9EC0E
:10C6E000A871DAECA071DBECE071DCECD471DDEC6C
:10C6F000E771DEECF971DFEC1D72E0EC2872E1EC21
:10C700006C70E2EC1871E3EC6671E4ECB971E5EC85
:10C710003E62E6EC3D62E7EC4362E8EC4862E9EC3D
:10C720004962EAEC3B79EBEC4079ECEC4679EDECD4
:10C730004979EEEC5B79EFEC5C79F0EC5379F1EC54
:10C740005A79F2EC6279F3EC5779F4EC6079F5EC14
:10C750006F79F6EC6779F7EC7A79F8EC8579F9EC92
:10C760008A79FAEC9A79FBECA779FCECB379FDECC9
:10C77000D15FFEECD05F40ED9E9741ED9F9742ED7B
:10C78000A19743EDA29744EDA49745EDA59746EDFB
:10C79000A69747EDA79748EDA89749EDA9974AEDC9
:10C7A000AA974BEDAC974CEDAE974DEDB0974EED93
:10C7B000B1974FEDB39750EDB59751EDB69752ED58
:10C7C000B79753EDB89754EDB99755EDBA9756ED25
:10C7D000BB9757EDBC9758EDBD9759EDBE975AEDF5
:10C7E000BF975BEDC0975CEDC1975DEDC2975EEDC5
:10C7F000C3975FEDC49760EDC59761EDC69762ED95
:10C80000C79763EDC89764EDC99765EDCA9766ED64
:10C81000CB9767EDCC9768EDCD9769EDCE976AED34
:10C82000CF976BEDD0976CEDD1976DEDD2976EED04
:10C83000D3976FEDD49770EDD59771EDD69772EDD4
:10C84000D79773EDD89774EDD99775EDDA9776EDA4
:10C85000DB9777EDDC9778EDDD9779EDDE977AED74
:10C86000DF977BEDE0977CEDE1977DEDE2977EED44
:10C87000E39780EDE49781EDE59782EDE89783ED0E
:10C88000EE9784EDEF9785EDF09786EDF19787EDC4
:10C89000F29788EDF49789EDF7978AEDF8978BED8D
:10C8A000F9978CEDFA978DEDFB978EEDFC978FED58
:10C8B000FD9790EDFE9791EDFF9792ED009893ED27
:10C8C000019894ED029895ED039896ED049897EDF4
:10C8D000059898ED069899ED07989AED08989BEDC4
:10C8E00009989CED0A989DED0B989EED0C989FED94
:10C8F0000D98A0ED0E98A1ED3C60A2ED5D60A3ED5A
:10C900005A60A4ED6760A5ED4160A6ED5960A7ED02
:10C910006360A8EDAB60A9ED0661AAED0D61ABED1A
:10C920005D61ACEDA961ADED9D61AEEDCB61AFEDAB
:10C93000D161B0ED0662B1ED8080B2ED7F80B3EDE4
:10C94000936CB4EDF66CB5EDFC6DB6EDF677B7ED26
:10C95000F877B8ED0078B9ED0978BAED1778BBED46
:10C960001878BCED1178BDEDAB65BEED2D78BFED4F
:10C970001C78C0ED1D78C1ED3978C2ED3A78C3ED71
:10C980003B78C4ED1F78C5ED3C78C6ED2578C7ED42
:10C990002C78C8ED2378C9ED2978CAED4E78CBED17
:10C9A0006D78CCED5678CDED5778CEED2678CFED7D
:10C9B0005078D0ED4778D1ED4C78D2ED6A78D3ED50
:10C9C0009B78D4ED9378D5ED9A78D6ED8778D7ED2E
:10C9D0009C78D8EDA178D9EDA378DAEDB278DBEDCB
:10C9E000B978DCEDA578DDEDD478DEEDD978DFED32
:10C9F000C978E0EDEC78E1EDF278E2ED0579E3ED70
:10CA0000F478E4ED1379E5ED2479E6ED1E79E7EDB0
:10CA10003479E8ED9B9FE9EDF99EEAEDFB9EEBEDA5
:10CA2000FC9EECEDF176EDED0477EEED0D77EFED9C
:10CA3000F976F0ED0777F1ED0877F2ED1A77F3ED7F
:10CA40002277F4ED1977F5ED2D77F6ED2677F7EDF2
:10CA50003577F8ED3877F9ED5077FAED5177FBED52
:10CA60004777FCED4377FDED5A77FEED687740EEB2
:10CA70000F9841EE109842EE119843EE129844EE52
:10CA8000139845EE149846EE159847EE169848EE22
:10CA9000179849EE18984AEE19984BEE1A984CEEF2
:10CAA0001B984DEE1C984EEE1D984FEE1E9850EEC2
:10CAB0001F9851EE209852EE219853EE229854EE92
:10CAC000239855EE249856EE259857EE269858EE62
:10CAD000279859EE28985AEE29985BEE2A985CEE32
:10CAE0002B985DEE2C985EEE2D985FEE2E9860EE02
:10CAF0002F9861EE309862EE319863EE329864EED2
:10CB0000339865EE349866EE359867EE369868EEA1
:10CB1000379869EE38986AEE39986BEE3A986CEE71
:10CB20003B986DEE3C986EEE3D986FEE3E9870EE41
:10CB30003F9871EE409872EE419873EE429874EE11
:10CB4000439875EE449876EE459877EE469878EEE1
:10CB5000479879EE48987AEE49987BEE4A987CEEB1
:10CB60004B987DEE4C987EEE4D9880EE4E9881EE7F
:10CB70004F9882EE509883EE519884EE529885EE4D
:10CB8000539886EE549887EE559888EE569889EE1D
:10CB900057988AEE58988BEE59988CEE5A988DEEED
:10CBA0005B988EEE5C988FEE5D9890EE5E9891EEBD
:10CBB0005F9892EE609893EE619894EE629895EE8D
:10CBC000639896EE649897EE659898EE669899EE5D
:10CBD00067989AEE68989BEE69989CEE6A989DEE2D
:10CBE0006B989EEE6C989FEE6D98A0EE6E98A1EEFD
:10CBF0006277A2EE6577A3EE7F77A4EE8D77A5EE40
:10CC00007D77A6EE8077A7EE8C77A8EE9177A9EED8
:10CC10009F77AAEEA077ABEEB077ACEEB577ADEE2E
:10CC2000BD77AEEE3A75AFEE4075B0EE4E75B1EE33
:10CC30004B75B2EE4875B3EE5B75B4EE7275B5EE3A
:10CC40007975B6EE8375B7EE587FB8EE617FB9EEB1
:10CC50005F7FBAEE488ABBEE687FBCEE747FBDEEA4
:10CC6000717FBEEE797FBFEE817FC0EE7E7FC1EE29
:10CC7000CD76C2EEE576C3EE3288C4EE8594C5EE7D
:10CC80008694C6EE8794C7EE8B94C8EE8A94C9EE5C
:10CC90008C94CAEE8D94CBEE8F94CCEE9094CDEE26
:10CCA0009494CEEE9794CFEE9594D0EE9A94D1EEE4
:10CCB0009B94D2EE9C94D3EEA394D4EEA494D5EEA0
:10CCC000AB94D6EEAA94D7EEAD94D8EEAC94D9EE50
:10CCD000AF94DAEEB094DBEEB294DCEEB494DDEE19
:10CCE000B694DEEEB794DFEEB894E0EEB994E1EEE0
:10CCF000BA94E2EEBC94E3EEBD94E4EEBF94E5EEAC
:10CD0000C494E6EEC894E7EEC994E8EECA94E9EE5E
:10CD1000CB94EAEECC94EBEECD94ECEECE94EDEE2B
:10CD2000D094EEEED194EFEED294F0EED594F1EEF5
:10CD3000D694F2EED794F3EED994F4EED894F5EEBF
:10CD4000DB94F6EEDE94F7EEDF94F8EEE094F9EE85
:10CD5000E294FAEEE494FBEEE594FCEEE794FDEE4B
:10CD6000E894FEEEEA9440EF6F9841EF709842EF3E
:10CD7000719843EF729844EF739845EF749846EFBB
:10CD80008B9847EF8E9848EF929849EF95984AEF25
:10CD900099984BEFA3984CEFA8984DEFA9984EEFB8
:10CDA000AA984FEFAB9850EFAC9851EFAD9852EF77
:10CDB000AE9853EFAF9854EFB09855EFB19856EF47
:10CDC000B29857EFB39858EFB49859EFB5985AEF17
:10CDD000B6985BEFB7985CEFB8985DEFB9985EEFE7
:10CDE000BA985FEFBB9860EFBC9861EFBD9862EFB7
:10CDF000BE9863EFBF9864EFC09865EFC19866EF87
:10CE0000C29867EFC39868EFC49869EFC5986AEF56
:10CE1000C6986BEFC7986CEFC8986DEFC9986EEF26
:10CE2000CA986FEFCB9870EFCC9871EFCD9872EFF6
:10CE3000CF9873EFD09874EFD49875EFD69876EFBB
:10CE4000D79877EFDB9878EFDC9879EFDD987AEF79
:10CE5000E0987BEFE1987CEFE2987DEFE3987EEF3E
:10CE6000E49880EFE59881EFE69882EFE99883EF08
:10CE7000EA9884EFEB9885EFEC9886EFED9887EFD2
:10CE8000EE9888EFEF9889EFF0988AEFF1988BEFA2
:10CE9000F2988CEFF3988DEFF4988EEFF5988FEF72
:10CEA000F69890EFF79891EFF89892EFF99893EF42
:10CEB000FA9894EFFB9895EFFC9896EFFD9897EF12
:10CEC000FE9898EFFF9899EF00999AEF01999BEFE0
:10CED00002999CEF03999DEF04999EEF05999FEFAE
:10CEE0000699A0EF0799A1EFE994A2EFEB94A3EFC5
:10CEF000EE94A4EFEF94A5EFF394A6EFF494A7EFCC
:10CF0000F594A8EFF794A9EFF994AAEFFC94ABEF8E
:10CF1000FD94ACEFFF94ADEF0395AEEF0295AFEF4C
:10CF20000695B0EF0795B1EF0995B2EF0A95B3EF0B
:10CF30000D95B4EF0E95B5EF0F95B6EF1295B7EFCF
:10CF40001395B8EF1495B9EF1595BAEF1695BBEF99
:10CF50001895BCEF1B95BDEF1D95BEEF1E95BFEF5D
:10CF60001F95C0EF2295C1EF2A95C2EF2B95C3EF15
:10CF70002995C4EF2C95C5EF3195C6EF3295C7EFD3
:10CF80003495C8EF3695C9EF3795CAEF3895CBEF92
:10CF90003C95CCEF3E95CDEF3F95CEEF4295CFEF50
:10CFA0003595D0EF4495D1EF4595D2EF4695D3EF27
:10CFB0004995D4EF4C95D5EF4E95D6EF4F95D7EFD9
:10CFC0005295D8EF5395D9EF5495DAEF5695DBEF9C
:10CFD0005795DCEF5895DDEF5995DEEF5B95DFEF68
:10CFE0005E95E0EF5F95E1EF5D95E2EF6195E3EF30
:10CFF0006295E4EF6495E5EF6595E6EF6695E7EFFA
:10D000006795E8EF6895E9EF6995EAEF6A95EBEFC8
:10D010006B95ECEF6C95EDEF6F95EEEF7195EFEF93
:10D020007295F0EF7395F1EF3A95F2EFE777F3EF42
:10D03000EC77F4EFC996F5EFD579F6EFED79F7EFE8
:10D04000E379F8EFEB79F9EF067AFAEF475DFBEF5A
:10D05000037AFCEF027AFDEF1E7AFEEF147A40F0BD
:10D06000089941F0099942F00A9943F00B9944F06C
:10D070000C9945F00E9946F00F9947F0119948F038
:10D08000129949F013994AF014994BF015994CF004
:10D0900016994DF017994EF018994FF0199950F0D4
:10D0A0001A9951F01B9952F01C9953F01D9954F0A4
:10D0B0001E9955F01F9956F0209957F0219958F074
:10D0C000229959F023995AF024995BF025995CF044
:10D0D00026995DF027995EF028995FF0299960F014
:10D0E0002A9961F02B9962F02C9963F02D9964F0E4
:10D0F0002F9965F0309966F0319967F0329968F0B0
:10D10000339969F034996AF035996BF036996CF07F
:10D1100037996DF038996EF039996FF03A9970F04F
:10D120003B9971F03C9972F03D9973F03E9974F01F
:10D130003F9975F0409976F0419977F0429978F0EF
:10D14000439979F044997AF045997BF046997CF0BF
:10D1500047997DF048997EF0499980F04A9981F08D
:10D160004B9982F04C9983F04D9984F04E9985F05B
:10D170004F9986F0509987F0519988F0529989F02B
:10D1800053998AF056998BF057998CF058998DF0F5
:10D1900059998EF05A998FF05B9990F05C9991F0C3
:10D1A0005D9992F05E9993F05F9994F0609995F093
:10D1B000619996F0629997F0649998F0669999F060
:10D1C00073999AF078999BF079999CF07B999DF0EE
:10D1D0007E999EF082999FF08399A0F08999A1F0A1
:10D1E000397AA2F0377AA3F0517AA4F0CF9EA5F055
:10D1F000A599A6F0707AA7F08876A8F08E76A9F0A7
:10D200009376AAF09976ABF0A476ACF0DE74ADF02C
:10D21000E074AEF02C75AFF0209EB0F0229EB1F01D
:10D22000289EB2F0299EB3F02A9EB4F02B9EB5F052
:10D230002C9EB6F0329EB7F0319EB8F0369EB9F013
:10D24000389EBAF0379EBBF0399EBCF03A9EBDF0D6
:10D250003E9EBEF0419EBFF0429EC0F0449EC1F093
:10D26000469EC2F0479EC3F0489EC4F0499EC5F05A
:10D270004B9EC6F04C9EC7F04E9EC8F0519EC9F022
:10D28000559ECAF0579ECBF05A9ECCF05B9ECDF0D7
:10D290005C9ECEF05E9ECFF0639ED0F0669ED1F095
:10D2A000679ED2F0689ED3F0699ED4F06A9ED5F056
:10D2B0006B9ED6F06C9ED7F0719ED8F06D9ED9F023
:10D2C000739EDAF09275DBF09475DCF09675DDF004
:10D2D000A075DEF09D75DFF0AC75E0F0A375E1F0B0
:10D2E000B375E2F0B475E3F0B875E4F0C475E5F039
:10D2F000B175E6F0B075E7F0C375E8F0C275E9F016
:10D30000D675EAF0CD75EBF0E375ECF0E875EDF06D
:10D31000E675EEF0E475EFF0EB75F0F0E775F1F01F
:10D320000376F2F0F175F3F0FC75F4F0FF75F5F0AB
:10D330001076F6F00076F7F00576F8F00C76F9F056
:10D340001776FAF00A76FBF02576FCF01876FDF0F9
:10D350001576FEF0197640F18C9941F18E9942F1E3
:10D360009A9943F19B9944F19C9945F19D9946F115
:10D370009E9947F19F9948F1A09949F1A1994AF1E5
:10D38000A2994BF1A3994CF1A4994DF1A6994EF1B4
:10D39000A7994FF1A99950F1AA9951F1AB9952F17E
:10D3A000AC9953F1AD9954F1AE9955F1AF9956F14D
:10D3B000B09957F1B19958F1B29959F1B3995AF11D
:10D3C000B4995BF1B5995CF1B6995DF1B7995EF1ED
:10D3D000B8995FF1B99960F1BA9961F1BB9962F1BD
:10D3E000BC9963F1BD9964F1BE9965F1BF9966F18D
:10D3F000C09967F1C19968F1C29969F1C3996AF15D
:10D40000C4996BF1C5996CF1C6996DF1C7996EF12C
:10D41000C8996FF1C99970F1CA9971F1CB9972F1FC
:10D42000CC9973F1CD9974F1CE9975F1CF9976F1CC
:10D43000D09977F1D19978F1D29979F1D3997AF19C
:10D44000D4997BF1D5997CF1D6997DF1D7997EF16C
:10D45000D89980F1D99981F1DA9982F1DB9983F138
:10D46000DC9984F1DD9985F1DE9986F1DF9987F108
:10D47000E09988F1E19989F1E2998AF1E3998BF1D8
:10D48000E4998CF1E5998DF1E6998EF1E7998FF1A8
:10D49000E89990F1E99991F1EA9992F1EB9993F178
:10D4A000EC9994F1ED9995F1EE9996F1EF9997F148
:10D4B000F09998F1F19999F1F2999AF1F3999BF118
:10D4C000F4999CF1F5999DF1F6999EF1F7999FF1E8
:10D4D000F899A0F1F999A1F11B76A2F13C76A3F19C
:10D4E0002276A4F12076A5F14076A6F12D76A7F15B
:10D4F0003076A8F13F76A9F13576AAF14376ABF103
:10D500003E76ACF13376ADF14D76AEF15E76AFF1AD
:10D510005476B0F15C76B1F15676B2F16B76B3F138
:10D520006F76B4F1CA7FB5F1E67AB6F1787AB7F1E1
:10D53000797AB8F1807AB9F1867ABAF1887ABBF152
:10D54000957ABCF1A67ABDF1A07ABEF1AC7ABFF1B2
:10D55000A87AC0F1AD7AC1F1B37AC2F16488C3F19F
:10D560006988C4F17288C5F17D88C6F17F88C7F1EA
:10D570008288C8F1A288C9F1C688CAF1B788CBF100
:10D58000BC88CCF1C988CDF1E288CEF1CE88CFF14C
:10D59000E388D0F1E588D1F1F188D2F11A89D3F18D
:10D5A000FC88D4F1E888D5F1FE88D6F1F088D7F16F
:10D5B0002189D8F11989D9F11389DAF11B89DBF1B5
:10D5C0000A89DCF13489DDF12B89DEF13689DFF15E
:10D5D0004189E0F16689E1F17B89E2F18B75E3F144
:10D5E000E580E4F1B276E5F1B476E6F1DC77E7F1D7
:10D5F0001280E8F11480E9F11680EAF11C80EBF169
:10D600002080ECF12280EDF12580EEF12680EFF113
:10D610002780F0F12980F1F12880F2F13180F3F1D7
:10D620000B80F4F13580F5F14380F6F14680F7F197
:10D630004D80F8F15280F9F16980FAF17180FBF1C7
:10D640008389FCF17898FDF18098FEF1839840F28F
:10D65000FA9941F2FB9942F2FC9943F2FD9944F2A6
:10D66000FE9945F2FF9946F2009A47F2019A48F274
:10D67000029A49F2039A4AF2049A4BF2059A4CF242
:10D68000069A4DF2079A4EF2089A4FF2099A50F212
:10D690000A9A51F20B9A52F20C9A53F20D9A54F2E2
:10D6A0000E9A55F20F9A56F2109A57F2119A58F2B2
:10D6B000129A59F2139A5AF2149A5BF2159A5CF282
:10D6C000169A5DF2179A5EF2189A5FF2199A60F252
:10D6D0001A9A61F21B9A62F21C9A63F21D9A64F222
:10D6E0001E9A65F21F9A66F2209A67F2219A68F2F2
:10D6F000229A69F2239A6AF2249A6BF2259A6CF2C2
:10D70000269A6DF2279A6EF2289A6FF2299A70F291
:10D710002A9A71F22B9A72F22C9A73F22D9A74F261
:10D720002E9A75F22F9A76F2309A77F2319A78F231
:10D73000329A79F2339A7AF2349A7BF2359A7CF201
:10D74000369A7DF2379A7EF2389A80F2399A81F2CF
:10D750003A9A82F23B9A83F23C9A84F23D9A85F29D
:10D760003E9A86F23F9A87F2409A88F2419A89F26D
:10D77000429A8AF2439A8BF2449A8CF2459A8DF23D
:10D78000469A8EF2479A8FF2489A90F2499A91F20D
:10D790004A9A92F24B9A93F24C9A94F24D9A95F2DD
:10D7A0004E9A96F24F9A97F2509A98F2519A99F2AD
:10D7B000529A9AF2539A9BF2549A9CF2559A9DF27D
:10D7C000569A9EF2579A9FF2589AA0F2599AA1F24D
:10D7D0008998A2F28C98A3F28D98A4F28F98A5F262
:10D7E0009498A6F29A98A7F29B98A8F29E98A9F20C
:10D7F0009F98AAF2A198ABF2A298ACF2A598ADF2CC
:10D80000A698AEF24D86AFF25486B0F26C86B1F2B5
:10D810006E86B2F27F86B3F27A86B4F27C86B5F277
:10D820007B86B6F2A886B7F28D86B8F28B86B9F2FF
:10D83000AC86BAF29D86BBF2A786BCF2A386BDF287
:10D84000AA86BEF29386BFF2A986C0F2B686C1F25E
:10D85000C486C2F2B586C3F2CE86C4F2B086C5F2E3
:10D86000BA86C6F2B186C7F2AF86C8F2C986C9F2D7
:10D87000CF86CAF2B486CBF2E986CCF2F186CDF23D
:10D88000F286CEF2ED86CFF2F386D0F2D086D1F2D8
:10D890001387D2F2DE86D3F2F486D4F2DF86D5F295
:10D8A000D886D6F2D186D7F20387D8F20787D9F285
:10D8B000F886DAF20887DBF20A87DCF20D87DDF200
:10D8C0000987DEF22387DFF23B87E0F21E87E1F271
:10D8D0002587E2F22E87E3F21A87E4F23E87E5F22B
:10D8E0004887E6F23487E7F23187E8F22987E9F2E0
:10D8F0003787EAF23F87EBF28287ECF22287EDF27C
:10D900007D87EEF27E87EFF27B87F0F26087F1F29F
:10D910007087F2F24C87F3F26E87F4F28B87F5F2A0
:10D920005387F6F26387F7F27C87F8F26487F9F29F
:10D930005987FAF26587FBF29387FCF2AF87FDF215
:10D94000A887FEF2D28740F35A9A41F35B9A42F3DA
:10D950005C9A43F35D9A44F35E9A45F35F9A46F30B
:10D96000609A47F3619A48F3629A49F3639A4AF3DB
:10D97000649A4BF3659A4CF3669A4DF3679A4EF3AB
:10D98000689A4FF3699A50F36A9A51F36B9A52F37B
:10D99000729A53F3839A54F3899A55F38D9A56F3F6
:10D9A0008E9A57F3949A58F3959A59F3999A5AF391
:10D9B000A69A5BF3A99A5CF3AA9A5DF3AB9A5EF31D
:10D9C000AC9A5FF3AD9A60F3AE9A61F3AF9A62F3EB
:10D9D000B29A63F3B39A64F3B49A65F3B59A66F3B3
:10D9E000B99A67F3BB9A68F3BD9A69F3BE9A6AF372
:10D9F000BF9A6BF3C39A6CF3C49A6DF3C69A6EF335
:10DA0000C79A6FF3C89A70F3C99A71F3CA9A72F3FE
:10DA1000CD9A73F3CE9A74F3CF9A75F3D09A76F3C6
:10DA2000D29A77F3D49A78F3D59A79F3D69A7AF38F
:10DA3000D79A7BF3D99A7CF3DA9A7DF3DB9A7EF35B
:10DA4000DC9A80F3DD9A81F3DE9A82F3E09A83F325
:10DA5000E29A84F3E39A85F3E49A86F3E59A87F3EE
:10DA6000E79A88F3E89A89F3E99A8AF3EA9A8BF3BA
:10DA7000EC9A8CF3EE9A8DF3F09A8EF3F19A8FF381
:10DA8000F29A90F3F39A91F3F49A92F3F59A93F34E
:10DA9000F69A94F3F79A95F3F89A96F3FA9A97F31D
:10DAA000FC9A98F3FD9A99F3FE9A9AF3FF9A9BF3E6
:10DAB000009B9CF3019B9DF3029B9EF3049B9FF3B1
:10DAC000059BA0F3069BA1F3C687A2F38887A3F367
:10DAD0008587A4F3AD87A5F39787A6F38387A7F37C
:10DAE000AB87A8F3E587A9F3AC87AAF3B587ABF3B7
:10DAF000B387ACF3CB87ADF3D387AEF3BD87AFF37A
:10DB0000D187B0F3C087B1F3CA87B2F3DB87B3F331
:10DB1000EA87B4F3E087B5F3EE87B6F31688B7F378
:10DB20001388B8F3FE87B9F30A88BAF31B88BBF3EE
:10DB30002188BCF33988BDF33C88BEF3367FBFF340
:10DB4000427FC0F3447FC1F3457FC2F31082C3F329
:10DB5000FA7AC4F3FD7AC5F3087BC6F3037BC7F3F7
:10DB6000047BC8F3157BC9F30A7BCAF32B7BCBF389
:10DB70000F7BCCF3477BCDF3387BCEF32A7BCFF3FF
:10DB8000197BD0F32E7BD1F3317BD2F3207BD3F3FF
:10DB9000257BD4F3247BD5F3337BD6F33E7BD7F3BD
:10DBA0001E7BD8F3587BD9F35A7BDAF3457BDBF342
:10DBB000757BDCF34C7BDDF35D7BDEF3607BDFF3B9
:10DBC0006E7BE0F37B7BE1F3627BE2F3727BE3F35A
:10DBD000717BE4F3907BE5F3A67BE6F3A77BE7F3A9
:10DBE000B87BE8F3AC7BE9F39D7BEAF3A87BEBF32E
:10DBF000857BECF3AA7BEDF39C7BEEF3A27BEFF34A
:10DC0000AB7BF0F3B47BF1F3D17BF2F3C17BF3F3A5
:10DC1000CC7BF4F3DD7BF5F3DA7BF6F3E57BF7F30E
:10DC2000E67BF8F3EA7BF9F30C7CFAF3FE7BFBF37B
:10DC3000FC7BFCF30F7CFDF3167CFEF30B7C40F4C5
:10DC4000079B41F4099B42F40A9B43F40B9B44F469
:10DC50000C9B45F40D9B46F40E9B47F4109B48F437
:10DC6000119B49F4129B4AF4149B4BF4159B4CF402
:10DC7000169B4DF4179B4EF4189B4FF4199B50F4D0
:10DC80001A9B51F41B9B52F41C9B53F41D9B54F4A0
:10DC90001E9B55F4209B56F4219B57F4229B58F46D
:10DCA000249B59F4259B5AF4269B5BF4279B5CF438
:10DCB000289B5DF4299B5EF42A9B5FF42B9B60F408
:10DCC0002C9B61F42D9B62F42E9B63F4309B64F4D7
:10DCD000319B65F4339B66F4349B67F4359B68F4A1
:10DCE000369B69F4379B6AF4389B6BF4399B6CF470
:10DCF0003A9B6DF43D9B6EF43E9B6FF43F9B70F43A
:10DD0000409B71F4469B72F44A9B73F44B9B74F4F2
:10DD10004C9B75F44E9B76F4509B77F4529B78F4B1
:10DD2000539B79F4559B7AF4569B7BF4579B7CF478
:10DD3000589B7DF4599B7EF45A9B80F45B9B81F445
:10DD40005C9B82F45D9B83F45E9B84F45F9B85F413
:10DD5000609B86F4619B87F4629B88F4639B89F4E3
:10DD6000649B8AF4659B8BF4669B8CF4679B8DF4B3
:10DD7000689B8EF4699B8FF46A9B90F46B9B91F483
:10DD80006C9B92F46D9B93F46E9B94F46F9B95F453
:10DD9000709B96F4719B97F4729B98F4739B99F423
:10DDA000749B9AF4759B9BF4769B9CF4779B9DF4F3
:10DDB000789B9EF4799B9FF47A9BA0F47B9BA1F4C3
:10DDC0001F7CA2F42A7CA3F4267CA4F4387CA5F45E
:10DDD000417CA6F4407CA7F4FE81A8F40182A9F45A
:10DDE0000282AAF40482ABF4EC81ACF44488ADF472
:10DDF0002182AEF42282AFF42382B0F42D82B1F4FA
:10DE00002F82B2F42882B3F42B82B4F43882B5F4B2
:10DE10003B82B6F43382B7F43482B8F43E82B9F46C
:10DE20004482BAF44982BBF44B82BCF44F82BDF405
:10DE30005A82BEF45F82BFF46882C0F47E88C1F467
:10DE40008588C2F48888C3F4D888C4F4DF88C5F410
:10DE50005E89C6F49D7FC7F49F7FC8F4A77FC9F48D
:10DE6000AF7FCAF4B07FCBF4B27FCCF47C7CCDF42E
:10DE70004965CEF4917CCFF49D7CD0F49C7CD1F4A8
:10DE80009E7CD2F4A27CD3F4B27CD4F4BC7CD5F4D6
:10DE9000BD7CD6F4C17CD7F4C77CD8F4CC7CD9F453
:10DEA000CD7CDAF4C87CDBF4C57CDCF4D77CDDF413
:10DEB000E87CDEF46E82DFF4A866E0F4BF7FE1F474
:10DEC000CE7FE2F4D57FE3F4E57FE4F4E17FE5F48F
:10DED000E67FE6F4E97FE7F4EE7FE8F4F37FE9F428
:10DEE000F87CEAF4777DEBF4A67DECF4AE7DEDF4FE
:10DEF000477EEEF49B7EEFF4B89EF0F4B49EF1F40E
:10DF0000738DF2F4848DF3F4948DF4F4918DF5F423
:10DF1000B18DF6F4678DF7F46D8DF8F4478CF9F454
:10DF2000498CFAF44A91FBF45091FCF44E91FDF4C3
:10DF30004F91FEF4649140F57C9B41F57D9B42F549
:10DF40007E9B43F57F9B44F5809B45F5819B46F581
:10DF5000829B47F5839B48F5849B49F5859B4AF551
:10DF6000869B4BF5879B4CF5889B4DF5899B4EF521
:10DF70008A9B4FF58B9B50F58C9B51F58D9B52F5F1
:10DF80008E9B53F58F9B54F5909B55F5919B56F5C1
:10DF9000929B57F5939B58F5949B59F5959B5AF591
:10DFA000969B5BF5979B5CF5989B5DF5999B5EF561
:10DFB0009A9B5FF59B9B60F59C9B61F59D9B62F531
:10DFC0009E9B63F59F9B64F5A09B65F5A19B66F501
:10DFD000A29B67F5A39B68F5A49B69F5A59B6AF5D1
:10DFE000A69B6BF5A79B6CF5A89B6DF5A99B6EF5A1
:10DFF000AA9B6FF5AB9B70F5AC9B71F5AD9B72F571
:10E00000AE9B73F5AF9B74F5B09B75F5B19B76F540
:10E01000B29B77F5B39B78F5B49B79F5B59B7AF510
:10E02000B69B7BF5B79B7CF5B89B7DF5B99B7EF5E0
:10E03000BA9B80F5BB9B81F5BC9B82F5BD9B83F5AC
:10E04000BE9B84F5BF9B85F5C09B86F5C19B87F57C
:10E05000C29B88F5C39B89F5C49B8AF5C59B8BF54C
:10E06000C69B8CF5C79B8DF5C89B8EF5C99B8FF51C
:10E07000CA9B90F5CB9B91F5CC9B92F5CD9B93F5EC
:10E08000CE9B94F5CF9B95F5D09B96F5D19B97F5BC
:10E09000D29B98F5D39B99F5D49B9AF5D59B9BF58C
:10E0A000D69B9CF5D79B9DF5D89B9EF5D99B9FF55C
:10E0B000DA9BA0F5DB9BA1F56291A2F56191A3F536
:10E0C0007091A4F56991A5F56F91A6F57D91A7F5DD
:10E0D0007E91A8F57291A9F57491AAF57991ABF5A5
:10E0E0008C91ACF58591ADF59091AEF58D91AFF534
:10E0F0009191B0F5A291B1F5A391B2F5AA91B3F5C2
:10E10000AD91B4F5AE91B5F5AF91B6F5B591B7F562
:10E11000B491B8F5BA91B9F5558CBAF57E9EBBF5B8
:10E12000B88DBCF5EB8DBDF5058EBEF5598EBFF5EE
:10E13000698EC0F5B58DC1F5BF8DC2F5BC8DC3F537
:10E14000BA8DC4F5C48DC5F5D68DC6F5D78DC7F586
:10E15000DA8DC8F5DE8DC9F5CE8DCAF5CF8DCBF53C
:10E16000DB8DCCF5C68DCDF5EC8DCEF5F78DCFF5ED
:10E17000F88DD0F5E38DD1F5F98DD2F5FB8DD3F582
:10E18000E48DD4F5098ED5F5FD8DD6F5148ED7F531
:10E190001D8ED8F51F8ED9F52C8EDAF52E8EDBF577
:10E1A000238EDCF52F8EDDF53A8EDEF5408EDFF521
:10E1B000398EE0F5358EE1F53D8EE2F5318EE3F5F1
:10E1C000498EE4F5418EE5F5428EE6F5518EE7F590
:10E1D000528EE8F54A8EE9F5708EEAF5768EEBF50B
:10E1E0007C8EECF56F8EEDF5748EEEF5858EEFF589
:10E1F0008F8EF0F5948EF1F5908EF2F59C8EF3F5FE
:10E200009E8EF4F5788CF5F5828CF6F58A8CF7F510
:10E21000858CF8F5988CF9F5948CFAF59B65FBF5EF
:10E22000D689FCF5DE89FDF5DA89FEF5DC8940F654
:10E23000DC9B41F6DD9B42F6DE9B43F6DF9B44F61A
:10E24000E09B45F6E19B46F6E29B47F6E39B48F6EA
:10E25000E49B49F6E59B4AF6E69B4BF6E79B4CF6BA
:10E26000E89B4DF6E99B4EF6EA9B4FF6EB9B50F68A
:10E27000EC9B51F6ED9B52F6EE9B53F6EF9B54F65A
:10E28000F09B55F6F19B56F6F29B57F6F39B58F62A
:10E29000F49B59F6F59B5AF6F69B5BF6F79B5CF6FA
:10E2A000F89B5DF6F99B5EF6FA9B5FF6FB9B60F6CA
:10E2B000FC9B61F6FD9B62F6FE9B63F6FF9B64F69A
:10E2C000009C65F6019C66F6029C67F6039C68F666
:10E2D000049C69F6059C6AF6069C6BF6079C6CF636
:10E2E000089C6DF6099C6EF60A9C6FF60B9C70F606
:10E2F0000C9C71F60D9C72F60E9C73F60F9C74F6D6
:10E30000109C75F6119C76F6129C77F6139C78F6A5
:10E31000149C79F6159C7AF6169C7BF6179C7CF675
:10E32000189C7DF6199C7EF61A9C80F61B9C81F643
:10E330001C9C82F61D9C83F61E9C84F61F9C85F611
:10E34000209C86F6219C87F6229C88F6239C89F6E1
:10E35000249C8AF6259C8BF6269C8CF6279C8DF6B1
:10E36000289C8EF6299C8FF62A9C90F62B9C91F681
:10E370002C9C92F62D9C93F62E9C94F62F9C95F651
:10E38000309C96F6319C97F6329C98F6339C99F621
:10E39000349C9AF6359C9BF6369C9CF6379C9DF6F1
:10E3A000389C9EF6399C9FF63A9CA0F63B9CA1F6C1
:10E3B000E589A2F6EB89A3F6EF89A4F63E8AA5F6D5
:10E3C000268BA6F65397A7F6E996A8F6F396A9F634
:10E3D000EF96AAF60697ABF60197ACF60897ADF65E
:10E3E0000F97AEF60E97AFF62A97B0F62D97B1F6C7
:10E3F0003097B2F63E97B3F6809FB4F6839FB5F69A
:10E40000859FB6F6869FB7F6879FB8F6889FB9F6C0
:10E41000899FBAF68A9FBBF68C9FBCF6FE9EBDF61E
:10E420000B9FBEF60D9FBFF6B996C0F6BC96C1F61F
:10E43000BD96C2F6CE96C3F6D296C4F6BF77C5F6A1
:10E44000E096C6F68E92C7F6AE92C8F6C892C9F6A6
:10E450003E93CAF66A93CBF6CA93CCF68F93CDF669
:10E460003E94CEF66B94CFF67F9CD0F6829CD1F68C
:10E47000859CD2F6869CD3F6879CD4F6889CD5F6EC
:10E48000237AD6F68B9CD7F68E9CD8F6909CD9F63C
:10E49000919CDAF6929CDBF6949CDCF6959CDDF67A
:10E4A0009A9CDEF69B9CDFF69E9CE0F69F9CE1F634
:10E4B000A09CE2F6A19CE3F6A29CE4F6A39CE5F600
:10E4C000A59CE6F6A69CE7F6A79CE8F6A89CE9F6CC
:10E4D000A99CEAF6AB9CEBF6AD9CECF6AE9CEDF697
:10E4E000B09CEEF6B19CEFF6B29CF0F6B39CF1F660
:10E4F000B49CF2F6B59CF3F6B69CF4F6B79CF5F630
:10E50000BA9CF6F6BB9CF7F6BC9CF8F6BD9CF9F6F7
:10E51000C49CFAF6C59CFBF6C69CFCF6C79CFDF6AF
:10E52000CA9CFEF6CB9C40F73C9C41F73D9C42F7D1
:10E530003E9C43F73F9C44F7409C45F7419C46F77F
:10E54000429C47F7439C48F7449C49F7459C4AF74F
:10E55000469C4BF7479C4CF7489C4DF7499C4EF71F
:10E560004A9C4FF74B9C50F74C9C51F74D9C52F7EF
:10E570004E9C53F74F9C54F7509C55F7519C56F7BF
:10E58000529C57F7539C58F7549C59F7559C5AF78F
:10E59000569C5BF7579C5CF7589C5DF7599C5EF75F
:10E5A0005A9C5FF75B9C60F75C9C61F75D9C62F72F
:10E5B0005E9C63F75F9C64F7609C65F7619C66F7FF
:10E5C000629C67F7639C68F7649C69F7659C6AF7CF
:10E5D000669C6BF7679C6CF7689C6DF7699C6EF79F
:10E5E0006A9C6FF76B9C70F76C9C71F76D9C72F76F
:10E5F0006E9C73F76F9C74F7709C75F7719C76F73F
:10E60000729C77F7739C78F7749C79F7759C7AF70E
:10E61000769C7BF7779C7CF7789C7DF7799C7EF7DE
:10E620007A9C80F77B9C81F77D9C82F77E9C83F7A8
:10E63000809C84F7839C85F7849C86F7899C87F768
:10E640008A9C88F78C9C89F78F9C8AF7939C8BF720
:10E65000969C8CF7979C8DF7989C8EF7999C8FF7DA
:10E660009D9C90F7AA9C91F7AC9C92F7AF9C93F776
:10E67000B99C94F7BE9C95F7BF9C96F7C09C97F702
:10E68000C19C98F7C29C99F7C89C9AF7C99C9BF7C4
:10E69000D19C9CF7D29C9DF7DA9C9EF7DB9C9FF760
:10E6A000E09CA0F7E19CA1F7CC9CA2F7CD9CA3F73E
:10E6B000CE9CA4F7CF9CA5F7D09CA6F7D39CA7F738
:10E6C000D49CA8F7D59CA9F7D79CAAF7D89CABF700
:10E6D000D99CACF7DC9CADF7DD9CAEF7DF9CAFF7C7
:10E6E000E29CB0F77C97B1F78597B2F79197B3F7B3
:10E6F0009297B4F79497B5F7AF97B6F7AB97B7F78C
:10E70000A397B8F7B297B9F7B497BAF7B19ABBF72E
:10E71000B09ABCF7B79ABDF7589EBEF7B69ABFF746
:10E72000BA9AC0F7BC9AC1F7C19AC2F7C09AC3F7A8
:10E73000C59AC4F7C29AC5F7CB9AC6F7CC9AC7F761
:10E74000D19AC8F7459BC9F7439BCAF7479BCBF7BC
:10E75000499BCCF7489BCDF74D9BCEF7519BCFF70C
:10E76000E898D0F70D99D1F72E99D2F75599D3F7AC
:10E770005499D4F7DF9AD5F7E19AD6F7E69AD7F706
:10E78000EF9AD8F7EB9AD9F7FB9ADAF7ED9ADBF71D
:10E79000F99ADCF7089BDDF70F9BDEF7139BDFF799
:10E7A0001F9BE0F7239BE1F7BD9EE2F7BE9EE3F7D8
:10E7B0003B7EE4F7829EE5F7879EE6F7889EE7F7C3
:10E7C0008B9EE8F7929EE9F7D693EAF79D9EEBF7CA
:10E7D0009F9EECF7DB9EEDF7DC9EEEF7DD9EEFF7FC
:10E7E000E09EF0F7DF9EF1F7E29EF2F7E99EF3F785
:10E7F000E79EF4F7E59EF5F7EA9EF6F7EF9EF7F74A
:10E80000229FF8F72C9FF9F72F9FFAF7399FFBF714
:10E81000379FFCF73D9FFDF73E9FFEF7449F40F872
:10E82000E39C41F8E49C42F8E59C43F8E69C44F8FC
:10E83000E79C45F8E89C46F8E99C47F8EA9C48F8CC
:10E84000EB9C49F8EC9C4AF8ED9C4BF8EE9C4CF89C
:10E85000EF9C4DF8F09C4EF8F19C4FF8F29C50F86C
:10E86000F39C51F8F49C52F8F59C53F8F69C54F83C
:10E87000F79C55F8F89C56F8F99C57F8FA9C58F80C
:10E88000FB9C59F8FC9C5AF8FD9C5BF8FE9C5CF8DC
:10E89000FF9C5DF8009D5EF8019D5FF8029D60F8A9
:10E8A000039D61F8049D62F8059D63F8069D64F878
:10E8B000079D65F8089D66F8099D67F80A9D68F848
:10E8C0000B9D69F80C9D6AF80D9D6BF80E9D6CF818
:10E8D0000F9D6DF8109D6EF8119D6FF8129D70F8E8
:10E8E000139D71F8149D72F8159D73F8169D74F8B8
:10E8F000179D75F8189D76F8199D77F81A9D78F888
:10E900001B9D79F81C9D7AF81D9D7BF81E9D7CF857
:10E910001F9D7DF8209D7EF8219D80F8229D81F825
:10E92000239D82F8249D83F8259D84F8269D85F8F3
:10E93000279D86F8289D87F8299D88F82A9D89F8C3
:10E940002B9D8AF82C9D8BF82D9D8CF82E9D8DF893
:10E950002F9D8EF8309D8FF8319D90F8329D91F863
:10E96000339D92F8349D93F8359D94F8369D95F833
:10E97000379D96F8389D97F8399D98F83A9D99F803
:10E980003B9D9AF83C9D9BF83D9D9CF83E9D9DF8D3
:10E990003F9D9EF8409D9FF8419DA0F8429D40F903
:10E9A000439D41F9449D42F9459D43F9469D44F9F3
:10E9B000479D45F9489D46F9499D47F94A9D48F9C3
:10E9C0004B9D49F94C9D4AF94D9D4BF94E9D4CF993
:10E9D0004F9D4DF9509D4EF9519D4FF9529D50F963
:10E9E000539D51F9549D52F9559D53F9569D54F933
:10E9F000579D55F9589D56F9599D57F95A9D58F903
:10EA00005B9D59F95C9D5AF95D9D5BF95E9D5CF9D2
:10EA10005F9D5DF9609D5EF9619D5FF9629D60F9A2
:10EA2000639D61F9649D62F9659D63F9669D64F972
:10EA3000679D65F9689D66F9699D67F96A9D68F942
:10EA40006B9D69F96C9D6AF96D9D6BF96E9D6CF912
:10EA50006F9D6DF9709D6EF9719D6FF9729D70F9E2
:10EA6000739D71F9749D72F9759D73F9769D74F9B2
:10EA7000779D75F9789D76F9799D77F97A9D78F982
:10EA80007B9D79F97C9D7AF97D9D7BF97E9D7CF952
:10EA90007F9D7DF9809D7EF9819D80F9829D81F920
:10EAA000839D82F9849D83F9859D84F9869D85F9EE
:10EAB000879D86F9889D87F9899D88F98A9D89F9BE
:10EAC0008B9D8AF98C9D8BF98D9D8CF98E9D8DF98E
:10EAD0008F9D8EF9909D8FF9919D90F9929D91F95E
:10EAE000939D92F9949D93F9959D94F9969D95F92E
:10EAF000979D96F9989D97F9999D98F99A9D99F9FE
:10EB00009B9D9AF99C9D9BF99D9D9CF99E9D9DF9CD
:10EB10009F9D9EF9A09D9FF9A19DA0F9A29D40FAFD
:10EB2000A39D41FAA49D42FAA59D43FAA69D44FAED
:10EB3000A79D45FAA89D46FAA99D47FAAA9D48FABD
:10EB4000AB9D49FAAC9D4AFAAD9D4BFAAE9D4CFA8D
:10EB5000AF9D4DFAB09D4EFAB19D4FFAB29D50FA5D
:10EB6000B39D51FAB49D52FAB59D53FAB69D54FA2D
:10EB7000B79D55FAB89D56FAB99D57FABA9D58FAFD
:10EB8000BB9D59FABC9D5AFABD9D5BFABE9D5CFACD
:10EB9000BF9D5DFAC09D5EFAC19D5FFAC29D60FA9D
:10EBA000C39D61FAC49D62FAC59D63FAC69D64FA6D
:10EBB000C79D65FAC89D66FAC99D67FACA9D68FA3D
:10EBC000CB9D69FACC9D6AFACD9D6BFACE9D6CFA0D
:10EBD000CF9D6DFAD09D6EFAD19D6FFAD29D70FADD
:10EBE000D39D71FAD49D72FAD59D73FAD69D74FAAD
:10EBF000D79D75FAD89D76FAD99D77FADA9D78FA7D
:10EC0000DB9D79FADC9D7AFADD9D7BFADE9D7CFA4C
:10EC1000DF9D7DFAE09D7EFAE19D80FAE29D81FA1A
:10EC2000E39D82FAE49D83FAE59D84FAE69D85FAE8
:10EC3000E79D86FAE89D87FAE99D88FAEA9D89FAB8
:10EC4000EB9D8AFAEC9D8BFAED9D8CFAEE9D8DFA88
:10EC5000EF9D8EFAF09D8FFAF19D90FAF29D91FA58
:10EC6000F39D92FAF49D93FAF59D94FAF69D95FA28
:10EC7000F79D96FAF89D97FAF99D98FAFA9D99FAF8
:10EC8000FB9D9AFAFC9D9BFAFD9D9CFAFE9D9DFAC8
:10EC9000FF9D9EFA009E9FFA019EA0FA029E40FBF5
:10ECA000039E41FB049E42FB059E43FB069E44FBE4
:10ECB000079E45FB089E46FB099E47FB0A9E48FBB4
:10ECC0000B9E49FB0C9E4AFB0D9E4BFB0E9E4CFB84
:10ECD0000F9E4DFB109E4EFB119E4FFB129E50FB54
:10ECE000139E51FB149E52FB159E53FB169E54FB24
:10ECF000179E55FB189E56FB199E57FB1A9E58FBF4
:10ED00001B9E59FB1C9E5AFB1D9E5BFB1E9E5CFBC3
:10ED1000249E5DFB279E5EFB2E9E5FFB309E60FB6C
:10ED2000349E61FB3B9E62FB3C9E63FB409E64FB0A
:10ED30004D9E65FB509E66FB529E67FB539E68FB93
:10ED4000549E69FB569E6AFB599E6BFB5D9E6CFB55
:10ED50005F9E6DFB609E6EFB619E6FFB629E70FB13
:10ED6000659E71FB6E9E72FB6F9E73FB729E74FBC1
:10ED7000749E75FB759E76FB769E77FB779E78FB7F
:10ED8000789E79FB799E7AFB7A9E7BFB7B9E7CFB4F
:10ED90007C9E7DFB7D9E7EFB809E80FB819E81FB19
:10EDA000839E82FB849E83FB859E84FB869E85FBDF
:10EDB000899E86FB8A9E87FB8C9E88FB8D9E89FBA5
:10EDC0008E9E8AFB8F9E8BFB909E8CFB919E8DFB73
:10EDD000949E8EFB959E8FFB969E90FB979E91FB3B
:10EDE000989E92FB999E93FB9A9E94FB9B9E95FB0B
:10EDF0009C9E96FB9E9E97FBA09E98FBA19E99FBD6
:10EE0000A29E9AFBA39E9BFBA49E9CFBA59E9DFBA2
:10EE1000A79E9EFBA89E9FFBA99EA0FBAA9E40FCCE
:10EE2000AB9E41FCAC9E42FCAD9E43FCAE9E44FCBE
:10EE3000AF9E45FCB09E46FCB19E47FCB29E48FC8E
:10EE4000B39E49FCB59E4AFCB69E4BFCB79E4CFC5B
:10EE5000B99E4DFCBA9E4EFCBC9E4FFCBF9E50FC22
:10EE6000C09E51FCC19E52FCC29E53FCC39E54FCEA
:10EE7000C59E55FCC69E56FCC79E57FCC89E58FCB6
:10EE8000CA9E59FCCB9E5AFCCC9E5BFCD09E5CFC7F
:10EE9000D29E5DFCD39E5EFCD59E5FFCD69E60FC40
:10EEA000D79E61FCD99E62FCDA9E63FCDE9E64FC08
:10EEB000E19E65FCE39E66FCE49E67FCE69E68FCC2
:10EEC000E89E69FCEB9E6AFCEC9E6BFCED9E6CFC84
:10EED000EE9E6DFCF09E6EFCF19E6FFCF29E70FC4F
:10EEE000F39E71FCF49E72FCF59E73FCF69E74FC1E
:10EEF000F79E75FCF89E76FCFA9E77FCFD9E78FCEA
:10EF0000FF9E79FC009F7AFC019F7BFC029F7CFCAA
:10EF1000039F7DFC049F7EFC059F80FC069F81FC77
:10EF2000079F82FC089F83FC099F84FC0A9F85FC45
:10EF30000C9F86FC0F9F87FC119F88FC129F89FC09
:10EF4000149F8AFC159F8BFC169F8CFC189F8DFCD0
:10EF50001A9F8EFC1B9F8FFC1C9F90FC1D9F91FC99
:10EF60001E9F92FC1F9F93FC219F94FC239F95FC66
:10EF7000249F96FC259F97FC269F98FC279F99FC31
:10EF8000289F9AFC299F9BFC2A9F9CFC2B9F9DFC01
:10EF90002D9F9EFC2E9F9FFC309FA0FC319F40FD2B
:10EFA000329F41FD339F42FD349F43FD359F44FD19
:10EFB000369F45FD389F46FD3A9F47FD3C9F48FDE3
:10EFC0003F9F49FD409F4AFD419F4BFD429F4CFDA5
:10EFD000439F4DFD459F4EFD469F4FFD479F50FD72
:10EFE000489F51FD499F52FD4A9F53FD4B9F54FD41
:10EFF0004C9F55FD4D9F56FD4E9F57FD4F9F58FD11
:10F00000529F59FD539F5AFD549F5BFD559F5CFDD8
:10F01000569F5DFD579F5EFD589F5FFD599F60FDA8
:10F020005A9F61FD5B9F62FD5C9F63FD5D9F64FD78
:10F030005E9F65FD5F9F66FD609F67FD619F68FD48
:10F04000629F69FD639F6AFD649F6BFD659F6CFD18
:10F05000669F6DFD679F6EFD689F6FFD699F70FDE8
:10F060006A9F71FD6B9F72FD6C9F73FD6D9F74FDB8
:10F070006E9F75FD6F9F76FD709F77FD719F78FD88
:10F08000729F79FD739F7AFD749F7BFD759F7CFD58
:10F09000769F7DFD779F7EFD789F80FD799F81FD26
:10F0A0007A9F82FD7B9F83FD7C9F84FD7D9F85FDF4
:10F0B0007E9F86FD819F87FD829F88FD8D9F89FDB4
:10F0C0008E9F8AFD8F9F8BFD909F8CFD919F8DFD64
:10F0D000929F8EFD939F8FFD949F90FD959F91FD34
:10F0E000969F92FD979F93FD989F94FD9C9F95FD01
:10F0F0009D9F96FD9E9F97FDA19F98FDA29F99FDC4
:10F10000A39F9AFDA49F9BFDA59F9CFD2CF99DFDAF
:10F1100079F99EFD95F99FFDE7F9A0FDF1F940FE13
:10F120000CFA41FE0DFA42FE0EFA43FE0FFA44FEBF
:10F1300011FA45FE13FA46FE14FA47FE18FA48FE85
:10F140001FFA49FE20FA4AFE21FA4BFE23FA4CFE32
:10F1500024FA4DFE27FA4EFE28FA4FFE29FA000047
:10F160000000E000E100E200E300E400E500E6006A
:10F17000E700E800E900EA00EB00EC00ED00EE003B
:10F18000EF00F000F100F200F300F400F500F600EB
:10F19000F800F900FA00FB00FC00FD00FE00FF0093
:10F1A000010103010501070109010B010D010F0117
:10F1B000110113011501170119011B011D011F0187
:10F1C000210123012501270129012B012D012F01F7
:10F1D00031013301350137013A013C013E01400163
:10F1E00042014401460148014B014D014F015101CB
:10F1F00053015501570159015B015D015F01610137
:10F2000063016501670169016B016D016F017101A6
:10F210007301750177017A017C017E01830185010B
:10F2200088018C0192019901A101A301A801AD01FE
:10F23000B001B401B601B901BD01C601C901CC01DB
:10F24000CE01D001D201D401D601D801DA01DC010E
:10F25000DD01DF01E101E301E501E701E901EB0186
:10F26000ED01EF01F301F501FB01FD01FF010102D9
:10F2700003020502070209020B020D020F0211022E
:10F28000130215021702B103B203B303B403B503AB
:10F29000B603B703B803B903BA03BB03BC03BD038A
:10F2A000BE03BF03C003C103C303C403C503C60336
:10F2B000C703C803C903CA03CB03CC03CD03CE03E2
:10F2C000E303E503E703E903EB033004310432040D
:10F2D00033043404350436043704380439043A045A
:10F2E0003B043C043D043E043F044004410442040A
:10F2F00043044404450446044704480449044A04BA
:10F300004B044C044D044E044F0452045304540463
:10F31000550456045704580459045A045B045C0409
:10F320005E045F04610463046504670469046B049C
:10F330006D046F04710473047504770479047B040D
:10F340007D047F0481049104930495049704990437
:10F350009B049D049F04A104A304A504A704A9047D
:10F36000AB04AD04AF04B104B304B504B704B904ED
:10F37000BB04BD04BF04C204C404C804D104D30444
:10F38000D504D704D904DB04DD04DF04E104E3047D
:10F39000E504E704E904EB04ED04EF04F104F304ED
:10F3A000F504F904610562056305640565056605F4
:10F3B0006705680569056A056B056C056D056E05D1
:10F3C0006F05700571057205730574057505760581
:10F3D0007705780579057A057B057C057D057E0531
:10F3E0007F058005810582058305840585058605E1
:10F3F000011E031E051E071E091E0B1E0D1E0F1EDD
:10F40000111E131E151E171E191E1B1E1D1E1F1E4C
:10F41000211E231E251E271E291E2B1E2D1E2F1EBC
:10F42000311E331E351E371E391E3B1E3D1E3F1E2C
:10F43000411E431E451E471E491E4B1E4D1E4F1E9C
:10F44000511E531E551E571E591E5B1E5D1E5F1E0C
:10F45000611E631E651E671E691E6B1E6D1E6F1E7C
:10F46000711E731E751E771E791E7B1E7D1E7F1EEC
:10F47000811E831E851E871E891E8B1E8D1E8F1E5C
:10F48000911E931E951E971E991E9B1E9D1E9F1ECC
:10F49000A11EA31EA51EA71EA91EAB1EAD1EAF1E3C
:10F4A000B11EB31EB51EB71EB91EBB1EBD1EBF1EAC
:10F4B000C11EC31EC51EC71EC91ECB1ECD1ECF1E1C
:10F4C000D11ED31ED51ED71ED91EDB1EDD1EDF1E8C
:10F4D000E11EE31EE51EE71EE91EEB1EED1EEF1EFC
:10F4E000F11EF31EF51EF71EF91E70217121722107
:10F4F00073217421752176217721782179217A2150
:10F500007B217C217D217E217F2141FF42FF43FF22
:10F5100044FF45FF46FF47FF48FF49FF4AFF4BFFB7
:10F520004CFF4DFF4EFF4FFF50FF51FF52FF53FF67
:10F5300054FF55FF56FF57FF58FF59FF5AFFC000B1
:10F54000C100C200C300C400C500C600C700C80097
:10F55000C900CA00CB00CC00CD00CE00CF00D00047
:10F56000D100D200D300D400D500D600D800D900F5
:10F57000DA00DB00DC00DD00DE00780100010201C2
:10F580000401060108010A010C010E01100112011B
:10F590001401160118011A011C011E01200122018B
:10F5A0002401260128012A012C012E0130013201FB
:10F5B0003401360139013B013D013F014101430165
:10F5C000450147014A014C014E01500152015401CD
:10F5D000560158015A015C015E016001620164013B
:10F5E000660168016A016C016E01700172017401AB
:10F5F000760179017B017D018201840187018B0104
:10F6000091019801A001A201A701AC01AF01B301D2
:10F61000B501B801BC01C401C701CA01CD01CF01C8
:10F62000D101D301D501D701D901DB018E01DE0162
:10F63000E001E201E401E601E801EA01EC01EE018A
:10F64000F101F401FA01FC01FE01000202020402D0
:10F65000060208020A020C020E0210021202140232
:10F660001602910392039303940395039603970361
:10F67000980399039A039B039C039D039E039F0396
:10F68000A003A103A303A403A503A603A703A80340
:10F69000A903AA03AB038C038E038F03E203E403E5
:10F6A000E603E803EA03100411041204130414042B
:10F6B000150416041704180419041A041B041C0466
:10F6C0001D041E041F042004210422042304240416
:10F6D000250426042704280429042A042B042C04C6
:10F6E0002D042E042F04020403040404050406045C
:10F6F0000704080409040A040B040C040E040F0494
:10F70000600462046404660468046A046C046E04A1
:10F71000700472047404760478047A047C047E0411
:10F720008004900492049404960498049A049C041F
:10F730009E04A004A204A404A604A804AA04AC0481
:10F74000AE04B004B204B404B604B804BA04BC04F1
:10F75000BE04C104C304C705D004D204D404D60433
:10F76000D804DA04DC04DE04E004E204E404E60481
:10F77000E804EA04EC04EE04F004F204F404F804EF
:10F7800031053205330534053505360537053805AD
:10F7900039053A053B053C053D053E053F0540055D
:10F7A000410542054305440545054605470548050D
:10F7B00049054A054B054C054D054E054F055005BD
:10F7C000510552055305540555055605001E021EE8
:10F7D000041E061E081E0A1E0C1E0E1E101E121EE1
:10F7E000141E161E181E1A1E1C1E1E1E201E221E51
:10F7F000241E261E281E2A1E2C1E2E1E301E321EC1
:10F80000341E361E381E3A1E3C1E3E1E401E421E30
:10F81000441E461E481E4A1E4C1E4E1E501E521EA0
:10F82000541E561E581E5A1E5C1E5E1E601E621E10
:10F83000641E661E681E6A1E6C1E6E1E701E721E80
:10F84000741E761E781E7A1E7C1E7E1E801E821EF0
:10F85000841E861E881E8A1E8C1E8E1E901E921E60
:10F86000941E961E981E9A1E9C1E9E1EA01EA21ED0
:10F87000A41EA61EA81EAA1EAC1EAE1EB01EB21E40
:10F88000B41EB61EB81EBA1EBC1EBE1EC01EC21EB0
:10F89000C41EC61EC81ECA1ECC1ECE1ED01ED21E20
:10F8A000D41ED61ED81EDA1EDC1EDE1EE01EE21E90
:10F8B000E41EE61EE81EEA1EEC1EEE1EF01EF21E00
:10F8C000F41EF61EF81E602161216221632164216D
:10F8D000652166216721682169216A216B216C21DC
:10F8E0006D216E216F2121FF22FF23FF24FF25FFC1
:10F8F00026FF27FF28FF29FF2AFF2BFF2CFF2DFFC4
:10F900002EFF2FFF30FF31FF32FF33FF34FF35FF73
:10F9100036FF37FF38FF39FF3AFF0000656E676C2E
:10F92000697368205549203136000000656E676CA8
:10F930006973682042542031360000006368696EA4
:10F9400065736520666F6E742031360073636831AD
:10F9500036000000656E675F756931360000000093
:10F96000656E675F6274313600000000656E676C1B
:10F97000697368205549203336000000656E675F63
:10F980007569333600000000656E676C6973682026
:10F990005549203238000000656E675F756932385E
:10F9A0000000000069636F6E206C6967687462759F
:10F9B0006C6200006C6967687462756C62000000BC
:10F9C00069636F6E206D7573696300006D7573698F
:10F9D0006300000069636F6E20636F646500000060
:10F9E000636F64650000000069636F6E2070617072
:10F9F0006572706C616E65007061706572706C61CB
:10FA00006E65000069636F6E20726566726573686B
:10FA100000000000726566726573680069636F6E4E
:10FA200020626C7565746F6F74680000626C756538
:10FA3000746F6F746800000069636F6E2077696689
:10FA400069000000776966690000000069636F6EF5
:10FA5000207465726D696E616C0000007465726D72
:10FA6000696E616C0000000069636F6E20616C61FB
:10FA7000726D0000616C61726D00000069636F6EF1
:10FA80002066616E0000000066616E00303A2F63F0
:10FA9000685F666F6E742F6D795F666F6E745F530B
:10FAA00043485F31362E62696E000000303A2F65A0
:10FAB0006E5F666F6E742F6D795F666F6E745F45F3
:10FAC0004E475F55495F31362E62696E0000000077
:10FAD000303A2F656E5F666F6E742F6D795F666F5B
:10FAE0006E745F454E475F42545F31362E62696ED9
:10FAF00000000000303A2F656E5F666F6E742F6DE8
:10FB0000795F666F6E745F454E475F55495F333668
:10FB10002E62696E00000000303A2F656E5F666FDE
:10FB20006E742F6D795F666F6E745F454E475F55DB
:10FB3000495F32382E62696E00000000303A2F694A
:10FB4000636F6E5F62696E2F6C6967687462756C53
:10FB5000622E62696E000000303A2F69636F6E5F3B
:10FB600062696E2F6D757369632E62696E000000A5
:10FB7000303A2F69636F6E5F62696E2F636F6465E1
:10FB80002E62696E00000000303A2F69636F6E5F6D
:10FB900062696E2F7061706572706C616E652E6245
:10FBA000696E0000303A2F69636F6E5F62696E2F75
:10FBB000726566726573682E62696E00303A2F69ED
:10FBC000636F6E5F62696E2F626C7565746F6F74C0
:10FBD000682E62696E000000303A2F69636F6E5FB5
:10FBE00062696E2F776966692E62696E0000000097
:10FBF000303A2F69636F6E5F62696E2F7465726D44
:10FC0000696E616C2E62696E00000000303A2F69E7
:10FC1000636F6E5F62696E2F616C61726D2E6269D7
:10FC20006E000000303A2F69636F6E5F62696E2F5D
:10FC300066616E2E62696E00303A2F69636F6E5F87
:10FC400062696E2F67616D65702E62696E000000DB
:10FC5000303A2F69636F6E5F62696E2F6465736BF4
:10FC6000746F702E62696E00303A2F69636F6E5F39
:10FC700062696E2F666F6C6465722E62696E000039
:10FC8000303A2F69636F6E5F62696E2F706F7765B0
:10FC9000722E62696E000000303A2F69636F6E5FEA
:10FCA00062696E2F7365742E62696E00303A2F6937
:10FCB000636F6E5F62696E2F6C6566742E62696E2B
:10FCC00000000000303A2F69636F6E5F62696E2F2B
:10FCD00072696768742E62696E000000303A2F699D
:10FCE000636F6E5F62696E2F6D656E752E62696EF1
:10FCF00000000000303A2F69636F6E5F62696E2FFB
:10FD0000706C61792E62696E00000000303A2F69D4
:10FD1000636F6E5F62696E2F626174746572792EB3
:10FD200062696E0069636F6E2067616D65700000C7
:10FD300067616D657000000069636F6E20646573B4
:10FD40006B746F70000000006465736B746F7000FB
:10FD500069636F6E20666F6C64657200666F6C64B9
:10FD60006572000069636F6E20706F7765720000C6
:10FD7000706F77657200000069636F6E2073657441
:10FD8000000000007365740069636F6E206C656627
:10FD9000740000006C6566740000000069636F6E9B
:10FDA00020726967687400007269676874000000F7
:10FDB00069636F6E206D656E750000006D656E7510
:10FDC0000000000069636F6E20706C6179000000B4
:10FDD000706C61790000000069636F6E206261746D
:10FDE0007465727900000000626174746572790054
:10FDF0003C3C2D4255524E2D494E464F2D3E3E2005
:10FE0000417265615B25645D3A206D616769633DA0
:10FE10003078253038582076657273696F6E3D25CD
:10FE20006420656E7472795F6E756D3D2564206126
:10FE30006464723D30782530365820746F74616C7C
:10FE40003D25644B420A000068FE020800000020C5
:10FE5000E4060000A0020008F8FF0208E406002003
:10FE6000F47A00003020000845020406082D010243
:10FE70000304048506070809000BF5303A2F737256
:10FE8000636461746103FD313A03FD313A03FD306F
:10FE90003A36DDCCBBAA01521472307A0818290414
:10FEA0001122205AE0096918420413D0082AF80DDB
:10FEB000139010180A74FA02080CFC02086808393A
:10FEC000481934411A14102EA4FB020804188A2081
:10FED000181BE8FD3019041AD804118A40181A2C8E
:10FEE000281ABC302A1C308A60181A94281AAC6070
:10FEF0002A88308A80181AA8101AC4182A9C188ACE
:10FF0000A0181EE0F9020870481AD408118AC01817
:10FF10001A48281A50302A38308AE0181A88701A7D
:10FF200024183A7CC07A31181A5C281A68182A50AA
:10FF3000308A20181A30101A38183A24C089181A32
:10FF400084101A98182A78188A60181AB4881A3CEB
:10FF5000902AA4908A80181AF8101A88182AE8188B
:10FF60008AA0181ACC101A58183AC0C089181AD08A
:10FF7000581AF4603AC4C089181A70101A80182AE6
:10FF80006418117A32181A44D01AD8482A38D88AF4
:10FF900020181ABC281ADC303AB0C089181A5C281C
:10FFA0001AF0302A4C308A60181A4C881A8C142A9D
:10FFB0003C9029141AB067311A60101AD0182A2CF4
:10FFC000181AD01453F0031A54101AAC183A1CC063
:10FFD0007A0C181A98101A18602A881823B010532F
:10FFE00030041A7C101AF4302A6C1823E0144A806A
:08FFF0001842016AA009011E7C
:0400000508000131BD
:00000001FF
