:020000040800F2
:10000000E0CA0020DD01000817110008B907000848
:100010001311000867050008E91700080000000038
:100020000000000000000000000000004501000882
:100030006B0500080000000089010008A1150008F8
:10004000F7010008F7010008F7010008F7010008B0
:10005000F7010008F7010008F7010008F7010008A0
:10006000F7010008F7010008F7010008F701000890
:10007000F7010008F7010008F7010008F701000880
:10008000F7010008F7010008F7010008F701000870
:10009000F7010008F7010008F7010008F701000860
:1000A000F7010008F7010008F7010008F701000850
:1000B000F7010008F7010008F7010008F701000840
:1000C000F7010008F7010008F7010008F701000830
:1000D000F7010008F7010008F7010008F701000820
:1000E000F7010008F7010008F7010008F701000810
:1000F000F7010008F7010008F7010008F701000800
:10010000F7010008F7010008F7010008F7010008EF
:10011000F7010008F7010008F7010008F7010008DF
:10012000F7010008F7010008F7010008F7010008CF
:10013000DFF80CD000F0DAF900480047059B020810
:10014000E0CA0020224B19680868B0E8F00F80F37D
:100150000988BFF36F8F4FF0000080F311884EF0D5
:100160000D0E70470000000006480068006880F32C
:10017000088862B661B6BFF34F8FBFF36F8F00DFA1
:1001800000BF00BF08ED00E0EFF30980BFF36F8F01
:100190000F4B1A6820E9F00F106008B54FF05000BF
:1001A00080F31188BFF34F8FBFF36F8F2FF094FD53
:1001B0004FF0000080F31188BDE808401968086816
:1001C000B0E8F00F80F30988BFF36F8F704700BF6E
:1001D00028000020EFF305807047000006488047A4
:1001E00006480047FEE7FEE7FEE7FEE7FEE7FEE71C
:1001F000FEE7FEE7FEE7FEE7F5150008310100081F
:100200002DE9F05F0546002092469B46884606464B
:10021000814640241BE0284641464746224600F0DE
:100220001DF953465A46C01A914110D3114618463B
:10023000224600F004F92D1A67EB01084F462246CA
:100240000120002100F0FBF817EB00094E41201EB1
:10025000A4F10104DFDC484631462A464346BDE8A6
:10026000F09F40EA01039B0703D009E008C9121F71
:1002700008C0042AFAD203E011F8013B00F8013B60
:10028000521EF9D27047D2B201E000F8012B491E8C
:10029000FBD270470022F6E710B513460A46044623
:1002A0001946FFF7F0FF204610BD421C10F8011B55
:1002B0000029FBD1801A704710B5002200E0521CC3
:1002C000835C8C5CA34201D1002BF8D1D8B2E1B29F
:1002D000401A10BD034611F8012B00F8012B002A2B
:1002E000F9D118467047F0B480EA0102D40F4200F9
:1002F000B2EB410F02D20246084611464A0042D0F4
:10030000C30DDDB2C1F3C752AD1A202D35DAC1F3EA
:10031000160141F4000204B15242C5F1200602FA6E
:1003200006F12A411044B3EBD05F23D0C4B1012DB4
:10033000A0EBC35009DCF0BC4FF0004202EAC3520C
:10034000DBB200F5000000F0A2B8400000F18070C0
:1003500000EBC350A0F1807040EAD170490009E081
:10036000490841EAC071A0EBC35000F50000400805
:1003700000EBC350F0BC00F081B86142012202EBF7
:100380004101001BF6E7F0BC704781F00041AAE78D
:1003900080F00040A7E780EA010210B502F00043B8
:1003A000400022D04A001FD0010E01EB1261C0F3C1
:1003B0005600C2F3560240F4000042F40002A0FBD3
:1003C000022000047F39140400D0401C50EA12407F
:1003D00001D44000491EC2B20C0604EBD010401CF0
:1003E0004008802A02D003E0002010BD20F0010068
:1003F000002900DA0020184310BDC10F80EAE07028
:100400000844CA079623002100F041B800F00042DA
:1004100020F00040C10DC0F3160040F400007F2919
:1004200001DA00207047962903DCC1F19601C8402B
:1004300001E096398840002AF4D040427047202AD3
:1004400004DB203A00FA02F1002070479140C2F12B
:10045000200320FA03F3194390407047202A04DB5D
:10046000203A21FA02F00021704721FA02F3D0402D
:10047000C2F1200291400843194670470029A8BFE5
:100480007047401C490008BF20F00100704710B4BD
:10049000B0FA80FC00FA0CF050EA010404BF10BC72
:1004A000704749B1CCF1200421FA04F411FA0CF19F
:1004B00018BF012121430843A3EB0C01CB1D4FEAD8
:1004C00000614FEA102042BF002010BC704700EBD3
:1004D000C35010440029A4BF10BC7047401C490001
:1004E00008BF20F0010010BC70470000064C074D0B
:1004F00006E0E06840F0010394E8070098471034F4
:10050000AC42F6D3FFF718FE90490308B049030840
:1005100070B58C1810F8015B15F0070301D110F8C5
:10052000013B2A1106D110F8012B03E010F8016BF2
:1005300001F8016B5B1EF9D12B0705D40023521E75
:100540000DD401F8013BFAE710F8013BCB1A921CDD
:1005500003E013F8015B01F8015B521EF9D5A142DB
:10056000D8D3002070BD00BFFEE7704751B18200B4
:10057000A2F1C042126842F001038200A2F1C0421F
:10058000136009E08200A2F1C0421268034B1A40D6
:100590008300A3F1C0431A6070470000FEFF0F0004
:1005A000D0E901121143C268114302691143426943
:1005B000114382691143C2691143026A1143426ABD
:1005C0001143826A1143C26A1143026B11430268EC
:1005D0009200A2F1C0421160816808290BD1016824
:1005E0008900A1F1C041096841F040020168890019
:1005F000A1F1C0410A60416B0968426B526841EA4F
:100600000211426B926841EA0221426B928941EAEF
:100610000241426B128A41EA0251426B127D41EA69
:100620000261426B926911430268521C9200A2F16E
:10063000C0421160C16AB1F5804F1BD1816B09685E
:10064000826B526841EA0211826B926841EA022190
:10065000826B128A41EA0251826B127D41EA026189
:10066000826B9269114302689200A2F1C042C2F803
:10067000041107E06FF0704201688900A1F1C041E8
:10068000C1F8042170472DE9F041024600250026FB
:10069000002000230024002791F803C00CF00F0570
:1006A00091F803C00CF0100CBCF1000F03D091F8CE
:1006B00002C04CEA050591F800C0BCF1000F31D032
:1006C000146800202BE04FF0010C0CFA00F3B1F895
:1006D00000C00CEA03069E4220D183004FF00F0CAD
:1006E0000CFA03F7BC4305FA03FC4CEA040491F846
:1006F00003C0BCF1280F06D14FF0010C0CFA00FC2E
:10070000C2F814C00AE091F803C0BCF1480F05D14B
:100710004FF0010C0CFA00FCC2F810C0401C082875
:10072000D1D31460B1F800C0BCF1FF0F34DD5468C0
:1007300000202EE000F1080C4FF0010808FA0CF33D
:10074000B1F800C00CEA03069E4221D183004FF0AD
:100750000F0C0CFA03F7BC4305FA03FC4CEA040443
:1007600091F803C0BCF1280F05D100F1080C08FA7C
:100770000CF8C2F8148091F803C0BCF1480F07D1FF
:1007800000F1080C4FF0010808FA0CF8C2F81080CC
:10079000401C0828CED35460BDE8F08102460020FA
:1007A00093680B400BB1012000E0002070474161CD
:1007B000704701617047000002A001F06BFA00BFB2
:1007C000FEE70000486172644661756C74000000C9
:1007D00010B504462CB14FF480510548FFF7E7FFF0
:1007E00004E04FF480510248FFF7E3FF10BD000022
:1007F0000014014001B502E00098401E00900098EE
:100800000028F9D108BD00B597B03C2108A8FFF732
:1008100041FD1C2101A8FFF73DFD0121080200F068
:1008200085FC0120019004200390800607900020A1
:1008300002900490059006900890099008200A9074
:1008400010200B9000200C900E900F9010904FF401
:1008500080501190002012901390149001A81590D0
:10086000169008A8FFF79CFE01210020FFF77EFEEE
:1008700017B000BD2DE9F84F05460E4617469846BD
:10088000DDF828B0781B401C1FFA80F9A8EB0600A1
:10089000401C1FFA80FA09FB0AF0009053464A46B2
:1008A0003146284600F060F92C2000F007FC0024B7
:1008B00004E03BF8140000F005FC641C009884423E
:1008C000F7D3BDE8F88F000008B50121602000F0E3
:1008D0003DFC03208DF8020018208DF803004FF432
:1008E0008040ADF8000069465B48FFF7CCFE4FF44E
:1008F0000040ADF8000069465748FFF7C4FE0120EC
:10090000ADF8000069465448FFF7BDFE0220ADF87F
:10091000000069465048FFF7B6FE8020ADF80000A1
:1009200069464E48FFF7AFFE4FF48070ADF8000007
:1009300069464A48FFF7A7FE4FF40070ADF8000083
:1009400069464648FFF79FFE4FF48060ADF800000F
:1009500069464248FFF797FE4FF40060ADF800008B
:1009600069463E48FFF78FFE4FF48050ADF8000017
:1009700069463A48FFF787FE4FF40050ADF8000093
:1009800069463648FFF77FFE4FF48040ADF800001F
:1009900069463248FFF777FE4FF40040ADF800009B
:1009A00069462E48FFF76FFE4FF48070ADF80000E7
:1009B00069462948FFF767FE4FF40070ADF8000064
:1009C00069462548FFF75FFE4FF48060ADF80000F0
:1009D00069462148FFF757FE03208DF802001820D2
:1009E0008DF803001020ADF8000069461A48FFF7A3
:1009F0004AFE2020ADF8000069461748FFF743FE85
:100A00008020ADF8000069461348FFF73CFE4FF424
:100A10000060ADF8000069460F48FFF734FE102073
:100A20008DF8030003208DF802000220ADF80000CD
:100A300069460A48FFF727FE10208DF803000320BF
:100A40008DF802004FF48050ADF80000694602486E
:100A5000FFF719FE08BD0000001401400018014016
:100A600010B50446072C00DD10BD31480470204647
:100A700004EBD0714910A4EB410139B9F0202D49A4
:100A800008804FF4A0702C49088006E04FF4A07055
:100A900028490880F02028490880362000F00EFB05
:100AA0002648008849F24131884205D1082141EAAF
:100AB000441000F007FB0AE02048008848F2525139
:100AC000884204D1002141EA441000F0FBFA2A20B8
:100AD00000F0F4FA002000F0F5FA002000F0F2FA3D
:100AE00014490988491EC1F3072000F0EBFA1149A7
:100AF0000978491EC8B200F0E5FA2B2000F0DEFAB2
:100B0000002000F0DFFA002000F0DCFA0A49098832
:100B1000491EC1F3072000F0D5FA07490978491E9C
:100B2000C8B200F0CFFA2C2000F0C8FA00BF9BE753
:100B30008402002080020020820200208602002021
:100B400010B5FFF7C1FEFFF75EFE0120FFF740FE84
:100B500000F0A0FA00F038F802480078FFF780FFB4
:100B600010BD0000840200202DE9F04104460D462E
:100B700016461F462A2000F0A1FA201200F0A2FA21
:100B8000E0B200F09FFAA119491EC1F30F2000F056
:100B900099FAA119491EC8B200F094FA2B2000F06E
:100BA0008DFA281200F08EFAE8B200F08BFAE919FB
:100BB000491EC1F30F2000F085FAE919491EC8B299
:100BC00000F080FABDE8F08110B500F025FAFE498A
:100BD00008800846008849F2413188427ED1CF2002
:100BE00000F06CFA002000F06DFA812000F06AFA43
:100BF000302000F067FAED2000F060FA642000F089
:100C000061FA032000F05EFA122000F05BFA812006
:100C100000F058FAE82000F051FA852000F052FA6E
:100C2000102000F04FFA782000F04CFACB2000F0B2
:100C300045FA392000F046FA2C2000F043FA002053
:100C400000F040FA342000F03DFA062000F03AFAB5
:100C5000F72000F033FA202000F034FAEA2000F008
:100C60002DFA002000F02EFA002000F02BFAB1201F
:100C700000F024FA002000F025FA1B2000F022FAF0
:100C8000B62000F01BFA0A2000F01CFAA22000F0A7
:100C900019FAC02000F012FA352000F013FAC12032
:100CA00000F00CFA112000F00DFAC52000F006FA51
:100CB000452000F007FA452000F004FAC72000F0B4
:100CC000FDF9A22000F0FEF9F22000F0F7F9002073
:100CD00000F0F8F9262000F0F1F900E096E001209C
:100CE00000F0F0F9E02000F0E9F90F2000F0EAF957
:100CF000262000F0E7F9242000F0E4F90B2000F0B2
:100D0000E1F90E2000F0DEF9092000F0DBF95420B3
:100D100000F0D8F9A82000F0D5F9462000F0D2F96B
:100D20000C2000F0CFF9172000F0CCF9092000F0DA
:100D3000C9F90F2000F0C6F9072000F0C3F9002020
:100D400000F0C0F9E12000F0B9F9002000F0BAF994
:100D5000192000F0B7F91B2000F0B4F9042000F0CE
:100D6000B1F9102000F0AEF9072000F0ABF92A200D
:100D700000F0A8F9472000F0A5F9392000F0A2F909
:100D8000032000F09FF9062000F09CF9062000F0F7
:100D900099F9302000F096F9382000F093F90F20EF
:100DA00000F090F9362000F089F9C82000F08AF9A7
:100DB0002A2000F083F9002000F084F9002000F0E0
:100DC00081F9002000F07EF9EF2000F07BF92B2064
:100DD00000F074F9002000F075F9002000F072F9BD
:100DE000012000F06FF93F2000F06CF93A2000F08C
:100DF00065F9552000F066F9112000F05FF973489D
:100E0000FFF7F8FC292000F059F901E16E4800884D
:100E100048F252518842F8D1CF2000F04FF900201B
:100E200000F050F9C12000F04DF9302000F04AF9EF
:100E3000ED2000F043F9642000F044F9032000F0B5
:100E400041F9122000F03EF9812000F03BF9E82042
:100E500000F034F9852000F035F9102000F032F967
:100E6000782000F02FF9CB2000F028F9392000F08D
:100E700029F92C2000F026F9002000F023F9342075
:100E800000F020F9022000F01DF9F72000F016F91B
:100E9000202000F017F9EA2000F010F9002000F0FF
:100EA00011F9002000F00EF9C02000F007F9212010
:100EB00000F008F9C12000F001F9112000F002F95A
:100EC000C52000F0FBF82D2000F0FCF8332000F0E6
:100ED000F9F8362000F0F2F8002000F0F3F83A209C
:100EE00000F0ECF8552000F0EDF8B12000F0E6F845
:100EF000002000F0E7F8172000F0E4F8B62000F03A
:100F0000DDF80A2000F0DEF8A22000F0DBF8F62081
:100F100000F0D4F8012000F0D5F8302000F0D2F82D
:100F2000F22000F0CBF8002000F0CCF8262000F0F2
:100F3000C5F8012000F0C6F8E02000F0BFF8D0208E
:100F400000F0C0F8002000F0BDF8022000F0BAF870
:100F5000072000F0B7F80B2000F0B4F81A2000F0DA
:100F6000B1F8312000F0AEF8542000F0ABF840208A
:100F700000F0A8F8292000F0A5F8122000F0A2F84F
:100F8000122000F09FF8122000F09CF8172000F0CB
:100F900099F8E12000F092F8D02000F093F80020BA
:100FA00000F090F8022000F08DF8072000F08AF899
:100FB000052000F087F8252000F084F82D2000F0AF
:100FC00081F8442004E0000086020020FCBF0200FB
:100FD00000F078F8452000F075F81C2000F072F859
:100FE000182000F06FF8162000F06CF81C2000F0BC
:100FF00069F81D2000F066F8112000F05FF8054840
:10100000FFF7F8FB292000F059F82C2000F056F8E3
:1010100010BD0000FCBF020010B50024042000F049
:101020004DF800BF1748008800BF1648008800F040
:101030002BF804464FF6FF7000EA042400F024F871
:10104000044348F25250844201D1204610BDD320BF
:1010500000F034F800BF0B48008800BF0948008842
:1010600000F012F804464FF6FF7000EA042400F086
:101070000BF8044349F24130844201D12046E5E7B0
:101080000020E3E70000026001480088704700008C
:101090000000026010B502210748FFF788FB40F608
:1010A000FF20FFF7A7FB02210348FFF782FB40F672
:1010B000FF20FFF79FFB10BD001801404FF0C0411B
:1010C00008807047014908807047000000000260F6
:1010D00070B525F0EAF8064614F0C0F8044620463C
:1010E0001CF00CFE054605A128461DF00FFE14233A
:1010F0000022022120461FF0ABF870BD68656C6CC1
:101100006F00000004E005202EF04EFD27F024FFC4
:10111000F9E700BFFEE7704702490143024A116048
:10112000704700000000FA050CED00E029B1064A06
:1011300052690243044B5A6104E0034A52698243F4
:10114000014B5A61704700000010024029B1064A65
:1011500092690243044B9A6104E0034A9269824314
:10116000014B9A61704700000010024030B5002129
:101170000022002400232D4D6D6805F00C0121B1E3
:10118000042905D0082923D105E0294D056022E076
:10119000274D05601FE0254D6D6805F47012234D45
:1011A0006D6805F48034022505EB92421CB9214D8F
:1011B000554305600BE01D4D6D6805F400351DB10C
:1011C0001C4D5543056002E0194D5543056002E092
:1011D000174D056000BF00BF144D6D6805F0F001AC
:1011E0000909154D6B5C0568DD4045600F4D6D6864
:1011F00005F4E061090A104D6B5C4568DD408560CF
:101200000A4D6D6805F46051C90A0B4D6B5C456869
:10121000DD40C560054D6D6805F44041890B074D03
:101220006B5CC568B5FBF3F5056130BD001002408D
:1012300000127A0000093D0000000020100000208C
:1012400021B1028842F04002028004E002884FF699
:10125000BF731A400280704700B587B001210803B0
:10126000FFF774FF0121D420FFF770FF0120ADF8D4
:10127000040003208DF8060010208DF8070001A956
:101280002148FFF700FA2020ADF8040018208DF85F
:10129000070001A91D48FFF7F6F94020ADF804004A
:1012A00001A91A48FFF7EFF98020ADF8040001A961
:1012B0001648FFF7E8F901211348FFF77AFA0020F2
:1012C000ADF808004FF48270ADF80A000020ADF8C8
:1012D0000C000220ADF80E000120ADF81000400215
:1012E000ADF812000020ADF81400ADF8160007208C
:1012F000ADF8180002A9064800F07EF80121044864
:10130000FFF79EFF07B000BD00100140000801403C
:10131000003001402DE9F04100240025002600277F
:1013200001210F48FFF743FA9F2000F01BF8FF2030
:1013300000F018F80546FF2000F014F80646FF20DC
:1013400000F010F8074601210548FFF732FA28049B
:1013500040EA062040EA07042046BDE8F08100008C
:101360000010014010B504464FF480501949086040
:101370000AE018490868411E164A116020B9002089
:1013800000F058F8C0B210BD0221134800F026F852
:101390000028EED02146104800F02CF84FF4805081
:1013A0000C4908600AE00B490868411E094A1160AF
:1013B00020B9012000F03EF8C0B2E4E70121064860
:1013C00000F00CF80028EED0034800F010F8C0B28E
:1013D000D9E700007C0200200030014002460020D6
:1013E00013890B400BB1012000E00020704701463B
:1013F000888970478181704710B50022028802F405
:1014000041520B884C8823438C882343CC88234348
:101410000C8923434C8923438C892343CC89234360
:101420001A430280838B4FF2FF74234083830B8A1D
:10143000038210BD10B50446214602A000F02AFC2C
:10144000002010BD3C3C2D464C4153482D45525286
:101450004F522D3E3E2053504920B5C8B4FDB3AC89
:10146000CAB1216572726F72436F6465203D202599
:10147000640A000010B500F001F810BD0CB50020A2
:10148000019000903348006840F480303149086092
:1014900000BF3048006800F4003000900198401C04
:1014A0000190009818B90198B0F5A06FF1D12948C2
:1014B000006800F4003010B10120009001E000202D
:1014C00000900098012843D12348006840F01000A4
:1014D000214908600846006820F0030008600846BB
:1014E000006840F0020008601A48406819494860E6
:1014F0000846406848600846406840F4806048609C
:101500000846406820F47C1048600846406840F473
:10151000E81048600846006840F08070086000BF2E
:101520000C48006800F000700028F9D009484068B5
:1015300020F00300074948600846406840F0020078
:10154000486000BF0348406800F00C000828F9D14B
:101550000CBD0000001002400020024006E04FF4E5
:101560007A702EF021FB02A000F094FBF7E7000058
:1015700072756E2E2E2E0A00042808D14FF0E0213D
:10158000096941F004014FF0E022116107E04FF0DA
:10159000E021096921F004014FF0E0221161704758
:1015A00010B52EF061FD012801D02EF013FD10BD05
:1015B00000B585B06846FFF7D9FD0420FFF7DCFFD2
:1015C0000B49009808604FF47A710098B0FBF1F075
:1015D0004FF0E02148610846006940F002000861D0
:1015E0000846006940F00100086105B000BD000038
:1015F0007802002010B51348006840F0010011493E
:10160000086008464068104908400E49486008468E
:1016100000680E4908400B4908600846006820F43D
:10162000802008600846406820F4FE0048604FF4BF
:101630001F008860FFF71EFF4FF00060044908603C
:1016400010BD0000001002400000FFF8FFFFF6FE92
:1016500008ED00E021B1828942F40052828104E069
:1016600082894DF6FF731A408281704700B585B0BC
:1016700001210420FFF76AFD01218803FFF766FDC1
:101680004FF40070ADF8100018208DF813000320FF
:101690008DF8120004A91348FEF7F5FF4FF480609F
:1016A000ADF8100004208DF8130004A90D48FEF7D2
:1016B000EAFF4FF4E13000900020ADF80400ADF8EF
:1016C0000600ADF80800ADF80C000C20ADF80A00DB
:1016D0006946054800F018F801210348FFF7BAFFF2
:1016E00005B000BD0008014000380140024600205E
:1016F000B1F5007F00D100BF13880B400BB1012072
:1017000000E00020704700002DE9F04786B0054654
:101710000E460024A24600BFA1460027B08900B1B2
:1017200000BF2F462C8A4CF6FF700440F08804431B
:101730002C82AC894EF6F3100440B08831890843FE
:10174000718908430443AC81AC8A4FF6FF400440E2
:10175000B0890443AC8201A8FFF708FD1F48874207
:1017600002D1DDF810A001E0DDF80CA0A88900F49A
:10177000004040B10AEBCA0000EB0A103168490092
:10178000B0FBF1F807E00AEBCA0000EB0A10316881
:101790008900B0FBF1F86420B8FBF0F004012009E7
:1017A000642101FB1089A88900F4004040B1322077
:1017B00000EBC900B0FBF1F000F00700044308E0C3
:1017C000322000EB09106421B0FBF1F000F00F00B3
:1017D00004432C8106B0BDE8F087000000380140CA
:1017E000C1F308028280704700BFFEE701B5002008
:1017F00007E00C2100BF0A1EA1F10103D9B2FAD102
:10180000401C00998842F4D308BD00002DE9FC5F1C
:1018100005460C460126684600F0CAF8002865D047
:10182000BDF90200FEF7E9FD83463248007800EB7F
:10183000400004EBC00041685846FEF7ACFD81460D
:10184000BDF90000FEF7D9FD83462A48007800EB79
:10185000400054F830105846FEF79DFD8246494638
:10186000FEF741FD80462348007800EB400004EB82
:10187000C00081684046FEF736FD0746FEF7C6FD0C
:1018800000B22880BDF90200FEF7B7FD8346194873
:10189000007800EB400004EBC00001695846FEF7F9
:1018A0007AFD8146BDF90000FEF7A7FD8346114889
:1018B000007800EB400004EBC000C1685846FEF71A
:1018C0006AFD82464946FEF70EFD804609480078CB
:1018D00000EB400004EBC00041694046FEF703FD09
:1018E0000746FEF793FD00B2688000E00026304610
:1018F000BDE8FC9F8402002008B501216020FFF7AD
:1019000025FC0120ADF800008DF8020010208DF8B4
:10191000030069461B48FEF7B6FE0420ADF8000040
:1019200069461848FEF7AFFE0820ADF80000012018
:101930008DF8020048208DF8030069461148FEF733
:10194000A2FE4FF40050ADF8000001208DF8020017
:1019500010208DF8030069460B48FEF794FE4FF403
:1019600000510948FEF723FF1020ADF80000482081
:101970008DF8030069460348FEF785FE03A000F0DA
:1019800089F908BD0018014000140140E8A7A6E647
:1019900091B8E5889DE5A78BE58C966F6B0A0000F2
:1019A00010B50446204600F043F900F0C1F810BD20
:1019B0002DE9F0478CB00646002528216846FEF741
:1019C00069FC00BF0AA90BA800F09EF8BDF92C0025
:1019D0002DF81500BDF9281005A820F81510681C71
:1019E000C5B210214648FEF7D9FE08B90A2DE9DB39
:1019F00010214348FEF7D2FE10B100204149087083
:101A00000A2D7BD1BDF90070B846BDF91490CA46C5
:101A100001240EE03DF91400B84202DA3DF91470D9
:101A200005E03DF91400404501DD3DF91480601CDE
:101A3000C4B20A2CEEDB012412E005A830F9140030
:101A4000484503DA05A830F9149007E005A830F9F5
:101A50001400504502DD05A830F914A0601CC4B282
:101A60000A2CEADBBDF90000BDF902100844BDF9FB
:101A700004100844BDF906100844BDF908100844D4
:101A8000BDF90A100844BDF90C100844BDF90E1048
:101A90000844BDF910100844BDF912100844C01BD9
:101AA000A0EB0800C01000B23080BDF91410BDF9E1
:101AB00016000144BDF918000144BDF91A000144A3
:101AC000BDF91C000144BDF91E000144BDF9200010
:101AD0000144BDF922000144BDF924000144BDF9CF
:101AE00026000844A0EB0900A0EB0A00C01000B2D9
:101AF000708001200CB0BDE8F087FFE70020F9E717
:101B000000180140480300202DE9F04104460D462D
:101B10009020FFF745FF06B20120FFF767FED020B7
:101B2000FFF73EFF07B226802F80BDE8F08100005E
:101B300070B5002504211148FEF739FE01210F4838
:101B4000FEF737FE002414E001210C48FEF72FFEBB
:101B500008210A48FEF722FE0646C4F10B0006FAE9
:101B600000F0284385B201210448FEF722FE601CE4
:101B7000C4B20C2CE8DB284670BD00000018014000
:101B800010B500242748007820B1012811D0022880
:101B90003FD12FE010212448FEF700FE20B901209C
:101BA00020490870002403E000201E49087000242A
:101BB00034E010211C48FEF7F1FDA0B91B48006875
:101BC000401C1A49086008460068022806D900200F
:101BD000086002201349087001240AE0012011491D
:101BE0000870002405E00020104908600D490870C5
:101BF000002413E010210C48FEF7D0FD20B902208C
:101C000008490870012403E00020064908700024F8
:101C100004E0002003490870002400BF00BF2046F4
:101C200010BD000049030020001801404C030020B3
:101C300070B5054604211648FEF7B9FD0121144888
:101C4000FEF7B5FD00241FE0C4F1070045FA00F0DF
:101C500000F0010020B104210D48FEF7AAFD03E0C9
:101C600004210B48FEF7A3FD0520FFF7BFFD01216E
:101C70000748FEF79EFD0520FFF7B8FD0121044847
:101C8000FEF795FD601CC4B2082CDDDB70BD0000C2
:101C9000001801400FB4054B10B503A9044A02987F
:101CA00002F0E6F910BC5DF814FB0000E105010844
:101CB0006003002002E008C8121F08C1002AFAD100
:101CC00070477047002001E001C1121F002AFBD1BC
:101CD000704770B50446002508E02168481C206064
:101CE0000878303805EB850100EB4105216808785C
:101CF00000F004F80028F0D1284670BD01463029D4
:101D000003DB392901DC012070470020FCE70000DB
:101D100010B54021074801F097FB00221E2106481C
:101D200027F0A6F80549086003F0ECF80020044904
:101D3000087010BD14450020D14F0008000200209B
:101D4000FC01002030B50346B1F90040B2F9005063
:101D5000AC4202DDB1F9004001E0B2F900401C8064
:101D6000B1F90240B2F90250AC4202DDB1F90240D1
:101D700001E0B2F902405C80B1F90440B2F90450CC
:101D8000AC4202DAB1F9044001E0B2F904409C80AF
:101D9000B1F90640B2F90650AC4202DAB1F9064098
:101DA00001E0B2F90640DC800120B3F90040B3F94C
:101DB0000450AC4205DCB3F90240B3F90650AC4222
:101DC00000DD002030BDF8B504460D46164600275C
:101DD000B4F90000B5F90010884212DBB4F9020032
:101DE000B5F9021088420CDBB4F90400B5F904100F
:101DF000884206DCB4F90600B5F90610884200DC1A
:101E000001270FB90020F8BD0EB90120FBE720889B
:101E1000ADF800006088ADF80200324669462846F9
:101E200000F0A7F808B90020EDE7A088ADF80000A1
:101E30006088ADF8020032466946284600F099F8FD
:101E400008B90020DFE72088ADF80000E088ADF891
:101E5000020032466946284600F08BF808B9002097
:101E6000D1E7A088ADF80000E088ADF80200324666
:101E70006946284600F07DF808B90020C3E7012034
:101E8000C1E70246B2F90000B1F90430984213DC10
:101E9000B2F90400B1F9003098420DDBB2F902004A
:101EA000B1F90630984207DCB2F90600B1F9023008
:101EB000984201DB012070470020FCE7F8B504469A
:101EC0000D461646B4F90400B5F90010884211DB3E
:101ED000B4F90600B5F9021088420BDBB4F9000032
:101EE000B5F90410884205DCB4F90200B5F9061012
:101EF000884201DD0120F8BD0EB90020FBE72088F3
:101F0000ADF800006088ADF8020032466946284608
:101F100000F02FF808B10020EDE7A088ADF8000030
:101F20006088ADF8020032466946284600F021F884
:101F300008B10020DFE72088ADF80000E088ADF8A8
:101F4000020032466946284600F013F808B1002026
:101F5000D1E7A088ADF80000E088ADF80200324675
:101F60006946284600F005F808B10020C3E70120C3
:101F7000C1E72DE9FC5F05460E4614464FF0000A06
:101F8000B6F90000B5F90010884213DBB6F900007D
:101F9000B5F9041088420DDCB6F90200B5F902105B
:101FA000884207DBB6F90200B5F90610884201DC69
:101FB0004FF0010ABAF1000F02D10020BDE8FC9FEA
:101FC000002C01DC0120F9E7284612F094FE83463C
:101FD00000EBDB704710284612F005FE834600EB4D
:101FE000DB704FEA6008474501DA384600E04046BA
:101FF00081464C4500DD4C462888ADF80000288815
:10200000204400B2ADF804006888ADF8020068888A
:10201000204400B2ADF80600002231466846FFF7C2
:10202000A8FF80B1BDF80400204400B2ADF8040060
:10203000BDF80600204400B2ADF8060031466846FF
:1020400023F0E4FABAE7E888001B00B2ADF802001A
:10205000E888ADF80600002231466846FFF789FFA0
:1020600080B1BDF80400204400B2ADF80400BDF812
:102070000200001B00B2ADF802003146684623F0B2
:10208000C5FA9BE7A888001B00B2ADF80000A8883D
:10209000ADF80400002231466846FFF76AFF80B1C0
:1020A000BDF80000001B00B2ADF80000BDF8020052
:1020B000001B00B2ADF802003146684623F0A6FAD4
:1020C0007CE76888ADF802006888204400B2ADF86B
:1020D0000600002231466846FFF74BFF80B1BDF88D
:1020E0000000001B00B2ADF80000BDF8060020445F
:1020F00000B2ADF806003146684623F087FA5DE786
:1021000001205BE710B5B1F90030B2F90040A342FD
:1021100002DAB1F9003001E0B2F900300380B1F920
:102120000230B2F90240A34202DAB1F9023001E012
:10213000B2F902304380B1F90430B2F90440A3424D
:1021400002DDB1F9043001E0B2F904308380B1F965
:102150000630B2F90640A34202DDB1F9063001E0D3
:10216000B2F90630C38010BD2DE9FF47064626F0C0
:1021700020FE8146002003901EB19B49F068086054
:1021800003E015F021FC984908609749096808693F
:1021900023F09AF994480068406920B1924909688F
:1021A000486923F091F990490968C86923F08CF9CE
:1021B0008D490968086A23F087F98B48006800692F
:1021C00040B9002088490968A1F8500100BF00BF4C
:1021D000BDE8FF8723F016FD23F05CFC8248006811
:1021E000B0F8500100284BD07F4800680068007CA0
:1021F000C0F34000E8B17C48006815F063FC401E65
:1022000004B27948006815F0F7FB401E07B23B4660
:102210000022114601A8009412F0B2FD01A87249F3
:1022200009680968896B48606F48006805F0C2FE5C
:1022300000BF4FF480716C48006830301DF06FFBB8
:1022400020216948006800F598701DF068FB0020A7
:1022500065490968A1F85001484626F09DFD0390A4
:10226000614800680068406A50B15F4909680868C1
:102270005D49096809684B6A5C490A68039998478F
:102280001DF084F800F0F6F800F0BEF858484569F3
:10229000002D53D100BF15F097FB074615F0C7FB83
:1022A00004461BF02BFD054600227F21284622F024
:1022B000BCFF00BF00221146104614F03CFD019007
:1022C000BDF804100846002201460290284622F07C
:1022D0008FFF00BFFF221146104614F02CFD019025
:1022E000BDF804100846002201460290284623F05B
:1022F00061F800220321284623F042F8002203213E
:10230000284623F016F800220321284623F01EF861
:1023100000220321284623F026F800220321284624
:1023200023F03BF833A128461CF0F0FC00231A46AA
:10233000062128461DF08CFF2D4845612C49086870
:1023400026F02AFDB0F5967F10D22848006841F2A9
:102350008831884245D92648406803990844244971
:10236000486008468068401C88603AE026F021FDFD
:102370001F4908601C480068406800684FF47A7183
:10238000B1FBF0F71A48406810B9012018494860BD
:102390001748806808B93C4608E0154880684FF443
:1023A0007A71484312494968B0FBF1F400201049A2
:1023B00048608860BC4200D93C460D480069204412
:1023C0000B4908610846C068401CC86026F0BEFD85
:1023D000C0F164084346224607A128461CF0EEFCE3
:1023E00000BF00BFF4E60000C0000020BC000020D9
:1023F000504300203F0000002575204650530A2519
:10240000752525204350550010B5002416E0C4EB77
:10241000C4000C4951F8200030B1C4EBC401094A92
:1024200052F821001DF064F8C4EBC401054A02EB28
:1024300081001C211DF073FA601CC4B2042CE6DB81
:1024400010BD0000F04500200146094A10680BE06D
:1024500042688A4202D002688A4204D1027E22F097
:102460000102521C027640690028F1D17047000039
:10247000940000207047000010B50421014800F0CE
:10248000E3FF10BD0845002010B51C21014800F0F5
:10249000DBFF10BD204500202DE9FF4F8BB0044627
:1024A0009A46199DBAF1000F11D11898B0F5807FA6
:1024B0000DD10020208060800C98401E00B2A080CA
:1024C0000D98401E00B2E0800FB0BDE8F08FB5F966
:1024D00000004042189948430121C1EB202000B27E
:1024E0002080B5F902004042189948430121C1EB10
:1024F000202000B26080B5F900100C98401A18999D
:102500004843022101EB202000B2A080B5F902105F
:102510000D98401A18994843022101EB202000B27F
:10252000E080BAF1000F14D120882988084400B255
:10253000208060886988084400B26080A08829886B
:10254000084400B2A080E0886988084400B2E080B6
:10255000BAE70A209AFBF0F00A900A98401C09900A
:102560000A9800EB8000AAEB400B0A9800B226F014
:1025700023FF0890099800B226F01EFF07900A98E2
:102580005A3000B226F018FF069009985A3000B26F
:1025900026F012FF0590CBF10A01089841430798F5
:1025A00000FB0B100A2190FBF1F6CBF10A01069813
:1025B0004143059800FB0B100A2190FBF1F77611BF
:1025C0007F11B4F90080B4F9029007FB08F006FB14
:1025D0001900298801EBA02000B2ADF8100006FB1D
:1025E00008F007FB0900698801EBA02000B2ADF8F4
:1025F0001200B4F90480B4F9029007FB08F006FB5E
:102600001900298801EBA02000B2ADF80C0006FBF0
:1026100008F007FB0900698801EBA02000B2ADF8C3
:102620000E00B4F90080B4F9069007FB08F006FB31
:102630001900298801EBA02000B2ADF8080006FBC4
:1026400008F007FB0900698801EBA02000B2ADF893
:102650000A00B4F90480B4F9069007FB08F006FB01
:102660001900298801EBA02000B2ADF8040006FB98
:1026700008F007FB0900698801EBA02000B2ADF863
:102680000600BDF90800BDF91010884202DABDF954
:10269000080001E0BDF91000BDF90410BDF90C20DF
:1026A000914202DABDF9041001E0BDF90C10884234
:1026B0000BDABDF90800BDF91010884202DABDF945
:1026C00008000DE0BDF910000AE0BDF90400BDF9F5
:1026D0000C10884202DABDF9040001E0BDF90C00DB
:1026E0002080BDF90800BDF91010884202DDBDF957
:1026F000080001E0BDF91000BDF90410BDF90C207F
:10270000914202DDBDF9041001E0BDF90C108842D0
:102710000BDDBDF90800BDF91010884202DDBDF9DE
:1027200008000DE0BDF910000AE0BDF90400BDF994
:102730000C10884202DDBDF9040001E0BDF90C0077
:10274000A080BDF90A00BDF91210884202DABDF975
:102750000A0001E0BDF91200BDF90610BDF90E2016
:10276000914202DABDF9061001E0BDF90E1088426F
:102770000BDABDF90A00BDF91210884202DABDF980
:102780000A000DE0BDF912000AE0BDF90600BDF92E
:102790000E10884202DABDF9060001E0BDF90E0014
:1027A0006080BDF90A00BDF91210884202DDBDF952
:1027B0000A0001E0BDF91200BDF90610BDF90E20B6
:1027C000914202DDBDF9061001E0BDF90E1088420C
:1027D0000BDDBDF90A00BDF91210884202DDBDF91A
:1027E0000A000DE0BDF912000AE0BDF90600BDF9CE
:1027F0000E10884202DDBDF9060001E0BDF90E00B1
:10280000E08000BF60E62DE9F74F86B004462068FF
:102810000590B4F908100798A0EB0108B4F90A1064
:102820000898A0EB0109E089B0F5807F13D1206BF7
:1028300000FB08F0E16A01FB1901606A00EBA10BE3
:10284000E06A00FB08F0216B01FB0901A06A00EBC4
:10285000A10004902FE0A08980B9A06B00FB08F0D4
:102860004FEA6018A06B00FB09F04FEA6019606A3C
:1028700000EB080BA06A484404901CE0A06B00FB2E
:1028800008F04FEA6018A06B00FB09F04FEA6019EE
:10289000206B00FB08F0E16A01FB1901606A00EBA4
:1028A000A12BE06A00FB08F0216B01FB0901A06A83
:1028B00000EBA12004904FEA2B2604980712B4F9EC
:1028C0000400B04203DC002009B0BDE8F08F002E08
:1028D00001DA0020F8E7B4F90600B84201DC002074
:1028E000F2E7002F01DA0020EEE73420005DC0F3AC
:1028F000800050B33420005DC0F3400078B9022559
:10290000B4F904007843684306FB050A059800EB18
:102910000A012A4604F114001CF0AFFF2CE0032545
:10292000B4F904007843684306FB050A6A1E05985B
:1029300000EB0A0104F114001CF09FFF0AEB0500F4
:10294000401E0599095CA17516E04FF0000A0025AC
:10295000208A03463AB231B2019004F1180019F00E
:1029600079FC0290BDF80800A0823AB231B204F1BD
:10297000180019F0CFFBA0753420005D00F00100B5
:10298000B0B14FF47F40002100F47C4241EA521183
:10299000C0F3C40211430191BDF804201146029115
:1029A000A08ABDF80810884201D100208CE700BF42
:1029B000E07C08B9012087E70FFA8BF1A187049822
:1029C00001B2E18731B24020015339B242200153B4
:1029D000C4F844A084F84850204600F003F803905F
:1029E000039871E72DE9F04F8DB00446D4F80090BC
:1029F00094F83C000C9094F83E000B900C987028D2
:102A00000BDA4FF0FF35B4F940002844002800DA13
:102A100000250C988030C7B213E00C9890280EDD8A
:102A20000125B4F940002844B4F90410884200DBC1
:102A300000250C98C0F1FF008030C7B201E00025EE
:102A4000FF270B9870280CDA4FF0FF36B4F94200DC
:102A50003044002800DA00260B98803000F0FF0890
:102A600015E00B9890280FDD0126B4F942003044A0
:102A7000B4F90610884200DB00260B98C0F1FF0075
:102A8000803000F0FF0802E000264FF0FF08A08A27
:102A90000A90A07D069000200590049003903420B9
:102AA000005DC0F3800000285BD094F84800626CA1
:102AB00000FB052000EB0901022209A81CF0DDFE45
:102AC000B4F9040094F848205043626C00FB0620DF
:102AD00000EB0901022208A81CF0CFFEB4F90400A3
:102AE00094F848205043626C00FB062294F848009A
:102AF00000FB052000EB0901022207A81CF0BDFE27
:102B00003420005DC0F3400000287ED094F84800D7
:102B1000616C00FB05110844401E19F80000059087
:102B2000B4F9040094F848104843616C00FB0611A6
:102B300094F848000844401E19F800000490B4F9C5
:102B4000040094F848104843616C00FB061194F8A7
:102B5000480000FB05110844401E19F800000390CE
:102B600053E0208A0090B4F942204020005B2844C2
:102B700001B204F11800009B19F06CFB0990208A47
:102B800000904220005B304402B2B4F9401004F1DE
:102B90001800009B19F05EFB0890208A00904220EC
:102BA000005B304402B24020005B284401B204F1D3
:102BB0001800009B19F04EFB07903420005DC0F315
:102BC000400010B3B4F942204020005B284401B219
:102BD00004F1180019F09EFA05904220005B304481
:102BE00002B2B4F9401004F1180019F093FA0490FD
:102BF0004220005B304402B24020005B284401B216
:102C000004F1180019F086FA0390BA46BB46342046
:102C1000005DC0F34000E0B306987843C7F1FF0CB5
:102C2000059B03FB0C00C0F3072104987843C7F110
:102C3000FF0C039B03FB0C00C0F3072201FB08F011
:102C4000C8F1FF0302FB0300030AA375022905DC98
:102C5000022A03DC00200DB0BDE8F08F022901DC60
:102C60004FF00008022A01DC4FF0FF080698022806
:102C700001DC4FF0000A0598022801DC4FF0FF0A42
:102C80000498022801DC4FF0000B0398022803DCB3
:102C900000E002E04FF0FF0B03E0BA46BB46FF2125
:102CA000A175BAF1000F02D1099802900BE0BAF1B8
:102CB000FF0F02D10A98029005E05246DDE90910A3
:102CC00014F0FAF80290BBF1000F02D107980190BE
:102CD0000BE0BBF1FF0F02D10898019005E05A46C6
:102CE000DDE9071014F0E8F80190B8F1000F03D106
:102CF000BDF80400A0820FE0B8F1FF0F03D1BDF8CA
:102D00000800A08208E04246DDE9011014F0D4F882
:102D10000090BDF80000A08201209CE72DE9F05F43
:102D20000446B4F9080001026162B4F90A00010224
:102D3000A162B4F90C000A2190FBF1F56F1CB4F903
:102D40000C0005EB8501A0EB4106684200B226F0BD
:102D500033FB8046784200B226F02EFB8146C5F157
:102D60005A0000B226F028FB8246C7F15A0000B292
:102D700026F022FB8346C6F10A0000FB08F009FB9F
:102D800006000A2190FBF1F1E162C6F10A0000FBA6
:102D90000AF00BFB06000A2190FBF1F12163E06AC7
:102DA0004111E162206B41112163A07C19F061FBAC
:102DB0003421095D60F3000134200155A07C19F035
:102DC0003BFB3421095D60F3410134200155A07CB7
:102DD000042805D0A07C052802D0A07C062807D1B5
:102DE0003420005D20F00400001D3421085505E06A
:102DF0003420005D20F00401342001552168216257
:102E0000A06920F0E000A061A17CA06961F304004A
:102E1000A061A188A06961F39420A061E188A06904
:102E200061F35F50A061E08900EBD071491001F5BA
:102E3000001191FBF0F2A263FF21A175208AA0820C
:102E4000BDE8F09F2DE9F743054616460024134CD4
:102E500025F0AFFF8046334629462046019A19F0F7
:102E6000B7FF07465FB900BF00BF2C2120461CF00A
:102E700056FD4FF00040A0620020BDE8FE83002018
:102E8000A062E06918B9404625F086FFE061E0697C
:102E900008B90120E0612046EFE70000444500202A
:102EA00010B51421114800F0CFFA19F043FF044681
:102EB00000BF1CB900BF00BF00BFFEE700BF14B9D0
:102EC00000BF00BF10BD0A4920461AF01BF809498F
:102ED00020461AF019F8084920461AF017F8074951
:102EE00020461AF00DF800BFECE700002C4500204A
:102EF00051C5010825CA010841CC010819C50108BE
:102F000070B504460D46102128461CF008FD2068C7
:102F10000078012804D1208A2880608A68800CE02B
:102F200020680078022802D1E068686005E0206827
:102F30000078042801D10A2068602068406820B128
:102F4000206829464268904701E000BF00BF70BD7D
:102F50002DE9FE430446A66AEEB9A18A208A0844F8
:102F600001B2A182E18A608A084401B2E18220466E
:102F70000CF039FD06460EB9BDE8FE8320460FF081
:102F80006BFE00220921304618F0ECF96078C0F39E
:102F9000400000B1F0E7208A10B9608A002870D0A4
:102FA00000200290019094F83C0000F00F000328EC
:102FB00012D130461EF06CFD074630461EF0F0FC84
:102FC000804603200090B4F910103B46424630463C
:102FD0000CF000F8029012E030461EF0DBFD0746D0
:102FE00030461EF04FFC80460C200090B4F91210C1
:102FF00043463A4630460BF0EDFF019000BF3046A5
:103000001EF0A0FC054605F0010028B9BDF9080036
:10301000002801DD0020029005F0020028B9BDF96A
:103020000800002801DA0020029005F0040028B909
:10303000BDF90400002801DD0020019005F0080022
:1030400028B9BDF90400002801DA0020019001AA86
:1030500002A9204628F096FD0023BDF90420BDF901
:103060000810304621F074FCA08ABDF8081008440E
:1030700001B2A182E08ABDF80410084401B2E182E5
:1030800000BF00BF78E72DE9F84F0446D4F828B018
:10309000BBF1000F01D1BDE8F88F94F83C0000F0BF
:1030A0000F0000B9F7E71AF017FA06463068477EB6
:1030B0004021584620F076F910B900216183218320
:1030C00058461EF053FD804658461EF059FD0546F1
:1030D00094F83C0000F00F000C2843D1002121831C
:1030E0001DBBB4F91A00C7F164014843642190FB89
:1030F000F1F001B2618358461EF0C4FB8146584688
:103100001EF048FD82460C200090B4F91A104B4680
:10311000524658460BF05EFF6083B4F91A20002334
:103120001946584621F014FC69E0204628F081FD3C
:103130000090002161836A46204628F023FDBDF9F6
:10314000003041F6FF72514258460CF0F5FD8146C1
:10315000BDF80000484402B201230021584621F086
:10316000F7FB4CE094F83C0000F00F00032846D138
:1031700000216183B8F1000F23D1B4F91800C7F121
:1031800064014843642190FBF1F001B22183584669
:103190001EF006FC814658461EF07AFC824603204B
:1031A0000090B4F9181053464A4658460BF012FFE7
:1031B0002083B4F9181000231A46584621F0C8FBA2
:1031C0001DE0204628F01AFD0090002121830022F6
:1031D0006946204628F0D6FCBDF9003041F6FF7262
:1031E000514258460CF00EFD8146BDF8000048449F
:1031F00001B201230022584621F0AAFB00BF208B18
:10320000002860D1608B00285DD11DBB58461EF0A0
:10321000C1FC814658461EF035FB8246B9F1000FCD
:1032200002DCBAF1000F14DDB9F1000F06DA012358
:103230004A460021584621F08BFB0AE0BAF1000F04
:1032400007DA0123CAF1000002B20021584621F03A
:103250007FFB00BFB8F1000F23D158461EF0A0FB42
:10326000814658461EF014FC8246B9F1000F02DC7C
:10327000BAF1000F14DDB9F1000F06DA01230022C4
:103280004946584621F064FB0AE0BAF1000F07DA1C
:1032900001230022CAF1000001B2584621F058FB78
:1032A00000BF32460A21584618F05CF86078C0F337
:1032B000400000B1EFE694F83C0020F00F0184F8E4
:1032C0003C100021A16200BFE5E62DE9FF41044664
:1032D0000F4614B914F078FB04460CB9BDE8FF8121
:1032E0001FB90020A4F85001F8E70020ADF808004D
:1032F000ADF80A00204614F07FFB401E00B2ADF886
:103300000C00204614F0DEFB401E00B2ADF80E00AB
:1033100002AA39466846FEF715FD064606B9DDE7FE
:103320002068007CC0F3400060B1029820630398DD
:1033300060630120A4F85001606810B1606825F056
:10334000C1FECBE72068806918B1206869468269B0
:10335000904700250BE004F1300000EBC50100228E
:103360006846FEF730FD00B1B8E7681C85B2B4F8D6
:103370005001A842EFDCB4F85001202809DAB4F873
:10338000502104F1300101EBC200694611F09BFBB2
:103390000BE00020A4F85001B4F8502104F13001F2
:1033A00001EBC20002A911F08EFBB4F85001401CE1
:1033B000A4F85001606810B1606825F083FE00BF7A
:1033C0008CE770B50546284600F013F80446002641
:1033D0000CE02146284600F024F8064621462846FF
:1033E00000F086F820461CF083F83446002CF0D11B
:1033F00070BD014609B9002070474868FCE770B508
:10340000064600243046FFF7F4FF054605E0641C3D
:103410002946304600F005F80546002DF7D1204634
:1034200070BD02460B461068001D034418687047C3
:1034300002460B461068034418687047014609B9F4
:10344000002070478868FCE7002242608260CA1C46
:1034500022F003010160704770B50446216801F154
:1034600008001BF077FF0546A5B10022294620463B
:1034700027F07CF829462046626827F069F86068E2
:1034800020B12A462046616827F070F86560A06880
:1034900000B9A560284670BD70B50446216801F1E9
:1034A00008001BF057FF0546A5B10022294620461B
:1034B00027F04EF829462046A26827F057F8A06862
:1034C00020B12A462046A16827F042F8A56060682E
:1034D00000B96560284670BD014609B901207047F2
:1034E000486818B9886808B90120F8E70020F6E7AD
:1034F0002DE9F04104460D460CB9BDE8F0812046A7
:10350000FFF777FFA8420FD129462046FFF789FF32
:103510006060606810B90020A0602FE000222046A3
:10352000616827F023F829E02046FFF787FFA842CB
:103530000FD129462046FFF77BFFA060A06810B995
:10354000002060601AE000222046A16827F000F801
:1035500014E029462046FFF76BFF06462946204621
:10356000FFF75FFF07463A463146204626F0F0FF58
:1035700032463946204626F0F9FF00BF00BFBCE7BF
:1035800010B504462068806818B12068214682681A
:1035900090472068006828B12068006820602046B5
:1035A000FFF7EEFF10BD0146886818B18868B0F9D2
:1035B000160070470020FCE72DE9F04F93B0054658
:1035C0008B4691469A461C9E688C20F00400001D94
:1035D0006884A5F820903289594628461FF05EFC81
:1035E0001290A5F820A03289594628461FF056FCB3
:1035F0001190688C20F004006884DDE91110884285
:103600000CD1DDE91110884208D1BDF84800BDF8A1
:103610004410884202D113B0BDE8F08FA5F8209085
:103620003289594628461FF039FC1290A5F820A08F
:10363000594628460EF009F910903189109A106801
:10364000129A24F072F83089602833D147F6FF715E
:103650001298884202D0119888422BD128461FF038
:1036600044FE0F9000EBD070471028461FF03DFE3F
:103670000F9000EBD0704FEA600847F6FF71129888
:10368000884208D1781C08F10101884200DA01E083
:1036900008F10100129047F6FF711198884208D195
:1036A000781C08F10101884200DA01E008F101000C
:1036B000119000BF2448FFF7CFFE044600BF1CB99D
:1036C00000BF00BF00BFFEE700BF04B9A3E7129828
:1036D000E06011982061ACB325603089A080C4F807
:1036E00008B0684610F0BAFB2146684610F069FC45
:1036F0001649684610F035FC1548029000BF154980
:10370000684610F03CFCFF220021684610F049FC9E
:103710003188684610F03BFC7188684610F01CFC4C
:10372000F068069000BF6846002190F83E2061F3E3
:10373000000280F83E2000BF30690590684610F016
:1037400057FC00BF00BF66E738450020C9F30208F8
:1037500075F60208A5F5020810B514210148FFF717
:1037600073FE10BD384500202DE9FE4F04460F467C
:1037700090464FF0000900256BE1E06800EBC500C2
:103780004068C0F3406000B162E1E16801EBC5014F
:10379000496821F07F4021F094FE064626EA0700A2
:1037A00008B9012000E00020029026EA080008B9CC
:1037B000012000E000200190DDE90101814272D08A
:1037C000E06850F835A04FF0000B6A4641F6100152
:1037D000504623F043FC10B14FF0010BA9E06A46BC
:1037E00041F61101504623F039FC10B14FF0010BA6
:1037F0009FE06A4641F61201504623F02FFC10B1BB
:103800004FF0010B95E06A4641F61301504623F054
:1038100025FC10B14FF0010B8BE06A4641F6150113
:10382000504623F01BFC10B14FF0010B81E06A46BB
:1038300041F61401504623F011FC10B14FF0010B7A
:1038400077E06A4641F26901504623F007FC10B167
:103850004FF0010B6DE06A4643F20C01504623F035
:10386000FDFB10B14FF0010B63E06A4643F20D011E
:10387000504623F0F3FB10B14FF0010B59E06A46BC
:1038800041F20101504623F0E9FB10B14FF0010B6A
:103890004FE06A4641F20401504623F0DFFB18B1C5
:1038A0004FF0010B45E0D2E06A4641F2020150467A
:1038B00023F0D4FB10B14FF0010B3AE06A4641F21D
:1038C0000301504623F0CAFB10B14FF0010B30E06A
:1038D0006A4641F20501504623F0C0FB10B14FF09B
:1038E000010B26E06A4641F20601504623F0B6FB82
:1038F00010B14FF0010B1CE06A4641F23201504614
:1039000023F0ACFB10B14FF0010B12E06A4643F616
:103910000F01504623F0A2FB10B14FF0010B08E05D
:103920006A4643F60E01504623F098FB08B14FF06B
:10393000010BBBF1000F02D00320BDE8FE8F6A46E9
:1039400040F60A01504623F089FB10B14FF00209FE
:103950007CE06A4640F60B01504623F07FFB10B135
:103960004FF0020972E06A4643F60F01504623F019
:1039700075FB10B14FF0020968E06A4643F60E018C
:10398000504623F06BFB10B14FF002095EE06A462F
:1039900040F63C01504623F061FB10B14FF00209A4
:1039A00054E06A4640F63D01504623F057FB10B103
:1039B0004FF002094AE06A4640F63A01504623F0C9
:1039C0004DFB10B14FF0020940E06A464FF404612C
:1039D000504623F043FB10B14FF0020936E06A462F
:1039E00040F64501504623F039FB10B14FF0020973
:1039F0002CE06A4640F64101504623F02FFB10B1FF
:103A00004FF0020922E06A4640F64201504623F098
:103A100025FB10B14FF0020918E06A4640F6430159
:103A2000504623F01BFB10B14FF002090EE06A462E
:103A300040F64901504623F011FB10B14FF0020946
:103A400004E0B9F1000F01D14FF0010900BF00BF40
:103A50006D1C608CC0F3C500A8423FF68EAE484690
:103A60006BE700000148006870470000C0000020BC
:103A700010B5024826F031FE10BD00005043002072
:103A80000146C1F30412072A00DD0722D0B27047B5
:103A900010B518210348FFF7D7FC012025F024FAC0
:103AA00010BD0000E44400202DE9F04105460F461A
:103AB00016460DB9BDE8F0812846FCF7F6FB8046B6
:103AC000394628460A4A126890470746E81931469F
:103AD000074A1268904706463C4603E0A019285C56
:103AE0002855641CA8EB0600A042F7D200BFE1E70E
:103AF0004C0200202DE9F04106460C4617461D46B3
:103B000029463046084A126890472060206830B144
:103B1000296888190021044A1268904700E00020B3
:103B20003860BDE8F0810000440200202DE9F04F2C
:103B300087B004460F4692469846DDE910560DB10F
:103B4000002028801CB9002007B0BDE8F08F207845
:103B500008B90020F8E70FB90020F5E74FF0000999
:103B600006F0020010B906F0040098B1002000E051
:103B7000401C215C0A2905D0215C0D2902D0215C62
:103B80000029F5D1215C01B1401C15B14FF0FF3186
:103B90002980D9E706F0020008B141F6FF7800203D
:103BA0000690059038E000200490059808B901209F
:103BB00000E0002006A904AACDE90062CDE90210C8
:103BC0000599601843465246394625F02DFC834638
:103BD0000498A8EB00000FFA80F8049848440FFA04
:103BE00080F9BBF1000F00D11CE005985844059006
:103BF00020780A2802D020780D2800D112E00598FC
:103C0000205C0A2803D00598205C0D2803D1059874
:103C1000401C059006E000BF0598205C10B1B8F18B
:103C2000000FC0DC00BF059870B905A92046094AFD
:103C300012689047834635B100225946384617F03E
:103C4000D4FC0FFA80F900BF0DB1A5F800900598DB
:103C50007AE70000440200202DE9F0470646884636
:103C6000174606B10FB9BDE8F0873046FCF71DFBDB
:103C700081463846FCF719FB044604B9F3E704EB28
:103C8000090A414630460B4A12689047804655461D
:103C900003E0281B305C70556D1E08EB0400A84241
:103CA000F7D906EB0800224639461BF0F2FD00BFAB
:103CB000D9E700004C020020024600200FA31B7829
:103CC0008B4211D113781BB90123137001200BE033
:103CD0001378012B02D10023137005E01378022B17
:103CE00002D10023137001201378012B04D1202965
:103CF00001D102231370012070470000230000004F
:103D000073B582B0064603980190324600210846FA
:103D1000019B25F0A5FE0546002001900024681CAB
:103D20001BF018FB044600BF1CB900BF00BF00BF5A
:103D3000FEE700BF14B9002004B070BD002060553C
:103D40003246691C2046039B25F08AFE2046F3E795
:103D50002DE9F04781460E4614461F46DDF820A0A7
:103D600035461BE0600800FB075529464846D0470A
:103D7000B0F1000809DD04F0010080F00100C0EBA3
:103D80005404E8190546064608E0B8F1000F02DAC7
:103D90006408354602E02846BDE8F087002CE1D1F2
:103DA0000020F9E72DE9FF4F85B08346DDE9158A4C
:103DB000DDE91349DDE91775129E05F00200F8B937
:103DC0004FB105F0010030B1B9F1000F02D105F09B
:103DD0000C0000B17F1E03E030222046641C3254E8
:103DE000544501D2202CF7D303E030222046641C36
:103DF000325405F0010018B1BC4201D2202CF4D39A
:103E000005F01000B0B305F4806050B94CB15445D2
:103E100001D0BC4205D1641E1CB1B8F1100F00D115
:103E2000641EB8F1100F09D105F0200030B9202C24
:103E300004D278222046641C325415E0B8F1100FE9
:103E400009D105F0200030B1202C04D258222046A0
:103E5000641C325408E0B8F1020F05D1202C03D2C3
:103E600062222046641C3254202C03D23022204689
:103E7000641C3254202C16D2B9F1000F04D02D222C
:103E80002046641C32540EE005F0040020B12B22C1
:103E90002046641C325406E005F0080018B12022C8
:103EA0002046641C3254CDE90275CDE900645846C1
:103EB00006A90EC900F0A2F809B0BDE8F08F2DE9FF
:103EC000FF4F8FB08046DDE91FABDDE91D96219DD8
:103ED0001C9C00270CB925F0100505F4806000B18A
:103EE000E4B100BFB4FBF6F106FB1141C8B20A28E9
:103EF00002DA00F1300107E005F0200109B14121AB
:103F000000E0612101440A39CBB239467F1C07AA7F
:103F10005354B4FBF6F40CB1202FE3D307A8CDE93A
:103F200004AB8DE8810203960695404610A90EC9A0
:103F3000FFF738FF13B0BDE8F08F2DE9FF4F8FB0CA
:103F4000DDE9217BDDF89080209EDDE91C454FF006
:103F50000009002184EA01006940084301D128F0EA
:103F6000100808F4806028B1002184EA010069404B
:103F700008432DD000BF32463B4620462946FCF779
:103F80003FF902F0FF0ABAF10A0F02DA0AF1300033
:103F900007E008F0200008B1412000E06120504413
:103FA0000A38C2B2484609F1010907A90A54324643
:103FB0003B4620462946FCF723F904460D460021DE
:103FC00084EA01006940084302D0B9F1200FD2D33E
:103FD0002398CDE9036BCDE9050807A91E98CDE923
:103FE000001902900FA80FC8FFF7DCFE13B0BDE860
:103FF000F08F9A4200D28854704770472DE9FF5FD6
:1040000005461446DDE90EA6DDE91087A34607F054
:10401000020078B907F0010060B9B14607E0224616
:10402000641C2020039B0199A84709F10109C1459F
:10403000F5D300BF08E02246641C711E0E461AF834
:104040000100039B0199A847002EF4D107F002005C
:1040500050B105E02246641C2020039B0199A8472B
:10406000A4EB0B004045F5D3204604B0BDE8F09F1B
:104070002DE9FF4F8DB00F460546002606E02528A6
:104080000BD0DDE90F1290476D1C761C28780028B4
:10409000F5D111B03046BDE8F08F0024A246A1460C
:1040A0000122EC4900E0044315F8013F203B02FAED
:1040B00003F00842F7D128782A2810D06FF02F0299
:1040C0002878A0F13001092914D80AEB8A0102EB03
:1040D000410144F0020400EB010A6D1CF0E701CF3E
:1040E0005FEA000A03D544F40054CAF1000A44F020
:1040F00002046D1C28782E2817D115F8010F44F002
:1041000004042A280ED06FF02F022878A0F1300185
:1041100009290AD809EB890102EB410100EB0109E9
:104120006D1CF2E757F8049B6D1C28786C280FD0A3
:1041300006DC4C2817D068280DD06A2814D104E07A
:10414000742810D07A280FD10DE044F400140AE04E
:1041500044F4801401E044F440146978814202D1AF
:1041600004F580146D1C6D1C2A786E2A1FD00CDC9F
:10417000632A31D004DC002A8BD0582A11D1A3E065
:10418000642A68D0692A0CD165E0732A2ED004DC39
:104190006F2A73D0702A04D19BE0752A6FD0782AD9
:1041A0006ED01046DDE90F129047761C50E1C4F343
:1041B0000250022806D0032809D0042801CF09D0D4
:1041C000066045E101CFF117C0E9006140E101CF90
:1041D00006803DE106703BE117F8040B8DF8000006
:1041E00000208DF80100EB46012003E057F804BBE6
:1041F0004FF0FF3061074FF0000102D40DE008F1ED
:104200000101884649450FDA8045F8DB1BF80810A4
:104210000029F4D108E008F1010188468142FADB67
:104220001BF808100029F6D1DDE90F23AAEB0800DE
:104230008146214600F036F9304400EB080604E0E0
:10424000DDE90F121BF8010B9047B8F10108F7D216
:1042500021464846F7E00A21C4F302534FF0000B11
:104260000891022B04D001CFC117032B09D00AE01B
:10427000FF1D27F00707F7E8020108E032E01FE022
:1042800020E000B2C117042B01D140B2C117031EB8
:1042900071F1000307DA4FF0000CD0EB0C006CEB6F
:1042A00001012D2302E0230504D52B238DF82430B2
:1042B000012303E0E30701D02023F7E7984658E005
:1042C0000A2110E010210EE010204FF0000B0890A2
:1042D0000CE010214FF0000B44F004044FF00809EB
:1042E000089103E008214FF0000B0891C4F302533A
:1042F000022B04D001CF0021032B06D006E0FF1DC6
:1043000027F00707F7E8020103E080B2042B00D191
:10431000C0B24FF0000823072BD5702A07D0DDF874
:1043200020C08CF0100C5CEA0B0C05D00EE0402392
:104330008DF82430012308E050EA010306D0302331
:104340008DF824308DF8252002239846DDF820C012
:104350008CF0080C5CEA0B0C0BD150EA010301D184
:10436000630706D530238DF824304FF00108A9F1FA
:104370000109582A04D038A20B9208AA0A920BE02D
:104380003AA2F9E75B46089AFBF73AFF0B9B9B5C66
:104390000A9A521E0A92137050EA0102F2D10A9848
:1043A000ADEB000000F1200B600702D524F480344F
:1043B00001E04FF00109D94502DDA9EB0B0000E057
:1043C000002000EB0B0141440890AAEB010AE00336
:1043D00006D4DDE90F232146504600F063F8064479
:1043E0004FF0000908E009A911F80900DDE90F12F2
:1043F000904709F10109761CC145F4DBE0030CD5B7
:10440000DDE90F232146504600F04CF8064404E055
:10441000DDE90F1230209047761C0899481E08905D
:104420000029F5DC08E00A980A990078491C0A91ED
:10443000DDE90F129047761CBBF10001ABF1010BD7
:10444000F1DC21465046DDE90F2300F019F806445F
:104450006D1C1BE609280100303132333435363704
:1044600038396162636465660000000030313233C0
:104470003435363738394142434445460000000060
:104480002DE9F041044600251E461746880404D451
:1044900005E039462020B0476D1C641EF9D528463A
:1044A000BDE8F0812DE9F041044600251E46904606
:1044B000C80301D5302700E02027880404D505E093
:1044C00041463846B0476D1C641EF9D52846BDE804
:1044D000F08100002DE9FF4F8BB0074600250C98B6
:1044E00000B9FA4FEAE20E98007825280AD02A4649
:1044F0006D1C0E990878DDE90C13B8470E98401C26
:104500000E90DBE20E98401C0E90002400BF0E9827
:1045100000782B2819D004DC20281ED023282CD189
:1045200023E02D2809D0302827D144F001040E982B
:10453000401C0E9001200A9022E044F002040E98E4
:10454000401C0E9001200A901AE044F004040E98DA
:10455000401C0E9001200A9012E044F008040E98CE
:10456000401C0E9001200A900AE044F010040E98BE
:10457000401C0E9001200A9002E000200A9000BF2B
:1045800000BF0A980028C2D180460E990878FDF72E
:10459000B5FB20B10EA8FDF79CFB804612E00E98FB
:1045A00000782A280ED1189901C91891002804DA38
:1045B00044F00204C0F1000800E080460E99491C56
:1045C0000E9100BF4FF000090E9800782E281FD1E1
:1045D00044F480640E98401C0E900E990878FDF704
:1045E0008DFB20B10EA8FDF774FB814610E00E98FC
:1045F00000782A280CD1189901C91891002801DDEA
:10460000014600E0002189460E99491C0E9100BF29
:104610000E9800786C280AD004DC682816D06A2826
:1046200035D128E0742820D07A2830D129E044F40C
:1046300080740E98401C0E900E9800786C2804D15F
:1046400044F400740E98401C0E9021E044F0800465
:104650000E98401C0E900E980078682804D144F003
:1046600040040E98401C0E9012E044F480740E98A2
:10467000401C0E900CE044F400740E98401C0E9008
:1046800006E044F480740E98401C0E9000E000BFD9
:1046900000BF0E98007869281DD00EDC622821D05A
:1046A00006DC25287ED050281AD058287BD115E06A
:1046B000632879D06428F9D10CE0732875D004DC24
:1046C0006F280ED07028F1D109E0752804D0782821
:1046D000ECD102E000BF00BF00BF00BF00BF00BFC1
:1046E00000BF00BF0E980078782803D00E9800789D
:1046F000582801D1102623E00E980078702803D0A6
:104700000E98007850280CD1102644F0100444F480
:1047100080740E984078562812D10E98401C0E9046
:104720000EE00E9800786F2801D1082608E00E9858
:104730000078622801D1022602E00A2624F0100443
:104740000E980078582803D00E980078502801D190
:1047500044F020040E980078692805D00E9800785F
:10476000642801D024F00C0404F4806008B124F023
:1047700001040E980078692803D00E980078642808
:104780007CD104F40070B8B31898C01D20F0070065
:104790001890D0E900AB189A083218920020CDE9A1
:1047A000069803E073E17CE1F2E01CE1CDE90460EE
:1047B0000894BAEB00017BEB000001DA012000E075
:1047C0000020002102900846B1EB0A0170EB0B00BB
:1047D00002DA5046594605E000200146B0EB0A00D7
:1047E00061EB0B01CDE900012A463846DDE90C13E7
:1047F000FFF7A3FB0546C7E0FFE704F48070D0B1E4
:10480000189850F804AB18904FEADA70CDE9039885
:1048100002960594BAF1000F01DD514601E0CAF19C
:104820000001CDE900102A463846DDE90C13FFF7F8
:1048300046FB0546A8E004F0400028B1189810F89F
:10484000041B1890C8B20DE004F0800028B118983D
:1048500030F8041B189008B204E018980068189902
:10486000091D189182464FEADA70CDE90398029645
:104870000594BAF1000F02DD514602E00BE0CAF1E7
:104880000001CDE900102A463846DDE90C13FFF798
:1048900016FB054678E00E980078562818D118982F
:1048A00050F804AB1890DAF80400006809900998F1
:1048B0000090DAF800300D98421B0C9841193846E8
:1048C000FFF708FE0544002009905DE0FB3F00086B
:1048D00004F40070D0B11898C01D20F00700CDE995
:1048E0000698089418900020CDE904600290189969
:1048F00003C9189A08321892CDE900012A463846B1
:10490000DDE90C13FFF719FB05463DE004F4807068
:1049100098B10022CDE90398029605941898006892
:104920001899091DCDE9000218912A463846DDE99B
:104930000C13FFF7C4FA054626E004F0400028B146
:10494000189810F8041B1890C8B20DE004F080000D
:1049500028B1189830F8041B189088B204E0189811
:1049600000681899091D189182460020CDE900A021
:10497000CDE90398029605942A463846DDE90C13E2
:10498000FFF79DFA054600BF0E98401C0E9093E07D
:10499000012604F0020050B905E02A466D1C2020D3
:1049A000DDE90C13B8473046761C4045F5D318991D
:1049B00011F8043BD8B22A466D1C1891DDE90C139E
:1049C000B84704F0020050B105E02A466D1C2020D3
:1049D000DDE90C13B8473046761C4045F5D30E98F8
:1049E000401C0E9068E0189850F804AB18905046A0
:1049F000B9F1000F01D0494601E04FF0FF310A46FE
:104A0000014600E0491C0B781BB1131EA2F1010204
:104A1000F8D10E1A04F4806028B14E4501D2304618
:104A200000E04846064604F0020050B905E02A4678
:104A30006D1C2020DDE90C13B8473046761C40453C
:104A4000F5D306E01AF8010B2A466D1CDDE90C13BC
:104A5000B8479AF8000040B104F480600028F1D013
:104A6000B9F10000A9F10109ECD104F0020050B144
:104A700005E02A466D1C2020DDE90C13B8473046BE
:104A8000761C4045F5D30E98401C0E9014E02A4643
:104A90006D1C2520DDE90C13B8470E98401C0E90C4
:104AA0000AE02A466D1C0E990878DDE90C13B84718
:104AB0000E98401C0E9000BF00BF00BF0E980078FB
:104AC00000287FF410AD0D98854201D2284601E000
:104AD0000D98401E02460020DDE90C13B847284619
:104AE0000FB0BDE8F08F2DE9F04104460E460027D7
:104AF00074B13146204600F02DF80546B5F5004F5B
:104B000005D20C2D01D9284600E00C20074600BF35
:104B10003846BDE8F081024600BF481E084018B183
:104B200000BF00BF00BFFEE700BF481E1040101AC4
:104B3000704710B502464B1E13444C1E23EA040076
:104B400000BF4B1E0B401BB100BF00BF00BFFEE704
:104B500000BF10BD024600BF481E084018B100BF8C
:104B600000BF00BFFEE700BF481E10444B1E984325
:104B7000704700002DE9F04180460E464446012072
:104B80006086002500270DE056F8270025A1FBF7D9
:104B900093FB10B1681C85B202E0608E401C6086F9
:104BA000781C87B256F8270020B156F82700007805
:104BB0000028E9D1208EA84201D1BDE8F081A06A89
:104BC00020B1A06A1AF094FC0020A062E06A20B133
:104BD000E06A1AF08DFC0020E062E8001AF0BAFBEF
:104BE000A06200BFA06A18B900BF00BF00BFFEE707
:104BF00000BF68001AF0AEFBE06200BFE06A18B9BF
:104C000000BF00BF00BFFEE700BFA06A08B1E06AB6
:104C100000B900256900E06A1AF081FE258600BF10
:104C2000CBE700000A0000002DE9F84F81460E4650
:104C3000924699F8090000F00700022801D1304699
:104C400000E050468346564501DD304600E05046C0
:104C50000746032000EB470020F0030000F1100599
:104C60003948006839490968A0EB0108002405EBC0
:104C7000080037490968884206D2334804686068EA
:104C800020F0004060603AE031480068854221D859
:104C900013E04FF0FF300090002269462D480EF0DF
:104CA0002BFD002269462C480EF026FD26480068A0
:104CB00026490968A0EB010800BF08EB050024495C
:104CC00009688842E5D820480468606820F0004000
:104CD000606014E028461AF03DFB044600BF1CB992
:104CE00000BF00BF00BFFEE700BF14B90020BDE851
:104CF000F88F606820F0004000F1004060603246AC
:104D00005946484601F069FE2060606800F0404066
:104D1000401C6060606820F080406060A781A4F85B
:104D20000EB06068C00F20B1204600F11001A160F4
:104D300008E0054800681030A06003480068284477
:104D4000014908602046D2E7C80000201402002074
:104D5000C4000020C9F9000879370108F0B585B012
:104D600006460D463446002004900390029094F8C5
:104D70003C0000F0030020B1012838D0022866D0A2
:104D800000BF94F83C0000F003005A4909788842BB
:104D90001BD02620005D00EB001000EB400014212A
:104DA00090FBF1F0544908702720005D00EB0010E3
:104DB00000EB4000142190FBF1F05049087094F88A
:104DC0003C0000F003004B49087002A803A9CDE99C
:104DD000001005EB45014FF6FF7202EA410004ABFB
:104DE00046490A78444909780AF0C4FA5FE094F821
:104DF0003C0000F003003F49097888421AD0A08C9B
:104E000000EB400040024FF4B471B0FBF1F03C49BC
:104E100008802720005D00EB001000EB400014210B
:104E200090FBF1F03549087094F83C0000F0030065
:104E30003049087002A803A9CDE90010E9B204AB1B
:104E40002E4802782E4800880AF094FA2FE094F851
:104E50003C0000F003002749097888421AD0A08C52
:104E600000EB400040024FF4B471B0FBF1F0244974
:104E700008802620005D00EB001000EB40001421AC
:104E800090FBF1F01C49087094F83C0000F003001E
:104E90001849087002A803A9EAB204ABCDE90010D2
:104EA00015480178164800880AF064FA00BF00BF70
:104EB0009DF810009DF80C109DF80820D708BDF84B
:104EC000003067F304038F080093BDF8003067F3E8
:104ED0004A13C7080093BDF8003067F3CF2300934F
:104EE000BDF800703B460193BDF80410084605B0BC
:104EF000F0BD00007A010020780100207901002037
:104F00007601002010B50120074908700748FEF718
:104F100070FA20B90648006824F0C8F803E0044895
:104F2000006824F0CFF810BDFC01002014450020DB
:104F30000002002010B5044694F83E00C0F3400083
:104F400050B9A08F002807DDA08F4FF6FF7188426F
:104F500002D0A08F401EA087A08FA8B9606B20B19F
:104F600094F83E00C0F3400070B121461748FEF7A8
:104F7000BFFAFFF7C7FFE06810B12046E168884735
:104F800020461AF0B5FA1FE0A06B4042E062606B69
:104F9000D0B194F83E10C1F3400111B9216B4942E0
:104FA000E16294F83E104908C94394F83E2061F349
:104FB000410284F83E20E069616AE1616062A06AB2
:104FC000616BA162606300BF10BD0000144500204A
:104FD0002DE9F04180464248006823F0DDFE064698
:104FE0004048007880F001003E4908703E48FEF7D6
:104FF00000FA04466BE000203C49087094F83E003B
:10500000C0F3800037490978884253D03548017889
:105010002C34A07C61F38200A07420688719A07CE6
:105020002C3CC0F3C00010BBE06A00281FDC002F3E
:105030001DDB94F83E0000F0010060B9206950B11A
:105040002046216988470546E0692844E061606A96
:105050002844606200BFA06810B12046A16888475C
:1050600094F83E0020F00800083084F83E00E06A22
:105070003044E062E06A00281BDBD4E90A10884271
:1050800001DDA06AE0622046A16988470546206AE2
:10509000A84206D02562606818B12946D4E900020A
:1050A0009047D4E90A10884202DB2046FFF742FF0E
:1050B00000BF00BF0D48007820B10B48FEF799F9FA
:1050C000044604E021460848FEF7ABF90446002CEC
:1050D00091D123F06EFE02490860BDE8F081000026
:1050E000F8010020FD01002014450020FC010020F3
:1050F000F7B582B004460E4614B9049805B0F0BD69
:1051000000BF6322314620461DF0C8FE0190019D7C
:1051100000BFBDB12868A8B100BF64223146204657
:105120001DF0BCFE01900198C0B207464FB13A464F
:105130002B682846049998470190BDF80400ADF803
:10514000100000BF0498D9E770B504460D466068AA
:1051500018B129466068FFF7F7FF206818B12946A3
:1051600020462268904770BD70B505460C46A1B236
:1051700028460FF0D5FB70BD70B505460C46A1B2B0
:1051800028460FF01EFC70BD70B504460D4600BFEA
:10519000204600F03BF818B100BF00BF00BFFEE79B
:1051A00000BF284600F050F9001D616808446060A7
:1051B000204600F03AF8204670BD70B505460C4612
:1051C000284600F041F904F11001884201D3012082
:1051D00070BD0020FCE70146A1F1080070477CB5D6
:1051E00005460C46204600F02FF906466A4601A9FE
:1051F00024F0D8FF21462846DDE900320DF0FEFDFF
:105200007CBD0146087900F00100704710B50446E6
:10521000204600F019F908B9012010BD0020FCE774
:105220000146087900F00200704770B50446204638
:1052300000F097F805462C60284670BD7CB5064600
:105240000C4600200190009000256CB16A4601A92F
:10525000204624F0C4FF0198092805DA6A4601A90E
:10526000304626F0CDFD054685B100BF284600F04A
:10527000EBF8A04203D200BF00BF00BFFEE700BFB3
:1052800029463046DDE9003226F022FA28467CBD68
:1052900070B504462046FFF7C8FF0546284600F0D3
:1052A000BEF8204600F0B6F870BD70B50446204642
:1052B00000F057F80546284600F0B6F8204600F002
:1052C000BEF870BD70B506460D46284600F049F898
:1052D000044600BF1CB900BF00BF00BFFEE700BF0F
:1052E0002046FFF78EFF90B100BF2846FFF78EFFE4
:1052F00018B100BF00BF00BFFEE700BF2146304627
:1053000000F076F821462846FFF73EFF054628467E
:1053100070BD70B506460D462846FFF781FFF0B117
:10532000284600F057F8044600BF1CB900BF00BF74
:1053300000BFFEE700BF00BF2046FFF762FF18B9BD
:1053400000BF00BF00BFFEE700BF2146304600F0AF
:105350004FF829462046FFF717FF054600BF2846AD
:1053600070BD2DE9F0410446204600F06DF8061F9F
:10537000204600F0B8F80746314625F0ABF905465F
:1053800000BF2046FFF742FF18B100BF00BF00BFBB
:10539000FEE700BF2846BDE8F0812DE9F041064652
:1053A0000C461546002794B100BF1DB900BF00BFD1
:1053B00000BFFEE700BF2A462146304600F097F8BE
:1053C0002046FFF772FF204600F08DF8074638466A
:1053D000BDE8F08110B5044600BF2046FFF720FF6E
:1053E00018B900BF00BF00BFFEE700BF206810BDB6
:1053F0007CB505460C46204600F026F806466A466F
:1054000001A924F0CFFE21462846DDE9003226F02E
:105410005FF97CBD416841F001014160704741681E
:1054200041F0020141607047416821F00201416092
:105430007047426802F003030B43436070474168C2
:1054400021F00101416070470146486820F00300E7
:1054500070472DE9F04706460C46304600F043F809
:105460008046211F25F036F907463046FFF7ECFF4E
:10547000211D451A00BF384600F035F881463846F0
:1054800000F031F880460421FFF753FB814503D03B
:1054900000BF00BF00BFFEE700BF00BF3046FFF700
:1054A000D3FF2919091D884203D000BF00BF00BFE8
:1054B000FEE700BF29463846FFF7BBFF00BF38466E
:1054C000FFF7C2FF0C2803D200BF00BF00BFFEE7FA
:1054D00000BF21463046FFF7ACFF3846FFF7D8FE45
:1054E0003846BDE8F087014601F1080070472DE914
:1054F000F04106460C46154600BF2046FFF781FEE8
:1055000018B900BF00BF00BFFEE700BF2946204614
:10551000FFF753FE78B129462046FFF79AFF07466A
:105520002046FFF782FE3846FFF779FF39463046BE
:10553000FFF755FE00BFBDE8F0812DE9F0410646BA
:105540000C46154600BF2046FFF75BFE18B100BFB2
:1055500000BF00BFFEE700BF29462046FFF72DFE33
:1055600088B129462046FFF774FF07463846FFF703
:105570005BFF39463046FFF7A5FE07463946304601
:10558000FFF72DFE00BFBDE8F0812DE9F843064688
:10559000344617F0A1FF8046404617F0E2FF78BB83
:1055A000304615F0F2FB38B3304615F06AFA208F1A
:1055B000E18E884212D0E08E2087E08E00906A460D
:1055C0001C21304615F0CEFE0746012F02D038468A
:1055D000BDE8F88330461EF082FA00BF404617F05F
:1055E000D0FF0546042D06D130461CF0D9F80746F9
:1055F000002116F062FD09E0304615F029FC05E0B7
:10560000FFE7208FE08630461EF069FA0120DFE7D1
:105610002DE9F0410446204615F09EFE0546284639
:105620001CF018F90646284610F028FA0746012211
:105630003946304622F068FDBDE8F0810146C1F3ED
:10564000C01070470146C1F3801070470146C1F396
:10565000C01070470146C1F3002070470146C1F3F6
:10566000C00070470146C1F3401070470146C1F3C6
:10567000402070470146C1F3003070470146C1F336
:10568000001070472DE9F04F89B004460D46002107
:1056900020461BF07AFF30B91C2128461AF03FF94A
:1056A00009B0BDE8F08F2946204600F00BFB2946E3
:1056B000204600F07DF8002120461DF08CF908906E
:1056C000002120461DF00DFB0790002120461CF014
:1056D00042FF012800D100E0002081460021204641
:1056E0001DF0B5FD0746002120461DF022F80646B4
:1056F00042F2D170874205D1608CC0F3802008B996
:10570000012000E00020824620461BF0DEFF0690CC
:1057100000BF4FF0000824480288414620461DF093
:10572000BDFB03900398C0B200BF8346AA682969F5
:105730002868CDE90209CDE900125A465146089B76
:1057400006980CF00FF9288342F2D170864205D1F9
:10575000608CC0F3402008B9012000E000200590D3
:1057600020461BF093FF049000BF4FF000080F4845
:105770000288414620461DF091FB03900398C0B279
:1057800000BF83460023EA6869686869CDE90213AF
:10579000CDE900025A46079BDDE904010CF0E2F86E
:1057A000688300BF7CE70000DE000020E2000020EC
:1057B0002DE9F34F87B00C4607980BF0F1F88046BF
:1057C00007981BF082FF0690404601F081F92061A6
:1057D0002169480019F0F8FD20602169480019F09E
:1057E000F3FDA060002548E05848029038F9150004
:1057F00041F69A7188423FD10020019029E0019939
:1058000007981BF0C2FE0090514900981DF0D5FD8D
:1058100000B11BE000980BF0E1F88246BAF1010FED
:1058200000D013E000980BF0C9F88346AB4500D0D8
:105830000CE000981DF059FD0299884201DA0298A7
:1058400002E000981DF051FD029000BF0198401C3D
:10585000019007981BF0B7FE01998842CFD80298B3
:10586000002804DB0298A16821F8150003E000215C
:10587000A06820F8151000BF6D1C2069A842B3D89D
:105880000026B14600251BE038F9150041F69B7152
:10589000884202DB411A0E4411E041F69A718842B7
:1058A00006D1A16831F8151049440FFA81F906E0D4
:1058B000A16821F8150009EB00010FFA81F96D1CB0
:1058C0002069A842E0D8002107981DF084F80590CF
:1058D0002169491EDDE9050200FB112000B2069096
:1058E0000698A0EB090007B2002F00DA00274FF05E
:1058F000FF30049000200390002513E038F91500D4
:1059000041F69B7188420CDB421A11B207FB01F28F
:10591000B2FBF6F212B2A36823F8152004950391A6
:1059200000BF6D1C2069A842E8D8049800280ADB53
:105930000398301A7843B0FBF6F0381A01B2A26827
:10594000049822F8101009B0BDE8F08F01E0FFFFC5
:10595000010006002DE9FC5F05460022114628469D
:105960001FF082F9002128461CF069FE81460021C3
:1059700028461DF0EAF9484407B2002128461CF0E9
:105980009BFF48440FFA80FA28461CF057FD384424
:1059900050440FFA80FB3B4E28461BF014FE01904A
:1059A0004FF000085CE0A868006850F828403649CD
:1059B00020461DF002FD00B150E020461EF00CF91B
:1059C000002839D1002120461CF06AFD0090009883
:1059D00030B1012807D0022804D0032815D100E0F7
:1059E00000BF00BF00BFB4F91A10B5F91600081ABD
:1059F000401CB04201DA304605E0B4F91A10B5F99E
:105A00001600081A401C06B214E0002120461DF0C2
:105A10005FFC70B904F114000FF0ADF83844B042E7
:105A200001DA304604E004F114000FF0A4F8384421
:105A300006B200BF00BF10E0B4F91A10B5F91600A5
:105A4000081A401CB04201DA304605E0B4F91A10D9
:105A5000B5F91600081A401C06B200BF08F101088B
:105A6000019880459FD30748864209D006EB0A007B
:105A700006B25E4502DD3046BDE8FC9F5846FBE7B6
:105A80005846F9E701E0FFFF010004002DE9FC5F43
:105A900005460022114628461FF0CAF80021284674
:105AA0001CF0CDFD8246002128461DF08BF85044A5
:105AB0000FFA80F8002128461CF0DBFF50440FFA53
:105AC00080F928461CF0CAFC4844404400B20190CA
:105AD000724C28461BF077FD8346002128461CF0B7
:105AE00020FD012866D100265BE0A868006850F818
:105AF00026706B4938461DF060FC00B150E0384616
:105B00001EF06AF8002839D1002138461CF0C8FC84
:105B10000090009830B1032805D0062804D008284A
:105B200015D102E000BF00BF00BFB5F91800B7F9FA
:105B30001410401A401CA04201DA204605E0B5F9D5
:105B40001800B7F91410401A401C04B214E00021E8
:105B500038461DF0B0FB70B907F114000FF07EF865
:105B60004044A04201DA204604E007F114000FF09F
:105B700075F8404404B200BF00BF10E0B5F918004A
:105B8000B7F91410401A401CA04201DA204605E083
:105B9000B5F91800B7F91410401A401C04B200BF40
:105BA000761C5E45A1D33D48844269D004EB0900D0
:105BB00004B265E000265BE0A868006850F8267033
:105BC000374938461DF0F9FB00B150E038461EF069
:105BD00003F880BB002138461CF062FC009000985E
:105BE00030B1012805D0042804D0072815D102E0DF
:105BF00000BF00BF00BFB7F91800B5F91410401A74
:105C0000401CA04201DA204605E0B7F91800B5F9BA
:105C10001410401A401C04B215E0002138461DF053
:105C200057FB78B907F114000FF018F84844A04268
:105C300002DA204605E008E007F114000FF00EF844
:105C4000484404B200BF00BF10E0B7F91800B5F92E
:105C50001410401A401CA04201DA204605E0B7F9B2
:105C60001800B5F91410401A401C04B200BF761C8D
:105C70005E45A1D30948844202D004EB080004B277
:105C80000648844202D10198BDE8FC9F01988442F5
:105C900001DD2046F8E70198F6E7000001E0FFFF8C
:105CA0000100040010B50446206819F009FC606882
:105CB00019F006FCA06819F003FCE06819F000FC7C
:105CC00010BD00002DE9F34F87B00C4607980BF08C
:105CD00057FC8046404600F0FBFE60616169480069
:105CE00019F072FB60606169480019F06DFBE060BB
:105CF000002548E05948029038F9150041F69A719C
:105D000088423FD10020019029E0019907981BF0BB
:105D10003CFC0090524900981DF04FFB00B11BE085
:105D200000980BF0F5FC8246BAF1010F00D013E0A9
:105D300000980BF0DDFC8346AB4500D00CE00098EA
:105D40001BF038FD0299884201DA029802E00098BF
:105D50001BF030FD029000BF0198401C0190079895
:105D60001BF031FC01998842CFD80298002804DB4F
:105D70000298E16821F8150003E00020E16821F8AD
:105D8000150000BF6D1C6069A842B3D80026B1465B
:105D900000251BE038F9150041F69B71884202DBB3
:105DA000411A0E4411E041F69A71884206D1E16829
:105DB00031F8151049440FFA81F906E0E16821F83D
:105DC000150009EB00010FFA81F96D1C6069A8420A
:105DD000E0D8002107981CF084FF069007981BF07C
:105DE00055FC01466269521E069800FB121000B273
:105DF00005900598A0EB090007B2002F00DA0027F4
:105E00004FF0FF30049000200390002511E038F996
:105E1000150041F69B7188420ADB421A11B207FB5A
:105E200001F2B2FBF6F212B2E36823F8152000BFCC
:105E30006D1C6069A842EAD8049800280ADB039820
:105E4000301A7843B0FBF6F0381A01B2E2680498D1
:105E500022F8101009B0BDE8F08F000001E0FFFF4C
:105E6000010006007CB504460D46164628882189A7
:105E7000084400B2ADF8000068886189084400B2A7
:105E8000ADF80200A8882189084400B2ADF80400EA
:105E9000E8886189084400B2ADF8060032466946D8
:105EA0002046636998477CBDF8B505460E462C46EA
:105EB000206B10B1206B007818B9606B08B9012015
:105EC000F8BD606B58B1284622F013FD0746104913
:105ED00009688847616B884201D30020F0E7206B96
:105EE00098B1002000900AE069460A4A206B1268C7
:105EF00090470746B74201D10120E1E700BF206B80
:105F00000099405C0028EFD1DAE70120D8E70000D3
:105F100054020020440200202DE9FF4F8FB00F46AD
:105F2000209DF87800F0010008B1FA4800E0FA4836
:105F30000E90F87800F0010008B1F84800E0F84849
:105F40000D90F87800F0010008B9F44800E0F4483A
:105F50000C9001200B90B5E000220B9200206A8883
:105F6000B5F804C0A2EB0C0211B200261AE006EB51
:105F7000860CEA6802EB8C02127C02F0010242B944
:105F800006EB860CEA6802EB8C029289024410B29E
:105F900007E006EB860CEA6802EB8C0212898A1A8B
:105FA00011B2761C2A69B242E1D8002685E006EBE0
:105FB000860CEA6802EB8C02127C02F00102002AD5
:105FC0007AD191FBF0F80FFA88F306EB8609D5F841
:105FD0000C8008EB8908B8F80C8008FB03F80FFA6E
:105FE00088F206EB8609D5F80C8008EB8908B8F929
:105FF000049006EB860AD5F80C8008EB8A08B8F9FD
:106000000680904501DD904607E006EB860AD5F84C
:106010000C8008EB8A08B8F90680C14508DD06EB5C
:106020008609D5F80C8008EB8908B8F9048013E0DC
:1060300006EB8609D5F80C8008EB8908B8F90680CC
:10604000904501DD904607E006EB8609D5F80C8007
:1060500008EB8908B8F90680C44694450BD04FF088
:10606000010806EB860AD5F80C9009EB8A09C9F8F5
:106070001080CDF82C8006EB8609D5F80C8008EB53
:106080008908A8F808C006EB8609D5F80C8008EB4B
:106090008908B8F80C80A0EB08080FFA88F006EB26
:1060A0008609D5F80C8008EB8908B8F80880A1EBC0
:1060B00008080FFA88F100BF761C2A69B2423FF641
:1060C00076AF00BF0B9800287FF446AF00210F98F1
:1060D0001CF04EFA012800D100E000200A900020B8
:1060E0000990089008A809A9CDE9001029890BB2E8
:1060F000B5F9022038781E9924F0FEFAF87800F0FD
:10610000010048B10A9838B10F981BF0DEFABDF8CB
:106110002410084400B2099011990F981BF035FA29
:1061200004468AE17F4920461DF047F940B1F878DE
:10613000C0F3800111AA0F980BF05DF804467CE1D2
:10614000002120461CF0D8FA07900798002858D064
:1061500000200390002610E006EB8601E86850F866
:106160002100A04208D106EB8600E96801EB80001F
:10617000B0F90800039003E0761C2869B042EBD820
:1061800000BFF87800F0010030B1608C20F480602E
:1061900000F58060608405E0608C20F4007000F5FC
:1061A0000070608404F114000D99884703998842B7
:1061B00026D020461DF093FC00BFA08AADF8040055
:1061C000E08AADF80600208BADF80800608BADF8D2
:1061D0000A0000BF04F114000E9A0399904701AA27
:1061E0002921204615F0BEF820461BF033FB22463D
:1061F0002221009015F0B6F820461DF070FC00BF7B
:1062000007E0608C20F480606084608C20F4007073
:106210006084002006907878012812D0022819D1D5
:1062200004F114000C998847B5F90010491C21F0BD
:106230000101081A039000EBD070401000B20690E4
:1062400009E004F114000C9988472988081A00B263
:10625000069000E000BF00BFF87800F0010050B1E8
:106260000A9840B104F114000D998847BDF8241034
:10627000081A00B209900020039043F20C02204655
:1062800003991CF00BFE029002980FFA80F800BFF1
:106290000020039043F20D02204603991CF0FEFDFE
:1062A000029002980FFA80F900BF20461DF01DF8F9
:1062B000059020461BF07EFA049008F4C040B0F52B
:1062C000005F01D1012000E0002030B128F4C0407F
:1062D000B0F5FA6F01DC012000E0002090B128F455
:1062E000C040B0F57A7F04DD28F4C040C0F57A7074
:1062F00001E028F4C04005994843642190FBF1F087
:106300000FFA80F809F4C040B0F5005F0CD101200D
:106310000BE000009B4D01088F4D0108DB4C01088C
:10632000CB4B010801000600002030B129F4C04029
:10633000B0F5FA6F01DC012000E0002090B129F4F3
:10634000C040B0F57A7F04DD29F4C040C0F57A7012
:1063500001E029F4C04004994843642190FBF1F026
:106360000FFA80F9A18A1C98401A40440FFA80FA6B
:10637000E18A1D98401A48440FFA80FBF87800F033
:10638000010010B1BDF9240000E0069850440FFA56
:1063900080FAF87800F0010008B1069801E0BDF934
:1063A000240058440FFA80FBBAF1000F02D1BBF170
:1063B000000F1BD020461DF092FBA08A504400B273
:1063C000A082208B504401B22183E08A584401B25C
:1063D000E182608B584401B2618320461DF07FFB4F
:1063E00001235A46514620461DF056FCF87800F02D
:1063F000010008B10A9870B904F114000D9988479A
:106400001F990844BDF820100844BDF82410084422
:1064100000B2099008E0BDF820101F980844BDF8AC
:106420002410081A00B20990F878C0F3800111AA6C
:106430000F980AF0E0FE044600BF24B1DDE9111018
:1064400081427FF46FAE13B0BDE8F08F2DE9F04FBD
:106450008DB005468946B9F1000F02D10DB0BDE8F7
:10646000F08FA5F81890286810B1286819F040F846
:1064700009EB4901062202EB410018F06BFF28608E
:1064800000BF286818B900BF00BF00BFFEE700BF0B
:10649000286868600221286801FB0900801CE86008
:1064A0000421286801FB0900001DA860B9F1010F53
:1064B0000CD1B420696808700020E96808800120C8
:1064C000E96848800020A9680880C7E709F1010150
:1064D000C80018F079FF074609F1010007EB8008B2
:1064E0004FF0000A4FEA890002B20BA90CA800F095
:1064F00067F90024BDF93000801007900020039058
:10650000CCE0002616E00BA90CA800F061F90CA85D
:1065100000F04BF900B90FE0BDF93000801007A979
:1065200041F82600BDF8300000F0030003A941F84F
:106530002600761C042EE6DB00BF042E00D0B3E05C
:106540000A990798884219D1079800B227F81400D1
:106550000FFA8AF028F81400DDE9030108440599D0
:10656000084406990844696808556868005D000792
:10657000000E69680855601C04B28DE0DDE9070172
:1065800088422CD0079800B227F814000FFA8AF03E
:1065900028F814000398696808556868005D0007CA
:1065A000000E69680855601C04B20798401E00B2CE
:1065B00027F814000FFA8AF028F814000498001D38
:1065C0000599084406990844696808556868005D9B
:1065D0000007000E69680855601C04B25CE0099968
:1065E000079888422CD0079800B227F814000FFAB9
:1065F0008AF028F81400DDE90301084469680855A9
:106600006868005D0007000E69680855601C04B2E8
:106610000798401E00B227F814000FFA8AF028F8F5
:106620001400059808300699084469680855686898
:10663000005D0007000E69680855601C04B22BE07D
:10664000079800B227F814000FFA8AF028F814000F
:10665000DDE903010844059908446968085568683C
:10666000005D0007000E69680855601C04B20798B9
:10667000401E00B227F814000FFA8AF028F8140020
:1066800006980C30696808556868005D0007000EC0
:1066900069680855601C04B20AF1010A0CA800F0F0
:1066A00084F800287FF42DAF00BF40F2D32109FB0E
:1066B00001F00290029880120190601E37F91010CC
:1066C0000198814205D1601E38F91010019881426D
:1066D00026D0DDE90121A1EB8220B0F5007F04DCAA
:1066E00000FB00F14800001407E0C0F5806000FBEB
:1066F00000F148000014C0F10F00019909B227F819
:106700001410019909B228F814106A6810556968C4
:10671000095D0907090E6A681155611C0CB200BFBA
:10672000A61E0EE038F8160027F8140037F81600F9
:1067300028F814006868805D69680855761E601C3A
:1067400004B2002EEEDA4FF0000B00260020E968BC
:10675000088023E0E96821F81B6037F81600A96873
:1067600021F81B0010E0A86830F81B0037F916105C
:10677000884203DAA86830F81B0001E037F91600F8
:10678000A96821F81B00761C38F91600584501D17C
:10679000A642E8DB0BF101000FFA80FBA642D9DB31
:1067A000384618F08DFE00BF58E60146B1F90200E8
:1067B000B1F90020904201DC012070470020FCE785
:1067C000028000234380C2F101031BB20B8070479B
:1067D000B1F90020002A07DC0B8842885200D21C45
:1067E0001A4412B20A800CE042880388D21A52007E
:1067F000521D0B881A4412B20A800288521E12B22D
:1068000002804288521C12B24280704737B582B073
:106810001546022D04DCBDF80C10084605B030BD4D
:10682000BDF80C00C00ABDF8081000EBD1241F2CE5
:1068300001D2204600E01F20BDF8081060F3CF21F0
:106840000291BDF80C00C0F34510BDF80810C1F36B
:10685000451144183F2C01D2204600E03F20BDF8EE
:10686000081060F34A110291BDF80C0000F01F00FF
:10687000BDF8081001F01F0144181F2C01D220465A
:1068800000E01F20BDF8081060F304010291FF2D05
:1068900003D1BDF808100846C0E72A46DDE9020129
:1068A00010F02CFB0190BDF804100846B6E717B5B0
:1068B00081B01446022C04DCBDF80810084604B070
:1068C00010BDBDF80400C00ABDF80810C90A48434D
:1068D0004109BDF8040061F3CF200190BDF8040028
:1068E00000F01F00BDF8081001F01F0148434109E6
:1068F000BDF8040061F304000190BDF80400C0F38A
:106900004510BDF80810C1F3451148438109BDF891
:10691000040061F34A100190FF2C03D1BDF804106C
:106920000846CCE72246DDE9010110F0E7FA0090C5
:10693000BDF800100846C2E737B582B01546022DF3
:1069400004DCBDF80C10084605B030BDBDF80C00E5
:10695000C00ABDF80810A0EBD124002C01DD2046B0
:1069600000E00020BDF8081060F3CF210291BDF8CF
:106970000C00C0F34510BDF80810C1F34511441ACE
:10698000002C01DD204600E00020BDF8081060F377
:106990004A110291BDF80C0000F01F00BDF808106C
:1069A00001F01F01441A002C01DD204600E0002008
:1069B000BDF8081060F304010291FF2D03D1BDF86A
:1069C00008100846C0E72A46DDE9020110F096FAF1
:1069D0000190BDF804100846B6E708B503460093D9
:1069E0000098484080EA620008BD2DE9F84F8046D3
:1069F000404614F0B1FC8246404614F04CFC06467A
:106A000050461AF027FF81462B2E09D1484621F027
:106A10006EFB044600222146484621F075FB3AE011
:106A20000A2E38D1694650461AF096FF50461AF0A1
:106A30004CFE0446002148461BF0A7FD01280AD160
:106A4000204604EBD071BDF90020C2EB610191FB3F
:106A5000F4F10DB209E0204604EBD071BDF900203D
:106A600002EB610191FBF4F10DB2002D00DA00257B
:106A70000027484621F03BFBA84200D00127012215
:106A80002946484621F040FB27B100221C214846F8
:106A900014F068FC00BFBDE8F88F10B58060C060DE
:106AA00000230361002110E0002400F1140343F8E7
:106AB0002140002206E000F1380303EBC11343F844
:106AC0002200521C202AF6DB491C0929ECDB10BDF0
:106AD0000146002000E0401C31F9102041F6FF7310
:106AE0009A42F8D170477CB506460D463446502090
:106AF000005D00F00100A84233D00DB1012000E09C
:106B000000205021095D60F300015020015504F17F
:106B1000440168460EF01FF8BDF80000616A898ADA
:106B2000084400B2ADF80000BDF80210606AC08AE7
:106B3000084400B2ADF80200BDF80400616A898A19
:106B4000084400B2ADF80400BDF80610606AC08ABF
:106B5000084400B2ADF80600694630461CF0F9FF63
:106B600000BF7CBD37B582B0054614462146039868
:106B700010F016F80190BDF80410084605B030BDBD
:106B80002DE9FF4F8DB005460E461446F07A0228D7
:106B900003DC012011B0BDE8F08F30893269014675
:106BA0000C901098FCF74EF907460FB90020F1E75A
:106BB000397D01F01F0015F05CFC10B14FF00608A4
:106BC0000AE0397D01F01F0015F036FC10B14FF0DE
:106BD000050801E04FF00408386A38B100BF00BF73
:106BE000214628463A6A25F00CFBDEE0B869002809
:106BF00059D021460BA80DF06FFF308818B9708866
:106C0000B0F5807F32D020460EF036F8834600BFC4
:106C1000E0886188401A401C00B20890301D7188DD
:106C2000CDE90010308803B259460BA8089AFBF74B
:106C300033FCBDF82C002188084400B2ADF82C00CC
:106C4000BDF82E006188084400B2ADF82E00BDF8F2
:106C500030002188084400B2ADF83000BDF83200A1
:106C60006188084400B2ADF8320000BF0BAA09A841
:106C7000A968FBF767F88146B9F1000F04D13846DF
:106C800001F0EBFB012085E7D5F808A009A8A86072
:106C9000CDF80080224631462846BB6911F0CEF976
:106CA000C5F808A081E022460BA8A968FBF74AF8BE
:106CB0000A900A9820B9384601F0CFFB012069E715
:106CC0000BA80DF0D9FF09900BA80DF0D5FF00EB34
:106CD0004000039018F078FB8146D5F808A00BA976
:106CE00007A80DF0F9FE012107A80EF050F8BDF934
:106CF0002C00B4F90010401A0690BDF92E00B4F92A
:106D00000210A0EB010BBDF92E00059042E007AA8E
:106D1000514602A8FBF716F80A900A9800B936E027
:106D2000CDF80090099803B20FFA8BF2069801B2E1
:106D3000384616F0CBF80490049801280ED0384657
:106D400015F0E4FF00BF00BF484618F0B9FB384615
:106D500001F083FBC5F808A000201BE702A8A8608B
:106D60004B4607AA31462846CDF8008011F066F957
:106D7000BDF81E00401C00B2ADF81E00BDF8220098
:106D8000401C00B2ADF822000BF1010B00BF0598CA
:106D9000401C0590BDF9321005988142B7DAC5F85C
:106DA00008A0484618F08CFB00BF384601F055FBA0
:106DB0000120EFE600BF00BF7047F8B506460C465D
:106DC00015460095E788BBB2A788BAB26788B9B202
:106DD0002788B8B2F9F74EFD304610F0EFFDF8BD48
:106DE00010B5F9F7ADFE10BDF8B505462C4616F006
:106DF00073FB0646206B21F0CFFF3168898B8842F8
:106E00002CD2606A009094F83C0000F0030020B19E
:106E1000012806D002280CD107E00020ADF80000C0
:106E200007E064208DF8020003E064208DF8030081
:106E300000BF00BF304616F013FD2846009910F041
:106E40005EFC50B100221C21284614F08BFA074644
:106E5000012F01D03846F8BD00BF00BF21F0A9FFC7
:106E600020630120F7E700002DE9F04F9BB00746B3
:106E700089461646BA4617A810F05DFE4FF4A021C9
:106E800038461BF025FB9DF8691060F382018DF8F0
:106E9000691030460DF028FF054600EBD5704FEA2B
:106EA00060083088404400B2ADF858007088404413
:106EB00000B2ADF85A00002138461BF0BCFC15901A
:106EC000494603A81AF016F917A80B904FF40030A2
:106ED000109033480490002005900AF13000FCF730
:106EE000ADFA044657E02079032800D04DE0208B0E
:106EF000ADF85C00208A00B2ADF85E006079FD2834
:106F000001DD159803E060791599484300128DF86A
:106F100068002568B5F92000E98B08440090B5F9B0
:106F20002030D5E90512A06818F000FA8346B5F9BB
:106F30002000E98B08440090B5F92030D5E905120E
:106F4000E06818F0F3F90290608B404400B2ADF8AD
:106F50004800149416A80C9003AA1A21384614F07D
:106F600001FA029880B21FFA8BF1CDE90010BDF84A
:106F7000480083B216AA17A9484610F0BEFD03AA1E
:106F80001B21384614F0EEF900BF21460AF130000B
:106F9000FCF74EFA0446002CA5D11BB0BDE8F08FDB
:106FA000740A030870B504460D460022294620469F
:106FB00007F07EFE01222946204607F079FE0222D4
:106FC0002946204607F092FC04222946204607F075
:106FD0008DFC70BD2DE9F74F9EB00C46E07802287D
:106FE00002DC21B0BDE8F08F1CA820990DF086FDD1
:106FF000B4F9200001282EDD94F82200FD282ADBB8
:10700000208840B3BDF8700014F8231F4908C1F36D
:107010008001084400B2ADF87000BDF8720021781C
:107020004908C1F34001084400B2ADF87200BDF850
:10703000740021784908C1F3C001401A00B2ADF8CC
:107040007400BDF8760014F82319C1F34001401A0A
:1070500000B2ADF876001E981CA982681AA8FAF74B
:1070600071FE00B9BDE7E07B00F0070616B9A08805
:10707000199001E0E0881990BDF8641060898142A0
:1070800000D100261CA811F03FFF18901C2111A868
:10709000F9F700F9A0788DF85D00BDF86400ADF84F
:1070A0004C00189860B9208850B94EB91CA81190AE
:1070B000E0788DF85C0011A91E9812F0D5FD90E7DC
:1070C000E078FD2801DBFF2000E0E07810901CA8AC
:1070D0000DF0FCFD0F901CA80DF070FD0E90DDE989
:1070E0000E01814201DA0F9800E00E980D90B4F97C
:1070F00000100D98B1EB600F02DAB4F9000001E066
:107100000D98401007461AA80DF0E0FD81464FF09B
:10711000FF300C9000200B90002F01DC189870B10C
:10712000484618F051F90B9000233AB21CA905A863
:1071300012F062FA002105A811F0E0FB0C90BDF8F6
:107140006800ADF80C00BDF86C00ADF810000B98AD
:10715000149003A811901690FF208DF85C00A01DDC
:10716000DDE90E2114F058FD8046B8F1000F0CD077
:10717000022E0AD1BDF96810D8F8080000EB4100D2
:10718000BDF97010A0EB410012901898A0B3BDF9A2
:107190006A502CE028B2ADF80E0028B2ADF812000B
:1071A0004A4610990B9818F080FBBDF968100FFA49
:1071B00089F32AB20B9811F057FE8DF854009DF810
:1071C0005400012802D102208DF85400012E09D16B
:1071D000BDF97210691AD8F8080000EB4100008868
:1071E000ADF84C0011A91E9812F03EFD6D1CBDF9C2
:1071F0006E00A842CEDACCE0FFE700255CE0BDF8E7
:10720000720028440FFA80FABDF87600401B0FFA8E
:1072100080FBBDF96A00504504DDBDF96E0058459C
:1072200000DA48E04A4610990B9818F03EFBBDF989
:107230000C100FFA89F352460B9811F015FE8DF8D9
:1072400054009DF85400012802D102208DF854000A
:10725000BDF96A00504514DCADF80EA0ADF812A0DF
:10726000012E0AD1BDF97210AAEB0101D8F808006D
:1072700000EB41000088ADF84C0011A91E9812F0F7
:10728000F3FCBDF96E00584514DBADF80EB0ADF857
:1072900012B0012E0AD1BDF97210ABEB0101D8F882
:1072A000080000EB41000088ADF84C0011A91E98C1
:1072B00012F0DAFC00BF6D1CBD42A0DBBDF870000F
:1072C000ADF80400BDF87400ADF80800BDF8720018
:1072D000384400B2ADF80600BDF87600C01B00B21D
:1072E000ADF80A0001A811F00FFE00900098B0B9A7
:1072F000AEB9BDF87200384400B2ADF80E00BDF86A
:107300007600C01B00B2ADF8120010988DF85C003A
:107310000020149011A91E9812F0A6FC38E01098D5
:107320008DF85C0001208DF85400BDF97600A0EBCB
:10733000070ABDF97200C51927E0009870B14A46E6
:1073400010990B9818F0B1FABDF968100FFA89F38B
:107350002AB20B9811F088FD8DF8540028B2ADF8D0
:107360000E0028B2ADF81200012E09D1BDF972103D
:10737000691AD8F8080000EB41000088ADF84C000D
:1073800011A91E9812F070FC6D1C5545D5DD00BF8B
:1073900000BF0B9810B10B9818F092F80C98401C95
:1073A00028B10C9812F010FA05A811F089FDB8F177
:1073B000000F02D0404614F026FC00BF11E62DE974
:1073C000F0478EB007460C461546206910B90EB03E
:1073D000BDE8F087A07E022800DCF8E7206916F0FF
:1073E00019F80646022E55D1002041F6FF71CDE96D
:1073F0000001029003460DA8D4E9041222F0CAF855
:1074000028460DF063FC814600EBD970298801EB1A
:107410006000BDF9348008EBD871A0EB610000B2C8
:10742000ADF82C00BDF82C00BDF834100844401E07
:1074300000B2ADF8300028460DF0C0FB814600EBED
:10744000D970698801EB6000BDF9368008EBD8710E
:10745000A0EB610000B2ADF82E00BDF82E00BDF823
:1074600036100844401E00B2ADF8320003A811F0F7
:10747000CDF960690390208BADF81800A07E8DF8DF
:107480002600002000900BAA03A93846236910F0BB
:1074900009FEAEE00DA9206915F064FC8046B8F144
:1074A000010F02D000BF00BF91E707A810F0DDFD7B
:1074B000A0788DF82800208BADF82400E07E8DF8B0
:1074C0002600A07E8DF82700207FE8BB28460DF01F
:1074D000FDFB824600EBDA70298801EB60000D9914
:1074E000C1F38A2909EBD971A0EB610000B2ADF8B4
:1074F000140028460DF062FB824600EBDA706988C2
:1075000001EB60000D994FEA515909EBD971A0EBDD
:10751000610000B2ADF81600BDF814000D99C1F37A
:107520008A210844401E00B2ADF81800BDF81600CC
:107530000D9900EB5150401E00B2ADF81A0005AA9B
:1075400007A93846236900E002E010F03FFD4FE054
:107550006888ADF81600BDF816000D9900EB515083
:10756000401E00B2ADF81A003BE02888ADF81400C8
:10757000BDF814000D99C1F38A210844401E00B2E1
:10758000ADF8180017E005AA07A93846236910F0DE
:107590001DFDBDF814000D99C1F38A21084400B205
:1075A000ADF81400BDF818000D99C1F38A21084404
:1075B00000B2ADF81800BDF91400B5F90410884206
:1075C000E1DDBDF816000D9900EB515000B2ADF8A9
:1075D0001600BDF81A000D9900EB515000B2ADF83D
:1075E0001A00BDF91600B5F906108842BDDD00BFCE
:1075F00000BF00BFEBE62DE9F04F87B083460C4695
:10760000164694F82200022802DC07B0BDE8F08F8D
:10761000208C00B9F9E794F82300C0F3440000B9C6
:10762000F3E794F8230000F0010000B1EDE73046E5
:107630000DF04CFB814630460DF0C0FA0746B4F918
:107640000050B94501DA484600E038468246B5EBBD
:107650006A0F01DD4FEA6A05314605A80DF04EFAC2
:10766000BDF9141094F82300400800F0040010B194
:10767000B4F9200003E0B4F9200028444042084453
:1076800000B2ADF81400BDF9181094F823004008BA
:1076900000F0080010B1B4F9200003E0B4F92000B4
:1076A00028444042081A00B2ADF81800BDF916107F
:1076B00094F82300400800F0020010B1B4F9200053
:1076C00003E0B4F9200028444042084400B2ADF879
:1076D0001600BDF91A1094F82300C0F3400010B151
:1076E000B4F9200003E0B4F9200028444042081A0D
:1076F00000B2ADF81A00208C281A0FFA80F8B8F101
:10770000000F01DA4FF00008A07894F82210CDE9BC
:107710000210E08BADF804002BB205AA31465846A2
:10772000CDF8008000F002F800BF6EE72DE9FF4FB2
:10773000A3B00D4616461F463298FF2801DBFF20F6
:1077400000E032983290284611F0DEFB2290229819
:1077500068B967B9309850B93298009032462946D6
:10776000319B239800F0A9FA27B0BDE8F08F239849
:107770002946826820A8FAF7E5FA00B9F4E720A8BC
:107780000DF0A4FA81461C2119A818F0C8F8484643
:1077900017F01AFE1C904FF0FF301890002F0ADDF2
:1077A00000233A46294612A811F026FF002112A80C
:1077B00011F0A4F81890012331460CA8309A11F06A
:1077C0001BFF00210CA811F099F80B9009A8199043
:1077D0001E90BDF8C400ADF86C0032988DF87C00A6
:1077E00033988DF87D00B5F900003844B6F90010E3
:1077F000884203DDB5F90000384401E0B6F9000025
:1078000000B2ADF81C00B5F90400C01BB6F90410B5
:10781000884203DAB5F90400C01B01E0B6F90400A0
:1078200000B2ADF82000B5F902003844B6F90210F4
:10783000884203DDB5F90200384401E0B6F90200E0
:1078400000B2ADF81E00B5F90600C01BB6F906106F
:10785000884203DAB5F90600C01B01E0B6F906005C
:1078600000B2ADF8220007A80DF030FA0690B5F985
:107870000200B6F90210884201DC012000E000207D
:107880008246B5F90600B6F90610884201DB0120F0
:1078900000E000208346229800284CD0BDF88000EC
:1078A000ADF82400BDF88400ADF82800BDF9824091
:1078B00029E0BAF1000F04D1BDF91E00A04200DD9D
:1078C00020E0BBF1000F04D1BDF92200A04200DA94
:1078D0001DE020B2ADF8260020B2ADF82A004946DE
:1078E0001C9818F053F8BDF980100FFA89F322B2F2
:1078F0001C9811F0B9FA8DF8740019A9239812F0A8
:10790000B3F900BF641CBDF98600A042D1DA00BF04
:107910000CA811F0D5FA0B9811F056FF1898401CDE
:1079200028B112A811F0CCFA189811F04DFF1C984C
:1079300017F0C6FD18E7B5F90000B6F90010884247
:1079400001DC012000E000200590B5F90400B6F943
:107950000410884201DB012000E000200490012097
:107960000390059860B1049850B1BAF1000F07D0A8
:10797000BBF1000F04D00698322801DA00200390F2
:1079800001208DF87400BAF1000F15D0039898B15A
:10799000BDF81C00ADF82400BDF82000ADF82800AB
:1079A0006888ADF826007088401E00B2ADF82A0045
:1079B00019A9239812F058F9BBF1000F15D00398BC
:1079C00098B1BDF81C00ADF82400BDF82000ADF85A
:1079D0002800F088401C00B2ADF82600E888ADF819
:1079E0002A0019A9239812F03FF9059898B1288820
:1079F000ADF824003088401E00B2ADF82800BDF874
:107A00001E00ADF82600BDF82200ADF82A0019A925
:107A1000239812F029F9049898B1B088401C00B25C
:107A2000ADF82400A888ADF82800BDF81E00ADF818
:107A30002600BDF82200ADF82A0019A9239812F0FB
:107A400013F90398F0BBBDF88000ADF82400BDF831
:107A50008400ADF82800B5F90200B6F90210401A0A
:107A6000B84201DA384604E0B5F90200B6F902106E
:107A7000401A00B20290002442E06888204400B21C
:107A80000190E888001B00B20090BDF982100198B7
:107A9000814205DDBDF986100098814200DA2EE0B2
:107AA00049461C9817F072FFBDF924100FFA89F3AC
:107AB000019A1C9811F0D8F98DF87400BDF9821064
:107AC000019800E020E0814209DC0198ADF8260031
:107AD0000198ADF82A0019A9239812F0C5F8BDF94C
:107AE00086100098814209DB0098ADF826000098C6
:107AF000ADF82A0019A9239812F0B6F800BF641C4B
:107B000002988442B9DBC7E0BDF88000ADF82400DC
:107B1000BDF98410BDF91C00401E814202DABDF996
:107B2000840002E0BDF91C00401E00B2ADF8280040
:107B300009A80DF0CBF88046B8F1000F48DD059894
:107B400010B9BAF1000F1ED0BDF9824017E020B283
:107B5000ADF8260020B2ADF82A0041461C9817F077
:107B600015FFBDF92410434622B21C9811F07CF990
:107B70008DF8740019A9239812F076F8641CBDF9E9
:107B80001E00A042E3DC059810B9BBF1000F1FD026
:107B9000BDF92200441C17E020B2ADF8260020B247
:107BA000ADF82A0041461C9817F0F0FEBDF92410EC
:107BB000434622B21C9811F057F98DF8740019A9A8
:107BC000239812F051F8641CBDF98600A042E3DA54
:107BD000BDF98010BDF92000401C814202DDBDF9D5
:107BE000800002E0BDF92000401C00B2ADF8240086
:107BF000BDF88400ADF8280009A80DF067F88046AC
:107C0000B8F1000F48DD049810B9BAF1000F1ED08A
:107C1000BDF9824017E020B2ADF8260020B2ADF8E1
:107C20002A0041461C9817F0B1FEBDF924104346C6
:107C300022B21C9811F018F98DF8740019A9239834
:107C400012F012F8641CBDF91E00A042E3DC049897
:107C500010B9BBF1000F1FD0BDF92200441C17E082
:107C600020B2ADF8260020B2ADF82A0041461C989B
:107C700017F08CFEBDF92410434622B21C9811F077
:107C8000F3F88DF8740019A9239811F0EDFF641C26
:107C9000BDF98600A042E3DA0CA811F011F90B98A7
:107CA00011F092FD12A811F00BF9189811F08CFD4B
:107CB0001C9817F005FC00BF56E52DE9FF4F89B071
:107CC00080460C461546DDF858901C21684617F092
:107CD00026FE07A80090BDF83000ADF808008DF82A
:107CE0001890B4F90200B5F90210884201DC0120B5
:107CF00000E000200646B4F90600B5F906108842F7
:107D000001DB012000E000200746B4F90000B5F9CE
:107D10000010884201DC012000E000208246B4F916
:107D20000400B5F90410884201DB012000E00020C6
:107D300083462088ADF81C00A088ADF8200060883C
:107D4000ADF81E006888401E00B2ADF822001EB1DA
:107D50006946404611F088FFE888401C00B2ADF843
:107D60001E00E088ADF822001FB16946404611F0C0
:107D70007BFF2088ADF81C002888401E00B2ADF8BB
:107D8000200016B1B5F9020001E0B4F90200ADF827
:107D90001E0017B1B5F9060001E0B4F90600ADF810
:107DA0002200BAF1000F03D06946404611F05CFF93
:107DB000A888401C00B2ADF81C00A088ADF82000D7
:107DC000BBF1000F03D06946404611F04DFF0DB0E6
:107DD000BDE8F08F2DE9FF4F93B0074690469946D6
:107DE0004FF6FF70804502D117B0BDE8F08F3E46D8
:107DF000746A208C1290208C484506D0A4F82090FC
:107E0000608C20F00400001D60844FF48021204627
:107E10001BF011F911904FF4802120461BF07BF9E3
:107E20000546119813F0FCFB8246384609F0E9F844
:107E30008346BBF81600ADF83E00BDF93E000AEBE4
:107E4000050108FB010000B2ADF83E00284605EB35
:107E5000D071BDF83E20A2EB610109B2ADF83E1031
:107E6000BDF83E0050442844401E00B2ADF8420028
:107E7000706A808AADF83C00706A008BADF84000F3
:107E800001A811F0CFFC01AA4FF4802120461BF07D
:107E900077FC0FAA01A9149811F0A8FC129820846D
:107EA000608C20F00400608400BF9DE72DE9F04F56
:107EB00091B007460D46904699464FF6FF708045B3
:107EC00002D111B0BDE8F08F1097109F7C6A208C12
:107ED0000F90208C484506D0A4F82090608C20F0AC
:107EE0000400001D608407A810F090FC07AA4FF45E
:107EF000802120461BF069FB4FF4802120461BF0B7
:107F00000AF9ADF82E00384609F07BF8064606B9A6
:107F1000D7E7079813F084FB8246F08AADF8160085
:107F2000BDF91600BDF92E10514408FB010000B246
:107F3000ADF81600BDF92E0000EBD071BDF816208B
:107F4000A2EB610109B2ADF81610BDF8160050445D
:107F5000BDF82E100844401E00B2ADF81A00A08AE9
:107F6000ADF81400208BADF8180005AA03A8A96885
:107F7000F9F7E8FE8346BBF1000F13D0A868029022
:107F800003A8A860304616F0DBF9019000200090AD
:107F900006F1140207A92846019B10F083F8029805
:107FA000A86000BF0F982084608C20F004006084DB
:107FB00000BF86E72DE9F0410546354800680FF01F
:107FC00017FD04462868866BF06A10B13046F16AE6
:107FD0008847206890B1606880B10CE02C48006848
:107FE0000068806A38B12A4A12681068284A126804
:107FF0001268916A884720690028EFD1012020612A
:10800000234800680068C068806900F0010050B132
:108010001F4800680068C0688069C0F3400010B164
:108020000120606101E000206061606908B1012009
:1080300000E0002007462868406998B12868007C65
:10804000C0F3011048B12868007CC0F3800020B163
:10805000D6E9001000F01EF804E0D6E900212868F7
:10806000FDF700FF206880B1606870B12868007C6F
:1080700000F0010000B147B12168A068884202D138
:108080006068A06001E02068A060BDE8F0810000A9
:10809000C00000202DE9F34F83B0044688480068F3
:1080A0000568874800680068007CC0F3400040B164
:1080B000287CC0F3800020B100BF00BF05B0BDE840
:1080C000F08F287CC0F3011002280AD121462846EF
:1080D000049A00F004F921462846049AFDF7C2FEEE
:1080E000EBE0287CC0F30110012804D0287CC0F309
:1080F00001100328F4D100200290714800680FF0AD
:1081000077FC824620460CF0B0FD064620460CF077
:1081100039FD83464FF4A050B0FBF6F000B258454D
:1081200005DA4FF4A050B0FBF6F000B200E058467C
:108130000190B4F90280287CC0F3011001280BD112
:1081400068882188401A401E00B2E080E088801BC9
:10815000401C00B2608006E0208860806088304467
:10816000401E00B2E08000279EE0ABEB07010198C3
:10817000814201DD019801E0ABEB07000FFA80F9C5
:108180000120CAF8100047BBB34526DBB146297C65
:10819000C1F30111032901D1012100E000210846AA
:1081A0003146049A00F00FF9287CC0F30110012831
:1081B00007D1A4F8008008EB0600401E00B2A080A2
:1081C0003FE02888401EA0EB080000B2A080A088F5
:1081D000801B401C00B2208033E0029820B94FF48D
:1081E000205017F0F1F8029002980090297CC1F31A
:1081F0000111032901D1012100E0002108464A466E
:108200003146049B00F0B2F8287CC0F3011001282D
:108210000AD108EB070000B2208008EB07004844B1
:10822000401E00B2A0800CE02888401EA0EB080091
:10823000C01B00B2A080A088A0EB0900401C00B2C7
:10824000208007EB090058450DDBDAF8180000F034
:10825000010040B1DAF81800C0F3400018B1012065
:10826000CAF8140002E00020CAF81400029808B905
:10827000049800E00298024621462846FDF7F2FDE8
:1082800004E0A86A10B12846A96A8847DAF8100005
:108290000028F6D106FB09F1049800EB4100049098
:1082A00007EB090007B200BF5F45FFF65EAF02981B
:1082B00010B1029817F004F900BF00BFFEE60000FD
:1082C000C000002018B5048800940C88048014882D
:1082D0000C801C881480BDF800401C8018BD2DE95E
:1082E000FC5F05460C46164620460CF0BEFC824656
:1082F00020460CF047FC83460AFB0BF001900198E6
:10830000471E4FF0000811E006EB47000088009080
:1083100006EB470006EB48010988018006EB4800A0
:10832000BDF8001001807F1E08F101084745EBD819
:10833000B4F9069068886188401A401E00B2E08057
:108340006888A0EB0900401E00B26080B4F9049078
:1083500028882188401A401E00B2A0802888A0EBFF
:108360000900401E00B22080BDE8FC9F2DE9F047C7
:1083700004461D46089F01FB02F0A0F1010C481EB7
:1083800000FB02F800231AE008EB03000CB1ACEB91
:10839000000000260FE0A946AD1C07EB400AB9F823
:1083A0000090AAF800900CB1104400E0801A06F189
:1083B00001090FFA89F68E42EDDB581C03B2934295
:1083C000E2DBBDE8F0872DE9F04782460C46154612
:1083D00000263BE0002731E0601E801B0FFA80F88A
:1083E000601EC01B0FFA80F9BAF1000F12D007FB14
:1083F000048C05EB4C0308FB049C05EB4C0209FBC9
:10840000046C05EB4C0106FB047C05EB4C00FFF70C
:1084100059FF11E009FB046C05EB4C0308FB049CBD
:1084200005EB4C0207FB048C05EB4C0106FB047CBE
:1084300005EB4C00FFF746FF781C07B2601C00EB11
:10844000D071B7EB610FC7DB701C06B204EBD471BF
:10845000B6EB610FBEDBBDE8F08710B504462046E1
:1084600014F054FC10BD00002DE9F14F9EB01E9891
:1084700012F072FF05462C461E9812F014FF1D9054
:10848000606A15F05DFF07465020005D00F00100B6
:1084900010B91FB0BDE8F08F0FA811F0C3F90FAAF3
:1084A0004FF4E02128461BF06BF904F144010DA8BC
:1084B0000CF051FBBDF83400616A898A084400B2AF
:1084C000ADF83400BDF83610606AC08A084400B2C6
:1084D000ADF83600BDF83800616A898A084400B2F8
:1084E000ADF83800BDF83A10606AC08A084400B29E
:1084F000ADF83A000DAA0FA91D9811F077F94FF4C5
:10850000E02128461AF0DCF806464FF4E021284620
:108510001AF03EFB30440FFA80F84FF4E021284671
:108520001AF0AFFC30440FFA80F900200B900C9049
:10853000E16CC8191F49096888478246E06CC11977
:1085400052460BA817F05DF8BDF83400404400B265
:10855000ADF83400BDF83600484400B2ADF836003E
:108560004FF0000BD4F824A040F257425946504631
:108570001AF094FC019001980A9002A810F046F9B4
:1085800002AA4FF4E02128461BF01FF89DF83F0097
:10859000022805DCBDF81400BDF82810884207D079
:1085A00000200BAB0DAA02A900901D980FF07AFDD8
:1085B00000BF6EE7380200202DE9F04FBDB0054640
:1085C0000E4600BF00BFAB460BF13000FAF784FF48
:1085D00010B13DB0BDE8F08F05F114023BA8B168C1
:1085E000F9F7B0FB00B9F4E7B0683A903BA8B06087
:1085F00035A810F057F935AA4FF4E02128461BF0B2
:108600004BF827A811F00EF99DF8DC008DF89F00BB
:1086100047F6FF70ADF89C004FF4E02128461AF0B1
:1086200030FE074600EBD7704FEA60094FF4E021B7
:1086300028461AF026FE074600EBD7704FEA600A7C
:10864000314604A818F056FD24A80A9016A80890F0
:108650004FF4E020119069480590052006900BF139
:108660003000FAF7EBFE0446C0E00A2235A924A840
:1086700016F0C7FF382227A916A816F0C2FFE08817
:10868000ADF89000E088ADF85C0039A80D9038A8EE
:108690000E90607B00F0010020B1B4F90070B4F9D5
:1086A000028010E0A08847F6FF71884200D197E071
:1086B000A28801AB2846A1680DF038FEBDF9047010
:1086C000BDF9068000BFA88A384407B2E88A404452
:1086D0000FFA80F8B9F1000F19D0BAF1000F16D0D7
:1086E000A7EB090000B2ADF8080007EB090000B2E3
:1086F000ADF80C00A8EB0A0000B2ADF80A0008EBD8
:108700000A0000B2ADF80E0002A8079001E00020B8
:108710000790207B00F0030070B3207B00F0010085
:1087200010B1B5F9140000E03846ADF8E400ADF83A
:10873000E680207B00F0020010B1B5F9180000E0DF
:108740003846ADF8E000BDF8E600ADF8E20004AA56
:108750001A21284612F006FE38AB39AA24A9304661
:1087600010F089F802AA16A9304611F03FF804AAC1
:108770001B21284612F0F6FD207B00F00C0070B3A0
:10878000ADF8E470207B00F0040010B1B5F91600DC
:1087900000E04046ADF8E600BDF8E400ADF8E000CA
:1087A000207B00F0080010B1B5F91A0000E0404647
:1087B000ADF8E20004AA1A21284612F0D3FD38AB26
:1087C00039AA24A9304610F056F802AA16A9304654
:1087D00011F00CF804AA1B21284612F0C3FD00BFBB
:1087E00021460BF13000FAF723FE0446002C7FF4FB
:1087F0003CAF3A98B06000BFEBE600003C050308D0
:108800002DE9F14F9AB01A9812F0A6FD04461A9875
:1088100012F049FD199020461AF067FD07462046E0
:1088200018F0C8FF834607EBD771A28A02EB6101FB
:1088300009B218910BEBDB714A10E18A114409B2BD
:10884000179107EBD7714E1014A810F02BF814AA4B
:10885000002120461AF020FF4FF41D70704355216F
:1088600090FBF1F0642190FBF1F000B2ADF8520002
:10887000BDF85200801C00B2ADF8520000201390E9
:108880000021204619F033FE0546002347F6FF720B
:1088900004F114010DA810F0AFFE00210DA810F096
:1088A0002DF80C9000BFA08AADF82800E08AADF842
:1088B0002A00208BADF82C00608BADF82E0000BF95
:1088C000BDF82800284400B2ADF82800BDF82C00FF
:1088D000401B00B2ADF82C00BDF82A00284400B2BD
:1088E000ADF82A00BDF82E00401B00B2ADF82E00F6
:1088F000012347F6FF720AA904A810F07DFE0021AB
:1089000004A80FF0FBFF0390BDF952804FF0000A5E
:108910004FE051462046FCF721FA0090BDF80000D8
:10892000ADF850001398C0F30F290FFA89F020F02A
:1089300043FD06EB08014843189901EBE03000B213
:10894000ADF804000FFA89F020F026FD06EB0801CF
:108950004843179901EBE03000B2ADF806000FFA7A
:1089600089F020F029FD711BA1EB080148431899FB
:1089700001EBE03000B2ADF808000FFA89F020F00A
:108980000BFD711BA1EB08014843179901EBE03087
:1089900001B2ADF80A1002AB01AA14A919980FF0A0
:1089A0006AFF0AF103001FFA80FA139800F5876046
:1089B0001390BAF5807FACDD0DA810F081FA04A801
:1089C00010F07EFA0C9810F0FFFE039810F0FCFEF9
:1089D0001BB0BDE8F08F00002DE9F04FA5B00446B4
:1089E0000F46254604F1140123A8BA68F9F7AAF93D
:1089F0002290229810B925B0BDE8F08FB868219078
:108A000023A8B8600021204619F033FE1E900021F3
:108A100020461AF048F801461E98084400B21D90FE
:108A2000002120461AF0ABF901461E98084400B216
:108A30001C90204618F049FE7E35E9884843001214
:108A400000B21B90204618F021FE298948430012ED
:108A500000B21A9017A80FF025FF17AA0021204690
:108A60001AF01AFE394605A818F044FB00201290AF
:108A70008C4806900020079017A80B904FF0FF300D
:108A8000139000200E900F9005AA1A21204612F094
:108A900069FC002001903122204601991AF0FEF96C
:108AA0000090009800F0FF0B00BF0021204619F055
:108AB000E0FD0490002001903322204601991AF035
:108AC000EDF90090009800F0FF0800BF204618F074
:108AD00067FF0390204619F05DF8029035F87E0993
:108AE000002865D0E18A1C9801440298081A00B257
:108AF0000190A08AADF88000208BADF87C004FF08B
:108B00000009B5F87E000FFA80FABBF1020F1ADDFA
:108B10000498002817DD08F0020040B1002120462B
:108B20001AF02DF918B909F101000FFA80F908F0CF
:108B3000010040B10021204619F0D8FE18B9AAF171
:108B400001000FFA80FA4E462FE01A987043B5F8EC
:108B50007E10491E90FBF1F000B2ADF88200BDF826
:108B600082100198084400B2ADF88200BDF882007E
:108B7000ADF87E004B4806900120079020A80E908B
:108B80001FA80F90139605AA1A21204612F0EAFB9F
:108B90001FAB20AA17A938460FF06DFE05AA1B21AE
:108BA000204612F0DFFB701C06B25645CDDB00BF3D
:108BB000B5F88000002865D0A18A1D98014403986B
:108BC000081A00B20190E08AADF88200608BADF81F
:108BD0007E004FF00009B5F880000FFA80FABBF173
:108BE000020F1ADD0498002817DD08F0040040B1D8
:108BF0000021204619F057FF18B909F101000FFABA
:108C000080F908F0080040B10021204619F0F4FF77
:108C100018B9AAF101000FFA80FA4E462FE01B980E
:108C20007043B5F88010491E90FBF1F000B2ADF82A
:108C30008000BDF880100198084400B2ADF88000B3
:108C4000BDF88000ADF87C00164806900220079021
:108C500020A80E901FA80F90139605AA1A2120464F
:108C600012F080FB1FAB20AA17A938460FF003FEB5
:108C700005AA1B21204612F075FB701C06B2564552
:108C8000CDDB00BF4FF0FF30139000200E900F900F
:108C900005AA1B21204612F065FB2198B86000BF91
:108CA000A9E600003C0503082DE9F14F9AB01A9897
:108CB00012F0F1FA07461A9812F04EFB05462C46C0
:108CC000122F7DD11A9812F044FB06463078022804
:108CD00002D11BB0BDE8F08F94F8380000F003001B
:108CE000032805D094F8380000F00300022802D1D0
:108CF00001203070EDE794F83800C0F384000428B8
:108D000008D094F83800C0F38400012802D0012074
:108D10003070DEE74FF0000A4622514628461AF02E
:108D2000BDF819901998C0B2FF2802D00120307008
:108D3000CFE7002128461AF02FFA8146208E814481
:108D4000B9F1000F02D001203070C2E7002128469F
:108D50001AF063FA8046E08E00FB08F04FEA202804
:108D60001A9812F0F6FA8346B8F5807F09D10022EE
:108D700005F114015846F9F726F8E8BB01203070D8
:108D8000A7E7284618F016FD824628461AF0ADFAE5
:108D9000179004F132001FFA88F100235246CDE902
:108DA000001018A81799F9F777FBBDF86000A98A99
:108DB000084400B2ADF86000BDF86210E88A00E037
:108DC0001DE0084400B2ADF86200BDF86400A98A55
:108DD000084400B2ADF86400BDF86610E88A0844A3
:108DE00000B2ADF86600002218A95846F8F7EBFF6C
:108DF00018B9012030706CE700E000BF19E2152FB0
:108E000001D0182FFAD1002128461AF006FA804620
:108E1000E08E00FB08F04FEA2028002128461AF0D7
:108E2000BBF98246208E824428461AF05EFA1990D9
:108E3000284618F0BFFC1890002641F23202314655
:108E400028461AF02BF80E900E9800B2814600BF0B
:108E500041F61202314628461AF020F80E900E987C
:108E600048440FFA80FB00BF41F613023146284602
:108E70001AF014F80E900E98484400B2179000BFF4
:108E800041F61002314628461AF008F80E900E9866
:108E9000484400B2169000BF41F611023146284600
:108EA00019F0FCFF0E900E98484400B21590608EA9
:108EB000584400B2ADF85000A18E1698084400B294
:108EC000ADF8520094F8390000F00300012804D1F5
:108ED00012A9284618F018FC27E014A91FFA88F0F8
:108EE0000FFA8AF3CDE9000112A8DDE91821F9F79C
:108EF000D3FABDF84800A98A084400B2ADF848008A
:108F0000BDF84A10E88A084400B2ADF84A00BDF83E
:108F10004C00A98A084400B2ADF84C00BDF84E10D0
:108F2000E88A084400B2ADF84E0005F1140110A81B
:108F30000BF0FFFD12A905F114000BF0FAFDBE487D
:108F40001A9918F0FDFA0F900F98012800D0C0E68A
:108F500010A905F114000BF0ECFD152F7ED1E08D6A
:108F600008B1A08D00B9B4E6B8F1000F00D1B0E6A9
:108F70001A9812F098F9064605F114010DA80BF0A5
:108F8000D8FD284614F034F90C9094F8390000F01C
:108F9000030001283CD1B4F92C10BDF93020891A06
:108FA000481C00EBD071BDF83420A2EB610109B27E
:108FB000ADF83410B4F92C10BDF93020891A481CD2
:108FC00000EBD071BDF83820A2EB610109B2ADF819
:108FD0003810B4F92E10BDF93220891A481C00EB64
:108FE000D071BDF83620A2EB610109B2ADF83610A0
:108FF000B4F92E10BDF93220891A481C00EBD0714B
:10900000BDF83A20A2EB610109B2ADF83A1013E0C5
:1090100012A80BF085FEBDF834100844401E00B2C3
:10902000ADF8380012A80BF0F3FDBDF83610084477
:10903000401E00B2ADF83A00BDF83400584400B20A
:10904000ADF83400BDF836101698084400B2ADF8FB
:109050003600BDF838101798081A00E0E8E000B2B2
:10906000ADF83800BDF83A101598081A00B2ADF8FE
:109070003A0094F8380000F00300012805D094F875
:10908000380000F0030000287AD106A80EF0EDFFAA
:1090900006AA002128461AF039FA1FFA88F0ADF81E
:1090A0001A001FFA8AF0ADF81800608EADF81C00A7
:1090B000A18EADF81E1094F83800C0098DF82C0070
:1090C000BDF84800584400B2ADF81000BDF84A1091
:1090D0001698084400B2ADF81200BDF84C1017986D
:1090E000081A00B2ADF81400BDF84E101598081A11
:1090F00000B2ADF81600B068039004AA04A8B168E5
:10910000F8F720FE00B9E4E504A8B060BDF8361019
:10911000608D084400B2ADF80600BDF90600BDF947
:109120003610884206DDBDF80600E18D401A00B217
:10913000ADF80600BDF80600E18D0844401E00B2FF
:10914000ADF80A0049E0BDF83400218D084400B2B2
:10915000ADF80400BDF90400BDF93410884206DD05
:10916000BDF80400A18D401A00B2ADF80400BDF8AE
:109170000400A18D0844401E00B2ADF8080016E0BE
:1091800034E001AA06A93046636A0EF01FFFBDF85D
:109190000400BDF83010084400B2ADF80400BDF87A
:1091A0000800BDF83010084400B2ADF80800BDF961
:1091B0000400BDF938108842E3DBBDF80600BDF8B5
:1091C0003210084400B2ADF80600BDF80A00BDF840
:1091D0003210084400B2ADF80A00BDF90600BDF92E
:1091E0003A108842AFDB0398B06020E094F8380072
:1091F00000F00300022811D104A80FF007FB04AA15
:10920000002128461AF0E1F90020009005F114022F
:1092100004A93046636A0EF045FF08E000BF00BFB6
:10922000002305F11402194630460EF0CFFE00BFB0
:1092300000BF00BF4DE50000C84303082DE9F14F12
:10924000DCB05C9812F088F805462C465C9812F069
:109250002AF85B9059A9284618F056FA0020CDE963
:10926000105040F60A02DDE9100119F017FE0F90C8
:109270000F9800B258900020CDE9105040F60B0234
:10928000DDE9100119F00AFE0F900F9800B2579017
:10929000BDF864115898081A00B2ADF86401BDF821
:1092A00068115898084400B2ADF86801BDF866111D
:1092B0005798081A00B2ADF86601BDF86A115798C0
:1092C000084400B2ADF86A0159A80BF01BFD8346B3
:1092D00059A80BF08FFC5690D4E90A10A0EB0109B5
:1092E0005698834501DB012000E0002080460020E5
:1092F000559094F85C0000F0030001280BD1A06A9F
:10930000002808DAE06A002805DDA16A206B88429F
:1093100001D1012055900021284619F0EBFB549013
:109320000021284619F08FFC53900021284619F09F
:109330004DFD52900021284619F0FFFA519059A98D
:1093400004F134000BF0E3FBA18E5498084400B202
:10935000A086218F5398081A01B22187E18E529876
:10936000084401B2E186618F5198081A01B2618701
:10937000B8F1000F13D004F134000BF03BFC0428CB
:109380000DDA569800EBD0714A10E98A1144891E13
:109390000AB2E286E08E001D01B2618715E0B8F1E5
:1093A000000F12D104F134000BF0ACFC04280CDAED
:1093B00058460BEBD071AA8A02EB6101891E09B2F3
:1093C000A186A08E001D01B2218704F134000BF0AC
:1093D00099FC509004F134000BF00CFC4F90B8F164
:1093E000000F01D0509800E04F988246B8F1000F6E
:1093F00005D004F13406371DFE484C9004E004F11A
:109400003606371DFC484C90A06D401CF8B1A36A8D
:10941000216DC91A01FB0AF191FBF9F108B2A36AA7
:10942000616DC91A01FB0AF191FBF9F10AB2131A35
:10943000D4F858C003FB0CF1CB1701EB13631B12DC
:109440001BB24D934D99014409B24D9108E0A16AB8
:10945000206B401A00FB0AF090FBF9F000B24D902F
:10946000A06C401CE0B1A36A216CC91A01FB0AF18F
:1094700091FBF9F108B2A36A616CC91A01FB0AF108
:1094800091FBF9F10AB2131AD4F848C003FB0CF1AE
:10949000CB1701EB136300EB23231BB24E9308E0C1
:1094A000D4E90901401A00FB0AF090FBF9F000B280
:1094B0004E900020119041F26A422846119919F00D
:1094C000EDFC10901098C0B24B90B8F1000F0ED088
:1094D0004B9801280BD130463E4607464E994942EB
:1094E00009B24E914D99494209B24D9100BFB8F170
:1094F000000F0AD031884E98084400B23880318875
:109500004D98084400B230800AE039884E98081A15
:10951000401C00B2308039884D98081A00B238805B
:10952000559878B3A26A524202FB0AF292FBF9F212
:1095300011B2B8F1000F0CD032880A4410B2B7F95A
:109540000020824201DD30801BE03A883280388082
:1095500017E03A88521A521C10B2B6F90020824223
:1095600001DD388002E032883A803080B7F900208F
:10957000B6F900309A4204DAB6F900003A8832802F
:10958000388000BF559800BB04F134004C998847DF
:1095900001281ADC68465B9917F0ACFD4FF40030E7
:1095A0000D90964801900020029004F13400039041
:1095B0006A461A21284611F0D5FE6A461B21284624
:1095C00011F0D0FE5DB0BDE8F08F04F1340149A880
:1095D0000BF09DFA3BA810F025F93BAA4FF400319F
:1095E00028461AF0CDF829A85B9917F083FD4FF4AF
:1095F0000030369081482A9000202B903BA82D9077
:1096000004F134002C9029AA1A21284611F0AAFE50
:109610000020119060222846119919F03FFC10900B
:10962000109800B228905698834501DA584600E019
:1096300056982790DDE92701B1EB600F02DD2798EE
:1096400040102890BDF9EC0026904F995098884220
:1096500001DA509800E04F982790DDE92601B0EB41
:10966000610F02DD279840102690B8F1000F08D056
:1096700004F134000BF046FB01462698B1EB400F95
:109680000BDCB8F1000F28D104F134000BF0B2FA72
:1096900001462698B1EB400F1FDD9DF8EF001190B9
:1096A0009DF8060110909DF80E010F9000208DF896
:1096B000EF008DF806018DF80E0104F134023BA98C
:1096C0005B9810F093F811988DF8EF0010988DF8D2
:1096D00006010F988DF80E0100BFA98A549808441E
:1096E00000B2ADF87800298B5398081A00B2ADF893
:1096F0007C00E98A5298084400B2ADF87A00698B80
:109700005198081A00B2ADF87E0000231EA920A8C7
:10971000289A0FF071FF002120A80FF0EFF81D909C
:109720009DF822011C909DF80E011B9000208DF8E1
:109730000E018DF8220159A919A80BF0E8F9BDF81E
:1097400064105498084400B2ADF86400BDF8661087
:109750005298084400B2ADF86600BDF868105398FE
:10976000081A00B2ADF86800BDF86A105198081ADE
:1097700000B2ADF86A00B8F1000F15D019A80BF0CF
:1097800039FA042810DA569800EBD0714A10E98AA9
:109790001144891E09B2ADF86610BDF86600001DBF
:1097A00000B2ADF86A0017E0B8F1000F14D119A8A3
:1097B0000BF0A8FA04280FDA58460BEBD071AA8AEE
:1097C00002EB6101891E09B2ADF86410BDF86400B6
:1097D000001D00B2ADF86800BDF9EC20002304F1D3
:1097E000340113A80FF008FF002113A80FF086F82A
:1097F000129005E0054D0108F54B010820430308D0
:1098000019AA3BA95B980FF0F1FF1B988DF80E0188
:109810001C988DF8220100208DF8EF008DF80601CC
:109820008DF8220104F134023BA95B980FF0DEFFB2
:1098300013A80FF045FB20A80FF042FB12980FF081
:10984000C3FF1D980FF0C0FF29AA1B21284611F065
:1098500089FD00BFB6E6F0B591B00546284611F087
:109860007BFD0446284611F01EFD0746264603A848
:109870000FF0D8FF03AA4FF44031204619F080FFC3
:1098800047F6FF70ADF80C002C20805D00F0010061
:1098900038B120460DF021FF0090BDF80000ADF872
:1098A0001000214601A807F0C5FA01AA03A938460D
:1098B0000FF09CFF11B0F0BD2DE9F04FB3B0814621
:1098C000484611F049FD80464446484611F0EBFCFD
:1098D00032900021404618F065FE0546404619F0DA
:1098E00004FD8246404617F065FF8346DA4501DBFA
:1098F000012000E0002006460EB1584600E0504628
:109900003190002794F85C0000F00300012806D194
:10991000A06A002803DAE06A002800DD0127002E93
:109920003CD097B93EB1012D02D1B4F9340009E021
:10993000B4F9380006E0012D02D1B4F9360001E097
:10994000B4F93A00ADF8BC0037E0606A002812DBD9
:109950003EB1012D02D1B4F9340009E0B4F9380068
:1099600006E0012D02D1B4F9360001E0B4F93A0065
:10997000ADF8BC0021E03EB1012D02D0B4F93400B5
:1099800009E0B4F9380006E0012D02D0B4F9360040
:1099900001E0B4F93A00ADF8BC000EE01FB9E08E6A
:1099A000ADF8BE0009E0606A002803DBE08EADF888
:1099B000BE0002E0608FADF8BE0021A80FF032FFBC
:1099C00021AA4FF44031404619F0DAFE33462FA960
:1099D0004046319A20F0EBFE2FA904F168000BF00D
:1099E000B1F80FA8329917F085FB4FF440301C9066
:1099F0003C481090002011901D9004F168001290D6
:109A000021A8139040461DF036F8022810D00FAA66
:109A10001A21404611F0A6FC04F1680221A93298EF
:109A20000FF0E4FE0FAA1B21404611F09BFC55E00D
:109A3000382221A901A815F0E4FD0FAA1A214046F9
:109A400011F090FC04F1680221A932980FF0CEFECB
:109A50000FAA1B21404611F085FC96B13EB1012DA5
:109A600002D0B4F9340009E0B4F9380006E0012D61
:109A700002D0B4F9360001E0B4F93A00ADF8BC0008
:109A800002E0608FADF8BE0033462FA94046319A00
:109A900020F08DFE2FA904F160000BF053F838225E
:109AA00001A921A815F0ADFD0120119004F160007D
:109AB000129021A8139001201D900FAA1A21404650
:109AC00011F050FC04F1600221A932980FF08EFED3
:109AD0000FAA1B21404611F045FC00BF33B0BDE882
:109AE000F08F0000544403082DE9F04790B007467A
:109AF000384611F031FC0546284617F0ABFE064605
:109B000008A80EF083FE08AA0021304619F05DFD7A
:109B1000384611F0C8FB0446D4F8088006F1140258
:109B200006A8A168F8F70EF910B910B0BDE8F087E3
:109B300006A8A06004A9304607F0FAFDA88AADF88F
:109B40000800E88AADF80A00288BADF80C00BDF8D3
:109B50001200ADF80E0002AA02A8A168F8F7F2F808
:109B600098B1D4F8089002A8A060284614F0E8FB49
:109B700082460020534605F1140208A900902046B1
:109B80000EF090FAC4F8089000BFA88AADF808005B
:109B9000BDF81600ADF80A00288BADF80C00688BF4
:109BA000ADF80E0002AA02A8A168F8F7CBF898B1A8
:109BB000D4F8089002A8A060284614F0C1FB8246A1
:109BC0000020534605F1140208A9009020460EF02B
:109BD00069FAC4F8089000BFC4F8088000BFA4E781
:109BE0002DE9FF4FA1B0064614462498807B00F073
:109BF0000F052298807E1F90032D00D10425012D92
:109C000006D0022D0BD0042D10D0082D1DD114E04C
:109C1000DFF86C834FF0800A02201E901AE0DFF814
:109C200064834FF0C00A04201E9013E0DFF85883CD
:109C30004FF0F00A10201E900CE0DFF850834FF038
:109C4000FF0A4FF480701E9004E000BF00BF25B0F3
:109C5000BDE8F08F00BF1F98FD2823DACC480178BB
:109C60001F98814203D1CB480068A84213D000203E
:109C70000DE018F80010FF2901D11F9904E018F831
:109C800000101F9A51430912C34A1154401C1E99D7
:109C90008842EED300BFDFF80083BD491F980870EB
:109CA000BC4805602498B0F806B0249800891B9041
:109CB0000BFB05F01A90B4F90000B168B1F900107F
:109CC000884201DB002005E0B068B0F90000B4F97B
:109CD0000010401A1990B4F900005844B168B1F965
:109CE0000410884201DC584606E0B068B0F9040070
:109CF000B4F90010401A401C1890B4F90200B16881
:109D0000B1F90210884201DB002005E0B068B0F92B
:109D10000200B4F90210401A1790B4F902101B980F
:109D20000844B168B1F90610884201DC1B9806E0CE
:109D3000B068B0F90600B4F90210401A401C169041
:109D40001A9917984843199901FB050015902E9907
:109D5000159801EBD0002E90159800F007071C21F4
:109D60000DA815F0DCFD22988089ADF83C00229802
:109D7000807E8DF84C002298807FC0F3C2008DF861
:109D80004D00F9F76FFE01900DF036FE0C901B9818
:109D90000BFB00F10C98814201DD0C9802E01B994D
:109DA0000BFB01F00B900B9815F00EFB8146CDF8E4
:109DB000409000200A9021881998084400B2ADF81C
:109DC0002000218818980844401E00B2ADF82400F5
:109DD00061881798084400B2ADF82200BDF822004F
:109DE000ADF8260000BFBDF82400BDF82010401AD1
:109DF000401C00B2079000BFBDF82000ADF8140071
:109E0000BDF82200ADF81600BDF82400ADF818002A
:109E1000BDF82600ADF81A0000BFBDF81610169860
:109E2000084400B2ADF81A0005A80FF06DF80490D0
:109E300008A80D901290C5F10800039019980BEB3B
:109E400000011898081A6843029017981C9078E04F
:109E50000A9801902AFA07F0209019981D9028E09E
:109E60002E980078209908400399C91BC840149087
:109E7000149830B1149818F800100A9809F80010D6
:109E800003E000210A9809F800100398874204D2E1
:109E90002F442098E840209005E00027CDF880A0CE
:109EA0002E98401C2E900A98401C0A901D98401C29
:109EB0001D9018991D988842D2DB0498A0B1BDF975
:109EC0002620BDF92010019B09EB0300079B0EF033
:109ED000CBFF8DF844009DF8440028B9019909EBA7
:109EE0000100079915F01BFDDDE91801411A0A98D8
:109EF00001440B98814206D2BDF82600401C00B2F6
:109F0000ADF8260012E002208DF844000DA930467D
:109F10000FF0AAFEBDF82600401C00B2ADF82200EA
:109F2000BDF82200ADF8260000200A9002980744F0
:109F30002E9800EBD7002E9007F007071C98401CC6
:109F40001C9016991C98884282DBBDF92200BDF94D
:109F5000261088420ED0BDF82600401E00B2ADF893
:109F6000260002208DF844000DA930460FF07CFE3B
:109F700000200A90484615F0A3FA00BF67E60000EB
:109F8000880303088A03030896030308A60303084B
:109F9000D0000020D4000020684300202DE9FF4FAE
:109FA0008FB00C4615461E46B4F90200401E0E90B6
:109FB0000E9840100D900E9800F001010D98084485
:109FC0000C90B5F90000B6F90010884202DAB5F934
:109FD000000001E0B6F90000ADF82800B5F9000076
:109FE000B6F90010884202DDB5F9000001E0B6F9CB
:109FF0000000401E00B2ADF82C0069880C98081AC9
:10A0000000B2ADF82A0069880D98084400B2ADF896
:10A010002E000F980AA982680AA8F7F793FE8246D5
:10A02000BAF1000F02D113B0BDE8F08FE08818B18B
:10A03000A08808B1012000E000208346012009909B
:10A040000AA80EF061FF10B10020099004E0BBF1F6
:10A05000000F01D0002009901C2102A815F05FFC20
:10A060000AA802902088ADF81000207A8DF8200010
:10A07000099820B102A90F980FF0F6FD78E00AA820
:10A080000AF01DFE0746BDF92E000190BDF82A001A
:10A09000ADF82E0000200090BBF1000F0BD0B4F9FA
:10A0A0000600B4F904100844BDF9281091FBF0F241
:10A0B00000FB12100090384615F086F98046CDF866
:10A0C00014800AA80790BDF92A904AE03946404614
:10A0D00015F05CFCBDF928103BB20FFA89F240463E
:10A0E0000EF0C2FE8DF81800BBF1000F27D09DF8CE
:10A0F000180020B3009800211BE0B4F9042082422C
:10A1000007DBA3881B1A1AB28B1819B2831818B26E
:10A110000BE0B4F90620B4F904301A44824201DCA1
:10A12000002002E0002208F801204A1C11B2421C63
:10A1300010B2B942E1DB02228DF8182000BF02A95B
:10A140000F980FF091FDBDF82A00401C00B2ADF849
:10A150002A00BDF82E00401C00B2ADF82E0009F117
:10A16000010901988145B1DD404615F0A9F900BF0C
:10A1700000BF58E72DE9FF4FC7B08B4691469A467E
:10A18000B9F90200BAF90210884210DAB9F80200EF
:10A19000ADF81A01BAF80200ADF81601B9F80000DE
:10A1A000ADF81801BAF80000ADF814010FE0BAF8E4
:10A1B0000200ADF81A01B9F80200ADF81601BAF8BC
:10A1C0000000ADF81801B9F80000ADF81401BDF9B0
:10A1D0001401BDF91811441ABDF91601BDF91A117F
:10A1E000451A002C01DD204600E06042002D01DD13
:10A1F000294600E06942884201DD012000E000209C
:10A200004490BBF9026000204390449870B1002D47
:10A2100001DD284600E068424101002C01DD2046B6
:10A2200000E0604291FBF0F043900DE0002C01DD76
:10A23000204600E060424101002D01DD284600E09B
:10A24000684291FBF0F04390E0494398085C70430A
:10A250003F30C611771006F0010000EB0708BDF98A
:10A260001801BDF91411884202DABDF9180101E0A4
:10A27000BDF91401801B00B2ADF80401BDF918014D
:10A28000BDF91411884202DDBDF9180101E0BDF9E4
:10A290001401304400B2ADF80801BDF91A01BDF94E
:10A2A0001611884202DABDF91A0101E0BDF9160162
:10A2B000801B00B2ADF80601BDF91A01BDF91611F7
:10A2C000884202DDBDF91A0101E0BDF916013044F2
:10A2D00000B2ADF80A01479841A9826841A8F7F792
:10A2E00031FD4090409810B94BB0BDE8F08F4498D4
:10A2F000F0B3002C24DD0021BDF81601C01B00B214
:10A30000CDE90001BDF91431BDF81A01C01B02B23C
:10A31000BDF9181135A80EF0F1FE0121BDF81601A6
:10A32000404400B2CDE90001BDF91431BDF81A0175
:10A33000404402B2BDF918112AA80EF0DFFE4AE02F
:10A340000021BDF81601404400B2CDE90001BDF97D
:10A350001431BDF81A01404402B2BDF9181135A8F4
:10A360000EF0CCFE0121BDF81601C01B00B200E0CA
:10A370000DE0CDE90001BDF91431BDF81A01C01B93
:10A3800002B2BDF918112AA80EF0B8FE23E0002190
:10A39000BDF91601CDE90001BDF81401404403B236
:10A3A000BDF91A21BDF81801404401B235A80EF0DC
:10A3B000A5FE0121BDF91601CDE90001BDF814018A
:10A3C000C01B03B2BDF91A21BDF81801C01B01B2B0
:10A3D0002AA80EF093FE002135A80EF08FFA1390F4
:10A3E00000212AA80EF08AFA12904FF0FF30119047
:10A3F00010909BF80900C0F3001068BB0321BDF862
:10A400001A01204400B2CDE90001BDF81801401B3B
:10A4100003B2BDF91A21BDF918111FA80EF06EFE86
:10A420000221BDF81601204400B2CDE90001BDF8BB
:10A430001401401B03B2BDF91621BDF9141114A873
:10A440000EF05CFE00211FA80EF058FA11900021BA
:10A4500014A80EF053FA109041A80AF030FC0F90A7
:10A46000F9F700FB01900DF0C7FA0D9041A80AF032
:10A47000DDFB01460D98814203D241A80AF0D6FBCC
:10A4800000E00D980C900C9814F09EFF0B90BDF915
:10A490000A010A90BDF80601ADF80A0100200990F2
:10A4A000DDE90B0115F072FA1C2102A815F037FA4C
:10A4B00041A80290BBF80000ADF810009BF808001E
:10A4C0008DF820000B98059041A80790BDF9060172
:10A4D0000E9040E0BDF90411099B0B9AD0180F9A19
:10A4E00013B20E9A12B20EF0BFFC8DF818009DF850
:10A4F000180028B9099A0B9988180F9915F00FFAC6
:10A500000F990998084409900F99099801440C98EB
:10A51000814206D2BDF80A01401C00B2ADF80A0122
:10A5200016E002208DF8180002A947980FF09CFB56
:10A53000BDF80A01401C00B2ADF80601BDF80601E5
:10A54000ADF80A0100200990DDE90B0115F01EFAB3
:10A550000E98401C0E900A990E988842BADDBDF9FB
:10A560000601BDF90A1188420CD0BDF80A01401E4F
:10A5700000B2ADF80A0102208DF8180002A9479830
:10A580000FF072FB0B9814F09BFF35A80EF098FCAF
:10A590002AA80EF095FC1198401C10B11FA80EF0CF
:10A5A0008FFC1098401C10B114A80EF089FC139871
:10A5B0000FF00AF912980FF007F911980FF004F94B
:10A5C00010980FF001F900BF8EE60000A604030802
:10A5D0002DE9FF4F91B00C4615461E46B4F9020016
:10A5E000401E1090109840100F90109800F001013C
:10A5F0000F9808440E9029880E98081A00B2ADF8FA
:10A60000300029880F98084400B2ADF83400B5F93D
:10A610000200B6F90210884202DAB5F9020001E040
:10A62000B6F90200ADF83200B5F90200B6F9021031
:10A63000884202DDB5F9020001E0B6F90200401ED1
:10A6400000B2ADF8360011980CA982680CA8F7F793
:10A6500079FB8146B9F1000F02D115B0BDE8F08F4A
:10A66000E08818B1A08808B1012000E000208246EF
:10A6700001200B900CA80EF047FC10B100200B90AD
:10A6800004E0BAF1000F01D000200B901C2104A8B7
:10A6900015F045F90CA804902088ADF81800207A30
:10A6A0008DF828000B9820B104A911980FF0DCFA5E
:10A6B00066E00CA80AF003FB8346BDF93600039060
:10A6C000BDF83200ADF83600584614F07DFE029019
:10A6D000029807900CA8099000200190BAF1000F91
:10A6E0000BD0B4F90600B4F904100844BDF93210D7
:10A6F00091FBF0F200FB12100190019FBDF9328036
:10A7000037E05946029815F041F9BDF930100FFABB
:10A710008BF30FFA88F202980EF0A6FB8DF820005A
:10A72000BAF1000F13D09DF8200070B1B4F9040005
:10A73000B84202DA00208DF82000B4F90600B4F91E
:10A7400004100844B84200DC0027781C07B204A9B2
:10A7500011980FF089FABDF83200401C00B2ADF834
:10A760003200BDF83600401C00B2ADF8360008F1EA
:10A77000010803988045C4DD029814F0A1FE00BFD3
:10A7800000BF6AE72DE9FC5F8046404610F0E4FD1B
:10A790000746B946D9F824603446404610F083FD98
:10A7A0000546606A00F114026846A968F7F7CAFA1C
:10A7B0008246BAF1000F41D0D5F808B0C5F808D0EC
:10A7C00094F83C00C0F3401048B3608FE18E88429B
:10A7D0000CD1628F212329463046FDF7FBFA628FA8
:10A7E000212329463046FDF761FB24E0628F2023B8
:10A7F00029463046FDF7EEFA628F2023294630467F
:10A80000FDF754FBE28E012329463046FDF7E2FABC
:10A81000E28E012329463046FDF748FB0BE0628FAC
:10A82000202329463046FDF7D5FA628F202329469A
:10A830003046FDF73BFBC5F808B000BFBDE8FC9F04
:10A840002DE9F14FD0B0509810F086FD0446254612
:10A85000288E10B951B0BDE8F08F509810F023FD4C
:10A860004F90608C20F00400001D60844DA92046AC
:10A8700016F04AFF0026B246B4F82080002020845B
:10A88000608C20F00400001D608427A80EF0CAFF31
:10A890001FA80DF0BBFF27AA4FF4A021204618F0F7
:10A8A0006FFF1FAA4FF4A021204618F08EFE608C87
:10A8B00020F004006084A4F820800021204618F0D5
:10A8C00092FA1E900021204618F044F81D900021B5
:10A8D000204618F01CF91C900021204618F0C0F901
:10A8E0001B9009A84F9916F005FC4FF4A020169074
:10A8F000D7480A9000200B903DA80D9035A80E90E7
:10A9000000BF9BE103E00AF101001FFA80FA696AC7
:10A9100051F82A00CFA1F5F7CFFC0028F3D0E96A5F
:10A9200031F81600FAF79AFE00B181E10027E96AD2
:10A9300031F81600FAF782FE08B147F00107E96A1C
:10A9400031F81600FAF78EFE10B147F0800716E0D6
:10A95000A88EB04213D108F0200008B147F02007BC
:10A9600008F0020008B147F0020708F0040008B13F
:10A9700047F0040708F0080008B147F00807A86A84
:10A9800000EBC6014BA80AF0CBF8BDF82C01BDF8CE
:10A990003411084400B2ADF82C01BDF82E01BDF809
:10A9A0003611084400B2ADF82E01BDF83001BDF8F3
:10A9B0003411084400B2ADF83001BDF83201BDF8E1
:10A9C0003611084400B2ADF8320157B9382227A930
:10A9D0003DA814F016FE20221FA935A814F011FE80
:10A9E0001DE02784608C20F00400001D60843DA8D9
:10A9F0000EF018FF35A80DF009FF3DAA4FF4A02175
:10AA0000204618F0BDFE35AA4FF4A021204618F0CC
:10AA1000DCFDA4F82080608C20F004006084E96AEA
:10AA200031F81600FAF726FE8346BBF1000F06D078
:10AA30009DF8F10040F001008DF8F10005E09DF86F
:10AA4000F10020F001008DF8F1004BA80C90179652
:10AA500009AA1A21204610F085FC9DF8170140082C
:10AA600000F01000F0B39DF8170120F03E001E30FA
:10AA70008DF81701BDF92C11B4F914201C9810445D
:10AA800081420AD19DF81701400820F004009DF88A
:10AA9000171160F345018DF81711BDF93011B4F9A4
:10AAA00018201B98101A81420AD19DF817014008FE
:10AAB00020F008009DF8171160F345018DF817117B
:10AAC000BDF92E11B4F916201E98104481420CD104
:10AAD0009DF81701400820F002009DF8171160F35F
:10AAE000450100E014E08DF81711BDF93211B4F9F9
:10AAF0001A201D98101A81420AD19DF817014008AA
:10AB000020F001009DF8171160F345018DF8171131
:10AB10004BA80AF076F8814607F0200060B1E86A99
:10AB200030F8160000F4007030B1BDF82E01A0EB33
:10AB3000090000B2ADF82E014BAA3DA94F980EF0C6
:10AB400055FE35980890BDF9E8000790BDF9E6007C
:10AB50000690686A50F82A0005904DA80AF0D9F8C6
:10AB600003909DF8F11002460698CDE9012100906E
:10AB700004A8DDE9073205991EF00CFD4BA80AF088
:10AB8000C8F8BDF91010401A039000EBD070BDF862
:10AB90002C1101EB600000B2ADF82C014BA80AF0BB
:10ABA00030F8BDF91210401A039000EBD070BDF8D8
:10ABB0002E1101EB600000B2ADF82E01BDF82C01A2
:10ABC000BDF81010084400B2ADF83001BDF82E01F8
:10ABD000BDF81210084400B2ADF8320107F02000B1
:10ABE000C0B1E86A30F8160000F4007090B1484631
:10ABF00009EBD071BDF82E21A2EB610109B2ADF8CD
:10AC00002E1109EBD071BDF83221A2EB610109B21E
:10AC1000ADF83211002000904BAA35A9059B4F9842
:10AC20000DF040FA09AA1B21204610F09BFB00BF43
:10AC3000701C86B20AF101001FFA80FA288EB04219
:10AC40003FF760AE608C20F00400608400BF01E636
:10AC5000584303080A0000002DE9F14FA2B02298E2
:10AC600010F07AFB04462546229810F01CFB219038
:10AC70000021204617F00AFD81462646002741F6AE
:10AC800012023946304618F009F90A900A984844E9
:10AC900000B2209000BF41F613023946304618F04A
:10ACA000FDF80A900A98484400B21F9000212046FF
:10ACB00018F0B3F8484400B21E9016A80DF0A6FD97
:10ACC00016AA4FF40031204618F07FFCA86A10B194
:10ACD000D5F828800AE0802014F076FB0646802212
:10ACE0003146204610F012F8B04600BF4FF0000A7F
:10ACF00095F83C0000F00F00012800D182460026A4
:10AD000041F26A423146204618F0C8F80A900A9883
:10AD1000C0B2012800D18246E86A00287ED0E86AE5
:10AD200012F078FB0A900A98022814D19DF8750059
:10AD300041F6FF72BDF96A10CDE900120290BDF92B
:10AD40006C30169A07A8E96A1EF024FCBDF91C6055
:10AD5000BDF91E7011E007A9E86A12F003F88346F6
:10AD6000BBF1010F05D10798C0F38A260798470D5C
:10AD700002E04FF0FF36374600BFBAF1000F0DD0AA
:10AD8000A18A2098084400B2ADF82000BDF8200048
:10AD90003044401E00B2ADF824000DE0218B1F9816
:10ADA000081A801B00B2ADF82000BDF82000304426
:10ADB000401E00B2ADF824000A98022815D1E18A9D
:10ADC0001E98084400B2ADF82200BDF822003844B5
:10ADD000401E00B2ADF826000020009008AA16A977
:10ADE000EB6A21980DF05EF940E0204616F0E2FC97
:10ADF000A0EB070B0BEBDB704110E08A084400B2BC
:10AE0000ADF82200BDF822003844401E00B2ADF873
:10AE1000260002A80DF029F902AA00E027E04FF46D
:10AE20000031204618F072FB304606EBD071491015
:10AE300009B2ADF80C10384607EBD07149100AB2D0
:10AE4000ADF80E204FF4003B43F60F025946204662
:10AE500018F024F80190019880B2ADF8080008AA13
:10AE600002A9EB6A21980DF0B1F800BF00BF0EA84F
:10AE70000DF0CCFC0EAA0021204618F0A6FB9DF890
:10AE8000550041F6FF72BDF94A10CDE9001202905B
:10AE9000BDF94C3041460DA80E9A1EF07BFBE18AAD
:10AEA0001E98084400B2ADF82E00BDF82E00BDF883
:10AEB0003610084400B2ADF83200E86AB0B9204656
:10AEC00018F013FABDF93410461A06EBD670A18AB1
:10AED00001EB600000B2ADF82C00BDF82C00BDF80D
:10AEE0003410084400B2ADF8300022E0BAF1000F8F
:10AEF00011D0218B1F98081ABDF83410401A00B2E7
:10AF0000ADF82C00BDF82C00BDF83410084400B298
:10AF1000ADF830000DE0A18A2098084400B2ADF8E9
:10AF20002C00BDF82C00BDF83410084400B2ADF878
:10AF30003000002043460BAA0EA9009021980DF086
:10AF4000B1F8A86A10B9404614F0BAFA23B0BDE8C7
:10AF5000F08F2DE9F14F90B0109810F0FDF90546F3
:10AF60002C46109810F09FF906460EA9284616F0B8
:10AF700057FB002794F84800C0F3001008B147F0D1
:10AF8000010794F84800C0F3401008B147F00207E9
:10AF90000021284618F082F942F2D171884205D189
:10AFA000688CC0F3802008B947F0040706A80DF0AC
:10AFB0002DFCB4F84400ADF82E004620005BADF83F
:10AFC00030008DF8357006AA0021284618F0FDFAE9
:10AFD0000DA8411E626A03780BB90123037000BFFC
:10AFE000284613F0B9F90790284613F0AFF90890F6
:10AFF0004FF6FF71079888421ED0089888421BD0F0
:10B000004FF4802B44F257425946284617F046FF2A
:10B01000029002980390BDF80C00ADF8260000BF26
:10B0200020225946284617F039FF029002980390D3
:10B03000BDF80C00ADF8280094F8480000F00700B7
:10B04000022805D094F8480000F0070003281FD11B
:10B050009DF83400022803D09DF83400032817D14E
:10B0600041F6FF71BDF92A008DE88300BDF92C304F
:10B07000069A03A8616A1EF08DFA0EA809F057FE21
:10B08000BDF90C10884202DA01208DF8340000BFAF
:10B0900004F1300894F8480000F00700032805D0B8
:10B0A0000EA809F0BCFDB0F5806F01DA4FF0000882
:10B0B0000EA904A8B268F6F745FE8146B9F1000F63
:10B0C00002D111B0BDE8F08F94F8480000F00700FD
:10B0D00070B9284616F05EFD8346CBF1000002B23F
:10B0E00000210EA809F03BFE688BADF83E0000BFC2
:10B0F00094F8480000F00700022805D094F84800B2
:10B1000000F0070003280ED1D6F808B004A8B060FC
:10B11000CDF800800EAA06A93046636A0CF0C2FF83
:10B12000C6F808B007E0CDF800800EAA06A93046A0
:10B13000636A0CF0B7FFD6F808A004A8B06094F8D2
:10B14000480000F0070003284FD141F6FF71BDF918
:10B150002A008DE88300BDF92C30069A03A8616AA5
:10B160001EF018FA0EA809F0E2FDBDF90C10884295
:10B170001BDA20221146069810F037FA00EB400047
:10B18000B4F84410BDF80C201144084400B2ADF8E6
:10B190002E004620005BADF83000CDF800800EAAEE
:10B1A00006A93046636A0CF07DFF0EA809F037FD52
:10B1B000BDF90E10884217DAB4F84400ADF82E003D
:10B1C000069810F031FA4621095BBDF80E201144B3
:10B1D000084400B2ADF83000CDF800800EAA06A9F0
:10B1E0003046636A0CF05EFF00BFC6F808A000BFDF
:10B1F00067E72DE9F14F9AB01A9810F04CF88046A5
:10B200001A9810F0A9F80446B8F1150F16D11A983B
:10B2100010F049F8054618A9204606F089FA0AA850
:10B220000EF000FB0AAA4FF48021204618F0A8FA7D
:10B2300018AA0AA928460EF0D9FAC5E0B8F1180FE5
:10B24000FBD11A9810F02FF8054612A80DF0DEFA7F
:10B2500012AA4FF48021204618F0B7F910A9204611
:10B2600006F066FA10AA0EA8A968F6F76BFD0D9015
:10B270000D9800287DD0204605F0CFFE814620465F
:10B2800018F033F88346484613F05AF80221039029
:10B29000BDF95A00CDE901B10090BDF95C300CA8B0
:10B2A000129A03991EF076F9204616F083FA0646A4
:10B2B000304606EBD0714A10B4F916100A44B9F9B9
:10B2C0001610891A0B91484616F074FA0B998903E7
:10B2D00091FBF0F00B900021204617F0C4FE0A907D
:10B2E0001299B1F908200A99B1F90810501A00EB27
:10B2F000D071491009B20991BDF832100998081AA5
:10B3000000B2ADF83200304606EBD0714A10B4F905
:10B3100016105718BDF932000B99484307EBA037B8
:10B3200009983F1A0021204617F0BDF982464FF0D8
:10B33000000B41F612025946204617F0AFFD03906C
:10B34000039800B2089000BF41F613025946204608
:10B3500017F0A4FD0390039800B20790A18A089803
:10B360000844504400B2ADF8140038B2ADF81600ED
:10B3700000E028E0218B0798081AA0EB0A0000B231
:10B38000ADF81800BDF81600BDF83210084400B240
:10B39000ADF81A009DF8650040F002008DF86500D8
:10B3A000A86804900EA8A860484612F0C9FF83461A
:10B3B00000205B4605AA12A9009028460CF072FEF8
:10B3C0000498A86000BF00BF1BB0BDE8F08F2DE956
:10B3D000F14FA8B028980FF0BFFF044625462898E3
:10B3E0000FF061FF27900021204617F0B7FB269051
:10B3F0000021204617F05BFC25900021204617F025
:10B4000026FD24900021204617F0CBFA239000BFA0
:10B41000A08AADF88400E08AADF88600208BADF8F4
:10B420008800608BADF88A0000BFBDF884102698B4
:10B43000084400B2ADF88400BDF888102598081AB9
:10B4400000B2ADF88800BDF886102498084400B218
:10B45000ADF88600BDF88A102398081A00B2ADF83E
:10B460008A0013A80EF0DEF913AA4FF4003120462B
:10B4700018F086F921AA13A927980EF0B7F900262B
:10B48000204616F097F9074600BF208BA18A401A84
:10B49000401CC01B0FFA80F8686A401C40B1696A02
:10B4A00001FB08F0C11700EB116109120EB20CE0AC
:10B4B000204616F0E3FF00F0010BBBF1000F01D0B6
:10B4C000404600E00020064600BF4FF0000B41F26E
:10B4D0006A425946204617F0E1FC00900098C0B23D
:10B4E000012802D1A8EB060006B2A08A304400B2BF
:10B4F000ADF84400BDF84400384400B2ADF848004F
:10B50000E08AADF84600608BADF84A004FF4403158
:10B51000204617F023FB81464FF44031204617F0B8
:10B52000C6FB82464FF44031204617F090FC109045
:10B530004FF44031204617F034FA0F90BDF8440024
:10B54000A0EB090000B2ADF84400BDF8480050443B
:10B5500000B2ADF84800BDF846101098081A00B2C5
:10B56000ADF84600BDF84A100F98084400B2ADF897
:10B570004A0001A80EF056F901AA4FF440312046C6
:10B5800018F0FEF811AA01A927980EF02FF929B09A
:10B59000BDE8F08F2DE9F14FE0B060980FF0DCFED0
:10B5A0000446254660980FF07EFE814604F11401A2
:10B5B0005EA8D9F80820F6F7C5FB10B961B0BDE860
:10B5C000F08FD9F808005D905EA8C9F808004FF028
:10B5D000000841F232024146204617F05FFC0C9011
:10B5E0000C9800B256900021204617F03DFC559073
:10B5F0000021204617F0E2F954900021204617F070
:10B60000BAFA53900021204617F05EFB52904FF497
:10B61000A021204617F0AFFA51904FF4A021204608
:10B6200017F052FB50904FF4A021204617F01CFC5D
:10B630004F904FF4A021204617F0C0F94E90208C77
:10B640004D9000202084608C20F00400001D608458
:10B650003FA80EF0E7F83FAA4FF4A021204618F0CB
:10B660008FF829A80DF0D2F829AA4FF4A02120467E
:10B6700017F0ABFF4D982084608C20F004006084AC
:10B680000027204616F09AFA0146E28A559810449F
:10B69000401E411A5698084400B2ADF86E0120468B
:10B6A00016F082FA20900021204616F088FF01282B
:10B6B00000D100E000201F9049460DA815F01AFDAA
:10B6C0004FF4A0201A90FE480E9000200F9031A851
:10B6D000119021A812904FF0000B33E2E86A30F984
:10B6E0001B000C90BDF86E01401C00B2ADF86A0161
:10B6F000BDF86A110C980844401E00B2ADF86E0106
:10B70000BDF96A01BDF97E11884200DD1EE21F9875
:10B7100058B1218B5298081A401E2099411A569808
:10B72000081A00B2ADF868010AE0A18A53980844EB
:10B73000401E2099411A5698084400B2ADF86C0199
:10B740000026F7E100200B90A86A50F8270020B1EE
:10B75000A86A50F8270000780B901F9880B1BDF8B8
:10B760006801401E00B2ADF86C01286B30F816007D
:10B77000BDF86C11081A401C00B2ADF868010FE06A
:10B78000BDF86C01401C00B2ADF86801286B30F8C0
:10B790001600BDF868110844401E00B2ADF86C01F7
:10B7A0004FF0000800BF34E007EB0801A86A50F82A
:10B7B000210048B307EB0802A96A51F8220008B13A
:10B7C00001780B910B9901F00101D9B11F9961B179
:10B7D00006EB0801491C2A6B32F81110BDF86821EC
:10B7E000511A09B2ADF868110DE006EB0801491CC9
:10B7F0002A6B32F81110BDF86C21114409B2ADF872
:10B800006C1100E00BE000E009E008F101001FFA14
:10B8100080F808EB0601A88C401E8142C4DB00BF03
:10B82000BDF96E01BDF97A11884207DA08F101000D
:10B83000384487B206EB080086B279E100BFBDF854
:10B840006801ADF82400BDF86A01ADF82600BDF826
:10B850006C01ADF82800BDF86E01ADF82A0000BFFC
:10B860009DF81F01400800F0040090B1BDF92410BC
:10B87000B4F914205398104481420ADDBDF91C012B
:10B8800000EBD071BDF82420A2EB610109B2ADF844
:10B8900024109DF81F01400800F0020090B1BDF98E
:10B8A0002610B4F916205598104481420ADDBDF9DE
:10B8B0001C0100EBD071BDF82620A2EB610109B29A
:10B8C000ADF826109DF81F01400800F00800B8B13F
:10B8D000BDF92810B4F918205298101A401E814260
:10B8E0000EDABDF91C0100EBD07182B202F0010248
:10B8F00002EB6101BDF82820114409B2ADF828100F
:10B900009DF81F01C0F34000B8B1BDF92A10B4F989
:10B910001A205498101A401E81420EDABDF91C01FB
:10B9200000EBD07182B202F0010202EB6101BDF8BE
:10B930002A20114409B2ADF82A104FF0000AE88E0F
:10B94000584523D1A88EB04220D194F8200000F0B1
:10B95000400030B994F8200000F0200008B14AF00F
:10B96000200A94F8200000F0020008B14AF0020A10
:10B9700094F8200000F0040008B14AF0040A94F89A
:10B98000200000F0080008B14AF0080ABAF1000FE0
:10B990000AD138223FA931A813F033FE202229A969
:10B9A00021A813F02EFE1EE0A4F820A0608C20F049
:10B9B0000400001D608431A80DF034FF21A80CF0B4
:10B9C00025FF31AA4FF4A021204617F0D9FE21AA65
:10B9D0004FF4A021204617F0F8FD4D982084608C8C
:10B9E00020F00400608409A81090A88C0BFB006074
:10B9F0001B900DAA1A2120460FF0B4FC09AA31A908
:10BA000048460DF0F3FEA86A50F8270000287DD0C4
:10BA1000BDF868115198084400B2ADF86001BDF856
:10BA20006C115098081A00B2ADF86401BDF86A11A3
:10BA30004F98084400B2ADF86201BDF86E114E98FF
:10BA4000081A00B2ADF866010B98C0F340000890E8
:10BA5000089810B10220579001E00020579000BFD5
:10BA6000BDF86401BDF86011401A401C00B204909A
:10BA7000BDF9962004995798CDE900210290A86A53
:10BA800050F82700411CBDF998305CA8299A1DF098
:10BA900081FD089818BB0C9901EBD172BDF86A3191
:10BAA00003EB6202BDF9720100EBD073A2EB6302FB
:10BAB00012B2ADF862210C9901EBD17202E00000E4
:10BAC0008C440308BDF86A3103EB6202BDF97201D0
:10BAD00000EBD07302EB630212B2ADF866215AAAF2
:10BAE0005EA906A8F6F72EF90590059890B106A86C
:10BAF000C9F8080000200090A86A50F82700431CED
:10BB000058AA21A948460CF0CDFA00E003E05EA84F
:10BB1000C9F8080000BF0DAA1B2120460FF022FC27
:10BB200008F10100384487B206EB080086B200BF76
:10BB3000701C86B2A88CB0423FF704AE0BF1010036
:10BB40001FFA80FBE88C58453FF7C8AD00BF5D98F1
:10BB5000C9F8080000BF31E52DE9F04FA3B0074652
:10BB6000894616462297304609F0BEF8054600EB96
:10BB7000D5704FEA60083088404400B2ADF88400C8
:10BB80007088404400B2ADF886001EA80CF08AFE12
:10BB90001EAA4FF4A021384617F07EFD18A80CF01D
:10BBA00064FA18AA4FF4A021384617F0AFFC002120
:10BBB000384616F040FE1790494605A815F09AFA47
:10BBC0007048069021A80E9022983030F7F736FC86
:10BBD0000446D1E025681694207901285CD1B5F996
:10BBE0002000E98B08440090B5F92030D5E9051212
:10BBF000E06813F09BFB8246A88B00EB0801608A8B
:10BC000008440FFA80FB0FFA8AF01DF0D5FB00FB09
:10BC10000BF047F6FF7190FBF1F0BDF88610084479
:10BC200000B2ADF812000FFA8AF01DF0BDFB00FB68
:10BC30000BF047F6FF7190FBF1F0BDF8841008445B
:10BC400000B2ADF81000A08AADF87800208A00B2EA
:10BC5000ADF87A006079FD2801DD179803E060797E
:10BC60001799484300128DF88000012013901EA8F8
:10BC70000B9004A80F9005AA1A2138460FF072FB0A
:10BC800004AB21AA1EA948460CF0F5FD05AA1B210C
:10BC900038460FF067FB68E02079002865D12069FD
:10BCA00000B963E0B5F92000E98B08440090B5F9CC
:10BCB0002030D5E90512E06813F038FB824604A96C
:10BCC000206911F04FF8BDF88410A08A081A00B25C
:10BCD000ADF80800BDF88610E08A081A00B2ADF889
:10BCE0000A00BDF808000499C1F38A210844401EE7
:10BCF00000B2ADF80C00BDF80A00049900EB5150F9
:10BD0000401E00B2ADF80E006079FD2801DD1798E5
:10BD100003E060791799484300128DF86B00A08A00
:10BD2000ADF86400E18A18A8C1800AEB8A004FEAE6
:10BD3000400ABAF5616F01DDAAF5616A1FFA8AF05F
:10BD4000ADF8600018A80C9005AA1A2138460FF02B
:10BD500009FB02AA18A9484623690CF037F905AA7D
:10BD60001B2138460FF0FEFA00BF00BF2146229883
:10BD70003030F7F75DFB0446002C7FF42BAF23B087
:10BD8000BDE8F08F740A03082DE9F74F8AB00C461E
:10BD9000904694F82A00022802DC0DB0BDE8F08F2E
:10BDA000E08C00B9F9E794F82A90B9F1FD0F01DDB4
:10BDB0004FF0FF09414608A808F0A0FE208D401E64
:10BDC00005B2BDF82000401B00B2ADF82000BDF860
:10BDD0002200401B00B2ADF82200BDF82400284428
:10BDE00000B2ADF82400BDF82600284400B2ADF83A
:10BDF000260008A906A808F081FEBDF81800E18C0D
:10BE0000401A00B2ADF81800BDF81C00E18C0844DF
:10BE100000B2ADF81C00BDF81A00E18C401A00B267
:10BE2000ADF81A00BDF81E00E18C084400B2ADF870
:10BE30001E0008A808F04AFF824608A808F0BEFEC7
:10BE40000746B4F90060BA4501DA504600E03846CA
:10BE50008346B6EB6B0F01DD4FEA6B06E08C304496
:10BE600000B20590A07894F82A10CDE90210A08CB9
:10BE7000ADF8040030B2009008AA06A9059B0A9804
:10BE8000FBF754FC00BF88E7F8B5054628460FF0DD
:10BE900063FA064628460FF05CFA0446606BB0F57C
:10BEA000A02F54D1A06B072806D200202169C870AA
:10BEB000216981F8220014E0208F81B220223046CF
:10BEC00009F0E2FD68B100202169C870216981F89C
:10BED0002200122019F076FB0090BDF80010606976
:10BEE0008181208F81B24FF40042304609F0CCFDB1
:10BEF00098B166202169C87030461CF02DFF009073
:10BF0000BDF8001020698180304609F0B7FDA16BB3
:10BF1000884202D1B2202169C870208F81B24FF4CB
:10BF20008042304609F0B0FD88B1FF20216981F8D8
:10BF3000220030461CF010FF0090BDF80010206970
:10BF4000C1832069008C401C00B221690884F8BDBF
:10BF50002DE9F04F8BB0814648460FF0FDF90546BC
:10BF60002C4648460FF09FF98346606A12F0E8F9C4
:10BF700082469AF8000000283ED1A06A00283BD0F3
:10BF8000A06A0078C0B303A80CF040FC03AA4FF4E9
:10BF90000021284617F019FB94F85C00C0F3C0009C
:10BFA00028B19DF8290040F002008DF829000021F9
:10BFB000284616F0EDFD07460021284616F061FFE1
:10BFC00080460021284616F07BFB064605F1140149
:10BFD00001A808F0C0FD08EB060002B2B81901B2D2
:10BFE00001A808F0BCFE0020009001AA03A9584651
:10BFF000A36A0CF057F800BF0BB0BDE8F08F7CB51A
:10C000000446A06985686089002856D1A089002867
:10C0100053D1E088218988424FDAE18808B21DF0C7
:10C02000CBF9B4F90410B4F90E20891A48432168F9
:10C03000498801EBE03000B2ADF80200E1885A31E6
:10C0400008B21DF0B9F9B4F9041048432168098811
:10C0500001EBE03000B2ADF80400218908B21DF018
:10C06000ABF9B4F9041048432168498801EBE0308A
:10C0700000B2ADF8060021895A3108B21DF09CF9D2
:10C08000B4F90410B4F90E20891A484321680988CC
:10C0900001EBE03000B2ADF800002A466946684680
:10C0A000F5F750FE06463EB1A169C1F808D06A46D0
:10C0B0002169A0690DF09AFBC2E0608910B1A089E6
:10C0C00000287BD16089D0BB20680088ADF80000D3
:10C0D00020684088A188084400B2ADF80600E188D5
:10C0E00008B21DF069F9B4F90410B4F90E20891AE8
:10C0F00048432168498801EBE03000B2ADF8020006
:10C10000E1885A3108B21DF057F9B4F904104843D8
:10C110002168098801EBE03000B2ADF804002A463E
:10C1200069466846F5F70EFE06463EB1A169C1F8BC
:10C1300008D06A462169A0690DF058FB00BFA089AC
:10C1400000287DD120680088A188084400B2ADF89D
:10C15000040020684088ADF80200218908B21DF073
:10C160002BF9B4F9041048432168498801EBE03009
:10C1700000B2ADF8060021895A3108B21DF01CF951
:10C18000B4F90410B4F90E20891A484321680988CB
:10C1900001EBE03000B2ADF800002A46694668467F
:10C1A000F5F7D0FD06463EB1A169C1F808D06A4650
:10C1B0002169A0690DF01AFB42E0FFE76089A189BF
:10C1C000884205D1608918B12089E188884211DB55
:10C1D0006089022802D1A08901280BD06089032838
:10C1E00002D1A089022805D06089032828D1A0891E
:10C1F000012825D120680088ADF80000206840881B
:10C20000ADF8020020680088A188084400B2ADF8AB
:10C21000040020684088A188084400B2ADF80600F8
:10C220002A4669466846F5F78DFD06463EB1A16986
:10C23000C1F808D06A462169A0690DF0D7FA00BF9D
:10C24000A06985607CBD7CB50446A069856860896D
:10C25000012856D1A089012853D1E088218988423C
:10C260004FDAE18808B21DF0A7F8B4F9041048438A
:10C270002168498801EBE03000B2ADF80600E188A2
:10C280005A3108B21DF098F8B4F90410B4F90E2030
:10C29000891A48432168098801EBE03000B2ADF803
:10C2A0000400218908B21DF087F8B4F90410B4F92C
:10C2B0000E20891A48432168498801EBE03000B21A
:10C2C000ADF8020021895A3108B21DF075F8B4F9B1
:10C2D000041048432168098801EBE03000B2ADF852
:10C2E00000002A4669466846F5F72CFD06463EB131
:10C2F000A169C1F808D06A462169A0690DF076FAF3
:10C30000C7E06089012802D0A08901287ED1608918
:10C3100001283AD120680088A188401A00B2ADF8FF
:10C32000000020684088ADF80200E18808B21DF0E6
:10C3300043F8B4F9041048432168498801EBE03020
:10C3400000B2ADF80600E1885A3108B21DF034F8A9
:10C35000B4F90410B4F90E20891A484321680988F9
:10C3600001EBE03000B2ADF804002A4669466846A9
:10C37000F5F7E8FC06463EB1A169C1F808D06A4667
:10C380002169A0690DF032FA00BFA0890128B7D158
:10C3900020680088401E00B2ADF804002068408884
:10C3A000A188084400B2ADF80600218908B21DF04A
:10C3B00003F8B4F90410B4F90E20891A484321682F
:10C3C000498801EBE03000B2ADF8020021895A3112
:10C3D00008B21CF0F1FFB4F9041048432168098841
:10C3E00001EBE03000B2ADF800002A46694668462D
:10C3F000F5F7A8FC06463EB1A169C1F808D06A4627
:10C400002169A0690DF0F2F943E0FFE76089A18995
:10C41000884206D16089012803D02089E1888842BA
:10C420000FDB608910B9A08902280AD0608910B991
:10C43000A089032805D0608903282AD1A089022871
:10C4400027D120680088A188401A00B2ADF800000A
:10C4500020684088ADF8020020680088401E00B2C5
:10C46000ADF8040020684088A188084400B2ADF807
:10C4700006002A4669466846F5F764FC06463EB162
:10C48000A169C1F808D06A462169A0690DF0AEF92A
:10C4900000BFA06985607CBD7CB50446A069856845
:10C4A0006089022856D1A089022853D1E0882189C9
:10C4B00088424FDAE1885A3108B21CF07DFFB4F9A6
:10C4C000041048432168098801EBE03000B2ADF860
:10C4D0000000E18808B21CF06FFFB4F90410B4F951
:10C4E0000E20891A48432168498801EBE03000B2E8
:10C4F000ADF80600218908B21CF05EFFB4F9041003
:10C5000048432168498801EBE03000B2ADF80200F1
:10C5100021895A3108B21CF04FFFB4F90410B4F964
:10C520000E20891A48432168098801EBE03000B2E7
:10C53000ADF804002A4669466846F5F703FC06464E
:10C540003EB1A169C1F808D06A462169A0690DF021
:10C550004DF9CCE06089022802D0A08902287DD163
:10C56000608902283CD120680088401E00B2ADF8E6
:10C57000040020684088A188401A00B2ADF802008B
:10C58000E1885A3108B21CF017FFB4F9041048438F
:10C590002168098801EBE03000B2ADF80000E188C5
:10C5A00008B21CF009FFB4F90410B4F90E20891A7E
:10C5B00048432168498801EBE03000B2ADF806003D
:10C5C0002A4669466846F5F7BDFB06463EB1A169B5
:10C5D000C1F808D06A462169A0690DF007F900BFCB
:10C5E000A0890228B5D120680088A188401A00B22D
:10C5F000ADF8000020684088401E00B2ADF806008B
:10C6000021895A3108B21CF0D7FEB4F90410B4F9EC
:10C610000E20891A48432168098801EBE03000B2F6
:10C62000ADF80400218908B21CF0C6FEB4F904106C
:10C6300048432168498801EBE03000B2ADF80200C0
:10C640002A4669466846F5F77DFB06464EB1A16964
:10C65000C1F808D06A462169A06900E002E00DF047
:10C66000C5F844E06089A189884206D16089022822
:10C6700003D02089E18888420FDB608910B9A08946
:10C6800003280AD06089012802D1A089032804D098
:10C69000608901282BD1A08948BB20680088A18827
:10C6A000401A00B2ADF8000020684088A188401A06
:10C6B00000B2ADF8020020680088401E00B2ADF85C
:10C6C000040020684088401E00B2ADF806002A46EB
:10C6D00069466846F5F736FB06463EB1A169C1F8E2
:10C6E00008D06A462169A0690DF080F800BFA069F2
:10C6F00085607CBD7CB50446A06985686089032897
:10C7000056D1A089032853D1E088218988424FDA85
:10C71000E1885A3108B21CF04FFEB4F90410B4F9A4
:10C720000E20891A48432168098801EBE03000B2E5
:10C73000ADF80000E18808B21CF03EFEB4F9041028
:10C7400048432168498801EBE03000B2ADF80200AF
:10C7500021895A3108B21CF02FFEB4F90410484365
:10C760002168098801EBE03000B2ADF804002189AE
:10C7700008B21CF021FEB4F90410B4F90E20891A95
:10C7800048432168498801EBE03000B2ADF806006B
:10C790002A4669466846F5F7D5FA06463EB1A169CC
:10C7A000C1F808D06A462169A0690DF01FF8C7E0FA
:10C7B0006089032802D0A08903287ED160890328DC
:10C7C0003CD120680088A188084400B2ADF804007C
:10C7D00020684088401E00B2ADF80600E1885A315A
:10C7E00008B21CF0E9FDB4F90410B4F90E20891A5E
:10C7F00048432168098801EBE03000B2ADF8000041
:10C80000E18808B21CF0D8FDB4F90410484321684F
:10C81000498801EBE03000B2ADF802002A466946D3
:10C820006846F5F78FFA06463EB1A169C1F808D00F
:10C830006A462169A0690CF0D9FF00BFA0890328CE
:10C840007ED120680088ADF8000020684088A1886B
:10C85000401A00B2ADF8020021895A3108B21CF02A
:10C86000ABFDB4F9041048432168098801EBE030BE
:10C8700000B2ADF80400218908B21CF09DFDB4F9A6
:10C880000410B4F90E20891A48432168498801EB45
:10C89000E03000B2ADF806002A4669466846F5F772
:10C8A00051FA06463EB1A169C1F808D06A4621692D
:10C8B000A0690CF09BFF43E0FFE76089A1898842F3
:10C8C00006D16089032803D02089E18888420FDBE4
:10C8D0006089022801D1A08950B16089012801D165
:10C8E000A08928B1608902282AD1A089012827D1EE
:10C8F00020680088ADF8000020684088A188401AB0
:10C9000000B2ADF8020020680088A188084400B297
:10C91000ADF8040020684088401E00B2ADF8060063
:10C920002A4669466846F5F70DFA06463EB1A16902
:10C93000C1F808D06A462169A0690CF057FF00BF12
:10C94000A06985607CBD000070B5A4B006460D46A8
:10C9500020AA22A9304615F03BF922A808F066F972
:10C9600028B920A808F062F908B924B070BD12A94E
:10C9700030461FF095F90446012C00D0F5E7294612
:10C98000684614F0B7FB1B4801900220029012A8E1
:10C9900004904FF480300D9022A808F047F980B140
:10C9A00022A803906A461A2130460EF0DBFC22AA28
:10C9B00012A928460CF01AFF6A461B2130460EF0D9
:10C9C000D1FC20A808F032F990B120A803906A4663
:10C9D0001A2130460EF0C6FC20A8039020AA12A906
:10C9E00028460CF003FF6A461B2130460EF0BAFCC5
:10C9F00000BFBAE7640303082DE9F04FB1B0054664
:10CA00000F4605F114012FA8BA68F5F79BF910B984
:10CA100031B0BDE8F08FB8682E902FA8B8602C46D2
:10CA20000021284616F03FF82B900021284616F0EA
:10CA3000A6F92A90284614F048FEB4F8841048431A
:10CA400000120FFA80FA284614F020FEB4F886107F
:10CA5000484300120FFA80FB04F12400F6F7CFFCE4
:10CA600028900021284615F0D0FF82346188484381
:10CA7000001227902188491E279801FB10A02188C9
:10CA800090FBF1F000B2269028992698B0FBF1F0C7
:10CA900000B225904FF4A021284615F0B6FF61881A
:10CAA000823C484300122490284614F079FF014646
:10CAB0002B98401A00B22390284615F06BF80146D7
:10CAC0002A98401A00B2229014A80CF0ABFE14AAC7
:10CAD0004FF4A021284616F053FE14A8C07B20F086
:10CAE000070114A8C173FF208DF85300688BBDF8AF
:10CAF0005010084400B2ADF8B600394602A814F050
:10CB0000F9FA4FF4A0200F905D48039004200490A0
:10CB10004FF00008AAE02798504400FB08F0B4F852
:10CB2000821090FBF1F0A98A01442398084400B2D6
:10CB30000190CDF8408004F12400F6F77FFC064612
:10CB40008CE0307B00F0010000B181E094F88800B7
:10CB5000C0F3C00008B9708900E0002000B2009066
:10CB60000198ADF8B000BDF8B010259801442498A4
:10CB7000081A401E00B2ADF8B40025990198084487
:10CB800000B20190BDF9B400BDF9BC10884200DAD2
:10CB90005EE0BDF9B000BDF9C010884200DD60E084
:10CBA0003089ADF8540000984044B4F8821090FBEE
:10CBB000F1F201FB12000FFA80F9706830F91910D8
:10CBC000307BC0F3001204F16C0030F91200081A37
:10CBD00000FB0BF02990307BC0F3001104F17000D2
:10CBE00030F91110307BC0F3001204F16C0030F901
:10CBF0001200091A299890FBF1F029902998ABEBC3
:10CC00000001E88A01442298084400B2ADF8B2005D
:10CC1000706830F9190047F6FF71884217D02CA8C8
:10CC2000059014A806901396706830F919001290B8
:10CC300002AA1A2128460EF095FB2CAA14A9384600
:10CC40000CF0D4FD02AA1B2128460EF08BFB00BF7E
:10CC5000314604F12400F6F7EBFB0646002E7FF484
:10CC600070AF00BF08F101001FFA80F8B4F882002D
:10CC700040453FF750AF2E98B86000BFC8E60000AF
:10CC80003C0503082DE9F34FB9B083463A980BF100
:10CC90001401826837A8F5F755F810B93BB0BDE824
:10CCA000F08F3A988068369037A93A9881605D464F
:10CCB000B5F88200022800DAF0E70021584615F0A6
:10CCC000D8FC33900021584615F0EDFE014633980C
:10CCD000084400B232900021584616F050F8014640
:10CCE0003398084400B23190584614F0EEFCB5F881
:10CCF00084104843001200B23090584614F0C6FC2D
:10CD0000B5F886104843001200B22F90584614F030
:10CD100047FE0146BBF8142032981044401A00B276
:10CD20002E90584614F036FF0146BBF81620319875
:10CD30001044401A00B22D903A980BF11401826809
:10CD40002BA8F4F7FFFF2A902A9800B9A6E727A896
:10CD50000BF0A8FD27AA4FF4A021584616F09CFC22
:10CD600019A80CF05FFD19AA4FF40031584616F0CF
:10CD700007FD4FF40031584616F083FA064600EBE3
:10CD8000D67047104FF40031584615F0ECFC0646BB
:10CD900000EBD6704FEA600ABDF99E00574501DAF4
:10CDA000394600E0514600EBD072B1EB620F06DD70
:10CDB0009DF8A50020F0100010308DF8A500BDF8FA
:10CDC0009E00012806D19DF8A50020F0100010302B
:10CDD0008DF8A500B5F882103098814201DB012062
:10CDE00000E00020189005F12400F6F727FB044628
:10CDF000D4E1207B00F0010000B1C9E12089ADF849
:10CE00009C002089ADF8680095F88800C0F3C00048
:10CE100008B9608900E0002006B217962E98ADF898
:10CE2000D4002E98ADF8D000179E179EB0466068CB
:10CE300030F91810207BC0F3001205F16C0030F9B6
:10CE40001200081A2F9948431690207BC0F3001156
:10CE500005F1700030F91110207BC0F3001205F1CC
:10CE60006C0030F91200091A169890FBF1F0169038
:10CE700016992F98411A2D98084400B2ADF8D200A7
:10CE800004A83A9914F036F9C84805900320069092
:10CE90004FF4A020119027A80A9019A80890159483
:10CEA000BDF9D2000390BDF9D20002904FF0000905
:10CEB00023E1BDF8D000ADF8D400BDF8D200ADF844
:10CEC000D600BDF9D4103698B0F904003844401C9F
:10CED000814200DD16E1309800FB09F0B5F88210C0
:10CEE000491E90FBF1F12E98084400B2ADF8D00035
:10CEF00017984844B5F8821090FBF1F201FB12003C
:10CF000006B2606830F91610207BC0F3001205F1FC
:10CF10006C0030F91200081A2F9948431690207BB4
:10CF2000C0F3001105F1700030F91110207BC0F33F
:10CF3000001205F16C0030F91200091A169890FBE6
:10CF4000F1F0169016992F98411A2D98084400B2C6
:10CF5000ADF8D200BDF9D0103698B0F90000C01B72
:10CF6000401E814201DAB046C3E0B9F1000F58D04B
:10CF70001898E8B3606830F9180047F6FF718842E6
:10CF8000F5D0606830F916008842F0D0BDF9D210B3
:10CF90000298814201DA029801E0BDF9D2000290C4
:10CFA000BDF9D2100398814201DD039801E0BDF97B
:10CFB000D2000390BDF9D400BDF9D010884230D022
:10CFC000BDF9D2000190BDF8D000401E00B2ADF80E
:10CFD000D000BDF8D000ADF8D4000398ADF8D6006D
:10CFE0000298ADF8D200BDF9D600BDF9D21000E02C
:10CFF00018E0884205D1BDF8D200401C00B2ADF85F
:10D00000D20034AB35AA27A93A980BF034FCBDF80E
:10D01000D000401C00B2ADF8D000019803900198F8
:10D02000029064E0BDF8D400C01B00B2ADF800006F
:10D03000BDF8D400384400B2ADF80400BDF8D60005
:10D04000A0EB0A0000B2ADF80200BDF8D6005044D3
:10D0500000B2ADF80600A9F101001290606830F945
:10D06000180047F6FF71884201D035A800E0002083
:10D070000D90606830F9160047F6FF71884201D0C4
:10D0800034A800E000200E90CDF81CD0606830F984
:10D090001800149004AA1A2158460EF063F960682B
:10D0A00030F9180047F6FF7188420AD0606830F9FD
:10D0B0001600884205D034AB35AA27A93A980BF060
:10D0C000DAFB77B1BAF1000F0BD0606830F91800C5
:10D0D00047F6FF71884204D06A4619A93A980CF0C5
:10D0E00085FB04AA1B2158460EF03CF900BFB04650
:10D0F00000BF09F101001FFA80F9B5F88200484528
:10D100003FF7D7AE00BF1898E8BBB5F88200484596
:10D110003DD1606830F9160047F6FF71884236D07D
:10D12000BDF8D000C01B00B2ADF80000BDF8D000C3
:10D13000384400B2ADF80400BDF8D200A0EB0A00FC
:10D1400000B2ADF80200BDF8D200504400B2ADF814
:10D150000600A9F10100129000200D900E90CDF86C
:10D160001CD0606830F91600149004AA1A215846A1
:10D170000EF0F8F86A4619A93A980CF037FB04AAA1
:10D180001B21584600E002E00EF0ECF800BF00BFA3
:10D19000214605F12400F6F74BF90446002C7FF4F4
:10D1A00028AE3A993698886000BF77E53C050308B9
:10D1B0002DE9F34FB3B08146349809F11401826828
:10D1C00031A8F4F7BFFD10B935B0BDE8F08F349841
:10D1D0008068309031A9349881604D4600214846DE
:10D1E00015F047FA2D900021484615F05CFC2C9074
:10D1F0000021484615F0C3FD2B90484614F065FA0F
:10D20000B5F884104843001200B22A90484614F042
:10D210003DFAB5F886104843001200B229904846FE
:10D2200014F0BEFB0146B9F814202C9802442D9846
:10D230001044401A00B22890484614F0ABFC014656
:10D24000B9F816202B9802442D981044401A00B2C9
:10D25000279024A80BF026FB24AA4FF4A0214846CF
:10D2600016F01AFA16A80CF0DDFA16AA4FF40031DF
:10D27000484616F085FA4FF40031484616F001F89A
:10D28000064600EBD67047104FF40031484615F0C3
:10D290006AFA064600EBD6704FEA6008BDF99200C4
:10D2A000474501DA394600E0414600EBD072B1EB68
:10D2B000620F06DD9DF8990020F0100010308DF807
:10D2C0009900BDF89200012806D19DF8990020F040
:10D2D000100010308DF8990005F12400F6F7AEF833
:10D2E000044698E1207B00F0010000B18DE1208927
:10D2F000ADF890002089ADF85C0095F88800C0F387
:10D30000C00008B9608900E0002006B21596289890
:10D31000ADF8BC002898ADF8B800159E159EB34630
:10D32000606830F816000A2847D02A9800902368D1
:10D3300033F91600237BC3F3C00C05F1780333F9EE
:10D340001C20237BC3F3C00C05F1740333F91C10BC
:10D35000002311F0EBFF00B2ADF8B800BDF8B81033
:10D360002898084400B2ADF8B80029980090636886
:10D3700033F91600237BC3F3001C05F1700333F966
:10D380001C20237BC3F3001C05F16C0333F91C1034
:10D39000002311F0CBFF00B2ADF8BA00BDF8BA100F
:10D3A0002998401A00B2ADF8BA00BDF8BA10279813
:10D3B000084400B2ADF8BA0005E04EF20100ADF845
:10D3C000B800ADF8BA0003A8349913F093FE4FF4F7
:10D3D000A0201090944804900320059024A8099060
:10D3E00016A8079014944FF0000AC8E0BDF8B800E2
:10D3F000ADF8BC00BDF8BA00ADF8BE0015985044B9
:10D40000B5F8821090FBF1F201FB120006B26068E1
:10D4100030F9160047F6FF71884247D029980090EE
:10D42000636833F91600237BC3F3001C05F1700316
:10D4300033F91C20237BC3F3001C05F16C0333F983
:10D440001C10002311F072FF00B2ADF8BA00BDF855
:10D45000BA102998401A00B2ADF8BA00BDF8BA1057
:10D460002798084400B2ADF8BA002A9800902368C3
:10D4700033F91600237BC3F3C00C05F1780333F9AD
:10D480001C20237BC3F3C00C05F1740333F91C107B
:10D49000002311F04BFF00B2ADF8B800BDF8B81092
:10D4A0002898084400B2ADF8B80001E0B34662E045
:10D4B000BAF1000F5DD0BDF8BC00C01B00B2ADF8E2
:10D4C0000400BDF8BC00384400B2ADF80800BDF857
:10D4D000BE00A0EB080000B2ADF80600BDF8BE002B
:10D4E000404400B2ADF80A00AAF101001190606852
:10D4F00030F91B0047F6FF71884201D02FA800E0E9
:10D5000000200C90606830F9160047F6FF718842E1
:10D5100001D02EA800E000200D9001A806906068C0
:10D5200030F91B00139003AA1A2148460DF01AFF88
:10D53000606830F91B0047F6FF71884213D06068BD
:10D5400030F9160088420ED02EAB2FAA24A93498A9
:10D550000BF091F93FB1B8F1000F04D001AA16A960
:10D5600034980CF043F903AA1B2148460DF0FAFE4B
:10D5700000BFB34600BF0AF101001FFA80FAB5F8F8
:10D58000820050453FF732AFB5F8820050453BD19D
:10D59000606830F9160047F6FF71884234D0BDF854
:10D5A000B800C01B00B2ADF80400BDF8B8003844A4
:10D5B00000B2ADF80800BDF8BA00A0EB080000B258
:10D5C000ADF80600BDF8BA00404400B2ADF80A005C
:10D5D000AAF10100119000200C900D9001A8069076
:10D5E000606830F91600139003AA1A2148460DF01E
:10D5F000B9FE01AA16A934980CF0F8F803AA1B2169
:10D6000048460DF0AFFE00BF00BF214605F12400E3
:10D61000F5F70EFF0446002C7FF464AE3499309881
:10D62000886000BFD0E500003C0503082DE9F74FF6
:10D63000A2B00F46F88D10B925B0BDE8F08F97F86D
:10D640003600022800DCF7E7F88D012808D1B7F989
:10D650003400002804DC388E10B9788E00B9EBE76E
:10D6600024980088398E0844B98E401A00B2ADF86B
:10D67000800024988088398E0844B98E084400B20E
:10D68000ADF8840024984088798E0844B98E401AF9
:10D6900000B2ADF882002498C088798E0844B98E13
:10D6A000084400B2ADF88600B7F92E0000EBD07147
:10D6B000BDF88020A2EB6101491E09B2ADF87810D7
:10D6C000B7F92E0000EBD071BDF8842002EB6101A8
:10D6D000491C09B2ADF87C10B7F92E0000EBD071EF
:10D6E000BDF88220A2EB6101491E09B2ADF87A10A3
:10D6F000B7F92E0000EBD071BDF8862002EB610176
:10D70000491C09B2ADF87E1097F836001D901D989F
:10D71000FD2801DDFF201D9022981EA982681BA80C
:10D72000F4F710FB00B987E719A8249907F0E6F988
:10D730004FF0FF32114619A807F000FBB7F900803F
:10D7400019A807F0C3FA834619A807F037FA8345EA
:10D7500003DA19A807F0BAFA02E019A807F02EFABE
:10D7600018901898B8EB600F02DD18984FEA60081F
:10D77000B7F90000179020A807F0A8FA834620A860
:10D7800007F01CFA834503DA20A807F09FFA02E0AD
:10D7900020A807F013FA1890DDE91701B0EB610F2C
:10D7A00002DD189840101790B7F92E1017980C1832
:10D7B00004FB04F1480011F007FE8246B7F92E2061
:10D7C000179803B2514620A81EF038FC1EA80BF093
:10D7D0009BFB16904FF00109169820B9F878FF28A6
:10D7E00001DBB87808B14FF000094FF0FF300F901F
:10D7F000B9F1000F0BD101230FFA88F219A910A873
:10D800000BF0FAFE002110A80BF078F80F901EA87C
:10D8100007F05CFA834611F0D7FD0E901C2102A898
:10D8200012F07DF80CA8029007900E980590B88D24
:10D83000ADF8100097F836008DF82000B8788DF814
:10D8400021001EA807F042FA834600EBDB70BDF80A
:10D85000781001EB600000B201901EA807F0AEF94D
:10D86000834600EBDB70BDF87A1001EB600000B27C
:10D870000090BDF87C00ADF83400BDF87C00001BC2
:10D88000401C00B2ADF83000BDF87A00ADF83200AF
:10D89000BDF87A002044401E00B2ADF83600BDF954
:10D8A00030100198814202DDBDF9300000E001989E
:10D8B000ADF83000BDF936100098814202DABDF9AA
:10D8C000360000E00098ADF8360022980CA9826876
:10D8D0000AA8F4F737FA002866D00FFA88F219A9D7
:10D8E0000AA8F4F770FA00285ED10AA807F0EEF94A
:10D8F00083465646BDF92A00BDF97A10401A00FB4E
:10D900000466BDF92810BDF97C00001B401C081AF4
:10D910000644B9F1000F09D00FFA88F219A90AA834
:10D92000F4F7CCFA10B10120099001E0CDF8249071
:10D93000BBF1000F37DD0E980590BDF82800ADF85B
:10D940003000BDF82C00ADF8340002208DF818002E
:10D95000BDF92A5023E0ADF83250ADF836500998A1
:10D96000A8B9224631460E9811F04BFEBDF9281099
:10D970005B462A460E980BF077FA8DF818009DF852
:10D980001800012804D102208DF8180000E0059647
:10D9900002A922980CF068F92644681C05B2BDF96A
:10D9A0002E00A842D7DA00BFBDF87C00ADF83400E5
:10D9B000BDF87C00001B401C00B2ADF83000BDF883
:10D9C0007E00001B401C00B2ADF83200BDF87E00A6
:10D9D000ADF83600BDF930100198814202DDBDF985
:10D9E000300000E00198ADF83000BDF93210009829
:10D9F000401C814202DDBDF9320001E00098401C6C
:10DA000000B2ADF8320022980CA982680AA8F4F797
:10DA100099F9002866D00FFA88F219A90AA8F4F734
:10DA2000D2F9A8BB0AA807F051F983465646BDF9BA
:10DA30003600BDF92E10401A00FB0466BDF928100F
:10DA4000BDF97C00001B401C081A0644B9F1000F08
:10DA500009D00FFA88F219A90AA8F4F72FFA10B121
:10DA60000120099001E0CDF82490BBF1000F38DDD2
:10DA70000E980590BDF82800ADF83000BDF82C00D8
:10DA8000ADF8340002208DF81800BDF92E5024E0C6
:10DA900028E0ADF83250ADF836500998A8B92246C2
:10DAA00031460E9811F0ADFDBDF928105B462A46AF
:10DAB0000E980BF0D9F98DF818009DF81800012880
:10DAC00004D102208DF8180000E0059602A92298E2
:10DAD0000CF0CAF82644681E05B2BDF92A00A84217
:10DAE000D7DD00BFBDF87800204400B2ADF83000AB
:10DAF000BDF87C00001B00B2ADF83400BDF87A0020
:10DB0000ADF83200BDF87A002044401E00B2ADF8F6
:10DB10003600BDF936100098814202DABDF93600B0
:10DB200000E00098ADF8360022980CA982680AA897
:10DB3000F4F708F900286FD00FFA88F219A90AA89B
:10DB4000F4F741F9002867D10AA807F0BFF8834627
:10DB50005646BDF92A00BDF93210401A00FB046692
:10DB6000B9F1000F09D00FFA88F219A90AA8F4F741
:10DB7000A5F910B10120099001E0CDF82490BBF186
:10DB8000000F48DD099810B90E98059001E00020BB
:10DB90000590BDF82800ADF83000BDF82C00ADF8B8
:10DBA0003400BDF92A5032E0ADF83250ADF83650AD
:10DBB0000998C8B931785A460E9811F076FEBDF929
:10DBC00028105B462A460E980BF04EF98DF8180087
:10DBD0009DF81800012802D102208DF8180002A932
:10DBE00022980CF041F80FE01D98FF2801D1307801
:10DBF00004E0307897F83610484300128DF8200082
:10DC000002A922980CF030F82644681C05B2BDF930
:10DC10002E00A842C8DA00BF97F836008DF8200021
:10DC2000BDF87800204400B2ADF83000BDF87C00AB
:10DC3000001B00B2ADF83400BDF87E00001B401C94
:10DC400000B2ADF83200BDF87E00ADF83600BDF987
:10DC500032100098401C814202DDBDF9320001E023
:10DC60000098401C00B2ADF8320022980CA98268DE
:10DC70000AA8F4F767F800287ED00FFA88F219A9ED
:10DC80000AA8F4F7A0F8002878D10AA807F01EF82F
:10DC900083465646BDF93600BDF92E10401A00FBEA
:10DCA0000466BBF1000F66DDB9F1000F09D00FFA71
:10DCB00088F219A90AA8F4F701F910B10120099016
:10DCC00001E0CDF82490099810B90E98059001E074
:10DCD00000200590BDF82800ADF83000BDF82C00FC
:10DCE000ADF83400BDF92E5041E0ADF83250ADF83A
:10DCF0003650B9F1000F09D00FFA88F219A90AA815
:10DD0000F4F7DCF810B10120099001E0CDF824907F
:10DD10000998C8B931785A460E9811F0C6FDBDF978
:10DD200028105B462A460E980BF09EF88DF81800D6
:10DD30009DF81800012802D102208DF8180002A9D0
:10DD400022980BF091FF0FE01D98FF2801D1307849
:10DD500004E0307897F83610484300128DF8200020
:10DD600002A922980BF080FF2644681E05B2BDF977
:10DD70002A00A842B9DD00E000E000BF97F83600B5
:10DD80008DF82000BDF87C00001B401C00B2ADF8EF
:10DD90003000BDF87C00ADF83400BDF87A002044B6
:10DDA00000B2ADF83200BDF87E00001B00B2ADF845
:10DDB0003600BDF932100098401C814202DABDF9EC
:10DDC000320001E00098401C00B2ADF83200BDF90D
:10DDD00036100098814202DDBDF9360000E000985F
:10DDE000ADF83600BDF930100198814202DDBDF971
:10DDF000300000E00198ADF8300022980CA982684C
:10DE00000AA8F3F79FFFE0B30FFA88F219A90AA84E
:10DE1000F3F7D9FFA8BB0AA806F058FF8346564679
:10DE2000601E00FB0466BDF92810BDF97C00001BD4
:10DE3000401C081A0644B9F1000F09D00FFA88F205
:10DE400019A90AA8F4F73AF810B10120099001E0E5
:10DE5000CDF82490099808B1304600E00E9805905E
:10DE6000BBF1000F33DDBDF82800ADF83000BDF880
:10DE70002C00ADF8340002208DF81800BDF92A50AE
:10DE800021E025E0ADF83250ADF836500998A0B940
:10DE90005A4631460E9811F0B4FBBDF928105B4686
:10DEA0002A460E980AF0E0FF8DF818009DF8180039
:10DEB000012802D102208DF8180002A922980BF047
:10DEC000D3FE681C05B2BDF92E00A842DADA00BF05
:10DED0005646002515E030463319591E002208E049
:10DEE000037891F800C080F800C00B70401C491EF8
:10DEF000521C04EBD47CB2EB6C0FF1DB2644681CA3
:10DF000005B2A542E7DBBDF87800ADF83000BDF8FA
:10DF100078002044401E00B2ADF83400BDF87A000D
:10DF2000204400B2ADF83200BDF87E00001B00B204
:10DF3000ADF83600BDF932100098401C814202DA7B
:10DF4000BDF9320001E00098401C00B2ADF832008B
:10DF5000BDF936100098814202DDBDF9360000E0BF
:10DF60000098ADF83600BDF934100198401E81428A
:10DF700002DABDF9340001E00198401E00B2ADF8AC
:10DF8000340022980CA982680AA8F3F7DBFED0B30C
:10DF90000FFA88F219A90AA8F3F715FF98BB0AA887
:10DFA00006F094FE83465646601E00FB0466BDF9EB
:10DFB0002800BDF93010401A0644B9F1000F09D00D
:10DFC0000FFA88F219A90AA8F3F778FF10B1012017
:10DFD000099001E0CDF82490099808B1304600E09E
:10DFE0000E980590BBF1000F33DDBDF82800ADF8A9
:10DFF0003000BDF82C00ADF8340002208DF8180078
:10E00000BDF92A5021E025E0ADF83250ADF8365088
:10E010000998A0B95A4631460E9811F0F2FABDF9A6
:10E0200028105B462A460E980AF01EFF8DF818004D
:10E030009DF81800012802D102208DF8180002A9CD
:10E0400022980BF011FE681C05B2BDF92E00A84203
:10E05000DADA00BFBDF87800ADF83000BDF878001E
:10E060002044401E00B2ADF83400BDF87A00ADF88F
:10E070003200BDF87A002044401E00B2ADF83600F0
:10E08000BDF934100198401E814202DABDF9340016
:10E0900001E00198401E00B2ADF83400BDF9361021
:10E0A0000098814202DABDF9360000E00098ADF830
:10E0B000360022980CA982680AA8F3F743FED0B371
:10E0C0000FFA88F219A90AA8F3F77DFE98BB0AA8EF
:10E0D00006F0FCFD83465646BDF92A00BDF9321014
:10E0E000401A00FB0466BDF92800BDF93010401A43
:10E0F0000644B9F1000F09D00FFA88F219A90AA84D
:10E10000F3F7DCFE10B10120099001E0CDF8249076
:10E110000E980590BBF1000F36DDBDF82800ADF874
:10E120003000BDF82C00ADF8340002208DF8180046
:10E13000BDF92A5024E028E0ADF83250ADF8365051
:10E140000998A8B9224631460E9811F05AFABDF93D
:10E1500028105B462A460E980AF086FE8DF81800B5
:10E160009DF81800012804D102208DF8180000E065
:10E17000059602A922980BF077FD2644681C05B28B
:10E18000BDF92E00A842D7DA00BFBDF87800ADF87F
:10E190003000BDF878002044401E00B2ADF83400D5
:10E1A000BDF87E00001B401C00B2ADF83200BDF887
:10E1B0007E00ADF83600BDF932100098401C814257
:10E1C00002DDBDF9320001E00098401C00B2ADF85C
:10E1D0003200BDF934100198401E814202DABDF9C7
:10E1E000340001E00198401E00B2ADF834002298DE
:10E1F0000CA982680AA8F3F7A5FDD0B30FFA88F23C
:10E2000019A90AA8F3F7DFFD98BB0AA806F05EFD7E
:10E2100083465646BDF93600BDF92E10401A00FB64
:10E220000466BDF92800BDF93010401A0644B9F162
:10E23000000F09D00FFA88F219A90AA8F3F73EFED9
:10E2400010B10120099001E0CDF824900E980590BE
:10E25000BBF1000F36DDBDF82800ADF83000BDF889
:10E260002C00ADF8340002208DF81800BDF92E50B6
:10E2700024E028E0ADF83250ADF836500998A8B93E
:10E28000224631460E9811F0BCF9BDF928105B46C4
:10E290002A460E980AF0E8FD8DF818009DF818003F
:10E2A000012804D102208DF8180000E0059602A98B
:10E2B00022980BF0D9FC2644681E05B2BDF92A004D
:10E2C000A842D7DD00BFBDF87800204400B2ADF809
:10E2D0003000BDF87C00001B00B2ADF83400BDF882
:10E2E0007A00204400B2ADF83200BDF87E00001B79
:10E2F00000B2ADF836000E98059022980CA98268FD
:10E300000AA8F3F71FFDA0B30FFA88F219A90AA80B
:10E31000F3F759FD68BB0AA806F0D8FC8346BBF1A9
:10E32000000F25DDBDF82800ADF83000BDF82C0049
:10E33000ADF83400BDF92A5016E0ADF83250ADF812
:10E34000365059460E9811F021FBBDF928105B4656
:10E350002A460E980AF088FD8DF8180002A9229826
:10E360000BF082FC681C05B2BDF92E00A842E4DA6D
:10E3700000BFB9F1000F05D110A80AF0A1FD0F9858
:10E380000BF022FA504611F09BF80E9811F098F815
:10E3900000BFFFF751B900002DE9F74FDEB05E98DE
:10E3A0005D90609806F0A0FC804600EBD8704FEAC4
:10E3B000600A609806F010FC074600EBD77040102A
:10E3C000824507DA609806F08FFC064606EBD670A9
:10E3D000401006E0609806F0FFFB054605EBD5709F
:10E3E000401000B25B90609801885B98084400B2CE
:10E3F000ADF87001609841885B98084400B2ADF8B0
:10E40000720158A80AF04EFA58AA4FF4C0215E983B
:10E4100015F042F99DF8690120F0100010308DF8D8
:10E42000690150A80AF0F2F950AA4FF4C0215E9891
:10E4300015F0CBF82CA85F9912F05CFEFE482D90E9
:10E440004FF4C020399003202E9058A832905D9848
:10E450002430F4F7F3FF044641E23D94A18B5B982E
:10E46000084406B2A088301A00B22B90A089301A56
:10E470000FFA80FABDF870112B98081A00B2ADF8A7
:10E48000A400BDF872112B98081A00B2ADF8A600CE
:10E49000BDF870112B98084400B2ADF8A800BDF883
:10E4A00072112B98084400B2ADF8AA00012347F678
:10E4B000FF7229A94AA80BF09FF8BDF87001A0EBE4
:10E4C0000A0000B2ADF89C00BDF87201A0EB0A0092
:10E4D00000B2ADF89E00BDF870015044401E00B27D
:10E4E000ADF8A000BDF872015044401E00B2ADF876
:10E4F000A200012347F6FF7227A944A80BF07CF87D
:10E50000BDF87001801B00B2ADF89400BDF8720137
:10E51000801B00B2ADF89600BDF870013044401E7B
:10E5200000B2ADF89800BDF872013044401E00B250
:10E53000ADF89A00002347F6FF7225A93EA80BF01C
:10E540005BF800213EA80AF0D9F924904FF0FF3083
:10E550002390608910B16089401E01E04FF6FF7082
:10E5600022904FF00009A4E12298401C2290002044
:10E57000219061892298814203D1002022900120BC
:10E580002190A06900906088421E0021484663697E
:10E5900010F0CCFE07463C97219810B120892090BE
:10E5A00001E02068209020981F90219808B1E08910
:10E5B00000E0E0880FFA80F8CDF87880DDF8788008
:10E5C0005D983030F4F73AFF05465FE0287902287D
:10E5D00000D055E0A868B84251DCE868B8424EDB8C
:10E5E000288A40440FFA80F8698AA88A814202D1B9
:10E5F000688A209043E0A87D00F0010050B1FF2020
:10E60000009000233846D5E9021210F08FFEC0B208
:10E61000139009E0FF20009000233846D4E905124A
:10E6200010F084FEC0B21390A98A1191698A1291E8
:10E63000139800F1040C4FEAEC00BDF848C04CEA16
:10E640000C4CDFF8F8E10CEA0E01BDF844C04CEACE
:10E650000C4C0CEA0E03A3EB010C0CFB00FC01EBD1
:10E660005C1C0CEA0E0242EA124C1FFA8CFCCDF83C
:10E6700040C0BDF840E0F446CDF880C000BF00BF08
:10E6800029465D983030F4F7D3FE0546002D9DD124
:10E69000E08B00FB09F001026088401E91FBF0F066
:10E6A0001D901D9800121C901C98401C1B901D98DA
:10E6B00000F0FF0B228C1C99114408B21AF07CFE6A
:10E6C0001A90228C1B99114408B21AF075FE199009
:10E6D000CBF580711A984143199800FB0B1000127A
:10E6E0001890228C1C99114408B21AF05DFE179004
:10E6F000228C1B99114408B21AF056FE1690CBF5E5
:10E70000807117984143169800FB0B10001215906A
:10E71000BDF88000ADF86001ADF86281BDF87021F0
:10E7200006EB0801159848437F3002EBE03000B259
:10E73000ADF85000BDF8722106EB08011898484367
:10E740007F3002EBE03000B2ADF8520014A83590F3
:10E750005CA83590CDF8E89050A831902198002819
:10E760007CD024980BF030F8B4F91000AAEB00002C
:10E770001390BDF870211399159848437F3002EB30
:10E78000E03000B2ADF84800BDF872211399189836
:10E7900048437F3002EBE03000B2ADF84A0020225F
:10E7A00050A90AA810F02DFF0AA831903B4624A2D8
:10E7B000102106A818F088F906A837902CAA1A216B
:10E7C0005E980CF0CFFD002141F6FF72BDF95201B9
:10E7D000CDE901210090BDF9543105A8509A37992F
:10E7E0001AF0D8FEBDF9140000EBD071BDF8482036
:10E7F000A2EB610109B2ADF80C10BDF9160000EBF7
:10E80000D071BDF84A20A2EB610109B2ADF80E103B
:10E81000BDF80C00BDF81410084400B2ADF81000AB
:10E82000BDF80E00BDF81610084400B2ADF8120095
:10E830000020009003AA06E0740A03081FF8E0070E
:10E84000256400000AE0379B31995F9809F02AFCA3
:10E8500000213EA80AF052F8249007E000203190F1
:10E8600037902CAA1A215E980CF07CFD219909B1F1
:10E8700044A900E04AA9084600210AF03FF8239085
:10E880005CAB14AA58A95F9809F0F5FF23980AF029
:10E890009BFF2CAA16215E980CF064FDBDF87C004D
:10E8A000ADF860011E98ADF8620109F1010000F0B9
:10E8B000FF09608848453FF757AE4AA80AF000FBB9
:10E8C00044A80AF0FDFA3EA80AF0FAFA24980AF0E1
:10E8D0007BFF21465D982430F4F7AAFD0446002C06
:10E8E0007FF4BBAD61B0BDE8F08F00002DE9F04FC3
:10E8F000B1B005468B4690462E464146284602F06A
:10E900008BFF04462089C0F30E00012802DC31B0E1
:10E91000BDE8F08F2089C0F3C03020B9208810B93D
:10E92000608800B9F3E70021284614F0BCF882465D
:10E930000021284613F09DFE504400B22E90284638
:10E9400012F0C3FEB6F884104843001200B22D90B6
:10E9500025A809F05BFF25AA4FF4C021284614F032
:10E9600034FE284613F01CF80146AA8A2E9810445B
:10E97000401A00B22490B8F1020F0ED12089C0F3E2
:10E98000C03028B14FF4C021284613F0AFFF00E09B
:10E9900000202390B5F91A900DE02089C0F3C03013
:10E9A00028B14FF4C021284614F0E9F900E0002016
:10E9B0002390B5F91690B8F1020F16D1DBF80800D4
:10E9C000B0F90600484500DAA1E7239848442599A4
:10E9D000B1F908100844B4F900100844DBF8081035
:10E9E000B1F90210884200DA91E720A809F05AFF35
:10E9F00020AA4FF4C021284614F04EFE0020ADF8A6
:10EA00008600ADF8840059460EA812F073FBA648A4
:10EA10000F900620109002201C904FF4C0201B90F5
:10EA200025A8139020A81490B8F1020F01D001205E
:10EA300000E000200D9096F8880000F00700022802
:10EA400022D10021284613F0E0FFB6F88410484395
:10EA50004FEA202A2D985044B6F8821090FBF1F02E
:10EA600000B20B900B99A1EB0A0000EBD0714A1099
:10EA70002499114409B224910B98A0EB0A012D9816
:10EA8000401A00B22D9000BFADF8C2902089C0F3AB
:10EA90000E00401E6168C1F30E4148430C900027F0
:10EAA000FBE000200B906068C0F30E40B7FBF0F174
:10EAB00000FB117008B901200B90BDF982102D9850
:10EAC000401A78430C99B0FBF1F12498084400B245
:10EAD000ADF8C000ADF8BC000D9868B1BDF9C2102A
:10EAE0000B9810B1B4F9000001E0B4F90200081A63
:10EAF00000B2ADF8BE000CE0BDF9C2100B9810B129
:10EB0000B4F9000001E0B4F90200084400B2ADF825
:10EB1000BE0030A817902FA8189096F8880000F033
:10EB20000700032810D106F178000D9930F9110083
:10EB3000009006F1740030F91130002138460C9A2B
:10EB400010F0F4FB824604E06068C0F30E40B7FBAF
:10EB5000F0FACDF878A00B98002871D02089C0F386
:10EB6000C03000286CD0534650A2102107A817F0DF
:10EB7000ABFF25A8139007A8199010201A900EAA91
:10EB80001A2128460CF0EEFB002141F6FF72BDF978
:10EB9000A600CDE901210090BDF9A83006A8259A6C
:10EBA00019991AF0F7FCBDF9180000EBD071BDF807
:10EBB000BC20A2EB610109B2ADF81010BDF918003C
:10EBC00000EBD071BDF8BC2002EB610109B2ADF8D9
:10EBD00014100D9878B1BDF8BE102398081A00B231
:10EBE000ADF81600BDF81600BDF81A10401A00B2B4
:10EBF000ADF812000EE0BDF8BE102398084400B234
:10EC0000ADF81200BDF81200BDF81A10084400B2A9
:10EC1000ADF81600BDF91400B5F9141088420DDBEB
:10EC2000BDF91010B5F91800814207DC00200090F2
:10EC300004AA25A95846199B09F034FA09E0FFE710
:10EC40000020139019901A900EAA1A2128460CF051
:10EC500089FBBDF9821001EBD172BDF9C03003EB25
:10EC60006202B5F914309A4211DBBDF9820000EB63
:10EC7000D072BDF9BC30A3EB6203B5F91820934202
:10EC800005DC2FAB30AA20A9584609F0F4FD0EAAE6
:10EC90001B2128460CF066FB7F1C0C9887427FF6F0
:10ECA00000AF00BF33E600003C0503082564000008
:10ECB0002DE9F74FB2B00546164631953146284644
:10ECC00002F0AAFD04462089C0F30E00012802DCF0
:10ECD00035B0BDE8F08F2089C0F3C03020B920885E
:10ECE00010B9608800B9F3E70EB1012000E0002000
:10ECF00083460021284613F0BCFC2E9000212846B4
:10ED000014F03DF82D90284612F0C0FC3199B1F86E
:10ED100086104843001200B22C90284612F03AFFA9
:10ED20000146EA8A2D9802442E981044401A00B2F7
:10ED30002B904EB94FF4C021284613F0B4FE07467D
:10ED4000B5F914002A9008E04FF4C021284613F0CA
:10ED500053FF0746B5F918002A90B4F9000029902E
:10ED6000B4F902002890012E07D12998404200B240
:10ED700029902898404200B2289025A809F092FDD9
:10ED800025AA4FF4C021284614F086FC1DA809F0DE
:10ED90003DFD1DAA4FF4C021284614F016FC0BA817
:10EDA000339912F0A7F989480C9006200D90199616
:10EDB0000004189025A811901DA810902089C0F378
:10EDC0000E00401E6168C1F30E4100FB01F94FF0D7
:10EDD0000008F6E0BDF996102C98401A00FB08F0E8
:10EDE000B0FBF9F12B98084400B2ADF8C200ADF8C1
:10EDF000BE002A98ADF8C00036B9BDF8C000401E6C
:10EE000000B2ADF8C00005E0BDF8C000401C00B283
:10EE1000ADF8C00000200A906068C0F30E40B8FB57
:10EE2000F0F100FB118008B901200A900A9838B16E
:10EE3000BDF8C0102998081A00B2ADF8BC0006E071
:10EE4000BDF8C0102898081A00B2ADF8BC0030A870
:10EE500014902FA815903198703030F91B00009055
:10EE600031996C3131F91B30A9EB08004A46002179
:10EE700010F05CFA8246CDF86CA00A98002872D097
:10EE80002089C0F3C03000286DD0534650A2102115
:10EE900006A817F019FE1DA8109006A816901020BD
:10EEA00017900BAA1A2128460CF05CFA002141F6B3
:10EEB000FF72BDF98600CDE901210090BDF98830CF
:10EEC00005A81D9A16991AF065FBBDF9160000EB0E
:10EED000D071BDF8BE20A2EB610109B2ADF80E10F1
:10EEE000BDF9160000EBD071BDF8BE2002EB610148
:10EEF00009B2ADF81210BBF1000F0FD1BDF8BC0084
:10EF0000BDF81410401AC01B00B2ADF80C00BDF8DB
:10EF1000BC00C01B00B2ADF810000EE0BDF8BC0094
:10EF2000384400B2ADF80C00BDF8BC00BDF81410B8
:10EF30000844384400B2ADF81000BDF91210B5F91C
:10EF4000160081420DDBBDF90E10B5F91A008142A1
:10EF500007DC0020009003AA1DA9169B339809F036
:10EF6000A1F809E0FFE700201090169017900BAA77
:10EF70001A2128460CF0F6F9BDF9961001EBD17272
:10EF8000BDF9C23003EB6203B5F91620934211DBE1
:10EF9000BDF9960000EBD072BDF9BE30A3EB620361
:10EFA000B5F91A20934205DC2FAB30AA25A9339876
:10EFB00009F061FC0BAA1B2128460CF0D3F908F1DB
:10EFC0000108C8457FF606AF00BF81E63C0503088F
:10EFD000256400002DE9FE4F06460C46174698466C
:10EFE0002021304614F0DEF900287DD00C9803284B
:10EFF00003D1304612F0BAFD02E0304612F0C0FDF7
:10F0000081460EF07DFA05464FF0000A002002907E
:10F010000C98032843D10021304613F01DFD834690
:10F020000021304613F0C1FD0190B9F1010F23D04A
:10F03000B9F1020F28D0B9F1030F2ED106F1140057
:10F0400005F005FEA0EB0B010198081A009000EBFB
:10F05000D0700BEB6000B18A08440FFA80FA05F11A
:10F06000140005F0F4FD009000EBD070A98A01EBCC
:10F07000600000B2029010E0B08A58440FFA80FAA3
:10F08000B5F91400029008E0318B0198081A0FFAC4
:10F0900080FAB5F91800029000BF00BF45E00021DA
:10F0A000304613F045FE83460021304613F0F7FB4F
:10F0B0000190B9F1010F25D0B9F1020F2AD0B9F1B1
:10F0C000030F30D106F1140005F04EFDA0EB0B014B
:10F0D0000198081A009000EBD0700BEB6001F08AE9
:10F0E00008440FFA80FA00E054E005F1140005F03E
:10F0F0003BFD009000EBD0704110E88A084400B25C
:10F10000029010E0F08A58440FFA80FAB5F9160020
:10F11000029008E0718B0198081A0FFA80FAB5F98D
:10F120001A00029000BF00BF00BFB8F1000F17DA4D
:10F13000B9F1000F05D00298504502DD2046BDE828
:10F14000FE8F002C01DAA01E04B2002C01DDA01CF1
:10F1500004B22146E01704EB9070801000B2EEE795
:10F16000002F16DAB9F1000F04D00298504501DAE9
:10F170002046E4E7002C01DAA01E04B2002C01DDD9
:10F18000A01C04B22246E01704EB9070801000B27D
:10F19000D5E709E008EB0400002802DAC8F1000016
:10F1A00004B2381B00D53C462046C8E710B50446DB
:10F1B000207EC0F3800008B1002010BD207A2328F3
:10F1C00002D0242803D100E000BF0120F5E700BFF2
:10F1D00000BF4FF48041606814F0E4F808B90020E3
:10F1E000EBE7207A11381C2823D2DFE800F00E0F5D
:10F1F00010111213141516171822221922221A1D83
:10F200001B1C222222221E1F222000BF00BF00BF83
:10F2100000BF00BF00BF00BF00BF00BF00BF00BFF6
:10F2200000BF00BF00BF00BF00BF00BF00BF002085
:10F23000C3E70120C1E72DE9F04104460EF04CF987
:10F2400007469FB13868806818B1217A38688268AB
:10F250009047207EC0F3400010B10120BDE8F0814E
:10F26000207E00F0010008B10020F7E701260EB96A
:10F27000002003E00021606812F07EFA05464FF09E
:10F28000000827E02868F0B1287A00F08000802884
:10F2900019D1287A802805D0287A20F08000217A98
:10F2A000884210D16868E060204629688847207E3F
:10F2B000C0F3400008B10120D0E7207E00F001003B
:10F2C00008B10020CAE708F101084146606812F061
:10F2D00053FA05460DB1012ED4D02146002012F07C
:10F2E0002FF906460EB9002003E00021606812F0F5
:10F2F00043FA05464FF0000823E02868D0B1287A89
:10F3000000F08000B0B9287A18B1287A217A8842B2
:10F3100010D16868E060204629688847207EC0F3E5
:10F32000400008B1012099E7207E00F0010008B1FB
:10F33000002093E708F101084146606812F01CFACA
:10F3400005460DB1012ED8D0012E11D1606840685C
:10F3500070B12046FFF72AFF50B1606840686060D6
:10F360002046FFF768FF0646012E01D0002075E712
:10F37000304673E72DE9F0438046DDE9074521B9C2
:10F380002A7022701A70BDE8F0834FEA282000F03E
:10F390000209B9F1000F04D000BF99462B464D4633
:10F3A00000BF00F00409B9F1000F04D000BFA1466E
:10F3B0002C464D4600BF00F00609B9F1000F09D1F7
:10F3C00000F00109B9F1000F0ED100BF99462346A4
:10F3D0004C4609E000F00109B9F1000F04D000BF6C
:10F3E000994623464C4600BF22706FEA010909F096
:10F3F000FF0602FB06F74FEA272985F8009008F080
:10F40000FF0C00F00109B9F1000F0DD1BCF1000FA4
:10F4100002D14FEA012905E0CCF1000909F0FF090A
:10F4200009FB01F94F4601E001FB0CF73E126FEAC0
:10F43000060909F0FF0602FB06F74FEA272983F8C1
:10F44000009000BF9FE700002DE9FF4F87B0054601
:10F450008B469146DDE914A6584605F022FC06903D
:10F46000584605F09DFB05901798012804D0022806
:10F4700004D0032806D103E0494F08E0494F06E0D5
:10F48000494F04E000BF00BF0BB0BDE8F08F00BFE4
:10F490008EBB2888049028885246014602900A981C
:10F4A000B84703904FF0000821E0002418E0BDF8B1
:10F4B000100035F8141088420CD005EB4400008889
:10F4C000049005EB440000885246014602900A98D9
:10F4D000B847039005EB4400BDF80C100180641C94
:10F4E00006988442E3DB05EB490508F1010805981D
:10F4F0008045DADB51E0FFE7002002902888049085
:10F500003078FD2801DB504603E0307800FB0AF03C
:10F51000000A0190019A04990A98B84703904FF0A5
:10F52000000836E000242BE0305D00B927E0315DB3
:10F530000298814205D1BDF8100035F814108842B8
:10F5400017D0305DFD2801DB504603E0305D00FB45
:10F550000AF0000A019005EB440000880090014683
:10F56000019A0A98B8470390305D029035F814006C
:10F57000049005EB4400BDF80C10018000BF641C32
:10F5800006988442D0DB05EB49051698064408F13D
:10F59000010805988045C5DB00BF00BF74E7000087
:10F5A0000D68000839690008AF6800082DE9FF4FB1
:10F5B00089B004469246DDE91685F4F753FA0890BF
:10F5C0000A9805F06EFB81460A9805F0E9FA834631
:10F5D000002D78D1B8F1FD0F0CDB002707E04A467B
:10F5E00020460C9907F0ECFA04EB4A047F1C5F45B7
:10F5F000F5DB7DE100BF0020014602464FEAD20C58
:10F60000BDF804306CF304034FEA910C0193BDF88C
:10F6100004306CF34A134FEAD00C0193BDF8043068
:10F620006CF3CF230193BDF804C063460293BDF889
:10F63000081008460790424607990C9807F05EFCB0
:10F6400006900C9904A80291BDF80810C90A01FBA4
:10F6500008F10180BDF80810C1F3451101FB08F164
:10F660004180BDF8081001F01F0101FB08F1818005
:10F6700000BFC8F1FF000390002720E0002619E03A
:10F68000BDF81C0034F8161088420DD004EB46007B
:10F690000088079004EB460000880290014604A809
:10F6A000039A07F0B3FC069004EB4600BDF818106F
:10F6B0000180761C4E45E3DB04EB4A047F1C5F456A
:10F6C000DCDB15E1FFE7BDF8300000EB0040079000
:10F6D000B8F1FD0F6FDBA9F1040006900027B4E03C
:10F6E000002614E02878FF2803D1BDF830002080E0
:10F6F0000AE02A782088014604900C9807F0FEFB67
:10F700000590BDF8140020806D1CA41C761C4E458D
:10F7100003DA05F003000028E4D172E028680590C0
:10F720000598401CA8B904F0030048B1BDF830109A
:10F730002180A01C07990160BDF83010E18005E030
:10F740002046079901600799416000BF08342D1DCC
:10F7500056E00598002851D02878FF2803D1BDF83D
:10F76000300020800AE02A782088014603900C9817
:10F7700007F0C4FB0490BDF8100020806D1CA41C91
:10F780002878FF2803D1BDF8300020800AE02A78CD
:10F790002088014603900C9807F0B0FB0490BDF858
:10F7A000100020806D1CA41C2878FF2804D1BDF80F
:10F7B000300020800BE04CE02A782088014603903E
:10F7C0000C9807F09BFB0490BDF8100020806D1C86
:10F7D000A41C2878FF2803D1BDF8300020800AE05F
:10F7E0002A782088014603900C9807F087FB049044
:10F7F000BDF8100020806D1CA41C01E02D1D0834F4
:10F80000361D0698864289DD14E02878FF2803D14A
:10F81000BDF8300020800AE02A7820880146049054
:10F820000C9807F06BFB0590BDF8140020806D1C50
:10F83000A41C761C4E45E8DBAAEB090004EB40044F
:10F840001898A0EB090005447F1C5F45FFF648AF00
:10F850004DE000200490208806902088059000202C
:10F860000390002740E0002635E0287888B3297807
:10F870000498814209D02878FF2801D1404603E04E
:10F88000287800FB08F0000A039029780498814248
:10F8900005D1BDF8180034F81610884214D003982A
:10F8A000FF2802D10C98059009E004EB460000887F
:10F8B00002900146039A0C9807F020FB05902878E7
:10F8C000049034F81600069004EB4600BDF81410BE
:10F8D00001806D1C761C4E45C7DB04EB4A0418986A
:10F8E000A0EB090005447F1C5F45BCDB00BF00BFE7
:10F8F0000DB0BDE8F08F2DE9FF4F85B081460C4675
:10F90000DDE912A7F4F7AEF8804607BBB4F9026050
:10F9100018E0B4F9005010E0CDF808A0BDF82000C0
:10F92000ADF8040030B20090D8F800002BB2D0F847
:10F930001CC04946079AE0476D1CB4F90400A84270
:10F94000EADA761CB4F90600B042E2DA2EE020468C
:10F9500005F0A7F98346204605F022F90490002619
:10F9600020E0002519E0785DB0B1785D00FB0AF079
:10F97000000A0290BDF82000ADF804006088304411
:10F9800000B20090218829440BB2D8F80000D0F8CA
:10F990001CC04946079AE0476D1C5D45E3DB14989F
:10F9A0000744761C04988642DBDB00BF09B0BDE843
:10F9B000F08F10B502460B4610681C68A04201D1BA
:10F9C000012010BD0020FCE710B502460B46506830
:10F9D00020F040401C68A04203D2506820F0404014
:10F9E0001860002010BD2DE9F04F89B004460020BA
:10F9F000089007900DF070FD069006980068057E4F
:10FA0000D4F820800027B946B4F91400002802DD9C
:10FA1000B4F9140002E0B4F914004042B4F916102D
:10FA2000002902DDB4F9161002E0B4F916104942BB
:10FA3000884201DD012701E04FF00109CAE01021F1
:10FA4000404613F0AFFCB0B94FF48071404613F05C
:10FA5000A9FC08B907B1C1E04FF40071404613F0AA
:10FA6000A1FC18B9B9F1000F00D0B7E0404611F081
:10FA7000F1FE8046AEE0CA46CDF814900497BB462E
:10FA8000404611F05FFF064606F0010008B900206D
:10FA9000049006F0020008B94FF0000B06F00400D5
:10FAA00008B94FF0000A06F0080008B900200590D8
:10FAB000404612F06FF80390404611F0E3FE0290CA
:10FAC000404611F06DFF0190404611F0E1FF0090BB
:10FAD0000398002802DC0298002811DDBAF1000F1B
:10FAE00003D0B4F91600A84206DA059840B1B4F97B
:10FAF00016006942884203DCCDF820800C20079074
:10FB00000198002802DC0098002811DD049818B143
:10FB1000B4F91400A84207DABBF1000F08D0B4F919
:10FB200014006942884203DCCDF82080032007904E
:10FB30000398002801DC4FF0000A0298002801DC3D
:10FB4000002005900198002801DC00200490009816
:10FB5000002801DC4FF0000B049818B1B4F9140030
:10FB6000A84215DABBF1000F04D0B4F914006942C1
:10FB700088420DDDBAF1000F03D0B4F91600A84297
:10FB800006DA059878B1B4F91600694288420ADCB1
:10FB90000FB1032000E00C2094F83C1060F3030147
:10FBA00084F83C101AE04FF48071404613F0FAFBE1
:10FBB00008B907B112E04FF40071404613F0F2FBB0
:10FBC00018B9B9F1000F00D008E0404611F042FE2C
:10FBD000804600BFB8F1000F7FF431AF00BF089836
:10FBE00058B194F83C10079860F3030184F83C1076
:10FBF0000898A0620021A182E182089809B0BDE8BE
:10FC0000F08F00002DE9FF4F83B00446204611F02D
:10FC1000ADFF0290029818B9002007B0BDE8F08F40
:10FC200041F6FF750021204612F016FF074600211D
:10FC3000204612F0BAFF8246204611F0C4FC8346EB
:10FC40004FF000086AE0A068006850F82860394961
:10FC5000304613F0B2FB00B15EE04FF48051304605
:10FC600013F0A0FB002856D04FF0000900200190AF
:10FC70000298012804D0022809D003282CD10EE0D4
:10FC8000B6F91490A08A384400B2019025E0B6F984
:10FC90001890208BA0EB0A0000B201901DE006F145
:10FCA000140004F0D4FF009000EBD070B18A01EB97
:10FCB00060000FFA80F904F1140004F0C8FFC01BC3
:10FCC000A0EB0A00009000EBD070A18A394401EB50
:10FCD000600000B2019000E01EE000BF06984844BA
:10FCE0000FFA80F90498814514DB0598814511DCF1
:10FCF0000199A9EB010108B2002801DD014600E0ED
:10FD00004142002D01DD2A4600E06A42914200DABC
:10FD1000054600BF00BF00BF08F10108D84592D3D7
:10FD200041F6FF70854201D1002000E0684200B238
:10FD300073E70000010004002DE9FF4F83B0044683
:10FD4000204611F01DFF0290029818B9002007B05C
:10FD5000BDE8F08F41F6FF750021204612F0E8FF64
:10FD600007460021204612F09AFD8246204611F0F7
:10FD70002AFC83464FF000086AE0A068006850F84B
:10FD800028603949304613F018FB00B15EE04FF4AB
:10FD90008051304613F006FB002856D04FF0000982
:10FDA000002001900298012804D0022809D00328DD
:10FDB0002CD10EE0B6F91690E08A384400B20190DA
:10FDC00025E0B6F91A90608BA0EB0A0000B2019012
:10FDD0001DE006F1140004F0C7FE009000EBD070A7
:10FDE0004110F08A08440FFA80F904F1140004F07D
:10FDF000BBFEC01BA0EB0A00009000EBD0704110CE
:10FE0000E08A3844084400B2019000E01EE000BFE0
:10FE1000069848440FFA80F90498814514DB059848
:10FE2000814511DC0199A9EB010108B2002801DD2F
:10FE3000014600E04142002D01DD2A4600E06A4211
:10FE4000914200DA054600BF00BF00BF08F101087B
:10FE5000D84592D341F6FF70854201D1002000E0E1
:10FE6000684200B273E70000010004002DE9FF4F73
:10FE700087B00E469046DDE914940021079813F0F0
:10FE8000F3F906900021079812F060FC0590F078D5
:10FE9000C0F34000A8B1F07800F0010020B142F2B8
:10FEA000D1710698884208D0F07800F0010040B97E
:10FEB00042F2D1710598884203D1F07820F0020017
:10FEC000F070F07800F0010008B1964800E0964824
:10FED0000490F07800F0010008B9924800E09248E0
:10FEE000824600206080A08020612080A060E060C9
:10FEF000CDF80C800399079811F047FB0546E0E028
:10FF00000398404506D04FF40001284613F04AFA02
:10FF100000B1D9E08549284613F04FFA00287CD17A
:10FF20000021284612F0E8FB02900298002875D0C4
:10FF30002069401C2061A088484400B2A080207D38
:10FF400000F0010000286AD0216901EB81018800DE
:10FF50000FF03AFA074600BF1FB900BF00BF00BF4D
:10FF6000FEE700BF1FB903980BB0BDE8F08FE06853
:10FF700058B12069401E00EB800082003846E168DD
:10FF80000FF03FFBE0680FF09BFA2069401E00EB8A
:10FF9000800047F82050F07800F0010058B14FF091
:10FFA000000B41F202025946284612F077FF0190F9
:10FFB000019800B20BE04FF0000B41F205025946E8
:10FFC000284612F06BFF0190019800B200BF216932
:10FFD000491E01EB810107EB81018880F07800F078
:10FFE000010058B14FF0000B41F203025946284678
:10FFF00012F054FF0190019800B20BE04FF0000B9B
:020000040801F1
:1000000041F206025946284612F048FF0190019835
:1000100000B200BF2169491E02E03EE017E02CE07B
:1000200001EB810107EB8101C88002982169491E1B
:1000300001EB810107EB8101C86000212069401EAE
:1000400000EB800007EB80000161E76015E02846C7
:10005000049988470746F078C0F3400030B1B4F9FE
:100060000400C1190A98814200DD2DE0A08807EB49
:100070000901084400B2A08000BF2846D047B4F967
:100080000010884202DD2846D04701E0B4F90000A4
:100090002080A068401CA06000BFF078C0F3800002
:1000A00010B14FF0FF3000E00120039908440390A5
:1000B0000398002800DA07E00399079811F065FA21
:1000C0000546002D7FF41CAF00BFB4F904000028E2
:1000D00004DDA088A0EB090000B2A080206908B16F
:1000E0000A9801E0B4F904006080CDB1039840455E
:1000F00016D1079880680068039950F82150F0786D
:10010000C0F3800103AA079801F075F845B12846AD
:10011000D047208028460499884760800120A0604D
:10012000039821E7EB320208B51702080100060028
:100130002DE9F04F97B0044600BF00BF4FF0000B11
:10014000DE4802885946204612F0A8FE0A900A9816
:10015000C6B200BFF0439DF85B1060F300018DF85C
:100160005B10B0089DF85B1060F341018DF85B10E7
:10017000F0089DF85B1060F382018DF85B1000BF02
:10018000CF4802885946204612F088FE0A900A9805
:10019000C0B28DF8580000BFCA48028859462046B0
:1001A00012F07CFE0A900A98C0B28DF8590000BF88
:1001B000C54802885946204612F070FE0A900A98F7
:1001C000C0B28DF85A000021204612F0D1F9012862
:1001D00000D100E0002015909DF85B0000F00100C8
:1001E00020B90021204612F003FC03E00021204644
:1001F00012F084FD14909DF85B0000F0010020B126
:100200000021204612F0F4FB03E00021204612F00A
:1002100075FD13909DF85B0000F0010018B12046B9
:1002200011F053FA02E0204611F030FA12904FF02C
:10023000000B41F232025946204612F02FFE0A907E
:100240000A9800B2119000BF41F6100259462046AC
:1002500012F024FE0A900A98E18A0144119801EBF9
:10026000000B204611F0AAFCABEB000000B210908E
:100270004FF0000B41F612025946204612F00EFED6
:100280000A900A98A18A0144119801EB000B2046BC
:1002900011F08AFCABEB000000B20F909DF85A7091
:1002A0009DF85B0000F0010008B110A800E00FA865
:1002B00005460021204612F0D7FF0E90002120466F
:1002C00012F044FA0D909DF85B0000F0010040B17F
:1002D00042F2D1710D98884203D1608CC0F3402066
:1002E00068B19DF85B0000F0010048B942F2D1719D
:1002F0000E98884204D1608CC0F3802000B900279A
:10030000159850B19DF85B0000F0010028B90FB9B5
:10031000012702E0012F00D100274FF00008002044
:100320000C900B90002F49D09DF85B00C0F380002B
:1003300018B1A0684068401E00E00020814617E028
:1003400000200A9005A91398CDE900014A4616A994
:100350002046129BFFF78AFD8246BDF814101498C0
:10036000084440440FFA80F80B98401C0B90D1468B
:10037000A0684068484502DDB9F1000FE0DA0B984B
:1003800020B11498A8EB00000FFA80F89DF85B00EC
:1003900000F0010018B1204611F078F902E0204683
:1003A00011F093F983460CA8CDE900500B9803B2E5
:1003B0004246594638461AF09FF900BF9DF85B0047
:1003C000C0F3800018B1A0684068401E00E0002023
:1003D0008146159840B19DF85B0000F0010018B906
:1003E0002888404400B228804DE001200A9005A9E9
:1003F0001398CDE900014A4616A92046129BFFF743
:1004000035FD8246159850B19DF85B0000F0010063
:1004100028B92888BDF81410401A00B2288005AA0F
:10042000BDF94030DDE91210CDE90131CDE903021B
:10043000BDF93C0053464A4616A900902046F5F700
:100440006BFDD14608980FF03BF8002008901598F6
:1004500068B19DF85B0000F0010040B92988BDF843
:10046000302014981044081A00B228800AE0298825
:10047000BDF81400BDF8302002441498104408441C
:1004800000B2288000BFA0684068484502DDB9F18D
:10049000000FAADA42F2D1710E98884202D00D986C
:1004A000884202D1204613F0F4FE00222B21204680
:1004B0000AF058FF17B0BDE8F08F0000F4000020EC
:1004C000F6000020F8000020FA0000202DE9FC5F73
:1004D000044689469246207E00F0010008B1BDE83E
:1004E000FC9FE56800264FF0010B0120019000BF42
:1004F00085B9207EC0F3C00000B956B9019800B993
:10050000EDE72046C84705464FF0000B002001905C
:1005100000E0E4E716B92E4606B9E0E7BBF1000FAC
:1005200006D029462046D0470546B54200D1D6E739
:100530004FF0010B05B9DBE7286811F09FFF00F0D1
:10054000800000B1D4E72F6809E00121384612F09D
:1005500029FF00B105E0384611F07CF90746002F6D
:10056000F3D100BF2FB10121384612F01BFF00B1BB
:10057000BEE700BF00BFE068A84200D1AFE7E06877
:1005800090B1204600F06DFB0090E16808680F21F3
:10059000009A0AF0E7FE0746012F00D09FE7E168C6
:1005A000086813F09CFA00BFE560204600F059FB94
:1005B0000746E1683A4608680E210AF0D3FE8046F5
:1005C000B8F1010F00D08AE7E168086813F087FAF4
:1005D000206910B120462169884700BF7FE70000ED
:1005E00070B504460D46E1B20548F1F7F9F800BFD1
:1005F00080210348F1F77AF80028F9D0204670BD31
:10060000003801402DE9F0410446204600F072F91F
:10061000054611480068001B461B0F480068401B38
:100620000D490860B6B127466119324620460EF0E2
:10063000E8FF06E0A068401BA060204600F05AF9E1
:100640000444054800688442F4D1B81929460FF0E3
:1006500066F900BFBDE8F081C800002002460C200A
:10066000704702460020704702460020704703464C
:100670000C207047704703460020704730B5054690
:10068000039C0C2030BD10B504460C2010BD034661
:100690000020704730B50546039C0C2030BD10B5D6
:1006A0000246114691F83C3003F0030323B1012BBD
:1006B00004D0022B0CD000BF888C13E026235B5C97
:1006C0004FF4B4746343642493FBF4F398B209E0E9
:1006D00027235B5C4FF4B4746343642493FBF4F30B
:1006E00098B200BF00BF10BD2DE9F34F87B083461D
:1006F0005F4605A9584611F007F8584612F0F5FD77
:100700000290584611F056F801900021584612F018
:10071000FEF900900021584612F0A2FA804600210E
:10072000584612F060FB81460021584612F012F93B
:1007300082460021584612F0EEFA0546002158463E
:1007400012F070F90646284605EBD0714910491C95
:1007500005F0010211440DB2304606EBD07149108C
:10076000491C06F0010211440EB20D2D01DA284693
:1007700000E00D2005460D2E01DA304600E00D2088
:100780000646B8F10D0F01DA404600E00D20804624
:10079000B9F10D0F01DA484600E00D208146BAF1AB
:1007A0000D0F01DA504600E00D20824600248BE058
:1007B000B86A00EBC40103A804F0B2F9BDF90C104B
:1007C000009881420FDCBDF9141000980D2801DA61
:1007D000009800E00D20081ABDF80C10084400B283
:1007E000ADF80C0008E0BDF80C00BDF81410891B32
:1007F000084400B2ADF80C00BDF90E0048450FDC0E
:10080000BDF91600B9F10D0F01DA494600E00D21DE
:10081000401ABDF80E10084400B2ADF80E0008E012
:10082000BDF80E00BDF81610491B084400B2ADF823
:100830000E00BDF910100298A0EB0800801E814246
:100840000FDBBDF91400B8F10D0F01DA414600E0ED
:100850000D210844BDF81010084400B2ADF8100096
:1008600008E0BDF81000BDF814103144084400B28F
:10087000ADF81000BDF912100198A0EB0A00801E1F
:1008800081420FDBBDF91600BAF10D0F01DA5146B6
:1008900000E00D210844BDF81210084400B2ADF884
:1008A000120008E0BDF81200BDF8161029440844F3
:1008B00000B2ADF81200002203A80899F1F759FB25
:1008C00000B105E0601C84B2388EA0423FF770AFE3
:1008D00000BF388EA04201D14FF6FF74204609B008
:1008E000BDE8F08F014601F007020AB110467047DB
:1008F0000120FCE70146B1F90C20032303EB42027F
:1009000022F0030202F1100070472DE9FC5F05465A
:100910000E4617460021284612F0DFF880460021D7
:10092000284612F083F982460021284612F041FA47
:1009300081460021284611F0F3FF0190284612F06D
:10094000D4FCA0EB0800A0EB0A0B284610F032FF05
:10095000A0EB09010198081A834507DA284612F02E
:10096000C4FCA0EB0800A0EB0A0006E0284610F04B
:1009700021FFA0EB09010198081A009000EBD0704C
:10098000401004B2A88A2044404400B23080E88A73
:100990002044484400B2708007B13C80BDE8FC9F11
:1009A00038B504460025044802882946204612F03E
:1009B00075FA0090009838BDDC00002038B5044678
:1009C0000025054802882946204612F067FA009063
:1009D0000098C0B238BD0000E400002038B50446DD
:1009E0000025054802882946204612F057FA009053
:1009F0000098C0B238BD0000E6000020F0B5044603
:100A00000B46032B01D2012000E000200546611BAC
:100A1000981E0C2707FB0500C0EB4010B0FBF7F059
:100A20001044084400EB91006427B1FBF7F7C01BAA
:100A30004FF4C877B1FBF7F738440727B0FBF7FC52
:100A400007FB1C06F0B2F0BD2DE9FC4781460E46BF
:100A500016B90020BDE8FC87D9F81040606930B1B4
:100A600060690068B04202D160694068F2E7002521
:100A7000B1E005EB8501A06850F82100371A05EBBD
:100A80008501A06800EB81008088B84200D2A0E018
:100A90004FF0000805EB8501A06800EB8100807C29
:100AA000022808D105EB8501A06800EB8100C08811
:100AB00000EB070884E005EB8501A06800EB8100EE
:100AC000807C78B905EB8502A16801EB8201C868DA
:100AD00005EB8502A16801EB8201C988C25D01EBCB
:100AE00002086DE005EB8501A06800EB8100807CC9
:100AF00003282AD1B8B201903E48009005EB850347
:100B0000A06800EB8300028A05EB8503A06800EB78
:100B100083000223816801A8F3F71AF98246BAF12B
:100B2000000F11D005EB8502A16801EB82018968F5
:100B3000AAEB0101481005EB8502A16801EB8201D7
:100B4000C98801EB000800BF3AE005EB8501A06809
:100B500000EB8100807C012832D1B8B20190254899
:100B6000009005EB8503A06800EB8300028A05EB8B
:100B70008503A06800EB83000223816801A8F3F7D6
:100B8000E7F88246BAF1000F19D005EB8503A26899
:100B900002EB83029268AAEB0202501005EB850378
:100BA000A26802EB8302D16805EB8503A26802EB21
:100BB0008302D28831F8103002EB030800BF00BF77
:100BC000606920B1606906606069C0F804804046D1
:100BD00040E7681C85B2608AC0F30800A8423FF76E
:100BE00048AF606920B160690660002061694860B3
:100BF00000202FE775F702082DE9F84F80460D46D3
:100C0000C146404600F0FDF9064616B90020BDE891
:100C1000F88FF08A281A05B20021304612F00BFA3C
:100C2000009000980AF0FCFC82460021304612F049
:100C300072FA0446204604EBD07105EB61010DB257
:100C40000AEB04000FFA80FB95FBFBF087B2B9F8C2
:100C50003400B84203DCB9F83400401E87B238468D
:100C6000D5E72DE9F04105460026002700200CF0CD
:100C700039FC044616E020460CF083FC8046206DCB
:100C8000A8420AD1B8F1020F02D12046BDE8F08196
:100C9000B8F1040F00D12646274620460CF022FC6E
:100CA000044600BF002CE6D10EB13046EEE70FB18E
:100CB0003846EBE700200CF015FCE7E72DE9F041A2
:100CC00007460C463D46384610F0FFFCB5F8841048
:100CD0004843001206B20021384611F0E4FE804677
:100CE000A4EB080004B2002C02DA0020BDE8F08179
:100CF000B44203DDB5F88200401EF7E795F888009E
:100D000000F0070001280BD1314606EBD1704210EC
:100D1000B5F88200401E04FB002090FBF6F0E5E7EA
:100D200095F8880000F00700022805D1B5F8820088
:100D3000604390FBF6F0D9E70020D7E70246114662
:100D400000E0096821B18869C0F30F100028F8D0CD
:100D500009B9002070478869C0F30F10FAE7000056
:100D60002DE9FC5F80460D461646D8F810704FF00E
:100D7000000A788AC0F34030002840D1FC68A0689F
:100D8000800FD8B9D4F8009005EB062080B201900E
:100D900026480090A06820F040420223494601A85E
:100DA000F2F7D6FF8346BBF1000F06D0ABEB09018B
:100DB0004810616811F900A000BF1FE00121A06880
:100DC000B1EB907F1AD1D4F8009005EB064001906A
:100DD00017480090A06820F040420423494601A82B
:100DE000F2F7B6FF8346BBF1000F06D0ABEB09016B
:100DF0008810616811F900A000BF00BF12E0F86818
:100E00004368595D83689A5D00290ADD002A08DD80
:100E1000531E4C1E90F80DC004FB0C33046814F9EB
:100E200003A000BF5046BDE8FC9F000059370108F1
:100E3000393701082DE9FE4F07460C4625460026A6
:100E40000021204611F053FB834600EBDB70C0F31A
:100E50004F064FF44031204611F032FE80464FF4E9
:100E60004031204611F0D5FE81464FF440312046F6
:100E700011F092FF82464FF44031204611F043FDBD
:100E80000290A08A298D0844801BA0EB080000B2C4
:100E9000ADF80000E18A688D0844801BA0EB0900D2
:100EA00000B2ADF80200A08A298D084430445044B5
:100EB00000B2ADF80400E18A688D084481190298F7
:100EC000084400B2ADF806000098386001987860D8
:100ED000BDE8FE8F2DE9F04F87B081460F46924660
:100EE000984600BF00BF4C464FF40031484611F011
:100EF0000BFB834658460BEBD0714D10AAEB050057
:100F00000FFA80FAA68C94F83400C0F3410018B9A7
:100F1000208D304486B223E094F83400C0F34100C1
:100F2000022803D1E08C304486B219E094F83400F2
:100F3000C0F34100012813D1B4F93020B4F93230A4
:100F4000D11801EBD1725010B4F92E10814203DA9E
:100F5000E18C31448EB202E0218D31448EB200BF6B
:100F600006F15A0000B218F027FA00FB0AF0C0138D
:100F700000B2069030B218F01FFA00FB0AF0C0135E
:100F800000B205904FF44031484611F0A6FD0490A0
:100F90004FF44031484611F049FE03904FF4403180
:100FA000484611F006FF02904FF44031484611F0D8
:100FB000B7FC01903988069801440498081A401B30
:100FC00000B2A8F800003988069801440398084444
:100FD000284400B2A8F804007988059801440298D2
:100FE000081A401B00B2A8F802007988059801444D
:100FF00001980844284400B2A8F8060007B0BDE8EC
:10100000F08F70B504462546686A08B9002070BDA7
:101010000021686A10F0B9FAF9E710B5044600211A
:10102000204610F0B2FA10BD70B504460E460025F9
:1010300013E0E06800EBC5004068C0F3006058B101
:10104000E06800EBC500406820F07F40B04203D16B
:10105000E06850F8350070BD6D1C608CC0F3C500B1
:10106000A842E6D8608CC008401C618C60F3C801BF
:101070006184628CC2F3C502D100E0680EF08CFA84
:10108000E06000BFE06818B900BF00BF00BFFEE726
:1010900000BF608CC0F3C500451E1AE0681EE16801
:1010A00001EBC0004068C0F3006038B9681EE16819
:1010B00001EBC0004068C0F3406000B10BE0E068A5
:1010C00000EBC5010246681E02EBC00205CA05C15D
:1010D0006D1E002DE2D100BFE16801EBC5000821C3
:1010E0000EF01DFC08200EF035F9E16841F83500DE
:1010F000E16851F8350016F031F8E06800EBC50002
:10110000406820F0807000F18070E16801EBC5015B
:101110004860E06800EBC500406866F31700E168CE
:1011200001EBC5014860E06850F8350093E7000026
:101130002DE9FC410746884616463868C068C068F5
:10114000B0FBF8F4B44200DD34461948006800688A
:10115000806958B30020ADF80000ADF80400ADF888
:10116000020025B200BF681E00B2ADF806001049AB
:10117000096808680E49096809688A6969469047DC
:10118000684603F0FFFCA04200DC03E0681E05B2E5
:10119000002DE8DC00BF002D04DC00BF00BF0020F4
:1011A000BDE8FC81BDF90600441C00BF2046F7E7FE
:1011B000C000002070B505460C46641E002C01DA04
:1011C0006D1E0C340C2C01DB6D1C0C3C012C04D16D
:1011D000284602F08BF81C300BE0072094FBF0F15E
:1011E00000FB114606EBD6704010A6EB4000C0F1A4
:1011F0001F00C0B270BD10B5034669B11068401E33
:1012000010601068002805DB98680068146850F8C2
:10121000240010BD0020FCE71068401C106010681E
:101220009C686468A04205DA98680068146850F801
:101230002400EEE70020ECE730B50446481CE568E2
:1012400035F8100035F81150401B00B21080A0682E
:1012500030F8110000B21880E06830F811006568BD
:10126000284430BD2DE9F84F06460C461546B046D9
:101270000CF032F981460CF084F98246BAF1010F84
:101280000DD0BAF1030F0AD015B14FF6FF702880C8
:1012900014B14FF6FF7020800020BDE8F88F0CF0ED
:1012A0001BF9814669460CF031F9002D3ED03046DD
:1012B00010F07AFCBDF8001008440FFA80F9002104
:1012C000304611F07CF901280AD10021304611F096
:1012D000FBFC318B081AA0EB09000FFA80F90CE037
:1012E000B08AA9EB00000FFA80F90021304611F016
:1012F00042FCA9EB00000FFA80F9002028800027AB
:1013000028800CE02988D8F8300030F811003844E3
:1013100007B2B94500DA07E02888401C28802888F1
:10132000B8F824108842EDDB00BF00BF6CB3304634
:1013300010F044FCBDF8021008440FFA80F9F08A5E
:10134000A9EB00000FFA80F90021304611F08CFD66
:10135000A9EB00000FFA80F90020208000272080F0
:101360000CE02188D8F82C0030F81100384407B27E
:10137000B94500DA07E02088401C20802088B8F8B2
:1013800026108842EDDB00BF00BF012085E72DE974
:10139000F04F87B00446884691461E464846F2F70D
:1013A0006FFB01218140C8B206904FF0FF3A208CBC
:1013B00005900598C04380B2049094F82200C0F3D1
:1013C00080000290002530E0E06800EBC5077868F7
:1013D000C0F3406000B92DE0029800B124E0E1685C
:1013E00001EBC501496821F07F4014F066F883469F
:1013F000C34500D018E0386880790699084000B9E4
:1014000012E003AA4946386815F028FE08B1012009
:1014100000E000200190019828B10398306001207D
:1014200007B0BDE8F08F00BF6D1C608CC0F3C50035
:10143000A842C9D800BF41E0E06800EBC50BE168F5
:1014400001EBC501496821F07F4014F036F80090A7
:10145000E16801EBC501496821F07F4014F031F8E3
:1014600007460098404500D027E0DBF8000080796F
:101470000699084000B920E00498384000B11CE00B
:10148000574500DC19E003AA4946DBF8000015F0D7
:10149000E5FD08B1012000E000200190019858B15D
:1014A0000598874203D1039830600120B8E7BA4518
:1014B00002DABA460398306000BF6D1C608CC0F33E
:1014C000C500A842B8D8BAF1000F03DB039830601A
:1014D0000120A5E70020A3E72DE9FC5F83468A46AB
:1014E00090461D46082001907F200090404608EB62
:1014F000D0714C1008F0010080F00109CBF15A01C5
:1015000008B217F059FFAAEB04014843C611584628
:1015100017F052FFAAEB04014843C711002E0ADD61
:10152000A6F17F000612301B484400B22880301913
:1015300000B2A8800AE006F17F000612301B00B25C
:1015400028803019A0EB090000B2A880002F0ADD26
:10155000A7F17F000712381B484400B26880381991
:1015600000B2E8800AE007F17F000712381B00B2E2
:1015700068803819A0EB090000B2E880BDE8FC9F44
:1015800038B504460025044802882946204611F053
:1015900085FC0090009838BDE00000202DE9FF4F49
:1015A00089B083469246DDE919785C46A08C0A9999
:1015B000484380B2069000BFBAF80800384440445F
:1015C00000B20590069D4FF0000986E0A06A50F831
:1015D000250000287BD0206B30F9190007900026E9
:1015E00000BF1EE0A919A06A50F82100B0B1002187
:1015F000AB19A26A52F8230000B1017801F0010290
:1016000052B109EB0602521C236B33F81230079AD1
:101610001A4412B2079200E009E000E007E0701CF3
:1016200086B206EB0901A08C401E8142DADB00BFC6
:1016300000200490A06A50F8250020B1A06A50F85C
:10164000250000780490049800F0020090B100BFDB
:10165000BAF90800384400EB08010598814205DD1D
:1016600000BFBAF908003844404400E0059800B2D1
:1016700005902BE0DDE9170101440798401A00B2FC
:1016800007900022079916988DE80700A06A50F885
:101690002500411C524608A80C9B17F07BFFBDF9A2
:1016A0002200384400EB08010598814205DDBDF9B0
:1016B00022003844404401E009E0059800B205905A
:1016C000A81985B209EB06001FFA80F900BF681C53
:1016D00085B209F101001FFA80F9A18C069808442F
:1016E000A8423FF773AF05980DB0BDE8F08F00003A
:1016F00038B504460025054802882946204611F0E1
:10170000CDFB00900098C0B238BD0000EA00002078
:1017100038B504460025054802882946204611F0C0
:10172000BDFB00900098C0B238BD0000EC00002066
:101730002DE9FF5F06460C460021304611F093FC70
:1017400003904FF48021304611F08DFC02900398F5
:1017500009F06EFF0746029809F06AFF80460021F3
:10176000304611F0F2FC814608EB070000EBD07127
:1017700009EB61010DB2304610F01CF8834600EB16
:10178000DB704110F08A0844AA4605EBDA71A0EB41
:10179000610000B260806088284400B2E080694641
:1017A00030460FF0B1FFBDF800002080BDF8040006
:1017B000A080BDE8FF9F2DE9FF4705462846FFF7BB
:1017C0002CFC06461EB9002004B0BDE8F0874FF49B
:1017D0008021284611F047FC80464FF4802741F2D3
:1017E0005A423946284611F059FB0290029804B239
:1017F00000BF30460CF0A4FD8146002041F6FF7189
:10180000CDE90001234642464946029003A817F05D
:10181000C1FEBDF90C00D7E702460B46114633B1B5
:10182000012B0AD0022B05D0042B0CD108E001F1CA
:101830003C00704701F14800FBE701F15400F8E774
:1018400001F16000F5E70020F3E770B504460E46AD
:10185000002510E0E06800EBC5004068C0F3406080
:1018600040B1E06800EBC500406820F07F40B04226
:1018700000D105E06D1C608CC0F3C500A842E9D81A
:1018800000BF608CC0F3C500A84203D0E06800EB45
:10189000C50070BD608CC008401C618C60F3C8013D
:1018A0006184628CC2F3C502D100E0680DF074FE61
:1018B000E060608CC0F3C500451E09E0E06800EB05
:1018C000C5010246681E02EBC00205CA05C16D1EB5
:1018D000002DF3D10821E0680EF021F808200DF06A
:1018E00039FDE1680860E168086815F037FCE068D8
:1018F000406820F0007000F10070E1684860E06826
:10190000406866F31700E1684860E068C1E70000DE
:1019100037B584B005461446114890F8200000F011
:10192000010070B10221122013F0F6FD224603904F
:10193000059905F005FB0290BDF80810084607B0B0
:1019400030BD0221122013F011FE224601900599AC
:1019500005F0F6FA0090BDF800100846EFE7000029
:10196000984400202DE9F04F064688461746DDE9E9
:10197000095CDDE90B490022B8F1000F03D0924663
:10198000A4F800A069E0052F03D0062F01D0042F92
:1019900003D10023012D00D10127002106E03CF8EE
:1019A00011A09A4492440FFA8AF2491CA942F6D334
:1019B000A2EB030A0FFA8AF2072F4DD2DFE807F0F5
:1019C0000409144C3E2C1B004FF0000AA4F800A0A0
:1019D00042E0A6EB020A0AEBDA7B4FEA6B0B0FFA46
:1019E0008BFBA4F800B037E0A6EB020A0FFA8AFAE4
:1019F000A4F800A030E04FF0000AA4F800A0A6EB85
:101A0000020A0FFA8AFBA5F1010A0FFA8AFA9BFB78
:101A1000FAFA0FFA8AF31FE0A6EB020A0FFA8AFA23
:101A20000FFA85FB9AFBFBFA0FFA8AF39A4603EB4F
:101A3000DA7B4FEA6B0BA4F800B00DE0A6EB020ACC
:101A40000FFA8AFB05F1010A0FFA8AFA9BFBFAFAF0
:101A50000FFA8AF3238000BF00BF00210CE034F8A6
:101A600011A03CF811B0DA449A440FFA8AFA01F155
:101A7000010B24F81BA0491CA5F1010A8A45EED8E8
:101A800034F81AB03CF81AA0DA44B4F800B0AAEB63
:101A90000B0A0FFA8AF0B9F1000F10D000210CE008
:101AA00034F811A0A6EB0A0A3CF811B0AAEB0B0A15
:101AB0000FFA8AFA24F811A0491CA942F0D3BDE814
:101AC000F08F2DE9F04F8DB0044600BF00BF2046D7
:101AD000FEF766FF81462046FFF752FD0746B9F143
:101AE000000F00D017B90DB0BDE8F08F06A9204651
:101AF000F3F7C8FD0C2103A80DF011FF4FF0000B08
:101B000041F232025946204611F0C8F9009000987F
:101B100005B200BF00BF41F612025946204611F03F
:101B2000BDF90090009828440FFA80FA00BF41F6F2
:101B300010025946204611F0B1F90090009828444F
:101B400000B20290204610F02FF8A18A5144081AE2
:101B500000B2ADF81400204610F030F80146E28AD9
:101B600002981044401A01B2ADF81610002609E0A0
:101B7000A068006850F826B003AA06A9584601F0EC
:101B8000CBFB761CA0684068B042F1D806A8F4F7F9
:101B900089F80021204611F05AFB019000212046CF
:101BA00010F0C7FD804642F2D1710198884202D000
:101BB0000846804502D1204612F06BFB00222B2103
:101BC000204609F0CFFB00BF8DE700002DE9F04172
:101BD00006463746788E002802DC0020BDE8F081FA
:101BE0007D6A002409E0F96A31F81400F3F73EFD3C
:101BF00008B10120F2E7601C84B255F8240050B10E
:101C000055F8240005A1EEF757FB20B155F8240044
:101C100000780028E7D10020E0E700000A0000007B
:101C200001460020302905DB392903DCA1F130020F
:101C3000D0B21CE0612902DBA1F12002D1B2A1F1F6
:101C40004102062A10D2DFE802F0030507090B0D56
:101C50000A200BE00B2009E00C2007E00D2005E036
:101C60000E2003E00F2001E0002000BF00BF7047FE
:101C70002DE9F04105462C464FF44041606A03F0DF
:101C80001DFB94F92E10A08D0122FEF7B7FE07462A
:101C9000206B18B300261EE0206B30F82600A18DC3
:101CA000884216D1206B00EB860090F9021094F95F
:101CB0002E0081420DD1226B02EB860292F90320A5
:101CC000521E3A44D21D91B24FF40042606A03F0B2
:101CD000EFFE701C86B2A08EB042DDDCA08D218D9F
:101CE000884210D194F92E1094F92A0081420AD129
:101CF00094F92B20521E3A44D21D91B24FF48042E7
:101D0000606A03F0D5FEBDE8F08100002DE9F041E6
:101D100004460D46606D18B900BF00BFBDE8F081F4
:101D2000606DA96830F92160606DA96800EB8100E1
:101D3000B0F90270A87B1A490978884206D0A87BBE
:101D4000012801D100BF01E000BF00BFA87B01282E
:101D50000AD1B4F90C00B04203D1B4F90E00B84274
:101D600002D0201D00F094FE201D00F00FFF00B1F6
:101D7000D4E726816781A87B012803D1201D00F0CC
:101D800027FD02E0201D00F083FE201D00F0FEFE76
:101D900000B1C3E72189A1816189E18100BFBDE76D
:101DA000A800002070B5044604214048006811F0E6
:101DB000F9FA20B13D49E06A0968884200D170BD56
:101DC0003A4800680FF0ECFC0546E06A18B1E06A9A
:101DD0000FF0E6FC00E000200646B54224D14DB1EC
:101DE000324800680AF058F8204600F0CFFE00287C
:101DF00057D0E4E7E06A50B12D49E06A0A680F2144
:101E000009F0B0FA204600F0C1FE00B1D7E728483B
:101E10000E2102682548006809F0A4FA204600F067
:101E2000B5FE00283DD0CAE766B9E06A50B1204946
:101E3000E06A0A680F2109F095FA204600F0A6FE34
:101E4000C8B1BCE7E06AB0B156B91949E06A0A689E
:101E50000F2109F087FA204600F098FE58B1AEE74E
:101E60001349E06A0A68102109F07CFA204600F064
:101E70008DFE00B1A3E745B10C4800680AF00CF8EC
:101E8000204600F083FE60B199E709480E21026800
:101E90000648006809F066FA204600F077FE00B1B7
:101EA0008DE702480168E16200BF88E7A4000020D6
:101EB000A00000202DE9F04704460D46A87B01282C
:101EC00005D16079C0F3C00008B1BDE8F087607942
:101ED000C0F3C00058B1607920F0080161710021A1
:101EE0006164607920F00101617100212172277A1B
:101EF000A97B21726968E160D4F85080B8F1000FC5
:101F000000D1E2E740460AF03DF8ED490860084696
:101F1000006800B9D9E7A87B08B10020A881404635
:101F20000AF030F8E64908600846006800B9CCE7D6
:101F3000A87B012853D1002F51D100BF00BF16F05C
:101F400038FF606468680A2820D1DD48006811F015
:101F500019FE28B91021DA48006811F023FA08B1F7
:101F6000012000E00020064640460AF003F800B9D0
:101F70005EB9D44801210268D148006809F0F2F93D
:101F8000201D00F003FE00B19FE74AE168681428B5
:101F900004D1A889401E00B2A88142E168681328D4
:101FA00004D1A889401C00B2A8813AE168681B28C6
:101FB00010D11B2140460AF071F8C2482021026866
:101FC000BF48006809F0CEF9201D00F0DFFD0028B1
:101FD000DBD07AE7404669680AF060F821E1A87B27
:101FE000012870D1012FFCD1607900F00100B8BB4D
:101FF000606C16F0D1FE2168898B884244D96079E3
:1020000020F00100401C607116F0D3FEA0646868E7
:102010000A2833D1AA48006811F0B4FD28B910216C
:10202000A748006811F0BEF908B1012000E00020C7
:102030000646B6B1404609F0B0FF01281DD900BFE1
:1020400000BF404609F096FF80F00109494640462E
:102050000AF033F820219A4800680EF0A8FD0CE041
:1020600012E09848052102689548006809F07AF95D
:10207000201D00F08BFD00B127E700BF607920F044
:102080000100401C6071CCE0607900F00100002884
:102090008BD0A06C16F080FE2168C98B884284D951
:1020A00016F087FEA06468680A280DD185480621CD
:1020B00002688348006809F055F9201D00F066FDAC
:1020C00000288BD001E719E06868142804D1A8899A
:1020D000401E00B2A881A4E06868132804D1A88932
:1020E000401C00B2A8819CE04046696809F0D6FF18
:1020F000201D00F04BFD0028C5D0E6E6A87B002897
:1021000070D1012F6ED100BF00BF68680A286BD163
:102110006B48006811F036FD28B910216848006846
:1021200011F040F908B1012000E0002006463EBB56
:102130006448082102686248006809F013F9201D0C
:1021400000F024FD00B1C0E6607900F0010030B974
:102150005C48042102685A48006809F003F9201D10
:1021600000F014FD00B1B0E656480721026854485B
:10217000006809F0F7F8201D00F008FD88B3A4E618
:10218000404609F0F7FE70B3607900F0010020B11D
:10219000404609F002FF01282CD84A48082102686D
:1021A0004748006809F0DEF8201D00F0EFFC00B1A0
:1021B0008BE64448042102684148006809F0D2F8DF
:1021C000201D00F0E3FC00B17FE63E4807210268D5
:1021D0003B48006809F0C6F8201D00F0D7FC20B18C
:1021E00073E617E01DE00BE015E00A21404609F018
:1021F00055FF0FE02021324800680EF0D8FC09E0BE
:10220000607900F0010028B900BF00BF01214046FD
:1022100009F053FF00BF00216164607920F00101E3
:102220006171002026490860A88928B3404609F05A
:10223000A1FE10B300BF00BFB5F90C0000280CDAF6
:10224000002604E01421404609F028FF761CB5F969
:102250000C004042B042F5DC0EE0B5F90C0000285D
:102260000ADD002604E01321404609F017FF761C22
:10227000B5F90C00B042F6DC20E000BF00BFB5F9B4
:102280000C0000280BDA002603E0404609F060FE4F
:10229000761CB5F90C004042B042F6DC0DE0B5F911
:1022A0000C00002809DD002603E0404609F0E8FDA7
:1022B000761CB5F90C00B042F7DC00BF00BF04E6A5
:1022C000A4000020A000002070B50446A06A00B160
:1022D00070BD94F83D0000F0010000B1F8E7256AF8
:1022E00003E028460FF0B6FA054635B14FF4004139
:1022F000284611F057F80028F3D105B9E8E7B4F9FA
:102300001000002802DDB4F9100002E0B4F910005A
:102310004042484909680968897E884212DAB4F95E
:102320001200002802DDB4F9120002E0B4F9120034
:102330004042404909680968897E884202DA0021E2
:1023400021876187218F208A084401B22187618F0C
:10235000608A084401B26187B4F93800002802DDC0
:10236000B4F9380002E0B4F9380040423149096854
:102370000968C97E88420FDCB4F93A00002802DD02
:10238000B4F93A0002E0B4F93A0040422949096838
:102390000968C97E88424ADD012184F83D10B4F9FC
:1023A0003800002802DDB4F9380002E0B4F9380042
:1023B0004042B4F93A10002902DDB4F93A1002E0C3
:1023C000B4F93A104942884213DDB4F938000028C4
:1023D00007DD94F83C0020F0F000203084F83C0049
:1023E0001AE094F83C0020F0F000103084F83C0033
:1023F00012E0B4F93A00002807DD94F83C0020F020
:10240000F000803084F83C0006E094F83C0020F0B6
:10241000F000403084F83C0006480C210268284651
:1024200008F0A0FF204600F0B1FB00B150E700BF6C
:102430004EE70000A00000202DE9F04104460D46C3
:10244000A87B012805D16079C0F3C00008B1BDE8C0
:10245000F0816079C0F3C00058B1607920F00801C4
:10246000617100216164607920F0010161710021D6
:102470002172276D07B9EAE7384609F083FD9149D3
:1024800008600846006800B9E1E7D4F80C80696884
:10249000E160267AA97B2172A87B012853D1002E06
:1024A00051D100BF00BF16F084FC606468680A2840
:1024B00010D10A21384609F0F1FD83480121026854
:1024C0008048006808F04EFF201D00F05FFB0028E8
:1024D00038D0BCE768681B2810D11B21384609F0AA
:1024E000DDFD7948202102687648006808F03AFF4F
:1024F000201D00F04BFB0028EAD0A8E768680928F7
:102500000CD10021384609F0D8FD384609F0B8FC56
:10251000201D00F03BFB0028DAD098E768680B2804
:102520000CD10021384609F0C8FD384609F010FDED
:10253000201D00F02BFB0028CAD088E738466968C8
:1025400009F0ACFDB8E0A87B01287BD1012E79D140
:1025500068680A280BD15C48022102685948006863
:1025600008F000FF201D00F011FB00B16FE760795B
:1025700000F00100F0B9606C16F00EFC2168898B48
:10258000884217D9607920F00100401C60716868AA
:102590000A28D7D116F00DFCA0644B48052102682B
:1025A0004848006808F0DEFE201D00F0EFFA002821
:1025B000C8D04CE7607900F0010000287CD0A06C06
:1025C00016F0EAFB2168C98B884275D916F0F1FB39
:1025D000A06468680A280CD13B4806210268394883
:1025E000006808F0BFFE201D00F0D0FA002863D07C
:1025F0002DE7686809280CD10021384609F05DFDF7
:10260000384609F03DFC201D00F0C0FA002853D0E8
:102610001DE768680B280CD10021384609F04DFDF4
:10262000384609F095FC201D00F0B0FA88B30EE79B
:1026300008E03846696809F031FD201D00F0A6FA6F
:1026400038B304E7A87B20BB012E35D100BF00BF03
:10265000C5F8048068680A2828D11B480821026848
:102660001848006808F07EFE201D00F08FFA00B1C7
:10267000EDE6607900F0010060B9134804210268BA
:102680001048006808F06EFE201D00F07FFA08B1C7
:10269000DDE611E00C48072102680A48006808F0EE
:1026A00061FE201D00F072FA00B1D0E600216164E5
:1026B000607920F00101617100200249086000BFCB
:1026C000C5E60000A4000020A000002070B505466B
:1026D0000C462868066921882982618869823068E9
:1026E000007CC0F30110022805D03068007CC0F3E4
:1026F000011003280DD1306800882188401A401E3F
:1027000000B22080306840886188401A401E00B2C4
:1027100060803068007CC0F30110012805D030686B
:10272000007CC0F3011003280AD1B4F9020021880B
:10273000618031684988091A491E09B2218000BFA9
:10274000B4F90000002801DA00BF00BF2968086959
:1027500005F052F9B4F90010884201DC00BF00BF57
:10276000B4F90200002801DA00BF00BF2968086937
:1027700005F0A8F9B4F90210884201DC00BF00BFDF
:10278000E86C90B1B5F90C00B4F90010884205D19D
:10279000B5F90E00B4F90210884206D0B4F902204F
:1027A000B4F90010E86C12F0A8FB21882981618837
:1027B00069812879012803D1281D00F009F802E079
:1027C000281D00F065F92989A9816989E98170BD11
:1027D0002DE9F041044600BF00BFAB49206A086004
:1027E0006078C0F3C00008B1BDE8F081A748006878
:1027F000006805690026A448006810BB284605F05B
:1028000016F90746211D0AF0F0FF9F4908600846A7
:10281000006840B9284605F017F90746211D0AF05F
:10282000E4FF994908609848006840B9284605F0D7
:1028300027F90746211D0AF0D8FF934908600126B1
:102840002AE0A06A40BB4FF400518F48006810F0A6
:10285000A9FD08BB284605F0EAF80746211D0AF045
:10286000C4FF894908600846006840B9284605F059
:10287000EBF80746211D0AF0B8FF8349086082483B
:10288000006840B9284605F0FBF80746211D0AF00C
:10289000ACFF7D490860012666B1606A50B1002135
:1028A000218361832046F0F7EEFB204600F06EF9AD
:1028B00000B199E77449206A0968884254D0A18818
:1028C0002181E1886181206A60B1276A6F48032114
:1028D0000268384608F046FD204600F057F900B17E
:1028E00082E700BF68480168216201686162006890
:1028F000002839D016F05DFA2064607820F00100DD
:1029000060700021A182E18294F83C0020F00F0168
:1029100084F83C1094F83C0020F0F00184F83C105E
:10292000002184F83D102187618721826182574808
:10293000012102685448006808F014FD204600F0A8
:1029400025F900B150E7514800684079C0F3C00054
:1029500000B149E74D480068001DFFF723FA204603
:1029600000F014F900B13FE7A1882089081A01B2EC
:102970002182E1886089081A01B26182B4F91800E5
:1029800040F35C002083B4F91A0040F35C016183DA
:10299000218BB4F91000800001EBE00001B221832B
:1029A000618BB4F91200800001EBE00001B2618399
:1029B000A169E16134480068002863D033480221EE
:1029C00002683148006808F0CDFC204600F0DEF8CF
:1029D00000B109E72D4800684079C0F3C00000B19C
:1029E00002E72046F0F7B4FA204600F0CFF800B135
:1029F000FAE62046FFF768FC204600F0C7F800B171
:102A0000F2E6A06A00BB607800F00100E0B9206C3B
:102A100016F0C2F91D4909680968898B884213D9E3
:102A20001A48052102681848006808F09BFC2046F7
:102A300000F0ACF800B1D7E6607820F00100401C4F
:102A4000607016F0B6F96064A06AD8B9607800F0DA
:102A50000100B8B1606C16F09FF90C49096809686B
:102A6000C98B88420ED909480621026806480068C9
:102A700008F078FC204600F089F800B1B4E616F0C2
:102A800098F9606400BFAFE6A4000020A000002019
:102A900070B504466078C0F3C00048B100212162DF
:102AA0006162002020646064607820F0080060703B
:102AB0002049206A0860A56A0846006878B300BF0C
:102AC00000BF1D48082102681A48006808F04AFC47
:102AD000204600F05BF800B170BDDDB9607800F011
:102AE000010058B91448042102681248006808F02F
:102AF00039FC204600F04AF800B1EDE70E48072106
:102B000002680C48006808F02DFC204600F03EF8F2
:102B100000B1E1E7002121620020206460643DB142
:102B20002046F0F7B0FA204600F030F800B1D3E7C5
:102B300000BFD1E7A4000020A00000204179C1F32C
:102B4000400100291ED0002242628262C2624179A5
:102B500021F00102427100224264826402834283B6
:102B600090F8401021F00F0280F84020002282836C
:102B7000C2838287C287417921F00202427100211B
:102B8000014A116070470000A40000200146487807
:102B9000C0F3400010B10020024A10604878C0F332
:102BA00040007047A40000202DE9FE4F0646344641
:102BB00094F82A0000F0010000284AD0A08C0721D8
:102BC00090FBF1F085B2E08C90FBF5F105FB110074
:102BD000E084E08C032101FB0500E084E08C90FBA5
:102BE000F5F105FB11002085208D032101FB050077
:102BF00020850021304610F036FA02900021304640
:102C000010F0A3FA8146029808F012FD07463046FC
:102C10000EF03CFD80463046FEF7FFF90190E08C57
:102C200007EB090148430FFA80FA414608EBD172DD
:102C30005210384607EBD073A2EB63020FFA82FB07
:102C4000ABEB0A0000B20090DDE9001012F01CFCB2
:102C500000BFBDE8FE8F0000F8B50446A56A8021DC
:102C6000284610F09FFB50B941F6FF7003464242E0
:102C70001146009004F1300002F082F8A7E02846E7
:102C80000EF07EFF012804D0022816D0032843D17D
:102C900025E0E88A401C01B2002341F6FF72284675
:102CA000FDF74AF86086E88A401E02B200235249C6
:102CB0002846FDF741F8E08635E0B5F91A10002303
:102CC00041F6FF722846FDF737F86086B5F91A20FD
:102CD000002349492846FDF72FF8E08623E005F157
:102CE000140001F041FF074600EBD7704110E88A5D
:102CF000084406B2002341F6FF72701C01B2284658
:102D0000FDF71AF86086701E02B200233A49284681
:102D1000FDF712F8E08606E04EF20101618641F609
:102D2000FF71E18600BF00BF28460EF01FFF01289B
:102D300004D0022814D0032841D123E0B5F914109F
:102D4000002341F6FF722846FCF75CFF2086B5F9A8
:102D50001420002328492846FCF754FFA08635E0BC
:102D6000B5F91810002341F6FF722846FCF74AFF18
:102D70002086B5F9182000231F492846FCF742FF9A
:102D8000A08623E005F1140001F061FF074600EB87
:102D9000D770A98A01EB600006B2002341F6FF72EA
:102DA000701C01B22846FCF72DFF2086701E02B26F
:102DB000002311492846FCF725FFA08606E04EF2C5
:102DC0000101218641F6FF71A18600BF00BF208E60
:102DD00010B94EF201012186A08E10B941F6FF71A3
:102DE000A186608E10B94EF201016186E08E10B9A5
:102DF00041F6FF71E186F8BD01E0FFFF2DE9F047E4
:102E000004460D4616461F4604F1380000EBC61076
:102E100050F8278000BFB8F1000F03D100BF00BFFA
:102E200000BFFEE700BF00BF1DB900BF00BF00BF6D
:102E3000FEE700BFC5F80880EC60C8F80C5000BF82
:102E40002846F2F750FB82462846F2F74CFB8146B3
:102E50000421F1F76EFE824503D000BF00BF00BF22
:102E6000FEE700BF04F1380000EBC61040F8275021
:102E70000121B14020690843206104F1140050F899
:102E800026000121B940084304F1140141F826004D
:102E9000BDE8F08770B505460C4600200F49086074
:102EA00022461D21284608F05DFA0C48006890B1C2
:102EB0000A480068007808B9002070BD214607481C
:102EC0000068EDF7F9F930B104480168284615F0BB
:102ED0001BFA0020F1E70120EFE700007402002058
:102EE0002DE9F04F89B006460C4615461F4600BF37
:102EF00000BF304610F08CFE10B909B0BDE8F08F6D
:102F0000B046AC4200D1F8E7B4F5B47F02DDA4F5D9
:102F1000B47084B2B5F5B47F02DDA5F5B47085B2A6
:102F2000B8F82400204484B2B8F82400284485B2BC
:102F3000B4F5B47F02DDA4F5B47084B2B5F5B47F06
:102F400002DDA5F5B47085B208AA07A93046FDF7E1
:102F5000DCFC394630460FF0D7FA8146B246BB4614
:102F60005122594650460FF099FF0390039808B13B
:102F7000012000E00020069004A9069808B1012075
:102F800000E00020CDE90059CDE90201BDF8203074
:102F90009AB2BDF91E10BDF91C00234604F0F7FDDE
:102FA00004A9304610F0D5FD00BFA6E71FB50446C2
:102FB00002AA03A92046FDF7A8FC6B46BDF908202C
:102FC00003A92046FDF786FF6946204610F0C1FDA3
:102FD0001FBD2DE9FF4781460C464FF6FF70844226
:102FE00001D1BDE8FF874E46308EA04200DCF8E7F5
:102FF000B06A00EBC40102A801F092FD69464846A0
:103000000EF082FB002148460FF085FE07460021A6
:1030100048460FF007FD804648460EF081FB824689
:1030200004F0D8FC05460A2195FBF1F0B84201DA1C
:10303000384602E00A2095FBF0F007B20A2095FB23
:10304000F0F0404501DA404602E00A2095FBF0F03E
:103050000FFA80F8BDF80800BDF80010C91B08443D
:1030600000B2ADF80800BDF80A00BDF80210A1EBEF
:103070000801084400B2ADF80A00BDF80C00BDF824
:1030800000103944084400B2ADF80C00BDF80E0041
:10309000BDF802104144084400B2ADF80E00B08EF5
:1030A000A0420ED1F06A30F8140000F4007040B174
:1030B00002A801F0A6FDBDF80A10081A00B2ADF88A
:1030C0000A0002A9484610F044FD00BF89E71CB57C
:1030D000044621466846FDF7ADFE6946204610F0DD
:1030E00038FD1CBD2DE9F04F87B005460E462C4635
:1030F000B4F88200B04202DC07B0BDE8F08F284689
:103100000EF0E3FAB4F884104843001207B22846E0
:103110000EF046FC824694F88800C0F3C00018B94F
:10312000284610F0DCFCE7E794F8880000F0070080
:1031300001287CD1002128460FF09BFA069000213F
:1031400028460FF0B0FC0590A98A0598014406981E
:103150000844A0EB0A000FFA80FB4FF4A020029075
:1031600040F64902284602990FF098FE0190019816
:1031700000B280464FF40031284610F082F88146B4
:1031800000BFA88AADF80C00E88AADF80E00288BC5
:10319000ADF81000688BADF8120000BFBDF80E004E
:1031A00008EB0901401A00B2ADF80E00BDF812009C
:1031B00008EB0901084400B2ADF81200B4F882002F
:1031C000401EB0421FDD07FB06F0B4F88210491E16
:1031D00090FBF1F05844A0EB0800A0EB090000B20E
:1031E000ADF80C00701C7843B4F88210491E90FBB7
:1031F000F1F058444044484400B2ADF8100003A92F
:10320000284610F0A6FC002E21DD701E7843B4F88D
:103210008210491E90FBF1F05844A0EB0800A0EB8F
:10322000090000B2ADF80C0007FB06F000E00FE06B
:10323000B4F88210491E90FBF1F0584440444844D1
:1032400000B2ADF8100003A9284610F082FC4BE054
:1032500094F8880000F00700022838D100212846A1
:103260000FF0D3FBB4F8841048434FEA202807EB53
:103270000800B4F8821090FBF1F00FFA80F909FB16
:1032800006F00FFA80FB002128460FF00CFCA98AFB
:10329000084458440FFA80FB05A928460EF034FA7A
:1032A000ABEB0A0000B2ADF81400BDF814004844BE
:1032B00000B2ADF81800BDF81400A0EB080000B291
:1032C000ADF8140005A9284610F043FC0CE094F872
:1032D000880000F00700032803D1284610F0FFFB08
:1032E00002E0284610F0FBFB00BF05E7014601F0B5
:1032F000030070B96420B1FBF0F200FB121030B98A
:103300004FF4C870B1FBF0F200FB121008B90120B5
:1033100070470020FCE700002DE9F74F94B0044609
:103320000D46F249204610F048F810B117B0BDE83C
:10333000F08F2046FDF752FB13902046FEF7E8F988
:103340001290129808B1139800B9EFE72046FDF7E4
:1033500035FB06462046FEF7CBF9074600BF0020A6
:103360000390E3480288204603990FF097FD0290EE
:103370000298C0B2119000BF00200390DD4802887F
:10338000204603990FF08AFD02900298C0B2109077
:10339000286830F916100F91296813983044401EA0
:1033A00031F81010AA6813983044401E32F810000B
:1033B000084400B20E90DDE90E01401A00B20D90F3
:1033C000686830F917100C91696812983844401EEB
:1033D00031F81010EA6812983844401E32F8100094
:1033E000084400B20B90DDE90B01401A00B20A90CC
:1033F000002120460FF0AFF8012809D1119810B92B
:103400000220119004E01198022801D100201190AF
:1034100000BF208BA18A401A401C00B2099000BF57
:10342000608BE18A401A401C00B20890119830B1BC
:10343000012818D0022827D0032808D000BF286808
:1034400030F916A0608C20F4806060842CE028683D
:1034500030F916A00D980990608C20F4806000F57A
:103460008060608420E0296831F81630099A0D994F
:10347000881A00EBD07103EB61010FFA81FA608CBE
:1034800020F4806060840FE020460FF02EFF296852
:1034900031F816200D991144081A0FFA80FA608C41
:1034A00020F48060608400BF00BF109830B1012814
:1034B00018D0022827D0032808D000BF686830F948
:1034C00017B0608C20F4007060842CE0686830F9DC
:1034D00017B00A980890608C20F4007000F5007016
:1034E000608420E0696831F81730089A0A99881AD0
:1034F00000EBD07103EB61010FFA81FB608C20F4CB
:10350000007060840FE020460EF054F9696831F8CD
:1035100017200A991144081A0FFA80FB608C20F4D6
:103520000070608400BF00BF20460FF0DEFE0999E6
:10353000884205D120460EF03DF9089988422BD0EB
:1035400000BFA08AADF80800E08AADF80A00208B21
:10355000ADF80C00608BADF80E0000BF204610F0F7
:10356000BEFA04F11400099901F017FC04F11400EB
:10357000089901F00CFC204610F0B1FA02AA2921AA
:10358000204607F0EFFE20460EF064F92246222185
:10359000019007F0E7FE00BF0020039043F20C0209
:1035A000204603990FF07AFC029002980FFA80F8F7
:1035B00000BF0020039043F20D02204603990FF054
:1035C0006DFC029002980FFA80F900BF20460FF0C0
:1035D0008CFE079020460EF0EDF8069008F4C040EF
:1035E000B0F5005F01D1012000E0002030B128F4E7
:1035F000C040B0F5FA6F01DC012000E0002090B17E
:1036000028F4C040B0F57A7F04DD28F4C040C0F54E
:103610007A7001E028F4C04007994843642190FB88
:10362000F1F00FFA80F809F4C040B0F5005F01D165
:10363000012000E0002030B129F4C040B0F5FA6F5D
:1036400001DC012000E0002090B129F4C040B0F579
:103650007A7F04DD29F4C040C0F57A7001E029F4D6
:10366000C04006994843642190FBF1F00FFA80F9BD
:103670000AEB08000FFA80FA0BEB09000FFA80FB47
:10368000169800895044A18A401A00B205901698F5
:10369000408900EB0B01E08A081A00B204900598FB
:1036A00008B90498F8B1204610F019FAA18A0598D3
:1036B000084400B2A082218B0598084401B22183FE
:1036C000E18A0498084401B2E182618B04980844BD
:1036D00001B26183204610F002FA01232046DDE9A1
:1036E000042110F0D9FA00BF20E600000100060016
:1036F000E8000020EE0000202DE9F04106460F46CC
:103700001546002016F002FF04460DE0394620461B
:10371000B047012804D105B12C600120BDE8F0813B
:10372000204616F0F3FE044624B1606820F04040C5
:103730000028EBD10020F1E730B5024614460B46D5
:1037400020881D88A84203D020881D88401B30BDDA
:1037500060885D88401BFAE730B5024614460B4688
:1037600020781D78A84203D020781D78401B30BDFA
:1037700060785D78401BFAE770B505460C46264632
:10378000686820F040403168884204D12846FCF740
:1037900039FF012070BD0020FCE72DE9F04105460E
:1037A000284607F078FD0446284607F0D5FD074671
:1037B00038460EF04FF806462A2C01D0292C09D1A4
:1037C000002138460BF0A2FA304617F0EDFB3046E8
:1037D00018F040FDBDE8F0812DE9F0410446204697
:1037E0000DF0F1FE0746002607E0A068006850F8DB
:1037F00026502846FFF7F0FF761CBE42F5D394F81A
:10380000220000F0010008B9BDE8F081608C20F0D2
:1038100001006084204610F03CFD204610F0C8FBFB
:10382000D7B1002120460EF0B8FF05469DB10B48E8
:10383000006885420FD8681E0949096801EBC0007D
:10384000D0F80480681E0649096851F830204146C6
:103850002046904700BF00BF00BFD5E7B40000205E
:10386000040200202DE9F04F85B007468B469146B3
:103870001E460E9DE86900FB0BF080120490E8697B
:1038800000280DDD0498484516DD95F82800C0F3A2
:10389000400018B1012005B0BDE8F08F0020FAE724
:1038A0000498484508DA95F82800C0F3400008B1AC
:1038B0000120F0E70020EEE70BEB0601E869484342
:1038C00080120490E86900280BDD0498484514DA5A
:1038D00095F82800C0F3400008B10020DBE7012084
:1038E000D9E70498484508DD95F82800C0F3400062
:1038F00008B10020CFE70120CDE7E869002806DD08
:103900004FEA0920A96948438012039006E009F1B3
:1039100001000002A9694843801203900398001235
:1039200002900398C0B20190019810B94FF0FF08BF
:1039300007E00198C0F1FF00696A4843FF21A1EB4D
:1039400020280298A0EB0B040198D8B1002C18DBBA
:10395000B44216DA0198C0F1FF00C8F1FF014843F4
:10396000FF21A1EB602000F0FF0A95F82800C0F3CA
:10397000400008B1CAF1FF0A385D514616F047FC15
:103980003855641C1BE0002C12DBB44210DAA88C02
:10399000A8EB600000F0FF0A95F82800C0F3400093
:1039A00008B1CAF1FF0A385D514616F030FC3855AF
:1039B000686AA8EB0008641CB44200DB02E0686A95
:1039C0004045E0DB00BFB4421DDA002C1BDBA869D8
:1039D00000FB08F080120090009800FB08F0C0F394
:1039E000472AE869002801DACAF1FF0A95F8280099
:1039F000C0F3400008B1CAF1FF0A385D514616F025
:103A000006FC385500BF95F82800C0F3400068B1A7
:103A10000298A0EB0B04B44201DD00203BE7002C30
:103A20000FDB214638460BF07AFF0AE0641C002CBD
:103A300001DA00202FE7B44203DC311B38190BF008
:103A40006EFF022027E72DE9FF4F87B007468A4621
:103A50001E46149DA8690999484380120690A869DA
:103A6000002802DD0698401C0690069850450ADAA8
:103A700095F82800C0F3400018B101200BB0BDE854
:103A8000F08F0020FAE7A869099948438012069050
:103A90000AEB06010698814208DA95F82800C0F37F
:103AA000400008B10020E9E70120E7E7099800029B
:103AB000A96948438012059005984FEA202B059884
:103AC000C0B204900998401C0002A96948438012C2
:103AD00003900398001202900398C0B20190ABEBE0
:103AE0000A040298834509D0A869002806DA0498D8
:103AF00020B9FF200490DDF808B0641E02988345C9
:103B000034D1002C12DBB44210DA01990498084435
:103B1000C0F3470895F82800C0F3400008B1C8F189
:103B2000FF08385D414616F072FB3855641C95F865
:103B30002800C0F3400060B1ABEB0A04B44201DBE3
:103B400000209BE7002C03DB214638460BF0E7FE04
:103B5000C9E0B44200DD34460CB900208EE7002CE9
:103B6000F6DD311B38190BF0DAFEBCE0A86900283D
:103B70005ADAE8694042049948434FEAA029002CE8
:103B800012DBB44210DA049809FB00F0C0F34728B6
:103B900095F82800C0F3400008B1C8F1FF08385D6F
:103BA000414616F034FB3855641EC9F1FF00A9697F
:103BB0004942484380120090002C16DBB44214DACC
:103BC000C9F1FF0000994843FF21A1EB602000F0FC
:103BD000FF0895F82800C0F3400008B1C8F1FF08BD
:103BE000385D414616F013FB3855A41C95F82800A3
:103BF000C0F3400068B1ABEB0A00441EB44201DDE3
:103C0000344610E0002C0EDD214638460BF087FECE
:103C100009E0B44201DD012030E7002C03DB311B59
:103C200038190BF07CFE5DE00498C0F1FF00E969F3
:103C300048434FEAA029002C17DBB44215DA049858
:103C4000C0F1FF0000FB09F0FF21A1EB602000F0B4
:103C5000FF0895F82800C0F3400008B1C8F1FF083C
:103C6000385D414616F0D3FA3855641CC9F1FF009F
:103C7000A969484380120090002C13DBB44211DA8A
:103C8000C9F1FF0000994843C0F3472895F8280080
:103C9000C0F3400008B1C8F1FF08385D414616F096
:103CA000B6FA3855641C95F82800C0F3400060B19E
:103CB000ABEB0A04B44201DD0020DFE6002C10DB90
:103CC000214638460BF02BFE0BE0B44200DD3446B3
:103CD0000CB90020D2E6002C03DD311B38190BF0A3
:103CE0001EFE00BF00BF0220C8E62DE9F8430446CF
:103CF00027467D6AA84609F0EFFB0646C6B1304666
:103D000009F03FFC012804D0304609F03AFC0328B2
:103D10000ED16946304609F0F9FBBDF9021028467C
:103D2000FCF76AFFA8F83A0020460FF0D8FE00BF63
:103D3000BDE8F8832DE9FC470546A846D8F824706D
:103D40003C4609F0C9FB8146484609F01AFC0428A4
:103D50000ED1E08E208738460DF022FD8246504677
:103D600008F008F918B10021504608F0A6F900BF84
:103D7000484609F006FC012804D0484609F001FC39
:103D800003280CD16946484609F0C0FBBDF9021072
:103D90003846FCF731FFE086E08E208700BF3846CA
:103DA00006F06FFEA06A10B938460FF098FEE08E5C
:103DB000019001AA1C21384607F0D4FA0646012ECC
:103DC00002D03046BDE8FC870120FBE72DE9F04139
:103DD00005460E464FF000081148EFF70AFB04466F
:103DE00018E021460E48EFF71CFB07462068A84262
:103DF00000D075B96068B04200D056B92146084875
:103E0000EFF776FB20460BF073FBF1F77BF84FF0F2
:103E100001083C46002CE4D14046BDE8F08100009A
:103E20001445002070B506460D460B48EFF7E1FA41
:103E300004460DE02068B04205D16068A84200D079
:103E40000DB9204670BD21460348EFF7EAFA044653
:103E5000002CEFD10020F5E71445002010B50446F2
:103E6000402120460BF05BFD4FF4FA70A062002069
:103E7000E061642060620120A0870548A06194F899
:103E80003E0020F00100401C84F83E0010BD000000
:103E90001B3F0108F8B504464FF4806000900023F2
:103EA0001946D4E90A200BF041FA06464FF4806027
:103EB0004FF46E73322200210090304601F092F9E7
:103EC0000746E169606A401A00FB07F5AD12E06938
:103ED00005442846F8BDF8B504464FF480600090CC
:103EE00000231946D4E90A200BF020FA06464FF4C5
:103EF000806040F2B6334FF461720021009030468A
:103F000001F070F90746E169606A401A00FB07F5A5
:103F1000AD12E06905442846F8BDF8B504464FF4F3
:103F20008060009000231946D4E90A200BF0FEF9C6
:103F30000646E169606A401A00FB06F5AD12E069C9
:103F400005442846F8BD0146D1E90A20904201DB2C
:103F5000486A7047C869FCE74A42C26270474160DC
:103F600070474160704741607047416070474160F1
:103F70007047816170478161704741637047C160DC
:103F80007047C16070478187704781627047816266
:103F900070478162704781627047C161016242620D
:103FA0007047C161016242627047C1610162426251
:103FB0007047C161016242627047C1610162426241
:103FC000704701607047016070470160704730B50D
:103FD00003468D1A002D01DD8D1A00E0551A2C467E
:103FE0004FF47A756543B5FBF3F000B9401C30BD62
:103FF00070B50546686818B1D5E90001FFF7E6FE1F
:104000002148EFF769FA18B114F0D3FE1F49086090
:104010001D48EFF721FA044600BF1CB900BF00BFDE
:1040200000BFFEE700BF0CB9002070BD402229464A
:1040300020460BF0E6FA2868A84200D12460144814
:10404000017814F83E0F61F38200207014F83E09E5
:1040500000F00100A0B1206950B1204621698847D5
:104060000646E0693044E061606A3044606200BF47
:10407000606828B1206818B1D4E90002E16990476E
:10408000F0F740FF2046D0E714450020F80100205B
:10409000FD01002070B506460C4625460020A88488
:1040A000872068852D20A8858720E8844000288502
:1040B000A88E20F00600A8864FF40040E885A88E60
:1040C00020F008000830A886002028866420688632
:1040D000A88E20F00100A8864FF43470E88614F012
:1040E00068FEA863288D00B2A887022120460CF044
:1040F00001F84FF4407120460CF018FD0D212046C8
:1041000010F0F0FD70BD00002DE9F04FABB083461C
:10411000584607F021F982465446584607F0C3F83E
:104120002A9028AA29A95046FCF7EFFB16A82A993D
:104130000CF0E0FFBDF9A000002831DD12A803F06B
:10414000FAFC12AA002150460FF07EF900202390BD
:10415000634817900020189029A81F90BDF9A0006F
:10416000ADF8940012A81E9016AA1A21504607F026
:10417000F9F8A08DA18C084480B2618DA28C114405
:1041800089B2CDE90010BDF8940083B229AA12A922
:104190002A9803F0B2FC16AA1B21504607F0E2F859
:1041A0004FF4003150460EF098FC06464FF40031B3
:1041B00050460EF03BFD07464FF4003150460EF0DE
:1041C000F8FD80464FF4003150460EF0A9FB05463D
:1041D000BE4201DD304600E03846A84501DD4146DB
:1041E00000E02946884205DDBE4201DD304606E09A
:1041F000384604E0A84501DD404600E02846BDF809
:10420000A010081A0FFA80F9B9F1000F3BDD12A8CF
:1042100003F091FC12AA4FF4003150460FF014F94C
:104220004FF4003023902E4817900120189029A8B1
:104230001F90ADF8949012A81E9016AA1A2150460D
:1042400007F090F8BDF94A00BDF99410884203DDEB
:10425000BDF89400ADF84A00208DA18C084480B2CE
:10426000E18CA28C114489B2CDE90010BDF8940014
:1042700083B229AA12A92A9803F03FFC16AA1B218F
:10428000504607F06FF810ABBDF9A02029A95046A1
:10429000FCF720FE02A805F0C5FA02AA4FF440314F
:1042A00050460FF06DFA4FF4403023900C481790B1
:1042B0000220189010A8199002A81A9016AA1A2184
:1042C000504607F04FF810AA02A92A9805F08EFA76
:1042D00016AA1B21504607F045F82BB0BDE8F08F19
:1042E000044303082DE9F34F8DB0F9480E990DF002
:1042F00027F90C900C98012802D00FB0BDE8F08F80
:104300000E9806F0C8FF06460E9807F025F80B90A9
:104310000E9807F021F80446022E7CD109F0DCF853
:104320000A900A9800B9E8E70A9809F02AF9099072
:104330000998012800D0E0E708A90A9809F0E6F8F2
:1043400006AA07A90B98FCF7E0FABDF82000BDF813
:104350001C10401A00B2ADF82000BDF82200BDF8D4
:104360001E10401A00B2ADF8220094F8340000F09C
:104370000100002849D14FF400310B980EF0C4F829
:104380000190BDF818100198081A00B206904FF479
:1043900080310B980FF006F830B1BDF81810019875
:1043A000081A00B2069015E0BDF91810CA1701EB03
:1043B00092729310019A934206DDBDF91800C2175C
:1043C00000EB9272921000E0019ABDF818309A1A30
:1043D00012B20692BDF91800012801DA01200690F8
:1043E000BDF920004043BDF9221001FB0101BDF9D8
:1043F00018004043814207DDA08E20F00100401CE0
:10440000A08614F0D6FCA06300BF94F8340000F03E
:10441000010008B971E7B9E0BDF8200018B9BDF88E
:10442000220000B969E7A08D0FFA80FAA08D618D96
:10443000884204DAA08D00F5B4700FFA80FABDF955
:104440002010BDF9220000F0AEFC05B2A08C281AA5
:1044500005B2608D281A05B2002D02DA05F5B47098
:1044600005B2608DAAEB00000FFA80FBA08F618D72
:10447000401A00B205900598281A07B2002F01DDF6
:10448000384600E07842B0F58C7F08DD94F83400BF
:10449000C0F3C00008B1002510E05D460EE00BEB54
:1044A000DB71B5EB610F05DAA08E20F00800083053
:1044B000A08603E0A08E20F00800A0860598281AA8
:1044C00007B2A06B14F068FC0490E18E049841439D
:1044D0004FF47A70B1FBF0F00FFA80F94F4501DD2F
:1044E0004F4606E0C9F10000874202DAC9F1000038
:1044F00007B20598384405B2B4F93200B4F9301067
:10450000401A618DAAEB0101C90091FBF0F0039004
:104510000398001D001103900398284405B2608D94
:10452000284405B2B4F92E000290B4F9320000908C
:10453000B4F93030618D524628460AF0F7FE0FFA82
:1045400080F80B9800F04AF9404513D014F031FC84
:10455000A06341460B9800F07AFA0298804509D092
:1045600000221C210B9806F0FDFE0C900C980128EF
:1045700000D0C2E6B4F93000404503D0B4F93200AF
:10458000404502D114F015FCA06325E1082E01D0AE
:10459000032E19D1A08E20F00100A0860B980DF0FB
:1045A000FFF88046404607F0E5FC054608F094FF1A
:1045B000814608F0E6FF0746042F04D11DB1002113
:1045C000404607F07AFD07E10D2E31D10E9806F036
:1045D000C0FE0578B4F92E70132D01D0112D0AD12B
:1045E0000B9800F0FBF8401C0FFA80F841460B983E
:1045F00000F02DFA0DE0142D01D0122D09D10B98E9
:1046000000F0ECF8401E0FFA80F841460B9800F0DD
:104610001EFAB4F92E00B84209D000221C210B98D2
:1046200006F0A0FE0C900C98012800D065E6D3E0BF
:10463000112E4FD10E9806F08CFE074609AA0AA942
:104640000B98FCF762F900250B98806818B10B985D
:104650008068B0F9145000210B980DF055FF80468A
:1046600008EB0500BDF82410081A00B20990BDF847
:104670002A00BDF82410084400B20090BDF82800BC
:10468000084403B2BDF82A00401A02B2BDF828005F
:10469000401A01B207A800F073FB47F6FF7207A8A3
:1046A0003968EDF766FC10B10020387125E608EB9B
:1046B000450002B208EB450001B207A800F03EFB3E
:1046C00047F6FF7207A83968EDF753FC387183E0AD
:1046D00004430308132E7AD100210B980EF0FDF944
:1046E0000A9000210B980EF0A1FA099000210B9876
:1046F0000EF05FFB089000210B980EF011F9079067
:10470000DDE90910884201DD0A9A00E0099ADDE935
:104710000710884201DD089800E00798824207DD13
:10472000DDE90910884201DD0A9808E0099806E0F1
:10473000DDE90710884201DD089800E0079806903F
:104740004FF440310B980EF0C8F980464FF44031D9
:104750000B980EF06BFA81464FF440310B980EF037
:1047600028FB82464FF440310B980EF0D9F80746EB
:10477000C84501DD404600E04846BA4501DD5146E6
:1047800000E03946884205DDC84501DD404606E0C7
:10479000484604E0BA4501DD504600E03846801C3A
:1047A0000FFA80FB0E9806F0D4FD0546B5F900100F
:1047B0000698ABEB0000814203DDB5F9000003E091
:1047C00005E00698ABEB000000B2288004E0152E4F
:1047D00002D10E98FFF798FC00BF8EE5014600BF9E
:1047E00000BFB1F92E00704770B505460E4614465D
:1047F0002146284600F094F83146284600F0E1F8BA
:1048000070BD70B505460E4614462146284600F098
:1048100005F83146284600F042F870BD2DE9F04118
:1048200080460F4600BF00BF4646B7F5B47F02DDA5
:10483000A7F5B47087B2B08D718D401A04B2708D37
:10484000381A05B2002C02DA04F5B47004B2002D57
:1048500002DA05F5B47005B2281B002801DD281B1B
:1048600000E0601BB42803DD40460FF038F910E08B
:10487000A54206DAB28D002339464046FEF730FBEA
:1048800007E0AC4205DAB18D00233A464046FEF718
:1048900027FBB78540461BF0C7FABDE8F0812DE93C
:1048A000F04180460F4600BF00BF4646B7F5B47FD3
:1048B00002DDA7F5B47087B2B08D718D401A04B2D5
:1048C000B08DC01B05B2002C02DA04F5B47004B23E
:1048D000002D02DA05F5B47005B2281B002801DDB1
:1048E000281B00E0601BB42803DD40460FF0F7F8FA
:1048F00010E0A54206DA718D00233A464046FEF7E5
:10490000EFFA07E0AC4205DA728D002339464046E3
:10491000FEF7E6FA778540461BF086FABDE8F0819F
:104920002DE9F04180460F4600BF00BF4646B7F56F
:10493000B47F02DDA7F5B47087B2308DF18C401AD8
:1049400004B2F08C381A05B2002C02DA04F5B47007
:1049500004B2002D02DA05F5B47005B2281B002858
:1049600001DD281B00E0601BB42803DD40460FF08A
:10497000B6F812E0A54207DA328D4FF4003339461B
:104980004046FEF7ADFA08E0AC4206DA318D4FF44E
:1049900000333A464046FEF7A3FA4046FEF706FBD0
:1049A00037854046FEF702FBBDE8F08170B504464E
:1049B0000D4600BF00BF2646B58420460FF08FF895
:1049C00070BD2DE9F04180460F4600BF00BF46464E
:1049D000B7F5B47F02DDA7F5B47087B2308DF18CE6
:1049E000401A04B2308DC01B05B2002C02DA04F567
:1049F000B47004B2002D02DA05F5B47005B2281BBC
:104A0000002801DD281B00E0601BB42803DD4046C0
:104A10000FF065F812E0A54207DAF18C4FF400338D
:104A20003A464046FEF75CFA08E0AC4206DAF28C01
:104A30004FF4003339464046FEF752FA4046FEF73F
:104A4000B5FAF7844046FEF7B1FABDE8F0812DE9EA
:104A5000F04107460D4600BF00BF3C46B4F92E00AA
:104A6000A84201D1BDE8F081B4F93200A84202DACF
:104A7000B4F9320000E028460646B4F93000B042EE
:104A800002DDB4F9300000E030460646B4F92E00ED
:104A9000B04200D1E6E7E68538461BF0C5F900BF15
:104AA000E0E70A8802804A8842808A888280CA8831
:104AB000C28070470A8802804A8842808A88828041
:104AC000CA88C28070470A8802804A8842808A88E1
:104AD0008280CA88C28070470A8802804A884280E1
:104AE0008A888280CA88C28070470A8802804A8881
:104AF00042808A888280CA88C28070470A88028081
:104B00004A8842808A888280CA88C28070470A8820
:104B100002804A8842808A888280CA88C280704720
:104B20000A8802804A8842808A888280CA88C28035
:104B300070470A8802804A8842808A888280CA88B0
:104B4000C28070470A8802804A8842808A888280B0
:104B5000CA88C28070470A8802804A8842808A8850
:104B60008280CA88C28070470146C8884A88801AF5
:104B7000401C00B270470146C8884A88801A401C11
:104B800000B270470146C8884A88801A401C00B2AB
:104B900070470146C8884A88801A401C00B2704796
:104BA0000146C8884A88801A401C00B270470146F6
:104BB000C8884A88801A401C00B270470146C888DD
:104BC0004A88801A401C00B270470146C8884A884B
:104BD000801A401C00B270470146C8884A88801A73
:104BE000401C00B270470146C8884A88801A401CA1
:104BF00000B270470146C8884A88801A401C00B23B
:104C000070470146C8884A88801A401C00B2704725
:104C10000146C8884A88801A401C00B27047014685
:104C2000C8884A88801A401C00B2704710B50146F7
:104C3000B1F90420B1F90030D21A521CB1F9063092
:104C4000B1F902401B1B5B1C02FB03F010BD0146C7
:104C500088880A88801A401C00B2704701468888FC
:104C60000A88801A401C00B27047014688880A886A
:104C7000801A401C00B27047014688880A88801A52
:104C8000401C00B27047014688880A88801A401C80
:104C900000B27047014688880A88801A401C00B21A
:104CA0007047014688880A88801A401C00B2704705
:104CB000014688880A88801A401C00B27047014665
:104CC00088880A88801A401C00B27047014688888C
:104CD0000A88801A401C00B27047014688880A88FA
:104CE000801A401C00B27047014688880A88801AE2
:104CF000401C00B27047014688880A88801A401C10
:104D000000B27047014688880A88801A401C00B2A9
:104D10007047014688880A88801A401C00B2704794
:104D2000014688880A88801A401C00B270470146F4
:104D300088880A88801A401C00B2704703885B1A72
:104D40001BB2038083880B441BB2838043889B1A69
:104D50001BB24380C38813441BB2C38070470388CF
:104D60000B441BB2038083880B441BB283804388AF
:104D700013441BB24380C38813441BB2C3807047E3
:104D800010B5029C018042808380C48010BD42889F
:104D90000A44521E12B2C280704702880A44521E50
:104DA00012B282807047F0B506460D460024002EF0
:104DB00002DA601CC4B276423746002D02DAA01C2B
:104DC000C4B26D42AC46674509D9CCEB0C1000EB80
:104DD0004000B0FBF7F304F11000C4B205E0C7EBEC
:104DE000071000EB4000B0FBFCF30022D9B21629FB
:104DF00010DD2C2901DC501CC2B2292901DC501C19
:104E0000C2B2252901DC501CC2B2202912DC501C80
:104E1000C2B20FE0022901DB501CC2B2062901DB3D
:104E2000501CC2B20A2901DB501CC2B20F2901DB9F
:104E3000501CC2B2134404F0100008B1C3F15A036D
:104E400004F0020038B104F0010008B1B43307E007
:104E5000C3F1B40304E004F0010008B1C3F5B47376
:104E600098B2F0BD70B504460D462646F560306830
:104E70000EF035FE70BD2DE9F04106463468276816
:104E80003D464FF0FF30E06005F13C00844202D126
:104E9000A068686205E005F14C00844201D1A06879
:104EA000286320680EF01BFEBDE8F08170B5064651
:104EB0000C4625460020A8626420E8620020286392
:104EC0006862A88600212987E986698785F85C00E1
:104ED00005F13C01204600F0C8F805F14C012046E0
:104EE00000F0C3F8082120460BF020FE10212046D8
:104EF0000BF01CFE00221146204600F0F3F870BDB6
:104F000070B506460C462546002105F13C00FEF72B
:104F10005DFF002105F14C00FEF758FF70BD000059
:104F20002DE9F34F83B03C4804990CF009FB029043
:104F30000298012802D005B0BDE8F08F049806F071
:104F4000AAF90546049806F007FA0646132D50D133
:104F50004FF4003130460BF070FC0190049806F0DD
:104F6000F8F90446B4F900100198814202DDB4F961
:104F7000000000E001982080002130460DF0BAFDCD
:104F80008046002130460DF05EFE8146002130460D
:104F90000DF01CFF8246002130460DF0CEFC074686
:104FA000C84501DA404600E04846BA4501DA5146B4
:104FB00000E03946884205DAC84501DA404606E095
:104FC000484604E0BA4501DA504600E038468346D8
:104FD000BBF1000F0CDAB4F90000CBF100018842FC
:104FE00002DDB4F9000001E0CBF1000000B2208046
:104FF0000FE0012D01D0082D06D1344604F1340113
:1050000030460EF0A6FD04E0152D02D10498F4F709
:1050100015F900BF8FE7000020430308014600BFD9
:1050200000BF0A4692F85C0000F003007047024699
:1050300000BF00BF114691F85C0000F00300022899
:1050400001D0886A7047886D401C08B1486DF9E747
:10505000086BF7E7024600BF00BF1146886C401C92
:1050600008B1486C7047486AFCE7086000224A6053
:105070008A60521ECA607047F8B506460D4617464C
:1050800000BF00BF344694F85C0000F00300022823
:1050900000D0F8BDD4E90A10A84201DD284600E09E
:1050A000E06A814201DDA06A05E0E06AA84201DD14
:1050B000284600E0E06A0546606AA84201DA606AB4
:1050C00000E028460546206BA84200D1E1E704F144
:1050D0004C0304F1300229463046009700F036F8C0
:1050E00000BFD6E7F8B506460D46174600BF00BF1D
:1050F0003446606AA84200D1F8BDD4E90A10A8423B
:1051000001DD284600E0E06A814201DDA06A05E099
:10511000E06AA84201DD284600E0E06A0546206B0F
:10512000A84201DD206B00E028460546606AA842DF
:1051300000D1E1E704F13C0304F1240229463046A2
:10514000009700F003F800BFD6E700002DE9F04714
:1051500092B007460D4616461C46DDF86890B9F138
:10516000000F04D1356038460EF0B9FC33E0E0683A
:10517000401C18B930686060A56002E0A0686060FB
:10518000A560356000212046FEF720FE02A8FEF74C
:1051900065FE00BF029400BF1048039000BF0020CE
:1051A0004FF4807109900A900B9100BF0C48059054
:1051B00000BF4FF0000A6522514638460DF06EFEE2
:1051C0000190DDF8048000BFCDF8308000BF02A858
:1051D000FEF70EFF00BF12B0BDE8F087654E010874
:1051E000774E01082DE9F04F04460D46C4F5806165
:1051F00001FB01F0860A06FB01F04FEA902C04FB4C
:1052000004F0870A07FB04F04FEA90280CFB05F036
:105210004FEA902906EB4600604350434FEA105A8C
:1052200001EB4100784358434FEA105B099808FBB3
:1052300000F04FEA902E09EB0A0058447044BDE894
:10524000F08F70B505460C46102120460BF06EFC21
:105250004FF4806120460AF04DFF70BD70B50446E2
:1052600000BF00BF214604480BF0B1FB05462846AD
:105270000BF022FC284670BD3C4303082DE9F041A9
:1052800007460C46164600BF00BF3D46288EA0428A
:1052900001DCBDE8F081E86A30F81400B043E96A47
:1052A00021F8140021463846FDF793FE06F40070FD
:1052B00010B138460FF090F900BFEAE72DE9F04150
:1052C00005460E4600BF00BF2F46002406E03246CA
:1052D00021462846FFF7D2FF601C84B2388EA042D8
:1052E000F5DCBDE8F081000070B506460C462546A9
:1052F0000020288668864FF6FF70A8860020A862E6
:10530000E862686285F836000249204600F022FC17
:1053100070BD00005802002070B5044600BF00BFF9
:10532000214604480BF053FB054628460BF0C4FB0E
:10533000284670BD5843030870B506460C462546FE
:10534000A86A0AF0D5F8E86A0AF0D2F80020A86244
:10535000E86270BD2DE9F34F83B0FB4804990CF06F
:10536000EFF80746012F02D005B0BDE8F08F049892
:1053700005F091FF0546049805F0EEFF804644468F
:10538000132D18D1049805F0E4FF06464046FCF7BB
:105390001DFC68B1608E002806DD40460CF076F9F1
:1053A000618E90FBF1F000E0002000B2308001E05F
:1053B0000020308000BF2A2D04D14046616A00F0F1
:1053C000C9FB29E3292D04D14046616A00F0C2FBE4
:1053D00022E3012D60D1049805F0BBFF8246A18E27
:1053E0004046FDF7F6FD08F077F8064608F0C9F8E4
:1053F0008146B9F1010F02D0B9F1030F1ED102A904
:10540000504608F083F802A94046FBF76DF90646BE
:105410004FF6FF70864210D0E16A31F81600F0F7BF
:1054200021F950B9E16A31F81600F0F717F920B9FF
:10543000A686A18E4046FDF7CCFD00BFA08E4FF69C
:10544000FF71884227D0A28EE16A31F81200F0F78E
:1054500001F900BBA28EE16A31F81200F0F706F9FB
:10546000C8B9A28EE16A31F81200F0F7FBF890B9E2
:10547000A28EE16A31F81200F0F7F0F858B9A08E68
:10548000019001AA1C21404605F06CFF0746012F40
:1054900000D069E700BFBFE2022D59D1049805F0A2
:1054A00058FF82464FF6FF7608F016F883465846B6
:1054B00008F067F88146B9F1040F02D0B9F1020F84
:1054C00000D151E702A9584608F020F802A9404649
:1054D000FBF70AF90646A08EB04238D0A08E4FF6F0
:1054E000FF71884203D0A18E4046FDF772FDA6866B
:1054F000504608F049F94FF6FF70864227D0E16A1E
:1055000031F81600F0F7AEF808BBE16A31F8160082
:10551000F0F7A4F8D8B931464046FDF75AFDE16AE4
:1055200031F81600F0F796F888B9A28EE16A31F8E2
:105530001200F0F79BF850B9019601AA1C214046D1
:1055400005F010FF0746012F00D00DE700BF63E212
:10555000082D69D1A08E4FF6FF7188425FD0A28ED0
:10556000E16A31F81200F0F76DF880B3A28EE16ABB
:1055700031F81200F0F776F848BBA28EE16A31F8F4
:105580001200F0F75BF878B194F8360000F00100F3
:1055900050B9A18EE06A30F8110020F08000A28E90
:1055A000E16A21F8120009E0A18EE06A30F81100EA
:1055B00040F08000A28EE16A21F8120094F83600D3
:1055C00000F0010018B1A18E404614F03BFBA28E02
:1055D000E16A31F81200F0F73DF830B9A28EE16AC5
:1055E00031F81200F0F742F8C8B1A28EE16A31F842
:1055F0001200F0F737F890B9A28EE16A31F8120084
:10560000F0F72CF858B9A08E019001AA1C21404651
:1056100005F0A8FE0746012F00D0A5E600BFA18E29
:105620004046FDF7D6FCF7E1062D28D1A08E4FF6B7
:10563000FF7188428BD0A28EE16A31F81200F0F738
:105640001DF80028EFD1A28EE16A31F81200F0F7C0
:1056500009F80028E7D1A28EE16A31F81200EFF7CD
:10566000FDFF0028DFD1A08E019001AA1C21404639
:1056700005F078FE0746012F00D075E6CCE1032D3A
:1056800007D1A18E4046FDF7A4FC4FF6FF70A0861F
:10569000C2E10E2D5ED1049805F05BFE82465046B5
:1056A00007F06FFF8346BAF1000F07D1002007F023
:1056B00019FF8246504607F064FF834640460CF0CF
:1056C0006FF8064606F056FC8146A08E4FF6FF7135
:1056D00088423ED1BBF1020F05D0BBF1040F35D19A
:1056E000B9F1000F32D0002694F8360000F0010026
:1056F000B8B100E0761CE16A31F81600EFF7AEFFB2
:105700000028F7D1E16A31F81600EFF7ABFF002867
:10571000F0D1E16A31F81600EFF798FF0028E9D0E0
:105720000FE000E0761CE16A31F81600EFF796FF13
:105730000028F7D1E16A31F81600EFF793FF00284F
:10574000F0D1A68605E00000584303084FF6FF702D
:10575000A08661E10F2D01D0102D0CD1A08E4FF647
:10576000FF71884203D0A18E4046FDF732FC4FF610
:10577000FF70A08650E10D2D79D1A18E4046FDF736
:1057800028FC049805F0E5FD90F80090B9F1130F9E
:105790002BD1A08E4FF6FF71884202D10020A08647
:1057A00002E0A08E401CA086A08E218E884201DBE4
:1057B0000020A08608E0A08E401CA086A08E218E2E
:1057C000884201DB0020A086A28EE16A31F8120037
:1057D000EFF744FF0028EED1A28EE16A31F8120003
:1057E000EFF740FF0028E6D10CE1B9F1140F2ED1FC
:1057F000A08E4FF6FF71884201D10020A086A08EB6
:1058000018B9208E401EA08605E0A08E002802DD7B
:10581000A08E401EA08609E0A08E002803DDA08E89
:10582000401EA08602E0208E401EA086A28EE16A65
:1058300031F81200EFF712FF0028EDD1A28EE16AD5
:1058400031F81200EFF70EFF0028E5D1DAE0B9F1E8
:10585000120F6AD1002140460DF0E4F88346A08E75
:105860004FF6FF7188421DD10020A08609E0CEE0EE
:10587000A08E401CA086A08E218E884201DB0020D5
:10588000A086A28EE16A31F81200EFF7E7FE002849
:10589000EED1A28EE16A31F81200EFF7E3FE0028A4
:1058A000E6D141E0A28EA16A01EBC200FFF731FA16
:1058B000A28EA16A31F8321001EB60000FFA80FA73
:1058C000A68E28E0A06A00EBC600B0F90200A28E06
:1058D000A16A01EBC201B1F90210884219DDA06A88
:1058E00030F93600504514DCA06A00EBC600B0F970
:1058F0000400584450450CDBE16A31F81600EFF71C
:10590000B1FE30B9E16A31F81600EFF7A7FE00B931
:1059100004E0701C86B2208EB042D3DC00BF208E23
:10592000B04200DDA68600BF6CE0B9F1110F69D16D
:10593000002140460DF076F88346A08E4FF6FF71A9
:1059400088421CD10020A08608E0A08E401CA086C2
:10595000A08E218E884201DB0020A086A28EE16A03
:1059600031F81200EFF77AFE0028EED1A28EE16A3C
:1059700031F81200EFF776FE0028E6D141E0A28E62
:10598000A16A01EBC200FFF7C4F9A28EA16A31F847
:10599000321001EB60000FFA80FAA08E06B229E007
:1059A000A06A00EBC600B0F90200A28EA16A01EB6A
:1059B000C201B1F9021088421ADAA06A30F9360041
:1059C000A0EB0B00504513DCA06A00EBC600B0F959
:1059D000040050450CDBE16A31F81600EFF742FE97
:1059E00030B9E16A31F81600EFF738FE00B903E08C
:1059F000701E06B2002ED3DA00BF002E00DBA68692
:105A000000BF00BFA18E4046FDF7E3FA04E0152D6C
:105A100002D10498F4F714FF00BFA5E42DE9F0418A
:105A200080460E4600BF00BF4FF6FF70864202D18F
:105A30000020BDE8F0814446208EB04201DA00200B
:105A4000F7E7002500270CE0781C87B2681C85B2B8
:105A5000616A51F8250008A1EAF72EFC08B9681C14
:105A600085B2B742F0D1208EB84201D10020E0E7E4
:105A7000606A50F82500DCE70A000000014600BF1C
:105A800000BF0A46908E704710B5034600BF00BFA6
:105A90001C46208E884201DC002010BDE06A30F8F0
:105AA00011001040904201D10120F6E70020F4E7F8
:105AB0002DE9F04107460D46164600BF00BF3C46A3
:105AC000208EA84201DCBDE8F08194F8360000F099
:105AD000010030B106F0800018B180213846FFF790
:105AE000EDFBE06A30F815003043E16A21F815005B
:105AF00029463846FDF76DFA06F4007010B13846B5
:105B00000EF06AFD00BFDEE72DE9F04105460E46C6
:105B100000BF00BF2F46002406E03246214628463B
:105B2000FFF7C6FF601C84B2388EA042F5DCBDE8EA
:105B3000F08170B504460E4600BF00BF2546298E91
:105B40004A003146E86A09F05CFD2046696A00F0C7
:105B500001F870BD2DE9F34F91B0804600BF00BF42
:105B6000129810B913B0BDE8F08F44464046129920
:105B7000EFF700F8129E6662002541F26A4229465C
:105B800020460DF08BF908900898C0B210900021C3
:105B900040460CF0BCFF0F90002140460DF023F969
:105BA0000E90002140460DF0B6F80D9000214046C1
:105BB0000CF038FF834640460BF087FD0C904046C2
:105BC0000BF064FD0B90628E521E0D990B9801FB39
:105BD000120000B20A90002009908146129E002710
:105BE000A1E00020089000250CE009EB0502E16A25
:105BF00031F81200FAF776FE0899084480B208904E
:105C0000681C85B256F8250050B156F825004CA105
:105C1000EAF752FB20B156F8250000780028E4D1BD
:105C20001DB9681C06EB80067CE00A987843618EFB
:105C3000B0FBF1F10E9801440D9807FB001000B283
:105C40000790791C0A984843618EB0FBF1F10E98D9
:105C500001440D9807FB0010401E00B20690691E1B
:105C60000C980BFB110000B205900598002801DA92
:105C7000002005900020049082464DE0E16A31F852
:105C80001900FAF72FFE0390DDE904104843089944
:105C9000B0FBF1F00AFB0B0000B20290DDE903104B
:105CA0000844059948430899B0FBF1F00AFB0B0042
:105CB000401E00B20190109801280ED1029801995F
:105CC00002910190029A0C99891A09B202910C99D9
:105CD0000198091A09B2019100BF0F99029808446E
:105CE00000B202900F990198084400B20190069802
:105CF0000090A16A01EBC900DDE90131079AFFF7C5
:105D00003FF8DDE90310084404900AF1010A09F1A3
:105D100001090998401C0990AA45AFD3681C06EBFD
:105D2000800600BF7F1C608EB8423FF65AAF4046E7
:105D30000EF052FC40460DF0D2FE00BF12E700000C
:105D40000A00000070B504460D4600BF00BF26469D
:105D500086F836500021204613F074FF70BD70B5F0
:105D600006460C4600BF00BF3546288EA04204DC24
:105D70004FF6FF70844200D070BDA98E3046FDF70B
:105D800028F9AC8621463046FDF723F900BFF3E73A
:105D90002DE9F04781460D462C4640F2E4702085FF
:105DA00001212A2001552B20015540F2E470A085E5
:105DB0002E2001552F20015500202063A086A82108
:105DC00004F58C7009F0ABFD0027002626E06EB1CB
:105DD000701CC11700EB5171C910A0EBC10129B9AA
:105DE00031A104F1380040F8261015E0082E07DA3A
:105DF0002E4850F8261004F1380040F826100BE029
:105E0000782104F58C7000F8271000EB8701E0384A
:105E100040F82610781CC7B2701CC6B2382ED6DBEC
:105E200023A1C4F814112846FFF776FA606204F142
:105E30003801606AFFF78EFE4FF48871606AFFF7E1
:105E400063FE00231A221B49606A0AF00BF96420E2
:105E5000002804DAC0F57A7141F4005101E040F401
:105E600000510FFA81F84146606A0FF0DBFA012118
:105E700028460EF063FF0121606A0EF071FF94F96D
:105E80002E20A18D284600F01FF894F92B3094F9AC
:105E90002A20218D284600F0D9F84FF48041606A0D
:105EA0000AF028F9BDE8F0870A0000002001002070
:105EB0000000000089BE0008014600BF00BF0A467E
:105EC00002F12C00704700002DE9F74F82B0064622
:105ED00000BF00BF34460398A085049841B22E202D
:105EE000015501212F200155A08DADF804002E2071
:105EF000005D8DF806002F20005D8DF80700202141
:105F0000606AFFF7DBF9002506E020222946606A77
:105F1000FFF7CEFD681CC5B2072DF6DB9DF9061014
:105F2000BDF80400FBF746F981469DF90610BDF85F
:105F300004000122FAF762FD07463D464FF00108D2
:105F40000EE004F58C7101EB850043463EA204216E
:105F500010F0BAFD681CC5B208F1010000F0FF089E
:105F600009EB0700A842ECDC9DF90620511EBDF8A4
:105F70000400FBF71FF982460025AAEB0700401C2E
:105F800000F0FF0813E004F58C7101EB8500434637
:105F90002DA2042110F098FD2022E91D606AFFF770
:105FA00087FD681CC5B208F1010000F0FF08BD4282
:105FB000E9DB07EB0900C5B24FF0010813E004F577
:105FC0008C7101EB850043461FA2042110F07CFD7B
:105FD0002022E91D606AFFF76BFD681CC5B208F15D
:105FE000010000F0FF082A2DE9DB3046FBF740FEF8
:105FF000606AFFF743FD4FF6FF71884203D0F91D39
:10600000606AFFF7ACFE30460DF069FD30460BF0DC
:10601000DAFA8346002511E0294630460BF0B5FA3E
:106020000090616A0098814200D105E032461C214F
:10603000009805F097F900BF681CC5B25D45EBD329
:1060400005B0BDE8F08F0000256400002DE9F041A7
:1060500004460E461746984600BF00BF25462E85CB
:1060600079B22C462A2041554FFA88F12B20415510
:106070002046FBF7FDFDBDE8F08170B506460C46F5
:106080002546102105F12400EDF7DEF9102105F178
:106090003000EDF7D9F90020A5F86C00A5F87400E0
:1060A00000216E204153762041536420A5F87000F2
:1060B000A5F878006421722041537A2041530320CF
:1060C0007C3568800520A8800A20E88047F6FF70AC
:1060D0002880287B20F00700401C2873287B20F0B4
:1060E000080028734FF48070288168817C3D70BD62
:1060F0002DE9F04180460E46344613E004F12400B9
:10610000EDF777F90546287BC0F3800010B9686881
:1061100009F0EEF9294604F12400EDF7E9F92846E3
:1061200009F0E6F9A06A0028E8D104F12400EDF7AF
:1061300048F90CE004F13000EDF75BF90746394609
:1061400004F13000EDF7D4F9384609F0D1F9606B6D
:106150000028EFD104F13000EDF733F9BDE8F0810C
:106160002DE9F84F884641466F480BF0E9F9814622
:10617000B9F1010F01D0BDE8F88F404605F08BF86A
:106180000546404605F0E8F806463446012D2FD175
:1061900007F0A2F983466946584607F0B7F9BDF8FB
:1061A0000000B18A401A00B2ADF8000030460BF092
:1061B000F7FBBDF8001008440FFA80FA514630464C
:1061C000FAF77CFD0746B4F87C00B8420FD0B9B2AC
:1061D0003046FCF787FFB4F87C103046FCF782FFAE
:1061E000A4F87C7000221C21304605F0BBF898E032
:1061F000082D09D1B4F87C103046FCF773FF47F640
:10620000FF70A4F87C008CE0292D03D130460EF0FD
:1062100012FA86E0132D33D1B4F94020B4F94C00C2
:10622000824202DDB4F9400001E0B4F94C00B4F957
:106230005830B4F96420934202DDB4F9582001E0EB
:10624000B4F9642090420BDDB4F94020B4F94C005D
:10625000824202DDB4F940000DE0B4F94C000AE0DE
:10626000B4F95820B4F96400824202DDB4F9580050
:1062700001E0B4F964000146404605F0A9F850E099
:106280002C2D16D1404605F064F8074630460BF039
:106290001CFAB4F884104843001200B2388030462B
:1062A0000BF0F4F9B4F886104843001200B278807D
:1062B00037E0152D35D1404604F0F5FF0746394645
:1062C0003046F2F789FB39463046F0F76BFE04F1B1
:1062D0002400EDF701F9F8B994F8880000F0070000
:1062E000012804D139463046F6F7CCFC14E094F886
:1062F000880000F00700022804D139463046F6F73E
:106300007BFB09E094F8880000F00700032803D124
:1063100039463046F6F74CFF39463046F2F74CF92D
:1063200000BF00BF27E700003C0503082DE9F04F40
:1063300087B081460E4617461D4600BFB9F1000FD3
:1063400003D100BF00BF00BFFEE700BF00BF1EB902
:1063500000BF00BF00BFFEE700BF00BF00BF4C464C
:10636000B4F88200B84207DC00BF00BF00202880DC
:10637000688007B0BDE8F08F48460BF0A6F934F806
:10638000841F484300120FFA80F848460BF07EF94C
:106390006188484300120FFA80FA2079843C00F0AB
:1063A0000700012809D108FB07F0B4F88210491E44
:1063B00090FBF1F000B2288079E094F8880000F0BA
:1063C0000700032818D1CDF80080336833F917008F
:1063D000337BC3F3C00C04F1780333F91C20337B07
:1063E000C3F3C00C04F1740333F91C10002308F04C
:1063F0009DFF00B228805AE094F8880000F0070062
:10640000022854D104F12400ECF7F9FF05904FF471
:10641000A02148460CF0F9FA823461884843001202
:106420000490002148460CF0F0FA618848430012BD
:1064300003902188491E039801FB1081208891FB5D
:10644000F0F000B2029005990298B0FBF1F000B2B2
:10645000019008FB07F034F8821990FBF1F000B2CC
:1064600028800020009004F12400ECF7E7FF009062
:106470000EE00098B04200D10DE029880198084450
:1064800000B2288004F124000099ECF7D1FF0090BD
:1064900000980028EDD100BF049A0199881A00EBFA
:1064A000D0712A8802EB610109B2298000BF002166
:1064B00048460CF0DEF88346002148460CF0F3FA1B
:1064C00058442988084400B2288048460BF068FAEE
:1064D0002988081A00B2288000200690706830F9D8
:1064E0001710307BC0F3001204F16C0030F9120079
:1064F000081A00FB0AF00690307BC0F3001104F18B
:10650000700030F91110307BC0F3001204F16C0000
:1065100030F91200091A069890FBF1F006900698DF
:10652000AAEB000000B26880002148460CF027FC6E
:1065300058446988084400B2688048460BF02AFB3A
:106540006988081A00B2688000BF12E770B5064675
:106550000C46254608A068620120A8620221204658
:1065600009F0C8FD0821204609F0C4FD4FF4806100
:10657000204609F0BFFD70BD436865636B20626F04
:106580007800000070B506460C46254695F82800B0
:1065900000F0010020B9686A08F0AAFF00206862D4
:1065A00070BD00002DE9F14FBEB03E9804F0D4FE5E
:1065B000044625463E9804F076FE3D900021204694
:1065C0000CF02DFD074600BFB7F908000646A246AD
:1065D0004FF0000B41F23202594650460CF05EFC7F
:1065E0000290029800B28046002120460CF008FC80
:1065F00040440FFA80F9002120460CF095FA4044FF
:1066000000B23C90002120460CF019FA3B904FF468
:10661000003120460CF088FA3A904FF400312046C1
:106620000CF02BFB39904FF4003120460CF0E8FBC6
:1066300038904FF4003120460CF099F937904FF420
:10664000003B40F60A02594650460CF027FC0290E7
:10665000029800B2369000BF40F60B0259465046F1
:106660000CF01CFC0290029800B2359027A803F0B1
:10667000D9F827AA594620460DF082F8A18A3C98FD
:10668000084400B2ADF89400BDF8940081193A981E
:10669000014439980844401E00B2ADF89800E08AE1
:1066A000484400B2ADF89600BDF8960081193898BC
:1066B000014437980844401E00B2ADF89A0000BF6C
:1066C000BDF89400ADF88C00BDF89600ADF88E00D2
:1066D000BDF89800ADF89000BDF89A00ADF89200B2
:1066E00000BFBDF88C103698081A00B2ADF88C00C7
:1066F000BDF890103698084400B2ADF89000BDF88F
:106700008E103598081A00B2ADF88E00BDF89210C0
:106710003598084400B2ADF8920011A83D990AF0EE
:10672000E9FC27A81590374812900020139023A861
:10673000149058461E9011AA1A21204604F012FE09
:1067400023AA27A93D9803F051F811AA1B2120463E
:1067500004F008FE002120460CF0D0FC109000212F
:1067600020460CF0A4FC0F90002141F6FF72109817
:10677000CDE901210090696A3A460EA80F9B12F0FC
:1067800009FF06A802F042F806AA002120460CF0F4
:106790001CFF00BFBDF89A10BDF89620891A491C4D
:1067A00009B2881B00EBD071491009B20591BDF800
:1067B00098103B98084400B2ADF80C00BDF80C00EE
:1067C000BDF83810084400B2ADF81000E08A00EBC4
:1067D00009010598084400B2ADF80E00BDF80E009E
:1067E000BDF83A10084400B2ADF812000020009045
:1067F00003AA06A96B6A3D9801F054FC3FB0BDE8BE
:10680000F08F0000744303082DE9F04F8DB00F4660
:1068100039464C480AF094FE0C900C98012802D09E
:106820000DB0BDE8F08F384604F035FD044638461B
:1068300004F092FD05462C2C67D1384604F089FD02
:106840000646AA46002128460CF0E9FB804600BF18
:10685000B8F908008146002128460CF04FFC834619
:10686000002128460CF023FC0B90002041F6FF711C
:10687000CDE900B10290DAF8241042460AA80B9B39
:1068800012F088FE002128460CF0D9F809904FF448
:10689000003128460CF048F908904FF400312846A2
:1068A0000CF0EBF907904FF4003128460CF0A8FAF1
:1068B00006904FF4003128460CF059F805900898DE
:1068C00009EB00010798084400B2ADF810000698E3
:1068D00009EB00010598084400B2ADF81200BDF8BC
:1068E0001000BDF8281001440998084400B2308017
:1068F000BDF91200BDF92A10884202DDBDF912006F
:1069000001E0BDF92A0070801AE0132C13D138463B
:1069100004F01FFD06464FF40031284609F08DFFB4
:106920008046B6F90000404502DDB6F9000000E0FF
:106930004046308004E0152C02D13846FFF732FE85
:1069400000BF6DE77443030830B5044601F4C0404E
:10695000B0F5005F01D1012000E0002030B121F44A
:10696000C040B0F5FA6F01DC012000E0002080B1EA
:1069700021F4C040B0F57A7F04DD21F4C040C0F5B9
:106980007A7001E021F4C0405843642590FBF5F093
:1069900001B202F4C040B0F5005F01D1012000E077
:1069A000002030B122F4C040B0F5FA6F01DC0120C4
:1069B00000E0002080B122F4C040B0F57A7F04DD11
:1069C00022F4C040C0F57A7001E022F4C040584380
:1069D000642590FBF5F002B2944201DA204600E013
:1069E0001046884201DA084630BD944201DA20465A
:1069F000FAE71046F8E730B5044601F4C040B0F5B8
:106A0000005F01D1012000E0002030B121F4C0403E
:106A1000B0F5FA6F01DC012000E0002080B121F424
:106A2000C040B0F57A7F04DD21F4C040C0F57A7033
:106A300001E021F4C0405843642590FBF5F001B219
:106A400002F4C040B0F5005F01D1012000E0002059
:106A500030B122F4C040B0F5FA6F01DC012000E053
:106A6000002080B122F4C040B0F57A7F04DD22F42A
:106A7000C040C0F57A7001E022F4C040584364255C
:106A800090FBF5F002B2944201DA204600E0104695
:106A9000884201DA084630BD944201DA2046FAE71E
:106AA0001046F8E708B500221146104600F073F9C9
:106AB0000090BDF80010084608BD08B50022114638
:106AC000104600F080F90090BDF80010084608BD9F
:106AD0001CB5002001460246D408BDF8003064F31E
:106AE00004038C080093BDF8003064F34A13C40813
:106AF0000093BDF8003064F3CF230093BDF800404D
:106B000023460193BDF8041008461CBD08B50022B9
:106B10001146104600F09FF90090BDF8001008469D
:106B200008BD01B583B003980190BDF80400C00A08
:106B3000C0EBC00202EB0020C01DC0F347108DF86F
:106B40000200BDF80400C0F3451000EB400202EB68
:106B50000020C01CC0F387108DF80100BDF80400B0
:106B600000F01F00C0EBC00202EB0020C01DC0F30C
:106B700047108DF80000FF208DF803000098029068
:106B80009DF808009DF80A20032303FB02009DF8EE
:106B90000920042303FB0201C1F3C70004B000BDB8
:106BA00013B582B00C46FFF7B1FF2246019002995F
:106BB00000F00AFA0090BDF80010084604B010BDBD
:106BC00037B503461C4604F0030525B1BDF8045053
:106BD0001D809B1C521EBDF8045005EB0541184654
:106BE00010E00160001D0160001D0160001D0160DA
:106BF000001D0160001D0160001D0160001D01609D
:106C0000001D103A102AECD8034604E0BDF80450E9
:106C10001D809B1C521E002AF8D13EBD01607047AA
:106C200008B5014601F47800000A01F47C4240EA0C
:106C30005210C1F3C40210430090BDF8002010466A
:106C400008BD2DE9F04F85B0824689461446CAEB4F
:106C50000A204FF4B471B0FBF1F01FFA80FAC9EBCF
:106C60000920642190FBF1F000F0FF09C4EB04203F
:106C700090FBF1F0C4B2B9F1000F0BD122462146CE
:106C8000204600F0E8F80090BDF80010084605B076
:106C9000BDE8F08F2B209AFBF0F0C0B204902B21BE
:106CA000049800FB11A000EB40004006000E03908A
:106CB000C9F1FF0060434FEA2028039809FB00F068
:106CC000FF21A1EB20206043001202900398C0F145
:106CD000FF0000FB09F0A1EB202060434FEA202BCE
:106CE0000498052818D2DFE800F003070B0F130003
:106CF00025465E46474613E0029D264647460FE07E
:106D0000454626465F460BE04546029E274607E07D
:106D10005D464646274603E025464646029F00BF9D
:106D200000BF3A463146284600F095F80190BDF87C
:106D300004100846ABE718B50346D408BDF80000B8
:106D400064F304008C080090BDF8000064F34A105E
:106D5000DC080090BDF8000064F3CF200090BDF87F
:106D60000040204618BD18B50346D408BDF8000001
:106D700064F304008C080090BDF8000064F34A102E
:106D8000DC080090BDF8000064F3CF200090BDF84F
:106D90000040204618BD18B50346D408BDF80000D1
:106DA00064F304008C080090BDF8000064F34A10FE
:106DB000DC080090BDF8000064F3CF200090BDF81F
:106DC0000040204618BD18B50346D408BDF80000A1
:106DD00064F304008C080090BDF8000064F34A10CE
:106DE000DC080090BDF8000064F3CF200090BDF8EF
:106DF0000040204618BD18B50346D408BDF8000071
:106E000064F304008C080090BDF8000064F34A109D
:106E1000DC080090BDF8000064F3CF200090BDF8BE
:106E20000040204618BD18B50346D408BDF8000040
:106E300064F304008C080090BDF8000064F34A106D
:106E4000DC080090BDF8000064F3CF200090BDF88E
:106E50000040204618BD18B50346D408BDF8000010
:106E600064F304008C080090BDF8000064F34A103D
:106E7000DC080090BDF8000064F3CF200090BDF85E
:106E80000040204618BD18B50346D408BDF80000E0
:106E900064F304008C080090BDF8000064F34A100D
:106EA000DC080090BDF8000064F3CF200090BDF82E
:106EB0000040204618BD000037B581B0101DC2103B
:106EC000BDF8080040EA00400B4D00EA0501BDF89E
:106ED000040040EA004000EA0503581A504301EB61
:106EE000501000EA050444EA144080B20090BDF856
:106EF0000050284604B030BD1FF8E00737B581B018
:106F0000101DC210BDF8080040EA00400B4D00EA19
:106F10000501BDF8040040EA004000EA0503581AE4
:106F2000504301EB501000EA050444EA144080B2DB
:106F30000090BDF80050284604B030BD1FF8E007AF
:106F400037B581B0101DC210BDF8080040EA0040FE
:106F50000B4D00EA0501BDF8040040EA004000EADC
:106F60000503581A504301EB501000EA050444EAA7
:106F7000144080B20090BDF80050284604B030BDE7
:106F80001FF8E00737B581B0101DC210BDF808002A
:106F900040EA00400B4D00EA0501BDF8040040EA5C
:106FA000004000EA0503581A504301EB501000EA74
:106FB000050444EA144080B20090BDF80050284611
:106FC00004B030BD1FF8E00737B581B0101DC21006
:106FD000BDF8080040EA00400B4D00EA0501BDF88D
:106FE000040040EA004000EA0503581A504301EB50
:106FF000501000EA050444EA144080B20090BDF845
:107000000050284604B030BD1FF8E00707B581B036
:1070100003461888BDF80810C90A01FB0200803039
:1070200000EBC01101EBC030C00DBDF8001060F3E3
:10703000CF2100915888BDF80810C1F3451101FB1C
:107040000200803000EBC01101EBC030C00DBDF874
:10705000001060F34A1100919888BDF8081001F003
:107060001F0101FB0200803000EBC01101EBC030BA
:10707000C00DBDF8001060F30401009100BF00BF17
:10708000BDF80010084604B000BD07B581B0034646
:107090001888BDF80810C90A01FB0200803000EB17
:1070A000C01101EBC030C00DBDF8001060F3CF215E
:1070B00000915888BDF80810C1F3451101FB02008A
:1070C000803000EBC01101EBC030C00DBDF80010E6
:1070D00060F34A1100919888BDF8081001F01F0173
:1070E00001FB0200803000EBC01101EBC030C00D8D
:1070F000BDF8001060F30401009100BF00BFBDF8AF
:107100000010084604B000BD01B581B0BDF8040010
:10711000C00AC0EBC00101EB0020C01DC0F3471046
:107120008DF80200BDF80400C0F3451000EB4001EB
:1071300001EB0020C01CC0F387108DF80100BDF8E2
:10714000040000F01F00C0EBC00101EB0020C01DD7
:10715000C0F347108DF80000FF208DF80300009861
:107160000CBD08B5FF2211461046FFF72CFE00901B
:10717000BDF80010084608BD1CB5FF2001460246B8
:10718000D408BDF8003064F304038C080093BDF804
:10719000003064F34A13C4080093BDF8003064F370
:1071A000CF230093BDF8004023460193BDF804109F
:1071B00008461CBD70B506460C4625460020A8842E
:1071C000642126204155272041553035287B20F069
:1071D00003002873287B20F0040028730020286017
:1071E0006860303D084800782C2148554FF48031C4
:1071F000204608F07FFF4FF44071204609F096FCCE
:10720000204614F013F870BD740100202DE9F34FEF
:1072100089B0F9480A990AF093F98046B8F1010F4C
:1072200002D00BB0BDE8F08F0A9804F034F80546A0
:107230000A9804F091F806463446132D42D14FF4D3
:10724000403130460BF03CFC81464FF44031304633
:107250000BF0DFFC82464FF4403130460BF09CFDD2
:1072600083464FF4403130460BF04DFB0890D1453A
:1072700001DD494600E051460898834501DD584646
:1072800000E00898814205DDD14501DD484607E070
:10729000504605E00898834501DD584600E008980F
:1072A000801C00B207900A9804F053F80746B7F91B
:1072B00000100798814202DDB7F9000000E007984E
:1072C000388008E2292D1BD10A9804F042F80746BD
:1072D00030460CF00AF8B9883A88891A491C09B274
:1072E000884209D130460AF065FAF9887A88891A05
:1072F000491C09B2884202D0304613F097FFEAE1F8
:107300002A2D03D1304613F091FFE4E10D2D71D108
:107310000A9804F01EF80768132F01D0112F40D1EE
:10732000606A089094F83C0000F0030020B1012846
:107330000ED0022824D117E0A08C401C4FF4B47169
:1073400090FBF1F201FB120080B2ADF8200017E0D3
:107350002620005D401C642190FBF1F201FB12002D
:10736000C0B28DF822000BE02720005D401C642194
:1073700090FBF1F201FB1200C0B28DF8230000BFB8
:1073800000BF3046089900F0BAF948B100221C212C
:10739000304603F0E7FF8046B8F1010F00D040E728
:1073A00047E0142F01D0122F43D1606A089094F85F
:1073B0003C0000F0030020B101280ED0022827D1A4
:1073C00019E0A08C002802DDA08C401E01E04FF4E3
:1073D000B47080B2ADF820001AE02620005D0028CD
:1073E00003DD2620005D401E00E06420C0B28DF861
:1073F00022000DE01EE02720005D002803DD27208D
:10740000005D401E00E06420C0B28DF8230000BF84
:1074100000BF3046089900F072F948B100221C21E3
:10742000304603F09FFF8046B8F1010F00D0F8E628
:1074300000BF50E1012D11D111F0BBFC606306F0DB
:107440004BF8074604F1380106F060F83046EFF7D4
:10745000CBFC8046B8F1010FEBD0E2E6022D7CD1E7
:1074600006F03AF88246BAF1000F00D1D9E650464C
:1074700006F087F88346BBF1040F02D0BBF1020F80
:1074800018D130460BF031FF019000EBD070B18A7B
:1074900001EB600000B2ADF8200030460AF08AF936
:1074A000019000EBD0704110F08A084400B2ADF8B2
:1074B000220003E008A9504606F028F8DAF8000098
:1074C000007E0790BDF92000B4F93810401A00285A
:1074D00005DDBDF92000B4F93810401A04E0B4F914
:1074E0003800BDF92010401A0799884214DCBDF914
:1074F0002210B4F93A00081A002805DDBDF922105F
:10750000B4F93A00081A04E0B4F93A00BDF92210BF
:10751000401A0799884208DD11F04BFC6063BDF802
:1075200020002087BDF822106187BDF82000B18AB5
:10753000401A00B2ADF82000BDF82210F08A081AF7
:1075400000B2ADF8220030460BF0CFFE80B20690BC
:10755000002005900021304600E098E00AF0C7FFC7
:107560008146069800EBD07149100FB2BDF820009B
:10757000C01B00B2ADF82000BDF82200C01B00B255
:10758000ADF8220001200490A7EB090007B2412FBB
:107590000ADD494609EBD172521010B2391A0FB206
:1075A000412F00DA412700BFBDF920004043BDF95B
:1075B000221001FB010107FB07F0814201DA0020E4
:1075C0000490606B11F0E8FB03900498B0B9DAF80E
:1075D0000000818B0398814210D294F83C00C0F3E4
:1075E000800058B9304612F077FF05F075FF019022
:1075F00006F036F915E6000058050308049800B9AE
:107600000FE6BDF92210BDF92000FDF7CCFB4FF4C9
:10761000B47190FBF1F201FB120000B20590606AB8
:10762000029094F83C0000F0030020B1012807D03C
:1076300002281BD10FE0059880B2ADF8080015E0D4
:107640006421059848434FF4B47190FBF1F0C0B247
:107650008DF80A000AE06421059848434FF4B4719C
:1076600090FBF1F0C0B28DF80B0000BF00BF3046B8
:10767000029900F044F848B100221C21304603F082
:1076800071FE8046B8F1010F00D0CAE523E0112D4C
:107690000CD10A9803F05DFE074647F6FF7206F12B
:1076A00014003968EAF765FC387114E0152D06D12D
:1076B0000A98F1F7A5F80A98F2F7CDF80BE0122D29
:1076C00009D10A9803F045FE07463878022801D010
:1076D0000120387000BF00BFA3E538B5044600BFE5
:1076E00000BF254627235A5D2C462623595DA88CCA
:1076F000FFF7A7FA0090BDF80010084638BD73B533
:107700000546BDF80400B0F5B47F0ADDBDF80400FD
:107710004FF4B47190FBF1F201FB120080B2ADF8AE
:1077200004009DF80600642802DD64208DF8060040
:107730009DF80700642802DD64208DF8070000BF73
:1077400000BF2C46A08CBDF8041088420DD1262025
:10775000005D9DF80610884207D12720005D9DF846
:107760000710884201D100207CBD01986062284644
:1077700013F05CFD28460CF0B2F90120F4E770B577
:1077800005460C460CB9002013E0284600F022F90B
:1077900060435030A02190FBF1F0012808DD28461D
:1077A00000F018F960435030A02190FBF1F000E0A8
:1077B000012000B270BD2DE9F04104460F46154688
:1077C0001E461C21204608F0AAF827606560206844
:1077D000A060E660BDE8F0811CB504464C2120465F
:1077E00008F09DF84FF4A0702080F02060804FF0EA
:1077F000FF30A080E080002020816081206920F09F
:10780000080008302061206920F0400020618221BA
:10781000206961F3D01020614FF47F40002100F413
:107820007C4241EA5211C0F3C40211430091BDF8F9
:10783000002011460191BDF80400A0860248E063D3
:107840002064382060641CBD5DA30108FEB50546B8
:107850005648EBF701FE044644B900BF1CB900BF0F
:1078600000BF00BFFEE700BF0020FEBDA86B98B9B7
:10787000686C07F06FFD064600BF1EB900BF00BF71
:1078800000BFFEE700BF0EB90020EEE731462846F4
:10789000EA6B9047AE6300BF4FF4AC71204608F02E
:1078A0003EF8256042480768046022461E21414890
:1078B00011F0DEFA606000BF606818B900BF00BF59
:1078C00000BFFEE700BF606820B9204607F010FE49
:1078D0000020CAE7287CC0F3400070B1B5F9000071
:1078E000B5F902104843E968C968884205D9286992
:1078F00020F00200286100BF00BF00BFFF22114638
:107900001046FFF790FA0190BDF804100846029067
:10791000BDF808006085FF2084F8290011F012FAF4
:1079200088B900200DF04EFE029005200DF04AFEB1
:1079300001902148002300902046DDE9011211F05A
:10794000A1F9A06002E011F093F9A060002009F015
:10795000B3F92061002009F0AFF9E061002009F0DF
:10796000ABF92062E0690CF0C7FF206A0CF0C4FF9D
:107970000221E06909F0DAF80221206A09F0D6F85C
:107980000021E0690DF0F1FA0021206A0DF0EDFA16
:1079900020690CF0A4F806480760006808B904489C
:1079A0000460606811F085FB20465EE7F04400202B
:1079B000E801002069210008B44003080021C268E2
:1079C0001161C2685161704701480068704700004A
:1079D000E801002000B5014611B9FFF7F5FF0146A7
:1079E00009B9822000BD08680069C0F3C910F9E731
:1079F00001460868C068704700B5014611B9FFF735
:107A0000E3FF014609B9002000BD0868007CC0F30F
:107A10000110012802D0032805D100E000BF08684A
:107A2000B0F90200F0E70868B0F90000ECE710B523
:107A3000044614B9FFF7C8FF04461CB900BF00BFD5
:107A4000002010BD206AFCE710B5044614B9FFF70A
:107A5000BBFF04461CB900BF00BF002010BDE06999
:107A6000FCE7000010B504461CB90448EBF7C1FC64
:107A700010BD21460148EBF7D4FCF9E7F0440020A3
:107A800010B5044614B9FFF79FFF04461CB900BFA8
:107A900000BF002010BD2069FCE710B5044614B9F2
:107AA000FFF792FF04461CB900BF00BF002010BDC5
:107AB0006069FCE710B5044614B9FFF785FF04467A
:107AC000A06810BD00B5014611B9FFF77DFF014662
:107AD00009B9002000BD0868007CC0F3011001282E
:107AE00002D0032805D100E000BF0868B0F900000B
:107AF000F0E70868B0F90200ECE72DE9FC4705461D
:107B00000C4690469946DDE90A67207B022801DC95
:107B1000BDE8FC87608800B9FAE7BE4200D1F7E70C
:107B2000CDE900674B46424621462846D5F810C0AD
:107B3000E04700BFECE73EB504461021204607F0C1
:107B4000EEFE01206080FF20207300BF0020014670
:107B50000246D508BDF8003065F304038D08009394
:107B6000BDF8003065F34A13C5080093BDF8003036
:107B700065F3CF230093BDF800502B460193BDF869
:107B8000041008460290BDF8080020803EBD2DE993
:107B9000FF4F83B081468A461F46DDF84080139C24
:107BA000059806B207F5B470804512D1A9EB06001E
:107BB00000B22080AAEB060000B2608009EB06004C
:107BC00000B2A0800AEB060000B2E08007B0BDE87A
:107BD000F08FB7F5B47F02DDA7F5B47087B2B8F5C2
:107BE000B47F03DDA8F5B4701FFA80F811990598E9
:107BF000401A00B20290129929B1119800EBD0718D
:107C00004910491C00E000210DB25A2097FBF0F00A
:107C1000C0B201905A2098FBF0F0C0B200900198D9
:107C2000042801D1032001900098042801D10320E9
:107C30000090DDE9001088427CD147457ADC01984C
:107C400058BB38B211F0B8FB029948430AEBE03058
:107C5000401B00B2608007F15A0000B211F0ACFB8B
:107C6000704309EBE030284400B2A0800FFA88F09E
:107C700011F0A2FB70430AEBE030284400B2E08030
:107C800008F15A0000B211F097FB0299484309EB42
:107C9000E030401B00B2208096E1019801282BD1F2
:107CA00038B211F089FB70430AEBE030284400B28F
:107CB000E08007F15A0000B211F07EFB02994843C0
:107CC00009EBE030284400B2A0800FFA88F011F0F0
:107CD00073FB029948430AEBE030401B00B260801E
:107CE00008F15A0000B211F067FB704309EBE03075
:107CF000401B00B2208067E1019802282DD107F1D6
:107D00005A0000B211F058FB704309EBE030401B01
:107D100000B2208038B211F04FFB029948430AEBC1
:107D2000E030284400B2E0800FFA88F011F044FB04
:107D3000704300E040E00AEBE030401B00B260809E
:107D400008F15A0000B211F037FB0299484309EBE1
:107D5000E030284400B2A08036E1019803289BD18E
:107D600007F15A0000B211F027FB0299484309EBD2
:107D7000E030401B00B2208038B211F01DFB704390
:107D80000AEBE030401B00B2608008F15A0000B2FC
:107D900011F012FB704309EBE030284400B2A080E0
:107DA0000FFA88F011F008FB029948430AEBE03023
:107DB000284400B2E08007E10198B8BB0098012890
:107DC00035D108F15A0000B211F0F6FA704309EB10
:107DD000E030401B00B220800FFA88F011F0ECFA7E
:107DE000834638B211F0E8FA834504DA0FFA88F0D6
:107DF00011F0E2FA02E038B211F0DEFA02994843DB
:107E00000AEBE030401B00B2608007F15A0000B27C
:107E100011F0D2FA704309EBE030284400B2A080A0
:107E20000AEB0600284400B2E080CDE0FFE70198AD
:107E300001283AD10098022837D1A9EB0600401B4F
:107E400000B220800FFA88F011F0B6FA70430AEB06
:107E5000E030401B00B2608007F15A0000B211F020
:107E6000ABFA834608F15A0000B211F0A5FA834537
:107E700005DD07F15A0000B211F09EFA04E008F1A6
:107E80005A0000B211F098FA0299484309EBE03029
:107E9000284400B2A08038B211F08EFA70430AEB89
:107EA000E030284400B2E0808EE0019802283DD105
:107EB000009803283AD107F15A0000B211F07CFA79
:107EC000704309EBE030401B00B22080AAEB0600B3
:107ED000401B00B2608008F15A0000B211F06CFA49
:107EE000704309EBE030284400B2A0800FFA88F01C
:107EF00011F062FA029900FB01FB38B211F05CFA52
:107F000002994843834506DD0FFA88F011F054FAD0
:107F10000299484304E038B211F04EFA02994843FE
:107F20000AEBE030284400B2E0804DE001980328DD
:107F30003AD10098B8BB08F15A0000B211F03CFAEF
:107F4000834607F15A0000B211F036FA834505DA8C
:107F500008F15A0000B211F02FFA04E007F15A00BC
:107F600000B211F029FA0299484309EBE030401BB6
:107F700000B2208038B211F01FFA70430AEBE030F3
:107F8000401B00B2608009EB0600284400B2A080CC
:107F90000FFA88F011F010FA70430AEBE030284431
:107FA00000B2E08010E0FFE7A9EB060000B22080FD
:107FB000AAEB060000B2608009EB060000B2A080C8
:107FC0000AEB060000B2E08000BFFFE52DE9F041BA
:107FD00005460E4617469846B8F1000F08D100BF77
:107FE00000BF14A23946284614F00BF9BDE8F08111
:107FF000F07A022800DCF9E7A86940B143463A4626
:1080000031462846D5F818C0E047044606E0434606
:108010003A4631462846EEF7B3FD04463CB900BF68
:1080200000BF04A23946284614F0EBF8DEE700BF93
:10803000DCE700004E6F0A64617461002DE9F843CB
:1080400004460D4616461F46DDF82080606908B9D3
:10805000BDE8F883CDF800803B46324629462046ED
:10806000D4F814C0E04700BFF2E71CB5044618215D
:10807000204607F054FC00BF002211461046FEF7D0
:1080800072FE0090BDF8001008460190BDF8040093
:108090002081FF20E072401C6080012020751CBD03
:1080A000704700001FB5C0B04198807E022801DCF7
:1080B00044B010BD4198006810B900BF00BFF7E799
:1080C0004098C06910B900BF00BFF1E7202238A86E
:1080D0004199E8F7C6F8419800683790439810B185
:1080E0004398007800B9E3E74098806802460D9015
:1080F00034A84299E9F726FE3390339800B9D7E7C0
:108100004198007F32904198C07E319000BF9DF829
:10811000C80008B90120329000BF4198407F00F0AC
:10812000020020B94298FCF7AEFD36901AE0419863
:10813000407F41F6FF724199B1F91210CDE900126A
:1081400002904198B0F914000C90419800680B908F
:1081500002460DA80C9B439911F01CFABDF934009E
:10816000369000BF00BF3798B0F9080030904198B2
:10817000B0F91210309808442F9000202E904298A9
:108180000088ADF8B40042984088ADF8B6000020F1
:108190002C902B904198B0F916002C904198B0F992
:1081A00018002B90BDF8B6102B98084400B2ADF81B
:1081B000B60000202A90401E2990469840B32B9884
:1081C00030BB4298B0F90200002821DA4698816855
:1081D0004298B0F90200081A002806DD4698816826
:1081E0004298B0F90200081A05E04298B0F902106E
:1081F00046988068081A2F994900C1F58061884225
:1082000003DD4FF0FF3146980160469800682990E1
:10821000469860B12998002809DB29982A90BDF872
:10822000B61046988088084400B2ADF8B600419870
:10823000407F0021CDE900104198B0F914000D9065
:108240002A99439808440C90369803B2DDE90C0251
:108250003799EBF76BFC2A990844289040E028985E
:108260002A904198407F0021CDE900104198B0F953
:1082700014000D9043992A9808440C90369803B244
:10828000DDE90C023799EBF751FC014628980844C8
:108290002890BDF8B6102F98084400B2ADF8B6008B
:1082A0004698C0B1BDF9B60010F5806F13DB469853
:1082B000006800280FDA46992A980860BDF9B610C0
:1082C0004298B0F90200091A469841604298B0F904
:1082D0000210469881602A994398405C00B9E7E60D
:1082E000BDF9B6103098014440988068B0F902009A
:1082F0008142B4DB9DF8C800022823D14198407F19
:1083000000904198B0F914000D902A992898401ACD
:108310000C90439808440B90DDE90C13379A11F048
:10832000ABF92E904298FCF7AEFC2E99401A0D90B6
:1083300000EBD070BDF8B41001EB600000B2ADF8F6
:10834000B40022E09DF8C80003281ED14198407F68
:1083500000904198B0F914000D902A992898401A7D
:108360000C90439808440B90DDE90C13379A11F0F8
:1083700083F92E904298FCF786FC2E99401ABDF89E
:10838000B410084400B2ADF8B4004198406827909A
:10839000419881682691DDE92610884206D9279800
:1083A0000D90269827900D98269000BF4198807FC9
:1083B00000F0010020B94198807F00F00200E8B190
:1083C00023A800F06FFA41988089ADF88C003798A7
:1083D000807B18B1379890F90E0000E00120ADF8CD
:1083E0008E004198807E8DF894004198807FC1086E
:1083F0009DF8950061F301008DF895000020229012
:108400002090FEF74FFB1E900FA801F00BFA419849
:10841000008AADF84000BDF9B4000E90EAE1BDF865
:10842000B4102C98084400B2ADF8B400002022909B
:1084300021902A99439808440D90FCE000200C906C
:108440004FF6FF71279888420CD02698884209D0B1
:1084500021992A98084401460990EA4A43981268EB
:1084600090470C9021AB0AAA0BA90D98EBF742FBA1
:108470004198407F00F0010000287BD0E2A0007806
:108480000B99884212D1229820B92198209001207E
:108490002290D0E02298012802D10020229005E00D
:1084A0002298022802D100202290C4E022980128BC
:1084B00067D10B98202863D1DDE92001081A07282D
:1084C00059D108A8029020990D98084403900620DD
:1084D000049002980190039800900CE000980178B5
:1084E000019801700198401C01900098401C009078
:1084F0000498401E049004980028EFD100BF8DF826
:1085000026009DF821000490F9F78AFB04469DF8A7
:1085100020000490F9F784FB04EB001007909DF80D
:1085200023000490F9F77CFB04469DF82200049098
:10853000F9F776FB04EB001006909DF825000490F7
:10854000F9F76EFB04469DF824000490F9F768FBE8
:1085500004EB001005900598C0B204900698C0B2D4
:1085600003900798C0B20290DDE90312FEF713FCF6
:108570001F9003E005E0419880891F90022022901F
:1085800059E0419880891E902298022801D11F98B5
:108590001E90DDE90A21379803F027F81D904FF669
:1085A000FF71279888422ED0269888422BD0279991
:1085B0000C98884227D326990C98884223D2BDF87C
:1085C000B400ADF82000BDF8B600ADF82200BDF84B
:1085D000B4101D9801444198808A0844401E00B29E
:1085E000ADF82400BDF8B6102F980844401E00B224
:1085F000ADF8260008AA0FA9409801F0F7F84198B5
:10860000C0891E9000BFBDF87800ADF8EC002DAA1F
:1086100038A90B9B409800F01FF91D98002809DD30
:10862000BDF8B4104198828A1D981044084400B2E5
:10863000ADF8B40000BF2A992898401A21998842C1
:108640003FF6FCAE4198807F00F0020058B30E98D0
:1086500000B2ADF8300041980068B0F90800099008
:1086600000EBD070BDF8B61001EB6001BDF98E00D3
:108670000A9000EBD07001EB600000B2ADF8320060
:10868000BDF8B400ADF82C00BDF83200ADF82E00F6
:10869000BDF87800ADF88C000BAB0CAA23A940986C
:1086A00000F0E9F800BF4198807F00F0010038B386
:1086B0000E9800B2ADF83000BDF8B61041980068D1
:1086C00000890144419800684089091A379890F957
:1086D0000D00081A00B2ADF83200BDF8B400ADF8D4
:1086E0002C00BDF83200ADF82E00BDF87800ADF8D2
:1086F0008C000BAB0CAA23A9409800F0BCF800BF7B
:1087000028982A904198407F0021CDE90010419897
:10871000B0F914000C9043992A9808440B903698AD
:1087200003B2DDE90B023799EBF700FA014628980E
:108730000844289042980088ADF8B4009DF8C8001D
:10874000022823D14198407F00904198B0F914004D
:108750000C902A992898401A0B90439808440A9044
:10876000DDE90B13379A10F087FF2E904298FCF743
:108770008AFA2E99401A0C9000EBD070BDF8B41014
:1087800001EB600000B2ADF8B40022E09DF8C80033
:1087900003281ED14198407F00904198B0F9140001
:1087A0000C902A992898401A0B90439808440A90F4
:1087B000DDE90B13379A10F05FFF2E904298FCF71B
:1087C00062FA2E99401ABDF8B410084400B2ADF810
:1087D000B400BDF8B6102F98084400B2ADF8B6004A
:1087E000BDF9B61040988068B0F90600814200DDFE
:1087F0005EE400BF2A994398405C00287FF40FAEE6
:1088000000BF55E4500200202300000038B50446A4
:108810002021204607F083F8FF20A076FEF742F9DA
:108820000090BDF80000A0810A4820604FF6FF705C
:108830006060A060FEF736F90090BDF80000E081AE
:1088400005200CF0BFFE0090BDF800002082002043
:10885000E07638BDB44003082DE9F04104460D46EA
:1088600016461F463B46324629462046D4F81CC0D1
:10887000E047BDE8F0812DE9F04105460C4616467B
:108880001F46608808B9BDE8F081207A022800DC24
:10889000F9E73B46324621462846D5F820C0E04756
:1088A00000BFF0E73EB504460A21204607F037F83E
:1088B00001206080FF20207200BF00200146024698
:1088C000D508BDF8003065F304038D080093BDF8AA
:1088D000003065F34A13C5080093BDF8003065F316
:1088E000CF230093BDF800502B460193BDF8041030
:1088F00008460290BDF8080020803EBD02460B46A7
:10890000002106E00C4850F8310000B903E0481C93
:10891000C1B21029F6DB00BF102904DB00BF00BF85
:108920004FF0FF307047044840F8312000EBC100A1
:1089300043600846F6E70000604600202DE9F04F4E
:1089400087B081468A4616461D46109CB4F90A0037
:10895000301A0690B4F90800AAEB00000590B4F9AB
:108960000C00B4287EDAB4F90E00B428FADAA08933
:10897000002877D0E0890028FBD0B4F90C10B4F9B6
:108980000E0081426EDDB4F90A00B04203DD012021
:1089900007B0BDE8F08F606D0699484380120490DF
:1089A000A16A0698401C41434FEAA128B4F90C0083
:1089B000B0F5877F0ADDB4F90C00B0F5B47F05DAB5
:1089C000B8F1000F02DA4FF000081BE0B4F90C0018
:1089D000002809DDB4F90C005A2805DCB8F1000FB5
:1089E00002DA4FF000080DE0B4F90C005A2809DD56
:1089F000B4F90C00B0F5877F04DAB8F1000F01DD9F
:108A00004FF00008B4F90E00B0F5877F0ADDB4F925
:108A10000E00B0F5B47F05DAB8F1000F02DA4FF0BE
:108A200000081BE0B4F90E00002809DDB4F90E00BF
:108A30005A2805DCB8F1000F02DA4FF000080DE00B
:108A4000B4F90E005A2809DDB4F90E00B0F5877F9D
:108A500004DAB8F1000F01DD4FF000080498A0EB34
:108A6000080000E042E0401003904FF0010B0120AD
:108A70000290039808EB000105980F1AAF4200DD41
:108A80002F46002F10DD04F110003BB23246514654
:108A90000090484600F076FA8346BBF1000F03D100
:108AA0003946484606F03BFFAF4200DD2F46002F17
:108AB00000DA002704F13C00EA1B13B20AEB0702BC
:108AC00011B2009009EB0700324600F05BFA029009
:108AD000029820B9E91B09EB070006F020FF029875
:108AE000834501D1584653E7022051E7B4F90C0001
:108AF000B4287DDDB4F90E00B428FADDB4F90C1009
:108B0000B4F90E008142F4DDB4F90A00B04201DA92
:108B100001203DE7606D0699484380120490A16AE8
:108B20000698401C41434FEAA128B4F90C00B0F567
:108B3000877F0ADDB4F90C00B0F5B47F05DAB8F12F
:108B4000000F02DA4FF000081BE0B4F90C00002817
:108B500009DDB4F90C005A2805DCB8F1000F02DA7F
:108B60004FF000080DE0B4F90C005A2809DDB4F903
:108B70000C00B0F5877F04DAB8F1000F01DD4FF08B
:108B80000008B4F90E00B0F5877F0ADDB4F90E00D5
:108B9000B0F5B47F05DAB8F1000F02DA4FF0000843
:108BA0001BE0B4F90E00002809DDB4F90E005A28C4
:108BB00005DCB8F1000F02DA4FF000080DE0B4F95F
:108BC0000E005A2809DDB4F90E00B0F5877F04DAEB
:108BD000B8F1000F01DD4FF000080498A0EB080089
:108BE000401003904FF0010B01200290039800E029
:108BF0003BE008EB000105980F1AAF4200DD2F465D
:108C0000002F10DD04F13C003BB23246514600908B
:108C1000484600F0B7F98346BBF1000F03D139464F
:108C2000484606F07CFEAF4200DD2F46002F00DAFA
:108C3000002704F11000EA1B13B20AEB070211B27D
:108C4000009009EB0700324600F09CF90290029870
:108C500020B9E91B09EB070006F061FE0298834585
:108C600001D1584694E6022092E60127B846B4F9AD
:108C70000C00B42806D1B4F90A00B04200DD27E0A8
:108C8000032725E0A08938B9B4F90A00B04201DD14
:108C900003271DE001271BE0B4F90C00B42803DA18
:108CA000B4F90A00B04207DCB4F90C00B42805DDC1
:108CB000B4F90A00B04201DC032709E004F1100016
:108CC0002B46324651460090484600F05BF9074675
:108CD000B4F90E00B42809D1B4F90A00B04202DD9B
:108CE0004FF003082BE04FF0010828E0E08948B975
:108CF000B4F90A00B04202DD4FF001081FE04FF066
:108D000003081CE0B4F90E00B42803DAB4F90A0031
:108D1000B04207DCB4F90E00B42806DDB4F90A004D
:108D2000B04202DC4FF0030809E004F13C002B469E
:108D3000324651460090484600F024F9804617B16B
:108D4000B8F1000F01D1002022E6032F04D1B8F1C1
:108D5000030F01D100201BE6012F04D1B8F1010F50
:108D600001D1012014E6022012E600002DE9F84F9F
:108D70000646894692461C460A9D002C01DA0024CC
:108D800004E0B4F5B47F01DB40F26714002D01DA92
:108D9000002504E0B5F5B47F01DB40F26715A5427C
:108DA00005DAC4F5B4702844A6F8680007E0281B6B
:108DB000002801DD281B00E0601BA6F86800B481D4
:108DC000F581A6F80890A6F80AA026483060012090
:108DD000307100BF002C02DBB4F5B47F03DD00BFAF
:108DE00000BF00BFFEE700BF002C03DBB42C01DA9C
:108DF000002707E0B42C04DBB4F5B47F01DA0127C7
:108E000000E0012700BF002D02DBB4F5B47F03DDD5
:108E100000BF00BF00BFFEE700BF002D04DBB42D84
:108E200002DA4FF0010809E0B42D05DBB5F5B47F97
:108E300002DA4FF0000801E04FF0010823465246E5
:108E4000494606F11000009700F032F92B465246D1
:108E5000494606F13C00CDF8008000F029F9BDE854
:108E6000F88F00003D8901082DE9F84F0746884634
:108E700091469A464FF0000B104C15E025680126EC
:108E80002068009053464A4641463846D5F800C00F
:108E9000E047064616B90020BDE8F88F022E01D142
:108EA0004FF0010B083400BF20680028E6D1BBF169
:108EB000000F01D00220EFE70120EDE7604600201F
:108EC00070B5044626463079022814D125466869D3
:108ED00080B168690069002807DA6969486806F0A6
:108EE00007FB686906F004FB04E068694069401EFE
:108EF0006969486107E03079052804D12546A868EA
:108F000006F0F6FA00BF70BD2DE9F04106463EB905
:108F10001B48006810B10120BDE8F0810020FBE78C
:108F2000002428E0164850F8347007B921E0387959
:108F300002281BD1124850F83450A87C00F00100E0
:108F400048B1B5F9102005F108013046E8F7B6FF41
:108F500058B90120E0E7B5F9102005F108013046C5
:108F6000E8F731FF08B90120D6E701E00120D3E797
:108F700000BF601CC4B2102CD4DB0020CCE7000082
:108F8000604600202DE9F84F82460D4690461E4669
:108F90000A9CA08AA8EB00000FFA80F8608A281AC1
:108FA00005B2206A00286BD194F8280000F0010077
:108FB00010B3207C00F0030020B1207C00F00300FF
:108FC000012802D10120BDE8F88F207C00F00300C9
:108FD000022805D108F10100002801DA0120F2E79A
:108FE000207C00F00300032804D1B8F1000F01DD5C
:108FF0000120E8E70020E6E7207C00F003000228DB
:1090000004D0207C00F00300032801D10120DAE71E
:10901000207C00F00300012802D1002D00DDD2E702
:10902000207C00F00300A0B9A819002801DA012073
:10903000C9E76F42002F01DA0020C4E7002F06DBEA
:10904000B74204DAF11B0AEB070006F068FC0220C5
:10905000B9E7A819002801DA0020B4E76F42002F11
:1090600000DA0027B74201DB0020ACE7002F05DB68
:10907000B74203DA3946504606F051FC0220A2E717
:1090800094F8280000F0010040B1334642462946DA
:1090900050460094FAF7E6FB814607E03346424625
:1090A000294650460094FAF7CEFC814648468AE7A6
:1090B0002DE9FC4781460D4616461C46DDF828A0E2
:1090C000B42C02DDA4F1B40004B204F15A0000B2E1
:1090D00010F072F905EB6017204610F06DF906EB01
:1090E00060180FFA88F03BB232462946CDE9000AF3
:1090F000484600F003F8BDE8FC8700002DE9F05F6A
:1091000004460F4615469846DDE90A6B2C21204699
:1091100006F005FCB54206D1BBF1030F03D1681E72
:1091200005B2701E06B2B54206DD4046B846074697
:1091300030462E46054600BF27816581A4F80C8085
:10914000E68184F810B06782A582A8EB07000028AA
:1091500002DDA8EB070001E0A7EB0800711B002966
:1091600001DD711B00E0A91B884201DD012000E048
:10917000002094F8281060F3000184F828100020E3
:10918000E061A0614748206000202071A8EB07093A
:10919000A6EB050A94F8280000F00100C0B1B9F16F
:1091A000000F07D04FF4801191FBF9F000FB0AF19A
:1091B0008912E161BAF1000F07D04FF4801191FBE1
:1091C000FAF000FB09F18912A161E169216218E05E
:1091D000BAF1000F07D04FF4801191FBFAF000FBB9
:1091E00009F18912A161B9F1000F07D04FF4801184
:1091F00091FBF9F000FB0AF18912E161A16921629A
:1092000000BF207C00F0030030B994F8280020F063
:10921000020084F8280039E0207C00F003000128D7
:1092200007D194F8280020F00200801C84F8280060
:109230002CE0207C00F00300022811D1206A0028D5
:1092400007DD94F8280020F00200801C84F8280034
:109250001CE094F8280020F0020084F8280015E0B3
:10926000207C00F00300032810D1206A002806DDCE
:1092700094F8280020F0020084F8280006E094F812
:10928000280020F00200801C84F82800206A80104A
:109290006062206A002802DA606A40426062BDE8CB
:1092A000F09F0000858F01082DE9F04F8DB08046BA
:1092B0008B4691461D461698807C00F001000C906C
:1092C0001698B0F910000B901699083109A8FBF711
:1092D0000CFC0C9858B9BDF92600484503DCBDF9D3
:1092E0002A0048450DDA00200DB0BDE8F08FBDF929
:1092F0002600484503DCBDF92A00484501DA012073
:10930000F2E7BDF924100B980844584507DC0BEB35
:109310000501BDF928200B98101A81420BDDBDF91B
:1093200026100B980844484559DCBDF92A100B98C3
:10933000081A484553DB0C9858BBBDF92400A0EB34
:109340000B0001900198A84201DD0020CCE70198B4
:10935000002803DB4046019906F0E1FABDF9280038
:10936000A0EB0B0000F1010ABAF1000F01DC0020B4
:10937000BAE7AA4505DAA5EB0A0108EB0A0006F0F0
:10938000CEFA019818B9AA4501D10120ACE7022014
:10939000AAE7BDF92400A0EB0B0ABAF1000F01DA2D
:1093A0004FF0000AAA4517DCBDF92800A0EB0B001E
:1093B000A0EB0A00401C019001985044A84202DD35
:1093C000A5EB0A0001900198002804DB08EB0A00D5
:1093D000019906F0A4FA00BF00BF022084E7BDF99E
:1093E0002400A0EB0B00089009A8FBF753FC0790A2
:1093F00009A8FBF7CEFB0690BDF82400ABEB0000FC
:109400000FFA80FBBDF82600A9EB00000FFA80F9E7
:109410000B98814506DA0B98A0EB0900401E00B2BC
:10942000039006E00B990698401AA9EB000000B2E1
:109430000390169904AB05AA48690399F7F7FCFE57
:109440000290DDE9071001440B98081ABDF81010CE
:10945000084406B20B9908980844BDF81010401A49
:10946000401E07B20C98002863D1002425E0BDF906
:109470001400001B401E029911F800A030190028AA
:109480000BDB3019A84208DA301918F800105046E2
:1094900010F0BDFE311908F80100381B0BD4381B41
:1094A000A84208DA381B18F80010504610F0AFFE3A
:1094B000391B08F80100601C04B2BDF91400844295
:1094C000D5DB3019A84201DA301900E0284600281F
:1094D00001DA002005E03019A84201DA301900E075
:1094E000284606B2A91B08EB060006F018FABDF9DB
:1094F0001400381A401CA84204DABDF91400381AC6
:10950000401C00E02846002801DA00200BE0BDF9ED
:109510001400381A401CA84204DABDF91400381AA5
:10952000401C00E0284607B23946404606F0F7F9ED
:109530005FE0002427E0BDF91400401E011B0298E3
:10954000405CC0F1FF000090301900280BDB30199F
:10955000A84208DA301918F80010009810F057FEE9
:10956000311908F80100381B0BD4381BA84208DA5F
:10957000381B18F80010009810F049FE391B08F845
:109580000100601C04B2BDF914008442D3DB781CD6
:10959000A84200DA00E02846002801DA002004E0B2
:1095A000781CA84200DA00E028460FFA80FAA6EB01
:1095B0000A00A5EB0A01884202DAA6EB0A0001E0E4
:1095C000A5EB0A00002801DA00200AE0A6EB0A0059
:1095D000A5EB0A01884202DAA6EB0A0001E0A5EB3E
:1095E0000A0000B2019008EB0A00019906F097F911
:1095F00000BF022078E600002DE9F84F07468846B4
:10960000154699464046FBF745FB83464046FBF727
:10961000C0FA00900098834501DA584600E00098AF
:109620008246B5EB6A0F02DD4FEA6A0005B2002DF3
:1096300000DA0025414607F10800FBF756FA3D82A3
:1096400087F8129051483860022038711DB9002007
:109650007861BDE8F88F002440E0C4EBC4004C49B9
:1096600001EB8000B0F91800A84236D1C4EBC40069
:1096700001EB80004069401CC4EBC401444A02EB8A
:1096800081014861C4EBC400114601EB800001690F
:10969000102D01DA012000E028110844B0F57A7F8E
:1096A0000CDAC4EBC4003A4901EB80000169102DCB
:1096B00001DA012000E02811084401E04FF47A703B
:1096C000C4EBC401324A02EB81010861C4EBC4005F
:1096D000114601EB80007861BBE7641C042CBCD30D
:1096E000002600241BE0C4EBC400294901EB8000E4
:1096F000406998B926B9C4EBC40001EB80060DE0BF
:10970000C4EBC400224901EB800000693169884242
:1097100004DAC4EBC4001E4901EB8006641C042C6F
:10972000E1D396B91C2005F015FE064600BF1EB910
:1097300000BF00BF00BFFEE700BF1C21304606F09F
:10974000EEF84FF0FF30306119E07069401C706135
:10975000002030613169102D01DA012000E028116C
:109760000844B0F57A7F07DA3169102D01DA01205B
:1097700000E02811084401E04FF47A7030617E6106
:1097800029467869ECF762FE00BF62E7A9920108FA
:10979000F045002070B50546002600240DE009487C
:1097A00000EBC4004068A84205D1064850F8346078
:1097B000204600F009F8601CC4B2102CEFDB3046E4
:1097C00070BD000060460020014600204A1C4AB1DE
:1097D000054A52F831000022034B43F8312003EBD5
:1097E000C1035A60704700006046002070B505460E
:1097F0000E46144600BFE0886188401A401C00B243
:10980000012807DB00BFA0882188401A401C00B255
:10981000012800DA70BD224631462846EB68984799
:1098200000BFF7E738B504463821204606F077F840
:10983000FDF797FC0090BDF80000A080FDF791FCBB
:109840000090BDF80000E080FDF737F90090A01D02
:10985000BDF800106181FF2121730221A173FDF782
:109860002CF90090BDF800000C346082FDF725F95A
:109870000090BDF8000020840848A060FF2004F894
:10988000090CA073A077A07584F82A00E07D20F071
:109890003E001E30E0750C3C38BD0000B4400308AB
:1098A0002DE9F04FC9B081460D4614469846539FA6
:1098B000529E287B022802DC49B0BDE8F08F688800
:1098C00000B9F9E7BE4200D1F6E7B5F902A0C245FA
:1098D00001DD0FFA88FA3BA8FFF7A4FF687B00F0D0
:1098E00003008DF8EE00A86840B100208DF8EF006D
:1098F000A8683F90287B8DF8060105E0287B8DF84D
:10990000EF002888ADF8F0002088A0EB080000B236
:10991000ADF8E4006088A0EB080000B2ADF8E60006
:1099200020884044401E00B2ADF8E8006088404402
:10993000401E00B2ADF8EA0000BFBDF8E400ADF88B
:10994000DC00BDF8E600ADF8DE00BDF8E800ADF8DB
:10995000E000BDF8EA00ADF8E20000BFBDF8DC00B1
:109960006988084400B2ADF8DC00BDF8DE00698803
:10997000084400B2ADF8DE00BDF8E0006988401A86
:1099800000B2ADF8E000BDF8E2006988401A00B20C
:10999000ADF8E2004FF0FF3B00BFBDF8E000BDF8BE
:1099A000DC10401A401C00B2002815DD00BFBDF8D5
:1099B000E200BDF8DE10401A401C00B200280BDDAA
:1099C000012347F6FF7237A931A8FFF715FE0021E2
:1099D00031A8FEF793FF8346002347F6FF7239A9AB
:1099E0002BA8FFF709FE00212BA8FEF787FF2A907E
:1099F00006F5B470B84203D007F5B470864218D1AA
:109A000047F6FF70ADF8EC0039AA3BA94846FFF7CE
:109A1000EDFE2A98FFF7D8FE0BF1010010B1584671
:109A2000FFF7D2FE2BA8FFF74BFA31A8FFF748FA51
:109A300042E702E0A6F5B47086B2B6F5B47FF9DA73
:109A400002E0A7F5B47087B2B7F5B47FF9DA38B29F
:109A50000090B4F90220B4F9001033B20FA8FFF758
:109A600085F900210FA8FEF749FF0E90B74204DDEB
:109A7000B81BC0F5B4700D9001E0F01B0D90D9F843
:109A800008000C900D983C282EDDB8F10A0F2BDD54
:109A900005940FFA88F0ADF81800ADF81A60ADF82B
:109AA0001C705A2096FBF0F000F00300ADF81E0089
:109AB0005A2097FBF0F000F00300ADF82000ADF85D
:109AC00022A03BA8099039A80A90CDF82C9005A8AF
:109AD000F2F795FA05A8F2F7B6FB05A8F2F7DCFC59
:109AE00005A8F2F707FE04E039AA3BA94846FFF7AC
:109AF0007DFE0FA8FFF7E4F92BA8FFF7E1F931A8E5
:109B0000FFF7DEF90E98FFF75FFE2A98FFF75CFE7D
:109B10000BF1010010B15846FFF756FE687BC0F309
:109B2000800000287ED00AF0FF0204AB0FFA88F113
:109B300030B2F7F7D1FCBDF810002188084400B21C
:109B4000ADF81000BDF814002188084400B2ADF84B
:109B50001400BDF812006188084400B2ADF812008C
:109B6000BDF816006188084400B2ADF8160004AADA
:109B700002A80C99E8F7E6F8D0B1002347F6FF7287
:109B800004A906A8FFF738FD002106A8FEF7B6FED7
:109B9000019002A8C9F8080039AA3BA94846FFF776
:109BA00025FE0198FFF710FE06A8FFF789F900BF10
:109BB0000AF0FF0204AB0FFA88F138B2F7F78CFC19
:109BC000BDF810002188084400B2ADF81000BDF8BF
:109BD00014002188084400B2ADF81400BDF812004A
:109BE0006188084400B2ADF81200BDF81600618823
:109BF000084400B2ADF8160004AA02A80C99E8F7D0
:109C0000A1F8E0B1002347F6FF7204A906A8FFF708
:109C1000F3FC002106A8FEF771FE019002A8C9F826
:109C2000080000E00FE039AA3BA94846FFF7DEFD37
:109C30000198FFF7C9FD06A8FFF742F900BF0C988D
:109C4000C9F8080000BF00BF36E670B504460D46EF
:109C50001646324629462046EDF7BCF932462946DB
:109C60002046EDF7ACFB70BD7CB504460D46287E62
:109C7000022800DC7CBDA26868462968E8F762F823
:109C800000B9F7E7E06A10B12046E16A8847294643
:109C90002046626B904700BFECE72DE9F04F89B09A
:109CA00007460C46E06800B90026E06820B1207C39
:109CB00010B909B0BDE8F08F207C012801D1002641
:109CC00000E0E6687868FAF7ECFF8346BA6807A810
:109CD0002168E8F737F800B9EBE7E9F7C3FE8146FA
:109CE00038680690D9F80000C06988B9BDF91C0031
:109CF0007968B1F90010401ABDF91E107A68B2F9FE
:109D00000220891A0BFB0101069800EB4100069026
:109D1000D4F804A0BAF1000F14D02068FAF7C1FFFC
:109D20008046BDF91C002168B1F90010411ABDF947
:109D30001E002268B2F90220821A08FB02100AEB08
:109D4000400A01E04FF000089EB16069FAF7A9FFF0
:109D500005466069B0F90000BDF91C10411A606940
:109D6000B0F90200BDF91E20821A05FB021006445C
:109D700000E0002578684088404202B27868008898
:109D8000404201B207A8FAF7EAFFD9F80000C0691B
:109D9000D0B1606860B9207ECDE90165009020896E
:109DA00003465A4607A905900698F5F7A4FD46E034
:109DB000207E53465A4607A9CDE90080CDE90265C9
:109DC000069810F084F93AE06068E8B9607E60B9FE
:109DD000207ECDE901650090208903465A4607A9F7
:109DE00005900698F5F7E2FB29E0607E217ECDE93B
:109DF000016500910390208903465A4607A9059002
:109E00000698F5F721FB1AE0607E58B9207E53468C
:109E10005A4607A9CDE90080CDE9026506980FF002
:109E2000AFFF0CE0607E217E53465A46CDE90081AB
:109E3000CDE90265049007A906980FF017FF00BF4F
:109E400037E72DE9FF4FB1B00C461746DDF8F88033
:109E5000319988680188ADF8BC104188ADF8BE1012
:109E60008188ADF8C010C188ADF8C21000BF2FA81E
:109E7000FFF74AF82E901C2127A805F050FDE07A44
:109E80008DF8B400207B00F00F008DF8B5002E98FF
:109E900090B9208880B96088B0F5807F0CD1B8F186
:109EA000040F09D1A07A38B927973498289027A9A8
:109EB0003198FFF7D9FE4EE2B8F1050F01D103202A
:109EC00000E0022081463846FAF7F2FE26904FF471
:109ED0007F40002100F47C4241EA5211C0F3C402E9
:109EE00011431F91BDF87C201146249100252FA815
:109EF000FAF75DFE23902FA8FAF7DAFE8346BDF845
:109F0000BC00ADF88400BDF8C000ADF88800BDF815
:109F1000BE00ADF88600BDF88600ADF88A0021A825
:109F20002790208818B96088B0F5807F01D0012083
:109F300000E0002020902E9800287ED12098002854
:109F4000FBD1B8F1050FF8D1A07A0028F5D1E9F7D7
:109F500089FD1990FDF750FD1F902FA8FAF766FEB6
:109F60001F99884201D91F9802E02FA8FAF75EFED8
:109F70001E901E99480005F027FA1D901E9805F0C6
:109F800023FA1C901C982A9021A82C9002208DF86E
:109F9000AC001D982890349EBDF9BE00B7F90210A0
:109FA000401A2699484300FB0966BDF9BC00B7F981
:109FB0000010401A00FB096600201A903BE0B246F0
:109FC00000201B9013E09AF802001C99485548B1F4
:109FD0009AF800109AF8012001EB02218AB21D992B
:109FE00021F815201B98401C1B90CA446D1C1B981F
:109FF0005845E8DB269800FB096605EB0B011E9827
:10A00000814206D8BDF88A00401C00B2ADF88A0033
:10A010000EE027A93198FFF727FEBDF88A00401C03
:10A0200000B2ADF88600BDF88600ADF88A000025C4
:10A030001A98401C1A90239900E019E01A98884257
:10A04000BDDBBDF98600BDF98A10884209D0BDF894
:10A050008A00401E00B2ADF88A0027A93198FFF7A8
:10A0600003FE1C9805F02CFA1D9805F029FA71E101
:10A07000E9F7F8FC0290FDF7BFFC1F902FA8FAF754
:10A08000D5FD1F99884201D91F9802E02FA8FAF741
:10A09000CDFD1E901E99480005F096F91D901E9862
:10A0A00005F092F906462A9621A82C9002208DF8F8
:10A0B000AC001D98289000201C904C2109A805F0A8
:10A0C0002EFC209828B3208800B2ADF830006088BC
:10A0D000ADF8320034980990269800B2ADF8280007
:10A0E0003846FAF764FDADF82A008DF83680A0886E
:10A0F000ADF82C00E088ADF82E002089ADF83400D2
:10A10000207D00F001008DF8370009A8E8F706FE71
:10A1100015E034981C90BDF9BE00B7F90210411A41
:10A12000269841431C9801FB09001C90BDF9BC0016
:10A13000B7F90010411A1C9801FB09001C9000207F
:10A1400007900890A07AC0F1FF000690A07AB0B105
:10A1500022890292A07A07A9BDF80820D20A4243B8
:10A160000A80BDF80820C2F3451242434A80BDF878
:10A17000082002F01F0242438A8000BF00BFB8F1EE
:10A18000040F05D1208818B96088B0F5807F01D010
:10A19000022000E001208DF8AC002E9818B1304666
:10A1A0001E9905F0F3FBBDF98600B7F90210401ABD
:10A1B000039000200490B1E0DDF870A00295BDF995
:10A1C0008400B7F90010401A0190002005904BE080
:10A1D0002098B8B1DDE90303184402B2059B019849
:10A1E000184401B209A8E8F70EFB0090009810B9D6
:10A1F0000020705533E009A8807D7055BDF8380007
:10A2000025901EE0B8F1050F05D19AF802007055AF
:10A2100000B924E001E0FF2070559AF800009AF898
:10A22000011000EB012080B22590B8F1060F08D193
:10A23000BDF89400BDF89010884202D100207055FE
:10A240000DE0A07A28B107A8069A2599FCF71DFF12
:10A250002590BDF894101D9820F8151000BF0598A2
:10A26000401C05906D1CCA4405985845B0DB2E98DB
:10A27000E8B1BDF8BEC0049B63441AB2BDF98410B6
:10A28000029BF0185B46FEF7EFFD0090009840B986
:10A2900002997018594605F042FB02208DF8AC0077
:10A2A00004E00098022801D18DF8AC0000BF269987
:10A2B0001C9801FB09001C9005EB0B011E988142C4
:10A2C00006D2BDF88A00401C00B2ADF88A0022E038
:10A2D00027A93198FFF7C8FCBDF88A00401C00B2DE
:10A2E000ADF88600BDF88600ADF88A000025B8F10B
:10A2F000040F05D1208818B96088B0F5807F01D09F
:10A30000022000E001208DF8AC002E9818B13046F4
:10A310001E9905F03BFB0498401C04902399049877
:10A320008842FFF649AFBDF98600BDF98A10884220
:10A3300009D0BDF88A00401E00B2ADF88A0027A9F6
:10A340003198FFF791FC304605F0BAF81D9805F0FA
:10A35000B7F800BF00BF35B0BDE8F08F70B5064656
:10A360000C4625463821284605F0D9FA09482861C7
:10A370000948E8600948A8620948E8610948686135
:10A3800009482862094868620948E8620948686320
:10A3900070BD0000A198010845AA01084B9C010866
:10A3A000B9A30108439E0108B1A40108B5A601089C
:10A3B00081AA01089B9C01082DE9F04387B005465E
:10A3C0000E4690461C460023224603A9306801F041
:10A3D0007AF88146B9F1000F0ED1202C09D34FF63F
:10A3E000FF00844205D042F20C00844201D000BF3D
:10A3F00000BF07B0BDE8F083BDF8140010B1BDF890
:10A40000120000B9F5E7B8F80000BDF816100844CE
:10A4100000B2ADF808003068008931684989401AF7
:10A42000B8F802100844BDF81410401ABDF818100E
:10A43000401A00B2ADF80A00BDF90800BDF81210CC
:10A440000844A968B1F90010884217DBBDF908007B
:10A45000A968B1F90410884210DCBDF90A00BDF802
:10A4600014100844A968B1F90210884206DBBDF94E
:10A470000A00A968B1F90610884200DDB9E7214653
:10A48000039801F011F8074617B900BF00BFB0E705
:10A490000398007B00F0030008B100BF06E003ABA7
:10A4A00002AA314628460097EFF79AFB00BFA0E7C3
:10A4B0002DE9F04F93B080460E4614461D46708835
:10A4C00010B913B0BDE8F08F307A022800DCF8E74D
:10A4D000B4F90000B5F90010884206D1B4F90200C1
:10A4E000B5F90210884200D1EBE7B4F90010B5F9D4
:10A4F0000020914202DAB4F9001001E0B5F9001031
:10A50000B6F9020000EBD072A1EB620109B2ADF81E
:10A510004410B4F90010B5F90020914202DDB4F9FD
:10A52000001001E0B5F90010B6F9020000EBD0729E
:10A5300001EB620109B2ADF84810B4F90210B5F9A7
:10A540000220914202DAB4F9021001E0B5F90210DA
:10A55000B6F9020000EBD072A1EB620109B2ADF8CE
:10A560004610B4F90210B5F90220914202DDB4F9A7
:10A57000021001E0B5F90210B6F9020000EBD0724A
:10A5800001EB620109B2ADF84A1011A911A8D8F87F
:10A590000820E7F7D7FB8246BAF1000F00D190E719
:10A5A000D8F808B011A8C8F80800B4F90200B5F945
:10A5B0000210884206D12B46224631464046EFF72C
:10A5C000EDFC12E0B4F90000B5F90010884206D1A4
:10A5D0002B46224631464046EFF7FAFF05E02B4670
:10A5E000224631464046EFF7C5FD707AC0F3C00001
:10A5F00020B9707AC0F38000002857D003A8FFF775
:10A6000011F93088ADF8100047F6FF70ADF80C0076
:10A61000307A8DF80F00B6F902004710B07800F0DC
:10A62000010080F00109707AC0F38000E0B1208859
:10A63000C01B00B2ADF804006088C01B00B2ADF8CA
:10A64000060020883844A0EB090000B2ADF80800ED
:10A6500060883844A0EB090000B2ADF80A0001AAF6
:10A6600003A94046FFF7C2F8707AC0F3C000E0B11A
:10A670002888C01B00B2ADF804006888C01B00B277
:10A68000ADF8060028883844A0EB090000B2ADF808
:10A69000080068883844A0EB090000B2ADF80A0051
:10A6A00001AA03A94046FFF7A1F800BFC8F808B007
:10A6B00000BF06E72DE9FF4F93B090461E46032EDC
:10A6C00002DA17B0BDE8F08FB8F1000F00D1F8E75B
:10A6D000B00004F079FE044604B9F2E700201290BD
:10A6E000D8F80000206000251EE038F92510681C0D
:10A6F00038F9200081420AD108EB8500B0F9021038
:10A70000681C08EB8000B0F9020081420AD0129860
:10A7100004EB800008EB8501096801601298401C79
:10A7200080B21290681C85B2701EA842DDDCB8F9B8
:10A73000001038F92000814208D1B8F90210701ECB
:10A7400008EB8000B0F9020081420BD0129804EBB4
:10A750008001701E08EB8000006808601298401CA1
:10A7600080B21290129E032E03DA204604F0A8FE57
:10A77000A7E7B34903C9CDE9100100253DE0BDF9C4
:10A78000400034F92510884202DABDF9400001E0AA
:10A7900034F92500ADF84000BDF9420004EB850115
:10A7A000B1F90210884202DABDF9420003E004EB7D
:10A7B0008500B0F90200ADF84200BDF9440034F95B
:10A7C0002510884202DDBDF9440001E034F925007E
:10A7D000ADF84400BDF9460004EB8501B1F9021063
:10A7E000884202DDBDF9460003E004EB8500B0F9C4
:10A7F0000200ADF84600681C85B2B542BFDB139875
:10A8000010A982680DA8E7F79DFA0F900F9818B964
:10A81000204604F055FE54E7139880680C900DA96B
:10A8200013988160B4F902000B9000200A90012572
:10A830000FE004EB8500B0F902100B98814206DAB4
:10A8400004EB8500B0F902000B9028B20A90681C56
:10A8500085B2B542EDDB2C2106FB01F004F0B4FD1E
:10A86000099009980890DDF828A0DDF828A0D346C3
:10A8700000200790DDF828A0AAF10107002F00DAD8
:10A8800037440A9800F10109701E484501DA4FF07B
:10A89000000934F827100A9834F82000081A01B289
:10A8A000069134F829100A9834F82000081A01B2E9
:10A8B000059104EB870041880A9804EB80004088EA
:10A8C000081A00B2049004EB890041880A9804EB4E
:10A8D00080004088081A00B2039000200290DDE951
:10A8E000040100FB01F2069903984843824201DA11
:10A8F0000120029000BF029860B9AAF10107002F61
:10A9000000DA37440BF10109701E48450EDA4FF0AA
:10A9100000090BE00AF10107701EB84200DA0027B7
:10A92000ABF10109B9F1000F00DAB14404EB870083
:10A93000B0F9020004EB8A01B1F9021088422CDB65
:10A9400004EB8700B0F9020004EB8A01B1F90210B0
:10A9500088421ED034F9270034F92A10884218D0D2
:10A96000012104EB8700B0F90200CDE9000134F9C0
:10A97000273004EB8A00B0F9022034F92A10089835
:10A98000FEF7BCFBDDE90801FDF7B8FF08982C30A5
:10A9900008900798401C0790BA460798B04200D12B
:10A9A0003AE004EB8900B0F9020004EB8B01B1F945
:10A9B000021088422CDB04EB8900B0F9020004EBA2
:10A9C0008B01B1F9021088421ED034F9290034F904
:10A9D0002B10884218D0002104EB8900B0F9020046
:10A9E000CDE9000134F9293004EB8B00B0F90220E5
:10A9F00034F92B100898FEF781FBDDE90801FDF71B
:10AA00007DFF08982C3008900798401C0790CB4693
:10AA10000798B042FFF46FAF00BF10AADDE9130141
:10AA2000FEF7E4FE0998FEF7B5FE099804F048FD2C
:10AA3000204604F045FD13990C98886000BF40E65D
:10AA4000C804030870B504460D461646324629462A
:10AA50002046F2F7EBFD324629462046ECF7BAFADB
:10AA6000324629462046ECF7AAFC324629462046C3
:10AA7000ECF7C1FD324629462046F1F785F970BD55
:10AA8000704770B5044600BF00BF0121204606F0A4
:10AA90008EF825464FF6FF7068870121686A05F039
:10AAA00029FB00222021204600F05CFC70BD000044
:10AAB0002DE9F04180460C462546002045F8240F3C
:10AAC000E86018A0A86000206860287E20F01000D0
:10AAD00010302876287E20F02000203028760020B4
:10AAE0006882A8824FF6FF70E88200202882287EC4
:10AAF00020F00F00083028764FF48061204605F0E2
:10AB0000F9FA09A1204600F04CFB204606F0AAFE07
:10AB1000074600F047F9286055F824697462BDE8DB
:10AB2000F0810000EF81B8004F7074696F6E2031C2
:10AB30000A4F7074696F6E20320A4F7074696F6EBD
:10AB40002033000070B5044600BF00BF2146044812
:10AB500005F03DFF0546284605F0AEFF284670BDCE
:10AB60009043030870B506460D462C46606A20B136
:10AB7000606A06F0B1F80020606294F83C00C0F30F
:10AB8000001020B9206B04F0B3FC0020206370BDDE
:10AB90002DE9F84F89464946584806F0D1FC8046D1
:10ABA000B8F1010F01D0BDE8F88F484600F073FB03
:10ABB0000546484600F0D0FB07463C460E2D1BD10B
:10ABC000384606F0EDFD8346584601F0D3F90646B7
:10ABD00002F082FC009002F0D4FC8246BAF1040F2D
:10ABE00009D11EB1384600F033F904E0208FE08629
:10ABF0003846FFF746FF7FE00F2D01D0102D03D11F
:10AC00003846FFF73EFF77E0082D07D13846EAF7D0
:10AC1000BCFC8046B8F1010F6ED0C4E72A2D03D1E9
:10AC2000384609F008FD67E0292D03D1384609F0C0
:10AC300002FD61E02C2D0DD1484600F08AFB06464E
:10AC40000021384608F0F7F98246504600F0E8FC4B
:10AC5000708051E00D2D4AD1484600F07AFB06780D
:10AC6000132E01D0122E13D1384600F08EF818B9E9
:10AC7000384600F0EDF839E0E08E401CA18E8842A5
:10AC800034DAE08E401CE08638460FF0F4FD2DE00B
:10AC9000142E01D0112E11D1384600F076F818B9D3
:10ACA000384600F0D5F821E0E08E00281EDDE08E69
:10ACB000401EE08638460FF0DEFD17E01B2E05D162
:10ACC000208FE0863846FFF7DCFE0FE00A2E0DD11C
:10ACD00002F016FC8246BA4507D03846EAF755FC22
:10ACE0008046B8F1010F00D05DE700BF04E0152DEC
:10ACF00002D14846EFF7B0FF00BF54E79043030886
:10AD0000014600BF00BF0A46D08E70472DE9F05FB4
:10AD100081460F46924600BF00BF4D464FF0000BE4
:10AD2000286B20B1286BE5F7C0FA804603E00020CD
:10AD30003870BDE8F09F002406E0286B005D0A280B
:10AD400001D10BF1010B641C444502D2288F5845F8
:10AD5000F3D100260EE0BAF1000F06D0AAF10100EF
:10AD6000B04202D800BF00BF0AE0286B005DB855B2
:10AD7000761C641C444503D2286B005D0A28EAD186
:10AD800000BF0020B85500BFD3E770B5044600BF30
:10AD900000BF25460121686A08F004FB80F001002D
:10ADA00070BD000070B5044600BF00BF21460448D6
:10ADB00005F00DFE0546284605F07EFE284670BDCE
:10ADC000AC4303082DE9F05F83468846404600F017
:10ADD00062FA0446182C08D041461C4806F0B0FB25
:10ADE0000546012D01D0BDE8F09F404600F0B4FAC1
:10ADF0000646D6F824904F46082C09D102F06CFB89
:10AE0000824602F0AEFBF8B93046F8F793FF1BE03C
:10AE1000012C03D13046F8F768FF15E0092C06D164
:10AE20004FF6FF707887304608F059FE0CE0182C7A
:10AE30000AD14046EFF7A6FC4146044806F080FBE5
:10AE40000546012D00D0CEE700BFCCE7AC43030898
:10AE50002DE9F04F87B0054600BF00BF2C46012109
:10AE6000284605F084F9284606F0FCFC834659463E
:10AE7000606A09F0C1FF4FF0FF31606A08F0EEFF31
:10AE80000121606A05F052FE00221F21284600F0D1
:10AE900069FA2846F6F7B5F80690216B069803F094
:10AEA000DCFF42F2D171606A0AF0BCFA06980AF03F
:10AEB0000BFB606A08F019FA8346284608F015FA79
:10AEC000834513DC94F83C0000F00F00042805D003
:10AED00094F83C0000F00F00082807D1284608F03D
:10AEE00004FA83465946606A0AF09CFA069806F00E
:10AEF00061FC05900021606A07F0C8FB81460021D3
:10AF0000606A07F08AFF484401B204910020D4F837
:10AF100024B0029041F611025846029907F0BEFF94
:10AF200001900198484400B20390DDE90410014407
:10AF3000039808440FFA80F8464694F83C0000F065
:10AF40000F0794F83C0000F00F00082824D1FCF70C
:10AF50003BFD8346FCF7B6FDB5F91A103144884233
:10AF60003CDAFCF731FD8346FCF7ACFDB5F91A106D
:10AF7000411AB5F91600814204DA0427E88A401E16
:10AF800006B22BE0FCF720FD8346FCF79BFD698BA6
:10AF9000401A401E06B221E094F83C0000F00F0079
:10AFA00004281BD1B5F91600801B17D5FCF70CFD42
:10AFB0008346FCF787FDB5F91A10411AB5F916005A
:10AFC000814209DD0827FCF7FFFC8346FCF77AFD88
:10AFD000698B401A06B201E0B5F91660464500DDFE
:10AFE00046463146606A09F0CAFE28460FF043FC27
:10AFF000082F08D10020009000230D222946606A06
:10B0000005F038F91FE0042F08D10020009000233C
:10B010000A222946606A05F02DF914E0012F08D1B3
:10B0200000200090002310222946606A05F022F9D2
:10B0300009E0022F07D100200090002313222946A7
:10B04000606A05F017F9606A0AF03EFA94F83C006D
:10B0500000F00F00012805D094F83C0000F00F002C
:10B0600002281FD1606A08F06CF90290606A08F04B
:10B070008BF98346FCF7A8FC0190FCF723FD5845AB
:10B080000FDCFCF7A1FC0090FCF71CFDABEB000112
:10B090000298401A401E00B20190606A01990AF0BD
:10B0A000F3F900BF0021226B069805F061FC82468F
:10B0B0005046BAF1010F04D0022810D0032807D05F
:10B0C00000BF00231A460121069805F0C1F80DE0E3
:10B0D00000231A460321069805F0BAF806E000237B
:10B0E0001A460921069805F0B3F800BF00BF07B063
:10B0F000BDE8F08F2DE9F04107460D4600BF00BFC7
:10B1000000BF1DB900BF00BF00BFFEE700BF3C4647
:10B110000020A086002606E0A85D0A2802D1A08EA5
:10B12000401CA086761CA85D0028F5D1A08E401C8E
:10B13000A0860020E08620872846E5F7B6F800F1D3
:10B140000108206B48B194F83C00C0F3001020B90E
:10B15000206B04F0CDF900202063404604F0FAF89B
:10B16000206300BF206B18B900BF00BF00BFFEE71F
:10B1700000BF206B08B9BDE8F0812946206BE5F7D8
:10B18000A9F894F83C0020F0100084F83C00384600
:10B1900008F0A5FC606A10B1606A08F0A0FC00BF6E
:10B1A000E9E72DE9F04107460D4600BF00BF00BFAB
:10B1B0001DB900BF00BF00BFFEE700BF3C46002036
:10B1C000A086002606E0A85D0A2802D1A08E401CB9
:10B1D000A086761CA85D0028F5D1A08E401CA08614
:10B1E0000020E086208794F83C00C0F3001030B9BE
:10B1F000206B20B1206B04F07BF90020206394F8D1
:10B200003C0020F01000103084F83C0025633846E4
:10B2100008F065FC606A10B1606A08F060FCBDE887
:10B22000F08170B506460D4600BF00BF3446E08E83
:10B23000A84200D170BDA08EA84201DD284601E0E1
:10B24000A08E401EE086E08E2087304608F047FC46
:10B2500000BFEFE770B505460C464FF4806120460D
:10B2600005F064FC0421204605F060FC4FF4003139
:10B27000204604F03FFF0121204604F03BFF20461A
:10B2800002F03CFD70BD30B504460B46586A0246DC
:10B290000025556230BD0146087A20F080007047D5
:10B2A00001464868704700B50246107A15280ED04E
:10B2B000107A14280BD0107A162808D0107A182883
:10B2C00005D0107A172802D0107A192803D1104619
:10B2D00000F03FF800BD00BF00BF0020FAE700B556
:10B2E0000246107A01282CD0107A022829D0107A30
:10B2F000032826D0107A042823D0107A052820D0DD
:10B30000107A06281DD0107A07281AD0107A08283B
:10B3100017D0107A092814D0107A0A2811D0107A80
:10B320000B280ED0107A0C280BD0107A0D2808D0DC
:10B33000107A0E2805D0107A0F2802D0107A102823
:10B3400003D1104600F005F800BD00BF00BF00208B
:10B35000FAE70146086970470146086870470146E8
:10B36000C8687047F0B587B004460D46164614B954
:10B37000012007B0F0BD00BF00BF009401948DF81C
:10B3800008500020039004969DF8180020F001005A
:10B390008DF818009DF8180020F004008DF81800B2
:10B3A0009DF8180020F002008DF81800074800688A
:10B3B00005900649C1F800D06846F3F73CFF074600
:10B3C0000249059808603846D3E700009400002041
:10B3D00010B503460C46187A13280DD11846FFF70E
:10B3E000B8FF0246B2F90000A04202DDB2F9000047
:10B3F00000E02046108001E000BF00BF10BD10B586
:10B4000000F006F800F08EFC00F05AF910BD0000C4
:10B4100010B500210D4803F03FFD0D4908600BF009
:10B420004FFF0C4908800BF04BFF40F480500A4955
:10B4300008800BF045FF40F48050084908800BF06D
:10B440003FFF40F480500649088010BD31010108DB
:10B45000F0000020F4000020F6000020F80000209A
:10B46000FA0000202DE9F04106460F46092F00D1D1
:10B470002027346939463046F5F7E6FA054615B90E
:10B480000020BDE8F081606800EBC508608A800B91
:10B4900030B92068D8F80010C1F313010844F0E770
:10B4A00000BF00BF0020ECE770B504460D4600BFAA
:10B4B0001CB900BF00BF00BFFEE700BF2946204601
:10B4C0006268904770BD2DE9F04706460D469046EC
:10B4D000994600BF1EB900BF00BF00BFFEE700BF16
:10B4E00000BF1DB900BF00BF00BFFEE700BF0020C6
:10B4F0002860344600270FE04B4642462946204646
:10B50000D4F800C0E04707462FB1A87BC0F3001075
:10B5100008B92C6002E06469002CEDD100BF384608
:10B52000BDE8F0872DE9FF4F83B00C4691464FF000
:10B53000000AB9F1090F03D14FF020094FF0010AB9
:10B540000398066949460398F5F77EFA07461FB93E
:10B55000002007B0BDE8F08F4FF0000BF06868B135
:10B5600006990398F5F770FA0190019828B13946C9
:10B57000019A0398F5F7F4FB834600BF706800EB6F
:10B58000C705308A00FB0BF00011029028684FEAD3
:10B590001058BAF1000F01D04FEA480802988044D1
:10B5A00008F108004FEA1018A4F804806879208197
:10B5B0002879E08095F90600608195F90700A0815F
:10B5C000708A400AA17B60F30301A173A07B20F085
:10B5D0001000A073BAF1000F05D0E0884FF6FF719C
:10B5E00001EA4000E0800120B3E72DE9FF41054674
:10B5F0000E46174600BF1DB900BF00BF00BFFEE7E3
:10B6000000BF3B46324669462846FFF75CFF0446CA
:10B6100024B1BDF8040004B0BDE8F0810020FAE7D1
:10B620000146B1F9080070470146B1F908007047BA
:10B630000146B1F9080070470146B1F908007047AA
:10B6400070B50446606808B90B2070BD6068C068BA
:10B6500008B90920F9E7D4E90010C2689047054607
:10B660006068408858B1A06848B1A068C06818B147
:10B67000A168C86803F03CFFA06803F039FF002010
:10B6800020606060A0602846DFE710B504463021E6
:10B69000204604F044F910BD70B505460748E7F7A9
:10B6A000DBFE044600BF1CB900BF00BF00BFFEE7C1
:10B6B00000BF04B970BD256000BFFBE7084500204E
:10B6C00010B5F4F7D7FF0F48FFF7DFFF30200D4923
:10B6D0000870002048800C4888600C48C8600C48FE
:10B6E00008610C4848610C4888610C48C8610C48E6
:10B6F00088620C4808620C4848620846FFF7CCFF95
:10B7000010BD000068440020770601085D060108AE
:10B710007D06010895060108870601088F060108C5
:10B7200063060108690601086F06010870B5054641
:10B730000948E7F75EFE04460AE020680078A84260
:10B7400001D1206870BD21460348E7F76AFE044630
:10B75000002CF2D10020F5E70845002070B5054621
:10B760002846E4F7A2FD04460EE0285D2E2802D10B
:10B77000601C284470BD285D2F2802D0285D5C28FD
:10B7800001D103A0F6E7641E002CEED100A0F1E782
:10B7900000000000401C01783A2900D1401C70478D
:10B7A0002DE9F04705460F46914627B900BF00BF77
:10B7B0000B20BDE8F08797F800804046FFF7B6FF02
:10B7C00004461CB900BF00BF0320F2E7606838B12F
:10B7D00020466168884718B900BF00BF0120E8E72C
:10B7E000A06818B900BF00BF0920E2E73846FFF79C
:10B7F000D1FF82464A4651462046A36898470646EE
:10B800000EB1701C08B90C20D3E76C602E60608804
:10B8100078B1102003F09EFDA86000BFA86818B999
:10B8200000BF00BF00BFFEE700BF1021A86804F002
:10B8300076F80020BDE72DE9FC4104460F4690460E
:10B840001D460DB100202860606810B90B20BDE8CE
:10B85000FC816068006908B90920F8E700200190C0
:10B860006068408838B101AB42463946204600F056
:10B8700011F8064609E001A80090D4E900104346FB
:10B880003A46D0F810C0E04706460DB1019828604E
:10B890003046DCE72DE9F04F87B004460F461546E9
:10B8A0009A4600200690A068D0F808B0A06800680A
:10B8B0000590A06840680490A068D0F80C8060688B
:10B8C000B0F80290059858454AD80498834547D265
:10B8D0000598ABEB000080B203900398A9EB000041
:10B8E00086B2B54207D8039808EB00012A463846CD
:10B8F00003F087FE33E0039808EB00013246384638
:10B9000003F07FFE4D450AD9AB1BBA19CDF800A054
:10B91000D4E90010D0F810C0E04706901FE00020E6
:10B92000029002A80090D4E900104B464246D0F89D
:10B9300010C0E0470690A0684068401CA1680860FD
:10B94000A068006802990844A1684860A81B80B2FA
:10B950000190B8194146019AE4F783FC00BF39E031
:10B960004D4509D9CDF800A0D4E900102B463A4640
:10B970000669B04706902DE0B8F1000F10D1484697
:10B9800003F0E8FCA168C86000BFA068C06818B9EF
:10B9900000BF00BF00BFFEE700BFA068D0F80C806A
:10B9A0000020039003A80090D4E900104B464246C3
:10B9B0000669B0470690A068C0F800B0A0680068AB
:10B9C00003990844A16848602A4641463846E4F78E
:10B9D00048FC00BF069830B9CAF80050A0688068DB
:10B9E0002844A1688860069807B0BDE8F08FF8B5D4
:10B9F00004460D461746606808B90B20F8BD60681C
:10BA0000806908B90920F9E70026606840880028A5
:10BA10004ED027B1012F1AD0022F48D132E0A068B2
:10BA20008560A0688068A1680968884205D3A0681D
:10BA30008068A1684968884208D9A3689A68D4E9EF
:10BA400000100023D0F818C0E04706462FE0A06899
:10BA500080682844A1688860A0688068A168096837
:10BA6000884205D3A0688068A1684968884208D9DF
:10BA7000A3689A68D4E900100023D0F818C0E04702
:10BA8000064614E0D4E900103B462A46D0F818C018
:10BA9000E047064656B9D4E900106A46C36998479C
:10BAA000064616B90098A168886000BF00BF07E08D
:10BAB000D4E900103B462A46D0F818C0E0470646B5
:10BAC00030469BE72DE9F04F87B004460E461746F7
:10BAD000A07870434FEA202A574507DC208806905B
:10BAE000BDF81810084607B0BDE8F08F207A401E58
:10BAF00004EB8000807870434FEA202B5F4509DB20
:10BB0000207A401E04EB800000880690BDF81810D3
:10BB10000846E8E70020039001252AE004EB8500B1
:10BB20008078704300120190019887421FDC681EE4
:10BB300004EB800000880090FBF7E6FA059004EB28
:10BB4000850000880090FBF7DFFA0490681E04EB84
:10BB50008000807870434FEA202A04EB85008078CB
:10BB600070434FEA202BABEB0A00039004E0681C03
:10BB7000C5B2207AA842D1DC00BFA7EB0A0007B209
:10BB8000C7EB0721039891FBF0F000F0FF08C8F124
:10BB9000FF099DF8100000FB08F09DF8141001FB50
:10BBA000090000EBC01101EBC030800EBDF8081099
:10BBB00060F3040102919DF8110000FB08F09DF86C
:10BBC000151001FB090000EBC01101EBC030400E65
:10BBD000BDF8081060F34A1102919DF8120000FBB5
:10BBE00008F09DF8161001FB090000EBC01101EBF5
:10BBF000C030800EBDF8081060F3CF210291BDF86F
:10BC0000081008466FE710B504466068C00F10B111
:10BC1000204603F06DFC10BD2DE9FE4305460E469F
:10BC20001746687A00F0070010B90020BDE8FE83CF
:10BC30002848007828B9002000F050F80120254954
:10BC40000870687A00F00700022801D1304600E051
:10BC500038468046324641462846EAF7BEFE029004
:10BC60000020019001AA02A91B48F7F745FD012811
:10BC70000AD101984068401C0199496860F31D0190
:10BC8000019841600198D1E73A4631462846E8F7E5
:10BC9000CBFF0190019818B900BF00BF0198C5E71C
:10BCA000002410E00198B0F90E1022462846FFF754
:10BCB00009FF00900198806800EB4400BDF8001077
:10BCC0000180601C04B20198B0F90E00A042E9DCCA
:10BCD0000198ABE7CC000020B3F9000810B504468A
:10BCE0000D48006803F004FC204603F033FB0A49CA
:10BCF00008600A49086000BF0748006818B900BF1B
:10BD000000BF00BFFEE700BF21460348006803F004
:10BD100006FE0348046010BD14020020C800002085
:10BD2000C400002010B50021204803F0B5F82049D8
:10BD300008600BF0C5FA40F480501E4908800BF0F3
:10BD4000BFFA40F480501C4908800BF0B9FA40F467
:10BD500080501A4908800BF0B3FA40F4805018491B
:10BD600008800BF0ADFA40F48050164908800BF0C3
:10BD7000A7FA40F48050144908800BF0A1FA40F46F
:10BD80008050124908800BF09BFA40F48050104913
:10BD900008800BF095FA40F480500E4908800BF0B3
:10BDA0008FFA40F480500C49088010BDC31A010876
:10BDB000D8000020DC000020E0000020DE00002091
:10BDC000E2000020EC000020EA000020E600002055
:10BDD000E4000020E8000020EE0000202DE9F04102
:10BDE00007460C460FB9BDE8F08100BF00BF3846DA
:10BDF000E7F7FFFA06460AE03068A04202D100BF2A
:10BE000000BFF0E731463846E7F70BFB0646002E49
:10BE1000F2D1204605F0C4FC8046B8F1000F0DD0E9
:10BE2000A068806850B1A0688068C0680068A042BF
:10BE300004D1404600F0B7F800BF00BFA06810B9B9
:10BE4000204604F051FCA06887603846E7F724FBE1
:10BE5000054600BF1DB900BF00BF00BFFEE700BF21
:10BE600005B9C0E72C603846E7F7C3FAA84202D10B
:10BE7000384600F098F800BF00BF00BFB3E70000ED
:10BE800010B50446024A03492046F4F71FFB10BDD3
:10BE900023340008F33300082DE9F04106460EB9BB
:10BEA000BDE8F081304605F07BFC044604B9F7E7B5
:10BEB000207E00F0010000B1F2E70021204600F0F2
:10BEC000FCF82046E7F795FA05463CE02868B042C2
:10BED00034D1E068B0B1E0680068B04212D02046CA
:10BEE000F4F7BFFE8046E168424608680F21FFF77D
:10BEF00039FA0746012F00D0D2E7E168086807F059
:10BF0000EEFD00BFE560E068B8B1206910B12046E1
:10BF1000216988472046F4F7A4FE8046E16842463E
:10BF200008680E21FFF71EFA0746012F00D0B7E779
:10BF3000E168086807F0D3FD00BF06E02946204607
:10BF4000E7F76FFA0546002DC0D100BF00BFA7E795
:10BF500010B50446024A03492046F4F7B7FA10BD6B
:10BF6000313400083D340008014800687047000083
:10BF70009C000020014609B900207047087EC0F3EC
:10BF80004000FAE7014609B900207047C86808B9BF
:10BF90000020FAE7C8680068F7E710B504462046B5
:10BFA000E7F72DFA10BD70B50446207EC0F3C0053A
:10BFB000207E20F0080008302076207EC0F380002C
:10BFC00018B92046FFF75CFF06E0207EC0F3800032
:10BFD00010B12046FFF7BCFF207E65F3C30020763A
:10BFE00070BD2DE9F0410546284605F0D9FB044611
:10BFF0000CB9BDE8F08100BF00BFE06808B3E0689D
:10C000000068A84221D1207E00F0010018B1207EF6
:10C0100020F0010020762046E7F7EBF9E16888423E
:10C0200010D12046E7F70AFAE16888420AD1204693
:10C03000F4F717FE0746E1683A4608680F21FFF754
:10C0400091F902E02046FFF7AEFFE06828B1E06812
:10C050000068A84201D10020E0602046E7F7C9F956
:10C06000064614E03068A8420CD131462046E7F776
:10C070003FFA304603F03CFAA86810B10020A968E6
:10C08000886006E031462046E7F7CBF90646002EE9
:10C09000E8D100BF00BF00BF00BFAAE773B50546E7
:10C0A0002846FFF76FFF04460CB901207CBD01AAAA
:10C0B0000D212046FFF756F9F8E72DE9F047044631
:10C0C0000D460CB9BDE8F0872E46207EC0F3400037
:10C0D0003546A84200D1F5E7207E66F34100207680
:10C0E0002046FFF74FFF074697B12046F4F7B9FD0A
:10C0F0008146E1684A4608680E21FFF733F9804619
:10C10000B8F1010F00D0DDE7384607F0E8FC00BFCA
:10C1100000BFD7E72DE9FF4303469C68187800F07D
:10C120001F0005280DD11868C0F38A20504300EB8A
:10C13000400001EB41068519A81C205C04B0BDE855
:10C14000F083187800F01F000B281BD101F00705C1
:10C15000C9101868C0F38A20C01DC01000FB021669
:10C16000A05DC5F107084FF0010C0CFA08FC00EACD
:10C170000C00C5F1070C40FA0CF70FB10020DDE709
:10C18000FF20DBE7187800F01F000C281CD12CA042
:10C19000006803908807450F89101868C0F38A204B
:10C1A000C01C801000FB0216A05DC5F106084FF010
:10C1B000030C0CFA08FC00EA0C00C5F1060C40FA6E
:10C1C0000CF703A8C05DB9E7187800F01F000D2830
:10C1D00026D10FF27009D9E901C8D9F80000D9F8C1
:10C1E0000C90CDE901C8CDF80C900090C807450F20
:10C1F00049101868C0F38A20401C401000FB02164A
:10C20000A05DC5F104084FF00F0C0CFA08FC00EA21
:10C210000C00C5F1040C40FA0CF71DF807008DE77F
:10C22000187800F01F000E2806D11868C0F38A2085
:10C2300000FB0215605D81E700BFFF207EE7000084
:10C240000055AAFF00112233445566778899AABB8E
:10C25000CCDDEEFF2DE9FF4383B004460D461746C3
:10C2600000BF0020014602464FEAD20CBDF8003064
:10C270006CF304034FEA910C0093BDF800306CF3AB
:10C280004A134FEAD00C0093BDF800306CF3CF2373
:10C290000093BDF800C063460193BDF80410084642
:10C2A0000290A668207800F01F00042809D02078AA
:10C2B00000F01F00062804D0207800F01F00052899
:10C2C00015D1217801F01F0000F090F84FEAE00846
:10C2D0002068C0F38A20784300FB08F005FB0809BA
:10C2E00006EB0901022202A803F0C7FA78E02078E1
:10C2F00000F01F00072816D1083605F00700ED10E2
:10C300002268C2F38A22D21DD21002FB0751725C4E
:10C31000C0F1070C012303FA0CF31A40C0F1070324
:10C320001A4102925CE0207800F01F00082816D124
:10C330001036AA07500FAD102268C2F38A22D21C11
:10C34000921002FB0751725CC0F1060C032303FA42
:10C350000CF31A40C0F106031A41029240E0207823
:10C3600000F01F00092816D14036EA07500F6D1063
:10C370002268C2F38A22521C521002FB0751725CDF
:10C38000C0F1040C0F2303FA0CF31A40C0F10403AC
:10C390001A41029224E0207800F01F000A2809D1F7
:10C3A00006F580662168C1F38A2101FB0750315CE4
:10C3B000029115E0207800F01F000B280ED02078A5
:10C3C00000F01F000C2809D0207800F01F000D2875
:10C3D00004D0207800F01F000E2801D106980290AA
:10C3E000BDF80810084607B0BDE8F08301460020FC
:10C3F0000F291DD2DFE801F008091C1C0B0E0C10E0
:10C400001316191114171A0000BF002012E000BF04
:10C4100010200FE018200DE000BF01200AE000BF4F
:10C42000022007E000BF042004E000BF082001E074
:10C43000002000BF00BF7047014600208A1E0D2A61
:10C4400013D2DFE802F00812120712090A0B0C0DD2
:10C450000E0F100000BF00BF00BF00BF00BF00BF35
:10C4600000BF00BF00BF012001E0002000BF00BFEF
:10C47000704701460020032902D0062902D100BFDF
:10C48000012001E0002000BF00BF704770B50646E4
:10C490000C462546002045F8240F287D20F0030097
:10C4A000C01C2875287D20F07C002875204606F0E9
:10C4B0001CFF2881204605F07DF968810020A881B5
:10C4C0004FF480706882287D20F0800080302875CD
:10C4D0000020A880243D002169856886A98685F80A
:10C4E00039000221204604F021FB4FF48031204620
:10C4F00003F000FE70BD000070B5044600BF00BF31
:10C500002146044804F063FA0546284604F0D4FAAC
:10C51000284670BDC843030870B506460D466C6AD0
:10C52000A4B1287C012802D12046FFF789F8E068F1
:10C5300010B1E06802F0DCFF206910B1206902F060
:10C54000D7FF204602F0D4FF0020686270BD0000D3
:10C550002DE9FF4781460D461446284600F05AFF54
:10C560000746E7B9287800F01F01042901DB0E29EE
:10C5700003DD002004B0BDE8F0872868820A206847
:10C5800062F3942020602868420D206862F35F50B7
:10C5900020602878226860F30402226049E0012FBD
:10C5A00030D12846FFF7DAF8804623A1E3F784FE6E
:10C5B00008B10020DEE70222294601A8FFF7F0F8C3
:10C5C000064696B96B460422214601A8FFF733F9C7
:10C5D000064601A8FFF734F816B90098042803D0DE
:10C5E00000BF00BF0020C5E700BF207800F01F009B
:10C5F000042804DB207800F01F000E2801DD002055
:10C60000B8E716E0022F10D10121206861F39420D1
:10C6100020602068C0F3140000F50010206020683E
:10C6200020F01F000B30206003E000BF00BF00209F
:10C63000A0E701209EE7000062696E002DE9FF4F30
:10C640008DB004460D4691466BA000680C906BA01F
:10C6500000680B906AA30FCB07AE0FC62089069027
:10C66000002610E0BDF81800C1B206EB46021A9889
:10C670008154BDF81800020A06EB4600401C1A99C6
:10C680000A54701C06B210988642EBDB002005901D
:10C69000217D01F01F00FFF7A9FE8246012101FA6A
:10C6A0000AF0401E80B2049000274FF000080020DE
:10C6B0000390207D00F01F000B2806D00C2816D018
:10C6C0000D2827D00E2841D137E06069C0F38A20B9
:10C6D000C01DC71007FB09F000EBE500804405F022
:10C6E0000700C0F1070003900CA805902EE06069D8
:10C6F000C0F38A20C01C871007FB09F000EBA500DF
:10C70000804405F003000621A1EB400003900BA834
:10C7100005901BE06069C0F38A20401C471007FBAE
:10C7200009F000EB6500804405F001000421A1EB55
:10C730008000039007A8059008E06069C0F38A278D
:10C7400007FB095080440020039000BF00BF606ACF
:10C750000290384602F038FE8346BBF1000F03D149
:10C76000002011B0BDE8F08F00200190207C20B99E
:10C7700060688168414401910DE0002208F10401E4
:10C780000298FFF734F900233A4659460298FFF71A
:10C7900052F8CDF804B0002625E001990978039AF3
:10C7A0001141049A01EA0200217D01F01F010E29C6
:10C7B00001D1024601E005990A5C06EB4601891C9D
:10C7C0001A9B5A540399A1EB0A0149B203910399A8
:10C7D000002906DACAF1080149B203910199491CFE
:10C7E0000191701C06B210988642D6DB584602F0C2
:10C7F00067FE0120B5E7000000FF00000055AAFF1A
:10C8000000112233445566778899AABBCCDDEEFF30
:10C810002DE9FF4F85B004460E469146217D01F07B
:10C820001F00FFF7E3FD04900121049801FA00F0D6
:10C83000401E80B203900027002002900025207D3A
:10C8400000F01F00072806D0082815D0092825D099
:10C850000A2840D134E06069C0F38A20C01DC710A7
:10C8600007FB09F000EBE6000544083506F0070079
:10C87000C0F1070002902EE06069C0F38A20C01C5E
:10C88000871007FB09F000EBA6000544103506F001
:10C8900003000621A1EB400002901CE06069C0F398
:10C8A0008A20401C471007FB09F000EB6600054496
:10C8B000403506F001000421A1EB800002900AE05F
:10C8C0006069C0F38A2707FB0960054405F58065A8
:10C8D0000020029000BF00BFD4F824B0384602F018
:10C8E00073FD8246BAF1000F03D1002009B0BDE804
:10C8F000F08F00200190207C20B960688168294475
:10C9000001910CE00022291D5846FFF770F8002322
:10C910003A4651465846FEF78EFFCDF804A04FF038
:10C92000000837E001990978029A1141039A01EA57
:10C930000200DBF80C1001EB400109880091BDF802
:10C940000010CAB208EB48031299CA54BDF800108F
:10C950000B0A08EB4801491C129A5354DBF81010DB
:10C960000B5C08EB4801891C129A5354049A0299F3
:10C97000891A49B202910299002907DA0499C1F192
:10C98000080149B202910199491C019108F1010085
:10C990000FFA80F808988045C4DB504602F090FDFD
:10C9A0000120A3E72DE9FC5F04460E461746984692
:10C9B000606A0190217D01F01F00FFF717FD82469C
:10C9C0006069C0F38A2007FB006000FB0AF04FEAB1
:10C9D000E00B0BF1040B002259460198FFF707F812
:10C9E0008146B9F1000F04D000BF00BF0020BDE8B0
:10C9F000FC9F4FEAEA0000FB08F5002000906B4620
:10CA00002A460C990198FEF716FF8146B9F1000FEE
:10CA100002D10098854203D000BF00BF0020E6E7A6
:10CA20000120E4E72DE9FE4F82460C46207C0128D8
:10CA300043D16068FEF792FE804680A1E3F73CFC9C
:10CA400010B10020BDE8FE8F022268466168FEF743
:10CA5000A7FE06461EB100BF00BF0020F2E7606AD5
:10CA6000C0B9142002F076FC606200BF606A18B999
:10CA700000BF00BF00BFFEE700BF606A30B900BF63
:10CA800000BF6846FEF7DCFD0020DBE71421606A8A
:10CA900002F045FF676A38466A460C210346944611
:10CAA00007E09CF8008083F800805B1C0CF1010C0F
:10CAB000491E0029F5D100BF06E0207C20B960683E
:10CAC000806808B90020BDE7207D00F01F05042D17
:10CAD00003D0052D01D0062D08D1207C20B9606837
:10CAE0008068A0610120ADE70120ABE7072D05D0EC
:10CAF000082D03D0092D01D00A2D70D12846FFF74B
:10CB000075FC8346012000FA0BF8606AA8B914206E
:10CB100002F020FC606200BF606A18B900BF00BF6D
:10CB200000BFFEE700BF606A18B900BF00BF002069
:10CB300088E71421606A02F0F2FE666A4FEA480054
:10CB400002F008FCF06000BFF06818B900BF00BF39
:10CB500000BFFEE700BF404602F0FCFB306100BFB3
:10CB6000306918B900BF00BF00BFFEE700BFF06822
:10CB700008B1306938B900BF00BF21465046FFF701
:10CB8000CBFC00205EE7207C012823D10022042179
:10CB90003046FEF72CFF002719E00023042202A9EB
:10CBA0003046FEF748FE9DF808209DF809109DF8D4
:10CBB0000A00FAF720F90190F06800EB4700BDF891
:10CBC000041001809DF80B003169C8557F1C474552
:10CBD000E3D31FE06068D0F80890002717E01BE05F
:10CBE00019F8272009EB8703597809EB8703987810
:10CBF000FAF701F90290F06800EB4700BDF8081061
:10CC0000018009EB8700C0783169C8557F1C474512
:10CC1000E6D300BF012015E70B2D05D00C2D03D066
:10CC20000D2D01D00E2D01D101200BE721465046DC
:10CC3000FFF772FC00BF00BF002003E762696E00CF
:10CC40002DE9F84F82460C4616461F46DDE90A8557
:10CC50004FF00009207D00F01F00042809D0207D3E
:10CC600000F01F00052804D0207D00F01F000628DA
:10CC70000BD1207C012847D143463A463146204615
:10CC80000095FFF78FFE81463EE0207D00F01F00FB
:10CC90000B280ED0207D00F01F000C2809D0207D2D
:10CCA00000F01F000D2804D0207D00F01F000E288A
:10CCB00008D143463A46314620460095FFF7BEFC70
:10CCC000814621E0207D00F01F0007280ED0207D46
:10CCD00000F01F00082809D0207D00F01F0009285F
:10CCE00004D0207D00F01F000A2808D143463A46B0
:10CCF000314620460095FFF78BFD814604E000BFDA
:10CD000000BF0020BDE8F88F4846FBE710B5044699
:10CD1000206870B12068C06818B120682146C268D8
:10CD20009047207C012804D1606802F0E1FB0020DC
:10CD3000606010BD10B50A48E6F78EFB044600BFE0
:10CD40001CB900BF00BF00BFFEE700BF0CB9002048
:10CD500010BD1421204602F0E2FD2046F8E7000055
:10CD60002C4500202DE9F04105460E4604213046B1
:10CD700002F0D5FD15B90020BDE8F081284600F08D
:10CD800049FB07462FB92946886808B90020F3E710
:10CD900000BF4FF000080D48E6F72BFB044610E0FB
:10CDA000206848B132462946204623689847804685
:10CDB000B8F1010F00D106E021460448E6F731FB47
:10CDC0000446002CECD100BF4046D5E72C4500209E
:10CDD0002DE9FF4704460E4699462821204602F0D9
:10CDE0009EFD1EB9002004B0BDE8F087304600F07B
:10CDF00011FB07462FB93146886808B90020F2E7D1
:10CE000000BFBDF8080020812774C4F80C90207C76
:10CE100001281BD13046E3F748FA82460AF10100A7
:10CE200002F098FA606000BF606818B900BF00BFE8
:10CE300000BFFEE700BF606818B900BF00BF002058
:10CE4000D1E731466068E3F745FA00E066604FF0ED
:10CE500000081D48E6F7CDFA05462AE0286808B123
:10CE6000686800B920E004F11402314628462B68B6
:10CE700098478046B8F1010F00D015E025602146A3
:10CE800028466A6890478046B8F1010F01D14046B4
:10CE9000A9E7042104F1140002F041FD0020206202
:10CEA000A0616062E06100BF29460748E6F7B9FA71
:10CEB0000546002DD2D1207C012802D1606802F005
:10CEC00017FB40468FE700002C4500202DE9FC476A
:10CED00004460D4616461F46DDF828804FF000092F
:10CEE0002068806848B1CDE90078206833462A463A
:10CEF0002146D0F808C0E04781464846BDE8FC8797
:10CF0000C160704701607047416070478160704741
:10CF100070B506460D462C4694F8380000F0030024
:10CF2000012805D094F8380000F0030002280BD146
:10CF3000606A02F0DDFA0020606294F8380020F0A8
:10CF40000300C01C84F8380070BD00002DE9F34FC9
:10CF500085B00698FEF79FF90646152E0CD0182EC0
:10CF60000AD0A248069904F0EBFA0546012D02D03A
:10CF700007B0BDE8F08F00BF0698FEF7EDF98046D8
:10CF800044462A2E0ED194F8380000F003000228FF
:10CF900004D14046616A00F058F925E1404607F0A7
:10CFA0001BFB21E1132E7AD10698FEF7D2F9054634
:10CFB0000021404606F031F98146E08E00FB09F081
:10CFC00000120FFA80F90021404606F0E5F882468B
:10CFD000208E50440FFA80FABAF1000F02D1B9F551
:10CFE000807F5BD0404606F080F98346404604F0DF
:10CFF000E1FB029004F132001FFA89F15346CDE9BA
:10D000000010594603A8029AE5F746FAB5F90070F0
:10D01000B5F90000BDF90C10791A884202DDB5F9A6
:10D02000000002E0BDF90C00381A00B22880B5F902
:10D030000000BDF90E10791A884202DDB5F9000032
:10D0400002E0BDF90E00381A00B22880B5F90000E0
:10D05000BDF910103944A1EB0B01884202DDB5F98E
:10D06000000004E0BDF910003844A0EB0B0000B252
:10D070002880B5F90010BDF91200C2190298101AE3
:10D08000814203DDB5F9000005E008E0BDF91200BA
:10D09000C1190298081A00B2288000BFA4E0112E1E
:10D0A00075D10698FEF755F905460021404606F071
:10D0B000B4F80746E08E7843001207B200214046DC
:10D0C00006F06AF88146208E48440FFA80F94046FF
:10D0D00006F00BF9B4F92C10884259D1404604F0FF
:10D0E00069FBB4F92E10884252D1B7F5807F14D174
:10D0F000B9F1000F11D1B4F92CB00BEBDB7040107B
:10D10000B4F93210884208D1B4F92EA00AEBDA70D3
:10D110004110B4F9340081423AD0404606F0E5F8B7
:10D120008246404604F046FB834604F13200B9B221
:10D130004B465A46CDE90010514603A8E5F7ACF935
:10D14000BDF80C00B8F81410084400B2ADF80C009B
:10D15000BDF80E10B8F81600084400B2ADF80E0085
:10D16000BDF81000B8F81410084400B2ADF8100073
:10D17000BDF81210B8F81600084400B2ADF812005D
:10D18000002203A82968E4F7F4FE28710BE00BE005
:10D1900003A9404604F021FA002203A82968E4F715
:10D1A000E8FE287100BF1FE02C2E14D10698FEF770
:10D1B000D0F8054694F8390000F00300012805D1A5
:10D1C000404600F015F80490286003E0A08D288008
:10D1D000E08D688008E0152E03D0182E01D0122EA5
:10D1E00002D10698EBF760FD00BFC1E6C843030813
:10D1F000F0B585B0044625460021204606F00DF81E
:10D200000646E88E704306120021204605F0C4FF52
:10D210000746288E074405F13200B1B2CDE900106F
:10D22000B5F92E20B5F92C103BB202A8E5F734F978
:10D2300002A8F7F775FDADF8100002A8F7F7E8FCB3
:10D24000ADF81200049805B0F0BD2DE9F04F85B09F
:10D250000546884600BF00BF284606F040FC404611
:10D2600000F0D8F806462C46032E1CD100BF00BFA4
:10D2700094F8380000F00300022805D094F8380034
:10D2800000F00300012802D1606A02F031F90020A9
:10D29000606294F8380020F00300C01C84F8380065
:10D2A00005B0BDE8F08F04A94046FFF75BFD8EB9DD
:10D2B00094F8380000F00300012805D094F83800F5
:10D2C00000F00300022802D1606A02F011F9C4F8EC
:10D2D000248034E0012E01D0022E30D1606A404516
:10D2E0002DD04FF0000994F8380000F00300012819
:10D2F00005D094F8380000F00300022801D1D4F8DA
:10D3000024904046E2F7D1FF00F1010A504602F0B6
:10D3100021F8074600BF1FB900BF00BF00BFFEE7EE
:10D3200000BF07B9BCE741463846E2F7D3FF676262
:10D33000B9F1000F02D0484602F0DAF800BF022E21
:10D3400038D1002741F259423946284605F0A6FD5A
:10D3500002900298814600BF41F25A42394628465F
:10D3600005F09CFD0290029800B2824600BF41F297
:10D370005B423946284605F091FD0290029800B2C2
:10D380008346002041F6FF7153464A46CDE900B17D
:10D390000290414603A80CF0FDF8BDF80C1004986B
:10D3A00061F394200490BDF80E10049861F35F506F
:10D3B000049000BF2C34207B66F301002073049896
:10D3C000C0F38A2020800498400D6080217B04985F
:10D3D00060F3860121730499C1F38A2000EBD071B8
:10D3E0004910E1802C3C0499480D00EBD0714910A4
:10D3F000A186284607F01FF9208E18B9E08EB0F5F7
:10D40000807F02D0284607F0E7F8284606F067FB41
:10D4100000BF45E70146032001B970470A4613786B
:10D42000202B04DB13787F2B01DC012005E013782F
:10D43000802B01DB022000E00020032801D100BF87
:10D4400000BF00BFE9E710B504462021204602F0E6
:10D4500066FA00202070282020760A2060764FF49B
:10D46000FA70A0836420E0833220E0760320A07667
:10D4700010BD000070B50546286910B9FAF7A4FA86
:10D480002861286918B900BF00BF002070BD10488E
:10D49000E5F7E2FF044644B900BF1CB900BF00BF76
:10D4A00000BFFEE700BF0020F0E75821204602F051
:10D4B00036FA2560607920F00200801C60712246F7
:10D4C0001E2104480BF0D4FC216848612046DDE7AA
:10D4D000FC440020B9D501080148006870470000ED
:10D4E000A000002010B504461CB90448E5F781FFF0
:10D4F00010BD21460148E5F794FFF9E7FC44002000
:10D500000148006870470000A400002018B90022FC
:10D510000A804A80704702681278012A08D002689F
:10D520001278032A04D04FF0FF320A804A8003E0C9
:10D5300002890A8042894A8000BFEBE7014609B9A7
:10D540000020704708680078012805D00868007836
:10D55000032801D00020F4E791F8400000F00F000C
:10D56000EFE7014609B900207047086800780128F4
:10D5700005D008680078032801D00020F4E7C86AC5
:10D58000F2E7014609B90020704708680078FBE718
:10D5900000220A804A8000B9704702681278012A86
:10D5A00003D002681278032A03D1828A0A80C28AD1
:10D5B0004A8000BFF0E700007FB504464149E068BB
:10D5C0000860084600680068006900B97FBD3D48F2
:10D5D0000068F5F7B3FA3B4800684079C0F3800073
:10D5E00000B1F3E700BF694636480068E5F788FCFC
:10D5F0009DF80F5033480068F5F7A0FA0020324933
:10D6000008609DF80E002F49096808712D480068D0
:10D610000079012808D10BF0CCFB2A490968096878
:10D620000969C1F8540110E02648006800680078D4
:10D6300004280AD1BDF80C0038B10BF0BAFB21491F
:10D64000096809680969C1F854011E480068006842
:10D650000078012805D169461A480068F5F736F8C0
:10D6600022E01848006800680078022805D1694661
:10D6700014480068F4F7E0FE16E0124800680068FD
:10D680000078042805D169460E480068F4F712FCBA
:10D690000AE00C48006800680078032804D1694655
:10D6A00008480068F4F732FB06480068F5F746FAC8
:10D6B000002D98D10020034908600349086000BF8D
:10D6C00084E70000A0000020A400002070B50446FC
:10D6D0000D4634B3607920F00200801C6071284848
:10D6E0000068A04202D10020264908602068007826
:10D6F000012803D020680078022840D115B1206BA2
:10D70000A84201D10021216315B1606AA84201D16C
:10D710000021616215B1A06AA84230D10021A16246
:10D720002DE00020FFF7DEFE064622E0707920F0B3
:10D730000200801C707130680078012803D03068C6
:10D740000078022811D115B1306BA84201D1002117
:10D75000316315B1706AA84201D10021716215B11F
:10D76000B06AA84201D10021B1623046FFF7BAFE8B
:10D770000646002EDAD100200249086000BF70BDC5
:10D78000A0000020A400002010B50446607920F01D
:10D79000010161710BF00DFBA0640BF00AFB6064EA
:10D7A00010BD70B502460C460AB9002070BD032CAE
:10D7B00004D00C2C05D1B2F9221004E0B2F92010EB
:10D7C00001E00020F2E700BF1068457E002308E07A
:10D7D000581803B2C5F164004843642690FBF6F084
:10D7E00001B20029F4D11846E0E72DE9F0470446DC
:10D7F000884600260121204605F0D4FD10B1002006
:10D80000BDE8F0874146204605F0EBFD07460022C3
:10D81000414604F11400E4F7ACFB28B94FF40021B1
:10D82000204605F0BFFDB0B1204603F0CCFE814696
:10D83000A9F101050CE0A068006850F825A0414658
:10D840005046FFF7D2FF06460EB13046D8E76D1EB0
:10D85000002DF0DA00BF0FB12046D1E70020CFE75E
:10D8600000B97047417921F008010831417100BFCA
:10D87000F7E70000F8B52548007810B100BF00BFF9
:10D88000F8BD00BF00BF01F047FEE6F701F9E4F77D
:10D89000F3FDE4F73DFAE4F7F7FDFAF701FCE5F7ED
:10D8A0005BFF4FF4AC711A48E5F7CEFD58211948DB
:10D8B000E5F7CAFDE6F7DCF8E5F7F2FA16A52C461F
:10D8C0002078C32804D16078812801D1A07808B1DC
:10D8D00000BF00BF114800906E463078112801D17A
:10D8E000012000E00020074627B100BF00BF00BFB5
:10D8F00000BFFEE700BF00BFFDF781FD0120034927
:10D90000087000BF00BF00BFBAE70000AC000020F5
:10D91000F0440020FC440020C38100004433221165
:10D9200070B506460C460421204603F0FFF8254654
:10D930000020A86385F83C0085F83D0000231A46C6
:10D940000521204602F084FC00231C2206492046C3
:10D9500002F088FB00221146204607F03CFC2046DE
:10D9600000F07CF970BD00006DD901082DE9F04789
:10D9700082465046FDF7F0FC074600BF00BF3C461C
:10D980003846F8F77BF806464FF6FF718E4201D114
:10D99000BDE8F0873846F8F771F8804641463846CA
:10D9A000F8F73CF8054605B9F2E77FA12846E2F70B
:10D9B00083FC68B9002084F83C007C480168384644
:10D9C000F8F7C8F87A4801683846F8F7B2F8DFE7A0
:10D9D00078A12846E2F770FC68B9012084F83C0081
:10D9E000724841683846F8F7B5F8714841683846DA
:10D9F000F8F79FF8CCE770A12846E2F75DFC68B91C
:10DA0000022084F83C00694881683846F8F7A2F89B
:10DA1000674881683846F8F78CF8B9E767A1284667
:10DA2000E2F74AFC20B166A12846E2F745FCB0B90E
:10DA3000002220213846FDF795FC8046B8F1010F01
:10DA400000D0A5E7A06B48B100222021A06BFDF714
:10DA500089FC8046B8F1010F00D099E798E759A1F9
:10DA60002846E2F729FCB0B900221F213846FDF70D
:10DA700079FC8046B8F1010F00D089E7A06B48B16E
:10DA800000221F21A06BFDF76DFC8046B8F1010F4D
:10DA900000D07DE77CE700BFA06B00B978E74AA122
:10DAA0002846E2F709FC20B149A12846E2F704FC28
:10DAB00098B90A21A06B0AF075FBA06B0AF010FF61
:10DAC00000286ED000221F21A06BFDF74BFC804682
:10DAD000B8F1010F00D05BE763E03EA12846E2F712
:10DAE000EBFB18B9A06B0AF08AFD5AE03AA1284670
:10DAF000E2F7E2FB18B9A06B0AF090FD51E037A104
:10DB00002846E2F7D9FB18B9A06B0AF0CDFD48E032
:10DB100033A12846E2F7D0FB80BBA06B0AF0D4FE0D
:10DB20001FFA80F8A06B0AF0E4FE814699F8000025
:10DB30002D280FD10121A06B0AF0F8FEA06B0AF08E
:10DB4000B3FD2B21A06B0AF02DFB4146A06B0AF020
:10DB5000EDFE21E099F800002B2810D10121A06BE7
:10DB60000AF0E4FEA06B0AF09FFD2D21A06B0AF0E5
:10DB700019FB4146A06B0AF0D9FE0DE00DE0002133
:10DB8000A06B0AF0D3FE2D21A06B0AF00BFB08F16D
:10DB90000101A06B0AF0CAFE03E02946A06B0AF05F
:10DBA000B3FB00BFF4E60000616263007C0100206B
:10DBB000A00100204142430031230000EF808D008E
:10DBC000EF849C00EF808C00456E7465720000004D
:10DBD000EFA2A200EF819300EF819400EF959A00ED
:10DBE0002B2F2D002DE9F0410446264696F83D00E6
:10DBF00000F0010040B196F83C00174A52F820109E
:10DC00002046F7F796FF24E02746398E480001F0BA
:10DC1000A1FB0546388E420096F83C000E4B53F8A7
:10DC20002010284601F0EDFC002007E035F8101028
:10DC300021F4007125F81010411C88B2398E814200
:10DC4000F4DC29462046F7F774FF284601F050FC23
:10DC500000BFBDE8F0810000A001002070B50446BF
:10DC6000254695F83C00054A52F820102046F7F763
:10DC700071FF2046FFF7B6FF70BD00007C01002059
:10DC800070B506460C46254600202C3545F8080C94
:10DC9000287F20F008002877287F20F010002877C0
:10DCA0004FF0FF302860287F20F007002877002001
:10DCB00028832C3D002146204153481E2863A96338
:10DCC0006963000CE86328640020A86295F84800A6
:10DCD00020F0400085F848000221204602F026FF8F
:10DCE0000021204600F0D0FF02A1204601F00EF8EE
:10DCF00070BD0000546578740000000070B50446E3
:10DD000000BF00BF2146044802F061FE05462846D8
:10DD100002F0D2FE284670BDE443030870B5064603
:10DD20000C462546204600F00BF895F84800C0F355
:10DD3000C00010B9686A01F0DBFB0020686270BDAA
:10DD400070B505462C4694F84800C0F3801020B109
:10DD5000A06A10B1A06A01F0CBFB94F8480020F053
:10DD6000400084F848000020A06270BD2DE9F04F0B
:10DD700087B0894649464F4803F0E2FB8246BAF134
:10DD8000010F02D007B0BDE8F08F4846FDF783FAD7
:10DD900005464846FDF7E0FA06462A2D06D13046EC
:10DDA00000F006FF304600F02DFC81E0132D11D16C
:10DDB0000021304605F04BF980464046FDF734FC23
:10DDC00004462746E01704EB907081104846FDF7A3
:10DDD000FFFA6DE0292D06D1304600F0E9FE30460D
:10DDE00000F010FC64E02C2D5DD137460021304658
:10DDF00005F02DF905900021304605F065F90490F5
:10DE00000021304605F094F903904FF0000897F890
:10DE10004800C0F3001008B148F0010897F8480026
:10DE2000C0F3401008B148F00208304603F04DFC42
:10DE300083460021304605F031FA42F2D171884222
:10DE400006D1708CC0F3802010B941F6FF7B03E04F
:10DE5000304603F03AFC83460398CDE901B80090C0
:10DE6000796A06A8DDE904320BF094FB4846FDF719
:10DE700070FA0446B4F90000BDF91810884202DDBA
:10DE8000B4F9000001E0BDF918002080B4F90200E7
:10DE9000BDF91A10884202DDB4F9020001E0BDF9B3
:10DEA0001A00608004E0152D02D14846EDF751F8C4
:10DEB00000BF67E7E443030801460A4692F84800BA
:10DEC000C0F3801008B1906A704702F12800FBE7A8
:10DED0002DE9F04F93B006468B4600BF00BF00BF50
:10DEE000BBF1000F03D100BF00BF00BFFEE700BFC2
:10DEF00037460020039041F612023046039904F0A1
:10DF0000CDFF02900298BBF80010081A00B2ADF8DD
:10DF100048000020039041F610023046039904F0B7
:10DF2000BDFF02900298BBF80210081A00B2ADF8CB
:10DF30004A0010A9304603F073FB304600F000FAA7
:10DF400081460025002410A8F6F7F1FE0F9000216D
:10DF5000304605F07CF80E900021304605F0E8F8D8
:10DF60000D900021304605F0AFF80C900E98FDF7AB
:10DF70005BFB0B9000200A9080463E4697F84800D5
:10DF8000C0F3001008B148F0010897F84800C0F34A
:10DF9000401008B148F002080021304605F07EF933
:10DFA00042F2D171884205D1708CC0F3802008B94B
:10DFB00048F00408002130467A6A02F0D9FC079044
:10DFC00028E00020CDE9000809EB0500DDE90E138B
:10DFD0000C9AE5F7ABFD0444BDF94A20DDE90A01DE
:10DFE000084482420EDC039403A94846504A126852
:10DFF0009047029002980A2803D019F8040000B94B
:10E00000641C0BE00D990B9801440A98084400B277
:10E010000A90254619F805000028D2D100BF09EB67
:10E02000050008904FF0000A0798022819D1611BDB
:10E03000CDF800800C9B0E9A08980BF01DFB039006
:10E0400010A8F6F774FE019000EBD0704110039811
:10E05000029000EBD070A1EB600050440FFA80FA00
:10E0600014E00798032811D1611BCDF800800C9BA8
:10E070000E9A08980BF000FB039010A8F6F757FED5
:10E080000399401A50440FFA80FA00BF002006900E
:10E09000059005980490D4B334E005AB02AA03A917
:10E0A0000898E5F727FD08F0010038B1059A0898AF
:10E0B000815C06A8E5F700FE00B123E0DDE902215E
:10E0C0000E98FDF792FA00B20190BDF94810019840
:10E0D0005044814208DB05982844A04204D00498AB
:10E0E000284419F8000010B9049805900EE0019832
:10E0F00050440FFA80FA0C9850440FFA80FA0598B1
:10E10000049000BF05982844A042C6D300BF094A26
:10E110000599089812689047099029464846054A8B
:10E120001268904701460998084413B0BDE8F08F83
:10E1300048020020500200202DE9F74F8EB016460D
:10E1400000BF00BF00BF1EB900BF00BF00BFFEE799
:10E1500000BF0E980D900E9800F0F2F8044622468B
:10E1600000210E9802F004FC8346207800BB0020BA
:10E170007080BBF1010F06D0BBF1020F0BD0BBF1D9
:10E18000030F11D102E0002030800DE00E9803F063
:10E190009CFA308008E00E9803F097FA029000EBAA
:10E1A000D0704010308000BF00BF11B0BDE8F08FCC
:10E1B0000BA90E9803F034FA4FF0000900270BA8C2
:10E1C000F6F7B5FD0A9000210E9804F040FF099083
:10E1D00000210E9804F0ACFF089000210E9804F086
:10E1E00073FF07900998FDF71FFA0690002005902D
:10E1F00080460D9890F84800C0F3001008B148F030
:10E2000001080D9890F84800C0F3401008B148F09C
:10E21000020800210E9805F041F842F2D1718842BF
:10E2200006D10E98408CC0F3802008B948F004084D
:10E230002046424A0F9912689047054617E0002091
:10E24000CDE9000804EB0900DDE90913079AE5F7B9
:10E250006DFC0744BD4201D3E05D00B90AE00899B6
:10E26000069801440598084400B20590B946E05D5F
:10E270000028E4D100BF8DB1681E205C0A2803D0BD
:10E28000681E205C0D2809D1605D38B90899069890
:10E2900001440598084400B20590A94604EB090022
:10E2A0000490A5EB09000390CDF80080079B099A24
:10E2B000DDE903100BF0E0F982460F98484503D0E2
:10E2C000079850440FFA80FABBF1020F1AD1A7EB5E
:10E2D0000901CDF80080079B099A04980BF0CCF94E
:10E2E00002900BA8F6F723FD009000EBD0704110D0
:10E2F0000298019000EBD070A1EB600050440FFA3F
:10E3000080FA15E0BBF1030F12D1A7EB0901CDF89C
:10E310000080079B099A04980BF0AEF902900BA8B5
:10E32000F6F705FD0299401A50440FFA80FA00BF33
:10E33000A6F800A00598708000BF36E74C020020C8
:10E34000014600BF00BF0A46506A7047014600BF41
:10E3500000BF0A46106C7047014600BF00BF0A4666
:10E36000D06B70472DE9F04705460F46164600BFB3
:10E3700000BF00BF1EB900BF00BF00BFFEE700BF67
:10E380002C4694F84800C0F3C00008B1BDE8F087FF
:10E39000284605F0A4FB606AE1F787FF8046304617
:10E3A000E1F783FF814609EB080A0AF10101606A7F
:10E3B00001F0F2F8606200BF606A18B900BF00BFE8
:10E3C00000BFFEE700BF606A00B9DFE74FF6FF70ED
:10E3D000874204D10749606A096888470746324680
:10E3E0003946606AE5F738FC0021284600F08EFCCB
:10E3F00000BFCBE7540200202DE9F04F93B08346D5
:10E40000894600BF00BF00BFB9F1000F03D100BFB4
:10E4100000BF00BFFEE700BF11A9584603F000F996
:10E420005846FFF78DFF0646CDF840B00024002780
:10E4300011A8F6F77CFC0F900021584604F007FE67
:10E440000E900021584604F073FE0D9000215846AE
:10E4500004F03AFE82460E98FDF7E6F80C90DDF8DF
:10E4600040B000215846DBF8242002F081FA0B90DE
:10E4700000200A900025DDF840B09BF84800C0F36A
:10E48000001008B145F00105109890F84800C0F35D
:10E49000401008B145F002050021584604F0FEFE88
:10E4A00042F2D171884206D1BBF82200C0F380202D
:10E4B00008B945F0040519E00020CDE90005301940
:10E4C0005246DDE90E13E5F731FB0744B9F90220A6
:10E4D0000C990A980844824200DC0AE0DDE90C014C
:10E4E00001440A98084400B20A903C46305D002876
:10E4F000E2D100BF4FF00008002009900B980228DD
:10E5000018D1391B3019534600950E9A0BF0B4F808
:10E51000029011A8F6F70BFC009000EBD0704110B0
:10E520000298019000EBD070A1EB600040440FFA1C
:10E5300080F813E00B98032810D1391B301953468B
:10E5400000950E9A0BF098F8029011A8F6F7EFFBE1
:10E550000299401A40440FFA80F800BF002008904A
:10E560000794079806900020059004906FB327E069
:10E5700007AB04AA05A93046E5F7BCFA05F001008F
:10E5800030B10798315C08A8E5F796FB00B117E0B9
:10E59000CDF82480DDE904210E98FDF726F84044EB
:10E5A0000FFA80F8B9F90000404502DA06980790A2
:10E5B0000AE008EB0A000FFA80F80798069000BFFF
:10E5C000781E07998842D3D200BFDDE904210E9856
:10E5D000FDF70BF85044401C0390B9F9001009985E
:10E5E000A0EB0A0081420ADBB9F9002003990998DF
:10E5F0000844824203DC012013B0BDE8F08F002004
:10E60000FAE700002DE9F04F99B006463446606AFB
:10E6100010B919B0BDE8F08F4FF0FF30206317A993
:10E62000304602F0FDFF17A8F6F781FB1690002197
:10E63000304604F00CFD15900021304604F078FDC2
:10E6400080460021304604F03FFD8146002794F8C3
:10E650004800C0F3001008B147F0010794F84800E3
:10E66000C0F3401008B147F002070021304604F023
:10E6700015FE42F2D171884205D1708CC0F3802022
:10E6800008B947F004071698CDE9008002974B4679
:10E69000616A14A8159A0AF07DFF304605F0CBFF99
:10E6A00094F8480000F0070002287CD10021304691
:10E6B00003F003FF80B21390139850B9304603F073
:10E6C0002FF80546F9F786F9032190FBF1F080B2A7
:10E6D000139003A8F5F7C2FB314603A8F5F773FCC6
:10E6E0004FF6FF7103A8F5F74EFC4FF496700F90AC
:10E6F00000BF0F98119000BF0020029017A8F6F7F6
:10E7000016FBBDF95010884253DA17A8F6F70FFB35
:10E71000BDF95010A0EB010B5A46002103A8F5F7F4
:10E7200048FCFE4903A8F5F720FCFC4903A8F5F7CF
:10E730001CFCFA493046F5F775FB05464FF0000A18
:10E740000020019035B1D5F82CA095F83E00C0F31B
:10E75000400001900D98504515DDCDF838A09DF88A
:10E760004A0020F001008DF84A00019858B19DF848
:10E770004A1021F00201891C8DF84A100A980C9960
:10E780000A910C9000BF0C9A0A991398F5F71FFC98
:10E790008346594603A8F5F7FCFB03A80D99F5F746
:10E7A000ECFB03A800E06FE0F5F722FC01200290EB
:10E7B00006E0DA493046F5F709FB0020A4F84400EA
:10E7C00017A8F6F72CFABDF95210884254DA0298CD
:10E7D000002851D117A8F6F722FABDF95210A0EB84
:10E7E000010B1598FCF720FFABEB0000024600215F
:10E7F000009003A8F5F7DDFBC94903A8F5F7B5FBC1
:10E80000C7493046F5F70EFB05464FF0000A0020D9
:10E81000019035B1D5F82CA095F83E00C0F340002A
:10E8200001900D98504515DDCDF838A09DF84A00AF
:10E8300020F001008DF84A00019858B19DF84A1067
:10E8400021F00201891C8DF84A100A980C990A914E
:10E850000C9000BF0C9A0A991398F5F7B8FB834601
:10E86000594603A8F5F795FB03A80D99F5F785FB25
:10E8700003A8F5F7BDFB06E0A9493046F5F7A6FA6F
:10E880000021462001538AE194F8480000F0070077
:10E8900003287DD10021304603F00FFE85B24DB92B
:10E8A000304602F03DFF8246F9F794F8032190FBD1
:10E8B000F1F085B204A8F5F7D1FA314604A8F5F7CE
:10E8C00082FB4FF6FF7104A8F5F75DFB0020039073
:10E8D00017A8F6F72CFABDF9501088423CDA20222E
:10E8E00011461598FCF781FE00EB4000BDF9501071
:10E8F0004942081A02460021029004A8F5F759FB84
:10E90000864904A8F5F731FB28460D9A0B99F5F7CF
:10E910005EFB0146029004A8F5F73BFB7F493046B9
:10E92000F5F780FA8246BAF1000F02D0DAF82C002F
:10E9300000E0002083460E98584507DDCDF83CB036
:10E940009DF84E0020F001008DF84E0004A8F5F768
:10E950004FFB0120039006E070493046F5F736FA88
:10E960000020A4F8440017A8F6F759F9BDF9521091
:10E9700088423BDA0398C0BB1598FCF755FEBDF9F9
:10E9800052104942081A02460021029004A800E0F1
:10E9900034E0F5F70EFB624904A8F5F7E6FA2846DD
:10E9A0000D9A0B99F5F713FB0146029004A8F5F7B1
:10E9B000F0FA5B493046F5F735FA8246BAF1000FB6
:10E9C00002D0DAF82C0000E0002083460E9858456B
:10E9D00007DDCDF83CB09DF84E0020F001008DF829
:10E9E0004E0004A8F5F704FB07E0FFE74C4930466A
:10E9F000F5F7ECF9002146200153D0E094F84800E7
:10EA000000F00700012875D117A8F6F708F9BDF93D
:10EA10005210884203DB4FF0FF30E062BFE01598F0
:10EA2000FCF702FEBDF95210884203DB4FF0FF30C5
:10EA3000E062B4E03B49606A09688847032803D86C
:10EA40004FF0FF30E062AAE017A8F6F770F98346AE
:10EA50002E2211461598FCF7C8FD484400EB4000F3
:10EA6000ABEB000000B2ADF84C0017A8F6F7D7F8F2
:10EA7000ADF84E001598FCF7D7FD4044BDF94E1097
:10EA800091FBF0F200FB121012901598FCF7CCFDF0
:10EA90001299884210DCBDF84E101298081A00B284
:10EAA000ADF84E001598FCF7BFFDBDF84E100844B8
:10EAB00000B2ADF84E000DE0BDF84E101298081AE5
:10EAC00000B2ADF84E00BDF84E00A0EB080000B259
:10EAD000ADF84E0013A93046FFF7FAF91190606ABD
:10EAE000E1F7E3FB1090606A0F4A119912689047B2
:10EAF0000F9008E052E00FA90C4A606A1268904734
:10EB00001198401E11900F98C01C10998842F2D89D
:10EB1000DDF83CA000200E90002521E085BE020813
:10EB20009BBE0208540200204C0200204802002034
:10EB3000616A0F9A88181C49096888470E99084429
:10EB4000C0B20E900FA9194A606A126890470E98D9
:10EB5000032803DCDDE90F10814200D902E06D1CBF
:10EB6000032DE5D900BF606A00EB0A0130460E9A1A
:10EB700000F056F888B1002505E02E200AEB0502CA
:10EB8000616A88546D1C032DF7D300210AF103003C
:10EB9000626A11541198C01CE06200E000BF304668
:10EBA00004F09DFF00BF34E538020020440200203D
:10EBB0002DE9F0478046444694F8480000F00700ED
:10EBC000012801D0BDE8F087E06A401C00B9F9E7F0
:10EBD000E06AA0F103094946104A606A126890474A
:10EBE000064600254046FFF767F9074605E0785DD1
:10EBF0007219616A8854681CC5B27119606A405CF8
:10EC00000028F4D1785D7219616A88544046FFF794
:10EC100097F84FF0FF30E06200BFD3E74C020020CE
:10EC20002DE9F04106460F46154634463046FFF7BB
:10EC300087F8042D1AD9681C00F08CFBA062A06A2A
:10EC400020B900BF00BF0020BDE8F0812A46394648
:10EC5000A06A00F0D6FC0020A16A485594F848004C
:10EC600020F04000403084F848000BE094F8480061
:10EC700020F0400084F848002A46394604F1280074
:10EC800000F0BFFC0120DFE770B506460D4600BF6F
:10EC900000BF34461B493046F5F798F81A4930460C
:10ECA000F5F794F80020A4F8440000214620015311
:10ECB000022D03D0032D01D0042D07D194F8480074
:10ECC00020F02000203084F8480005E094F8480047
:10ECD00020F0200084F8480094F8480000F0070075
:10ECE000012805D1E06A401C10B13046FFF760FFF3
:10ECF00094F8480065F3020084F848003046FFF7B6
:10ED000081FC70BD85BE02089BBE02082DE9F04162
:10ED100006460D4600BF00BF3446304604F0DFFE15
:10ED200005B9656A606AA84219D194F84800C0F331
:10ED3000C000A0B9606AE1F7B8FA471C3946606ABA
:10ED400000F02AFC606200BF606A18B900BF00BF13
:10ED500000BFFEE700BF606A58BBBDE8F081606A93
:10ED600048B194F84800C0F3C00020B9606A00F0D0
:10ED7000BFFB002060622846E1F797FA471C38463F
:10ED800000F0E8FA606200BF606A18B900BF00BF17
:10ED900000BFFEE700BF606A00B9DEE72946606A8F
:10EDA000E1F798FA94F8480020F0080084F8480049
:10EDB00000BF3046FFF726FC00BFCEE70FB438B5E2
:10EDC000054600BF00BF00BF059818B900BF00BFCF
:10EDD00000BFFEE700BF284604F081FE2C460598E0
:10EDE00028B92846FFF70EFC38BC5DF814FB606AB2
:10EDF00048B194F84800C0F3C00020B9606A00F040
:10EE000077FB0020606206A8009000990598E4F75F
:10EE100077FF60620020009094F8480020F008001E
:10EE200084F848002846FFF7EDFB00BFDCE770B52B
:10EE300004460D4600BF00BF26463564204604F058
:10EE40004EFE70BD70B504460D4600BF00BF26469D
:10EE5000F563204604F043FE70BD70B505460E46CE
:10EE600000BF00BF2C4694F84800C0F3C00030B982
:10EE7000606A20B1606A00F03BFB002060623EB136
:10EE800094F8480020F00800083084F848006662D2
:10EE90002846FFF7B7FB70BD70B504460D46144811
:10EEA0000068401C1249086008460068C10011480B
:10EEB000006800F071FB0F49086000BF0846006859
:10EEC00018B900BF00BF00BFFEE700BF08480068D8
:10EED000401E0849096841F8304005480068401E56
:10EEE0000449096801EBC00045600148006870BD35
:10EEF000B400002004020020F8B506460C46254662
:10EF0000204609F029FF0090BDF80000A884FF20EA
:10EF100085F82600F8BD00002DE9F04FA3B0824629
:10EF200088464046FCF7B7F90746152F0BD0162F39
:10EF300009D04146804802F003FB0646012E02D06C
:10EF400023B0BDE8F08F4046FCF706FA0446152FC3
:10EF50007ED1254615A8FAF765FC15AA00212046A2
:10EF600004F00EFCBDF85A000090F7F7DAFD834676
:10EF7000F7F7AEFD029035F8240F5A46009002993B
:10EF8000F8F700F80190BDF80400ADF85A00BDF89C
:10EF90005E000090F7F7C5FD8346F7F799FD0290F4
:10EFA00028885A4600900299F7F7ECFF019015A8BF
:10EFB000BDF80410ADF85E102098F7F7B2FD834657
:10EFC000F7F786FD029028885A4600900299F7F7D5
:10EFD000D9FF0190BDF80400ADF88000BDF87200C3
:10EFE0000090F7F79EFD8346F7F772FD02902888A0
:10EFF0005A4600900299F7F7C5FF0190BDF804004A
:10F00000ADF872001E98F7F78CFD8346F7F760FDA8
:10F01000029028885A4600900299F7F7B3FF0190B2
:10F02000BDF80400ADF87800F7F752FD0290AA7819
:10F03000BDF85A0000900299F7F7A4FF0190BDF8BF
:10F040000400ADF85A00F7F743FD0290AA7800E0FB
:10F050006FE0BDF85E0000900299F7F793FF019012
:10F0600015A8BDF80410ADF85E10F7F731FD029059
:10F07000AA78BDF8720000900299F7F783FF01901B
:10F08000BDF80400ADF87200F7F722FD0290AA78EF
:10F0900001462098F7F776FF0190BDF80400ADF81F
:10F0A0008000F7F715FD0290AA7801461E98F7F741
:10F0B00069FF0190BDF80400ADF87800A8785038D9
:10F0C000BDF982104843AF2190FBF1F000B2ADF8DA
:10F0D0008200A878243D5038BDF988104843AF21FC
:10F0E00090FBF1F000B2ADF888004046FCF7DBF889
:10F0F0008146494603A801F0FDFF04F11400069083
:10F100000D4804900020059015A80790002010904D
:10F1100003AA1A212046FCF725F904F1140215A9C7
:10F120004846FAF763FB03AA1B212046FCF71AF9AD
:10F1300000BF00BF04E700000809030870B50646D9
:10F140000C46254600202885686285F82A000221A1
:10F15000204601F0EBFC70BD2DE9F34F89B07248F9
:10F160000A9902F0EDF908900898012802D00BB036
:10F17000BDE8F08F0A98FCF78EF880460A98FCF7F5
:10F18000EBF80646B8F1130F0ED10021304603F01C
:10F1900011FB04460A98FCF7DCF80546B5F90000B7
:10F1A000A04200DA2C80BDE0B8F12C0F3ED13446ED
:10F1B0000A98FCF7CEF883464FF00009CA46208D26
:10F1C000002832DD00251BE0606A30F92500484543
:10F1D00003DD606A30F9250000E048468146606A38
:10F1E00000EB8500B0F90200504505DD606A00EBD8
:10F1F0008500B0F9020000E050468246681C85B2E6
:10F20000208DA842E0DC0021304603F0D3FA074607
:10F2100009EB07000FFA80F90AEB07000FFA80FAF2
:10F22000ABF80090ABF802A000BF7BE0B8F1150F7F
:10F2300078D134460A98FCF736F88346208D08B119
:10F24000606A00B993E706A9304602F05DFA3046DD
:10F2500002F0AAFCBDF81810081A0FFA80F930461F
:10F2600002F0ACFCBDF81A10081A07B2304602F0E2
:10F27000A1FA824601A8F9F715FB01AA0021304640
:10F2800004F00AFA002548E0606A30F82500484496
:10F2900000B2ADF81400681C616A31F820004844DF
:10F2A00000B2ADF8100094F82A0000F0010088B90F
:10F2B000606A00EB85004088384400B2ADF8160063
:10F2C000681C616A01EB80004088384400B2ADF8E8
:10F2D000120014E0606A00EB85004088AAEB000091
:10F2E000384400B2ADF81600681C616A01EB80007A
:10F2F0004088AAEB0000384400B2ADF8120004AB1D
:10F3000005AA01A95846F9F7B6FA9DF80D0020F0B4
:10F3100004008DF80D00681C85B2208D401EA842A7
:10F32000B2DC00BF00BF22E700440308F0B504468A
:10F33000059D944201DB2846F0BD8C4201DC184655
:10F34000FAE7571AEE1A601A704390FBF7F0184468
:10F35000F2E7000030B587B0044614B9094807B099
:10F3600030BD21460848006809F05BFF05463DB9FD
:10F3700000BF00BF684600F0DDF800BF00BF00BF5F
:10F380002846ECE71C0200201802002010B50024DB
:10F3900015E00C4850F8340078B10A4951F83400AF
:10F3A00000F0A6F80020074941F8340001EBC40141
:10F3B0008871044901EBC4018880601CC4B2102C20
:10F3C000E7DB10BD704500202DE9F041054615B979
:10F3D0000020BDE8F0814FF0FF3600212CE03748D7
:10F3E00000EBC100807900F0010018BB334800EB4E
:10F3F000C1008088A8421DD3304800EBC10080883E
:10F40000A84208D101202D4A02EBC10290712B487D
:10F4100050F83100DDE7002E01DA4EB20AE027484D
:10F4200000EBC1008088254A02EBC6029288904218
:10F4300000DA4EB2481CC1B21029D0DB002E08DB26
:10F4400001201E4901EBC60188711C4850F83600A6
:10F45000BFE7002428E0194800EBC400807900F0E1
:10F460000100F8B9154951F83400294600F094F824
:10F47000074600BF1FB900BF00BF00BFFEE700BFC7
:10F480000FB90020A5E701200C4901EBC4018871E8
:10F490000A4901EBC4018D80084840F8347050F8E7
:10F4A000340096E7601CC4B2102CD4DB00BF00BF50
:10F4B00000BF00BF00BF00BFFEE700007045002096
:10F4C000014600200CE0094A52F830208A4205D15A
:10F4D0000022064B03EBC0039A717047421CD0B266
:10F4E0001028F0DB00BF00BF00BFF6E7704500202A
:10F4F00010B504460648844200D110BD04B9FCE7AB
:10F5000021460448006809F05EFE00BFF5E70000F0
:10F510001C0200201802002010B54FF400410348DF
:10F5200009F03AFE0249086010BD0000E0460020E4
:10F530001802002070B504461C220021204600F06D
:10F54000B4F91348006809F066FE054622461149E1
:10F5500009F0EEFE4FF4004020606421A0684843AB
:10F560002168B0FBF1F0C0F164002076A06858B1CA
:10F570006421E0684843A168B0FBF1F06076607EEA
:10F58000C0F16400607601E00020607670BD00008C
:10F5900018020020DDF5010870B505460C4624B9B7
:10F5A0002846FFF7A5FF0B4870BD0A48854203D1E6
:10F5B0002046FFF7CFFEF7E72246294606480068B7
:10F5C00009F047FE06461EB900BF00BF0020EBE76A
:10F5D0003046E9E71C0200201802002030B504463E
:10F5E00018461AB105696D1C056109E045686D1C76
:10F5F000456085680D448560C5688D4200D2C16054
:10F6000030BD2DE9F0410F46154601463A4601F05E
:10F61000030602F0030CB4457DD0C2E092F80080EE
:10F6200081F80080491C521C92F8008081F800800B
:10F63000491C521C92F8008081F80080491C521C21
:10F6400092F8008081F80080491C521C92F80080DA
:10F6500081F80080491C521C92F8008081F80080DB
:10F66000491C521C92F8008081F80080491C521CF1
:10F6700092F8008081F80080491C521C92F80080AA
:10F6800081F80080491C521C92F8008081F80080AB
:10F69000491C521C92F8008081F80080491C521CC1
:10F6A00092F8008081F80080491C521C92F800807A
:10F6B00081F80080491C521C92F8008081F800807B
:10F6C000491C521C92F8008081F80080491C521C91
:10F6D00092F8008081F80080491C521C92F800804A
:10F6E00081F80080491C521C92F8008081F800804B
:10F6F000491C521C92F8008081F80080491C521C61
:10F7000092F8008081F80080491C521C92F8008019
:10F7100081F8008000E053E0491C521C92F8008000
:10F7200081F80080491C521C92F8008081F800800A
:10F73000491C521C92F8008081F80080491C521C20
:10F7400092F8008081F80080491C521C92F80080D9
:10F7500081F80080491C521C92F8008081F80080DA
:10F76000491C521C92F8008081F80080491C521CF0
:10F7700092F8008081F80080491C521C92F80080A9
:10F7800081F80080491C521C92F8008081F80080AA
:10F79000491C521C92F8008081F80080491C521CC0
:10F7A000203D202D3FF63AAF06E092F8008081F828
:10F7B0000080491C521C6D1E002DF6D1BDE8F08161
:10F7C0006EB1C6F1040607E092F8008081F800806F
:10F7D000491C521C761E6D1E0EB1002DF4D10B4635
:10F7E000144630E0D4F80080C3F800801B1D241DAF
:10F7F000D4F80080C3F800801B1D241DD4F80080BD
:10F80000C3F800801B1D241DD4F80080C3F80080BD
:10F810001B1D241DD4F80080C3F800801B1D241D6F
:10F82000D4F80080C3F800801B1D241DD4F800808C
:10F83000C3F800801B1D241DD4F80080C3F800808D
:10F840001B1D241D203D202DCCD806E0D4F80080BF
:10F85000C3F800801B1D241D2D1F042DF6D819464A
:10F86000224606E092F8008081F80080491C521C74
:10F870006D1E002DF6D100BFA0E730B504460B4643
:10F8800004E01D782570641C5B1C521E002AF8D110
:10F8900030BD30B504460B4604E01D782570641C6D
:10F8A0005B1C521E002AF8D130BDF0B506460B464F
:10F8B000344604F003054DB1C5F1040503E023709F
:10F8C000641C521E6D1E0DB1002AF8D103EB0327F4
:10F8D00007EB034707EB0361204610E00160001DC2
:10F8E0000160001D0160001D0160001D0160001D20
:10F8F0000160001D0160001D0160001D203A202AEA
:10F90000ECD802E00160001D121F042AFAD8044658
:10F9100002E02370641C521E002AFAD1F0BD30B5FB
:10F920000446224602F0030353B1C3F1040304E08A
:10F9300000251570521C491E5B1E0BB10029F7D122
:10F94000104611E000250560001D0560001D0560E2
:10F95000001D0560001D0560001D0560001D05609F
:10F96000001D0560001D20392029EBD803E000258B
:10F970000560001D091F0429F9D8024603E000258F
:10F980001570521C491E0029F9D130BD30B504460E
:10F99000224602F0030353B1C3F1040304E0FF2540
:10F9A0001570521C491E5B1E0BB10029F7D1104681
:10F9B00012E04FF0FF350560001D0560001D056079
:10F9C000001D0560001D0560001D0560001D05602F
:10F9D000001D0560001D20392029EAD804E04FF001
:10F9E000FF350560001D091F0429F8D8024603E011
:10F9F000FF251570521C491E0029F9D130BD024661
:10FA000000BF00BF906C884201D101207047506B4D
:10FA1000884205D192F86100012801DC0120F5E758
:10FA20000020F3E72DE9F04780464046FBF733FC22
:10FA30008146B9F1070F40D14046FBF78DFC0646E1
:10FA40004046FBF78CFC0446606BB04204D0A06CCF
:10FA5000B04201D0BDE8F08794F8600084F86100FE
:10FA600031462046FFF7CBFF00B1F3E704F154071E
:10FA70003846E3F7BEFC824651463846E3F7D1FCF0
:10FA80000546CDB151463846E3F732FD5046FFF703
:10FA90002FFD14F8600F401E207029463846E3F70A
:10FAA00027FD2078401E04F860092046296800F0F0
:10FAB0006CF92846FFF71CFD00BF00BFCAE770B510
:10FAC000044600BF00BF25462C4605F154063046CB
:10FAD000E3F777FC002085F8600070BD2DE9F05F4A
:10FAE00083460C4650480168204605F061F9002124
:10FAF000204605F023F925466035A87820F0060059
:10FB0000A870A87820F00800A870002028706870FD
:10FB1000A87820F00100A870603D042105F1540090
:10FB2000E3F792FC204601F0C7F868620121686A99
:10FB300000F0E0FA0020E8636864A864E8642864E0
:10FB400021463A4800F043FF0646304600F0B4FF35
:10FB500042F26401304605F012F90121304605F009
:10FB6000FFF80121304605F0E9F84FF480413046B6
:10FB700000F0C0FA0221304600F0D8FFAE623146F4
:10FB80002B4800F024FF0746384600F095FF42F26C
:10FB9000D17242F26401384605F001FA002138467C
:10FBA00005F0CCF802231A460021384605F0A6F8E5
:10FBB0000221384600F0BAFF4FF48041384600F089
:10FBC00099FA2F63286BF5F749FB80462B460722ED
:10FBD0001849404600F046FA4FF48041404600F094
:10FBE00089FA0021404605F0A9F8C5F83480686B11
:10FBF000FCF782FC824610A15046FDF726FB286BDD
:10FC0000FEF77CF881460121484600F073FAC5F8FA
:10FC100038900020E86228652B461C2207492046C0
:10FC200000F020FABDE8F09FF0000020200A030851
:10FC30003C0A030825FA0108EF8193009DFE0108A4
:10FC400070B505460C460021204605F077F80223E2
:10FC50001A460021204605F051F80221204600F006
:10FC600065FF70BD2DE9F04107460C46264606F1BA
:10FC700054052846E3F7A5FBBDE8F081014600BF27
:10FC800000BF0A46D06A7047014600BF00BF0A465F
:10FC9000106C704770B506460C46204601F0DAFD40
:10FCA00005462046696A05F0A7F80121204605F0BF
:10FCB00045F802231A460021204605F01FF84FF4AC
:10FCC0008041204600F016FA70BD70B506460C461D
:10FCD0002546686A20B1686AFFF70AFC002068625E
:10FCE00070BD70B5054600BF00BF2C46206B08B143
:10FCF000E06A00B970BD94F86200C0F3410020B121
:10FD000001280BD002281BD111E00021206B04F048
:10FD1000A5F80121E06A05F023F811E00021206B2D
:10FD200004F09CF80021E06A05F01AF808E00121CF
:10FD3000206B04F093F80121E06A05F011F800BF90
:10FD400000BF206B04F0A5FAE06A04F0A2FA206B71
:10FD500005F0BAFB206B01F099FC20B90121206B62
:10FD600000F0C8F903E00121206B00F0DFFE00BFC6
:10FD7000C0E770B505460C460121204604F0DEFFC1
:10FD80000221204600F0D2FE70BD2DE9F04106466A
:10FD90000D4600BF00BF3446E06A18B1616AE06AF0
:10FDA00005F02AF88DB104F154073846E3F754FB07
:10FDB0008046C8F8005094F86000401C84F8600049
:10FDC0002846A16A05F018F802E03046FFF777FEF2
:10FDD000E562206D50B1206C20B10121206D00F052
:10FDE000C6F903E00121206D00F0E1FE206C80B334
:10FDF00094F8620000F00100A8B194F86200C0F32A
:10FE0000C00040B10121A06C00F090FE0221A06C66
:10FE100000F070F907E00121A06C00F06BF90221FD
:10FE2000A06C00F083FE94F86000022808DB01213A
:10FE3000606B00F07BFE0221606B00F05BF923E059
:10FE40000121606B00F056F90221606B00F06EFE3C
:10FE50001AE0FFE794F86000022804DA94F86200E0
:10FE6000C0F3C00040B10121606B00F05FFE0221D1
:10FE7000606B00F03FF907E00121606B00F03AF998
:10FE80000221606B00F052FE00221C212046FBF78D
:10FE900069FA3046FFF725FFBDE8F0812DE9F04112
:10FEA00080464046FBF75BFA07463C463846FFF77C
:10FEB000E5FE064686B1A06B70B1706A40B1716A0A
:10FEC000A06BFEF723FF0121A06B00F02FFE03E0E3
:10FED0000121A06B00F00EF93846FFF7D5FE05466C
:10FEE00085B1E06C70B1686A40B1696AE06CFEF798
:10FEF0000DFF0121E06C00F019FE03E00121E06C30
:10FF000000F0F8F8BDE8F08170B506460C462546CD
:10FF1000242105F12400E3F797FA1C2105F13000B4
:10FF2000E3F792FA70BD70B506460C4600BF00BFFD
:10FF3000254605F13000E3F744FA05F12400E3F724
:10FF400040FA70BD2DE9F04F97B00D462946444860
:10FF500001F0F6FA16901698012802D017B0BDE805
:10FF6000F08F2846FBF797F906462846FBF7F4F989
:10FF70000446152E71D12846FBF795F9159013A963
:10FF8000204601F04DFB13AA20461599E6F76CFFB9
:10FF900013AA20461599EEF7FFF913AA20461599E2
:10FFA000EBF7DAFD13A8F4F79FFE824600EBDA7058
:10FFB0004710BDF84C00384400B2ADF84800BDF819
:10FFC0004E00384400B2ADF84A0004A8F9F72AFC04
:10FFD00004AA4FF40031204603F0D2FB4FF4003A5C
:10FFE00041F201025146204602F058FF019001986B
:10FFF00000B2834600EBDB704FEA600800BF41F2BD
:020000040802F0
:1000000004025146204602F049FF0190019800B2D7
:10001000834600EBDB704FEA6009BDF84800A0EBB7
:10002000080000B2ADF80800BDF84A00A0EB0900D6
:1000300000B2ADF80A00BDF84800404400B2ADF887
:100040000C00BDF84A00484400B2ADF80E0002AA08
:1000500004A91598F9F7CAFB00BF00BF7EE70000AE
:10006000740A03082DE9F04104460D4616461F4662
:1000700000BF00BF204600F037FBA068807E401C18
:10008000A1688876A268927E02EB42029100A26883
:10009000D068FFF781FAA168C86000BFA068C06897
:1000A00018B900BF00BF00BFFEE700BFA068C1686D
:1000B000807E401E00EB400041F82050A068C268DE
:1000C000807E401E00EB400002EB80000672A068BC
:1000D000C168807E401E00EB400001EB800047605D
:1000E000A068C168807E401E00EB400001EB8000EC
:1000F000BDE8F0812DE9FF4105460C4600BF00BF79
:10010000284603F069FD064604F0010010B12846B8
:1001100003F0E5FCE8692043E86104F0010010B158
:10012000284603F0DCFC284603F056FDB04202D11D
:1001300004F0C07040B1284601F08CFB074603F084
:1001400091FD284603F08EFD04F0100068B16A4668
:1001500002A9284601F03CFD02A9284603F0F9FC5B
:100160006946284603F0F5FC00BFBDE8FF8170B585
:1001700004460E4600BF00BF208C40EA0605208CD6
:10018000A84203D02946204604F018FF70BD2DE98F
:10019000F04104468846174600234FF6FF72394661
:1001A00020460FF08BFA002511E0E06800EBC50057
:1001B0004068C0F3406000B108E0E06800EBC500B3
:1001C0004068C0F3006000B100E005E06D1C608C89
:1001D000C0F3C500A842E8D800BF608CC008401C2E
:1001E000618C60F3C8016184628CC2F3C502D100E6
:1001F000E068FFF7D1F9E060608CC0F3C500461EEF
:1002000009E0E06800EBC6010246701E02EBC00286
:1002100005CA05C1761EAE42F3D8E16801EBC50000
:100220000821FFF77CFBE06840F83580E06800EBD0
:10023000C500406867F31700E16801EBC50148603D
:100240004FF6FF723946204604F00EFABDE8F08101
:100250002DE9F04106460F4614461D460022394658
:10026000304604F0ABFF2A462146304604F045FEF6
:10027000BDE8F0812DE9FF4F87B00E4690469A46C3
:1002800000BF00BF079805F01FF91EB9079801F0DD
:10029000E1FA064600BF00BF4FF0000900200690BB
:1002A000079801F0D7FA07460021384602F0C7F94F
:1002B00005900021384602F0DCFB01460598084411
:1002C00000B204900021384602F03FFD0146059837
:1002D000084400B203900021304602F0B0F90290C9
:1002E0000021304602F0C5FB01460298084404B2E2
:1002F0000021304602F029FD01460298084405B26B
:10030000B8F1000F0AD10021304602F00AF90128A5
:1003100002D14FF0030801E04FF00108B8F1160FC9
:1003200032D2DFE808F03132354A5866869FB40B86
:10033000D4DDFEFDFCFBFAF9F8F7F6F5304601F0E6
:10034000C4F9009000EBD0704FEA600B079802F000
:10035000CCFF019000EBD070ABEB600020440FFAB3
:1003600080F9304601F092F9009000EBD0704FEA2E
:10037000600B079801F01EFA019000EBD070ABEB18
:100380006000284400B2069070E1A14606956DE138
:10039000304601F09AF9009000EBD0704FEA600B04
:1003A000079802F0A2FF019000EBD070ABEB600069
:1003B00020440FFA80F9069558E1304601F085F99E
:1003C0008346079802F091FFABEB000020440FFA40
:1003D00080F906954AE1A146304601F057F9834677
:1003E000079801F0E7F9ABEB0000284400B2069053
:1003F0003CE1304601F069F9009000EBD0704FEA23
:10040000600B079802F071FF019000EBD070ABEB2E
:10041000600020440FFA80F9304601F037F9834636
:10042000079801F0C7F9ABEB0000284400B2069032
:100430001CE1304601F049F98346079802F055FF68
:10044000ABEB000020440FFA80F9304601F01EF9B2
:100450008346079801F0AEF9ABEB0000284400B2E8
:10046000069003E1A146304601F010F9009000EB40
:10047000D0704FEA600B079801F09CF9019000EBF7
:10048000D070ABEB6000284400B20690EEE030463E
:1004900001F01BF98346079802F027FFABEB000041
:1004A00020440FFA80F9304601F0F0F8009000EB9C
:1004B000D0704FEA600B079801F07CF9019000EBD7
:1004C000D070ABEB6000284400B20690CEE04FF055
:1004D0000009079801F06EF9404200B20690C5E0AD
:1004E000304602F002FF009000EBD0704FEA600B44
:1004F000079802F0FAFE019000EBD070ABEB6000C1
:100500000FFA80F9079801F055F9404200B209E06E
:100510009CE084E07CE069E04FE045E034E01CE0F2
:1005200014E001E00690A1E0304602F0DEFE8346D2
:10053000079802F0DAFEABEB00000FFA80F907989B
:1005400001F038F9404200B206908FE04FF0000908
:10055000304601F02FF9069088E0304602F0C5FEE3
:10056000009000EBD0704FEA600B079802F0BDFEE0
:10057000019000EBD070ABEB60000FFA80F93046D1
:1005800001F018F9069071E0304602F0AEFE8346A5
:10059000079802F0AAFEABEB00000FFA80F9304694
:1005A00001F008F9069061E0079802F09EFE4042D3
:1005B0000FFA80F90020069058E0079802F095FEA7
:1005C00040420FFA80F9304601F0F4F8009000EB59
:1005D000D0704FEA600B079801F0ECF8019000EB47
:1005E000D070ABEB600000B206903FE0079802F0DD
:1005F0007CFE40420FFA80F9304601F0DBF883467A
:10060000079801F0D7F8ABEB000000B206902DE0A0
:10061000304602F06AFE81460020069026E0304611
:1006200002F063FE8146304601F0C4F8009000EB12
:10063000D0704FEA600B079801F0BCF8019000EB16
:10064000D070ABEB600000B206900FE0304602F0D5
:100650004CFE8146304601F0ADF88346079801F024
:10066000A9F8ABEB000000B2069000BF00BF00216C
:10067000384601F056FF01280DD1384601F008FA3E
:10068000B18A5144BA8A891A01440498081A484424
:100690000FFA80F90CE0384601F082F9B18A514432
:1006A000BA8A891A01440498081A48440FFA80F952
:1006B000384601F06FFAF28A14990A44F98A511AFD
:1006C00001440398091A0698084400B206900022D3
:1006D0000121079804F072FD4946DDE9062004F087
:1006E0000CFC0BB0BDE8F08F10B5044600BF00BF96
:1006F000A06808BB11480068401C104908601C2015
:10070000FEF728FEA06000BFA06818B900BF00BFB8
:1007100000BFFEE700BFA06800B910BD1C21A068A3
:10072000FFF7FDF80F20A1684876A068007E20F052
:100730000300C01CA168087600BFEEE7B0000020EF
:100740002DE9FC4780460F460121404602F02AFE73
:1007500010B10020BDE8FC87404601F083F8044654
:10076000204600F0DDFF81464846F7F789F9A042B0
:1007700010D04846F7F791F9A0420BD04846F7F75A
:1007800063F9A04206D04846F7F751F9A04201D0DC
:100790000020DFE74FF40021404602F003FE48BB93
:1007A0004046E2F700FF064608F114016846F4F7F8
:1007B00081F9BDF80000801B00B2ADF80000BDF863
:1007C0000200801B00B2ADF80200BDF80400304406
:1007D00000B2ADF80400BDF80600304400B2ADF838
:1007E00006006A4639463846E1F7ACFA08B90020F7
:1007F000B0E700BF404601F02DF8054619E00121A1
:10080000284602F0CFFD08B10020A3E74FF40021F5
:10081000284602F0C7FD40B905F1140239463846B2
:10082000E1F790FA08B9002094E7284601F012F8A1
:100830000546002DE3D101208CE72DE9FE4F05464A
:100840000E464FF000083146284602F0C3FB04462E
:10085000002C46D03146284602F0A2FB00900098BA
:1008600002283DDD204604EBD0714910491C0CB232
:100870003146284602F0A1FB204404B23146284606
:1008800002F074FB81463146284602F07CFB82462A
:10089000B9F1000F01DD484601E0C9F10000BAF1ED
:1008A000000F01DD514601E0CAF10001884207DD79
:1008B000B9F1000F01DD484609E0C9F1000006E08A
:1008C000BAF1000F01DD504601E0CAF100002044FA
:1008D00004B2A04501DD404600E02046804600BF4E
:1008E00000BF3146284601F0CDFF0746C7B131466B
:1008F000284601F0ADFF8246BAF1020F0FDD314606
:10090000284601F0B2FF814609EB0700404501DAB5
:10091000404601E009EB07000FFA80F800BF00BF76
:1009200000BF40F60A023146284602F0B7FA0090AE
:1009300000980FFA80FB00BF00BF40F60B02314663
:10094000284602F0ABFA0090009800B2029002989C
:10095000834501DD584600E0029801900198002887
:1009600003DD019840440FFA80F84046BDE8FE8F51
:10097000FEB504460D46164600BF41F25D422946CB
:10098000204602F08BFA00900098C0B2029000BF9F
:1009900041F26A422946204602F080FA009000980F
:1009A000C0B2019000BF9DF8080008B90120029074
:1009B00000BF9DF80800FEBD02460AB9002070473E
:1009C0001068884201D10120F9E70020F7E72DE9FE
:1009D000F04107460C463846F0F7B0F980464046ED
:1009E000FEF7B8FC054615B90020BDE8F081414688
:1009F0002846FEF794FF2F606C60002C30D1F6F78C
:100A0000E3FF06461EB900BF00BF0020EDE7F06817
:100A100040B90420FEF79EFCF060F06805600120FC
:100A200070620DE0706A401C7062726A9100F0683A
:100A3000FEF7B2FDF060706A401EF16841F8205088
:100A40000020A8820021E982F6F7D6FF401E01B2FD
:100A500029830020F7F736F8401E01B2698329E0A8
:100A600000BF00BFA06810B92046FFF73DFEA06898
:100A7000006858B90420FEF76DFCA1680860A06802
:100A8000006805600120A168486013E0A068406824
:100A9000401CA1684860A26852689100A268106872
:100AA000FEF77AFDA1680860A068D0E90010401E3A
:100AB00041F82050284698E770B50446204603F0D8
:100AC000D1F8002000F020FB204608F0B9F82046BD
:100AD00000F07DF8012000F017FB4FF6FF724FF495
:100AE0007021204603F0C0FD204603F0A4FDFBF773
:100AF0003BFA06463EB1204603F059F818B12146AC
:100B00003046FBF76BF9204600F0A4FE054665B1C0
:100B1000224622212846FAF725FC22462321284690
:100B2000FAF720FC204602F0DAFF70BD2DE9FF4104
:100B300005460C4600BF00BF284603F04DF80646A8
:100B400004F0100068B16A4602A9284601F040F896
:100B500002A9284602F0FDFF6946284602F0F9FF87
:100B600000BFE869A043E86104F0010078B12846BD
:100B700002F0B5FF284603F02FF840B1284600F0F8
:100B800069FE074603F06EF8284603F06BF8284626
:100B900003F022F8B04202D104F0C07028B1284618
:100BA00000F058FE074603F05DF8BDE8FF8170B520
:100BB00004460E4600BF00BF208C20EA0605208CAC
:100BC000A84203D02946204604F0F8F970BD70B55C
:100BD000044625682068006828B120680068206005
:100BE0002046FFF7F4FF25602068406818B12068B0
:100BF00021464268904770BD2DE9F84381460C4676
:100C000065686DB3284600F0CBFE0746284600F025
:100C1000C1FF8046002641F610023146284602F008
:100C20003DF900900098E98A0844A0EB080001B261
:100C3000E182E08A401E01B2618300BF41F61202E8
:100C40003146284602F02AF900900098A98A084403
:100C5000C01B00B2A082A08A401E01B2218300BF47
:100C60000220E061E06940F48050E0611DB1E0697C
:100C700040F40050E0611DB1E06940F44070E06173
:100C8000E06940F00400E061E06940F01000E061DC
:100C9000E06940F02000E061E06940F04000E06180
:100CA000E06940F40060E0611DB1E06940F400409B
:100CB000E061BDE8F883000070B5044600BF00BFE6
:100CC00021460448FFF783FE05462846FFF7F4FE59
:100CD000284670BD640303082DE9F041064600BFB5
:100CE00000BF00BF00BF304602F0F9FE304600F002
:100CF000B1FD044614B1204603F0D2FF00250027C1
:100D000054B9304600F00CFD05460DB9BDE8F08140
:100D10002869B04200D10127304609F034FC84B183
:100D20000021204603F0EAF8204603F0B9FF002234
:100D300022212046FAF716FB002224212046FAF74A
:100D400011FB1FB100BF00BF0020286100BF00BF22
:100D500000BFDBE770B506460C462046E1F774FBA2
:100D6000002000F0D1F900BF184A0021204603F00E
:100D700024FD00BF012000F0C7F900212046F3F751
:100D800025F8204600F00CFD054615B12046FBF77E
:100D900028F9A068C0B1A068006830B1A1680868EF
:100DA000FEF7A6FB0020A1680860A068C06830B10B
:100DB000A168C868FEF79CFB0020A168C860A06815
:100DC000FEF796FB0020A06070BD0000FFFF0F0043
:100DD0002DE9F04FA3B082465046FAF75CFA06467A
:100DE0005046FAF7B9FA0446122E6AD15046FAF77D
:100DF000B0FA05462878022802D123B0BDE8F08F6A
:100E00000021204601F069FC10B102202870F4E7AF
:100E10000021204602F09EF883460021204602F081
:100E2000E2F907460021204602F0C3F9804604F1AA
:100E3000140121A8F3F735FEBDF88400C01B00B2F1
:100E4000ADF88400BDF88800384400B2ADF88800E1
:100E5000BDF88600A0EB080000B2ADF88600BDF832
:100E60008A00404400B2ADF88A005A4621A9686859
:100E7000E0F7A9FF10B901202870BEE70021204645
:100E800001F0B6FBFD2802DA01202870B5E74FF02B
:100E9000000968224946204602F000F82090209878
:100EA000C0B210B101202870A7E70021204601F050
:100EB000A8FCFD2802DA012028709EE70020287097
:100EC00014E1152E7ED15046FAF7EDF9834615A8A8
:100ED000F8F7A8FC0021204601F0A2FB30B19DF8F4
:100EE000770020F00100401C8DF8770015AA002142
:100EF000204602F045FC0021204602F074F9054628
:100F00000021204602F055F9074604F1140113A808
:100F1000F3F7C7FDBDF84C00401B00B2ADF84C0024
:100F2000BDF85000284400B2ADF85000BDF84E00A6
:100F3000C01B00B2ADF84E00BDF85200384400B2FC
:100F4000ADF85200594601A800F0D4F86848029064
:100F50000020039015A8059013A8049000200E907F
:100F600001AA1A212046FAF7FDF90021204601F0D6
:100F7000B4FB20B1BDF8540008B1012000E000200E
:100F80008146DDF86480B9F1000F01D0002019908E
:100F900013AA15A95846F8F729FCB9F1000F26D075
:100FA0001820FEF711FA0090BDF95420002304F137
:100FB00014010098F8F720FB04F590710098F7F7FA
:100FC0009DFC00E019E0B8F1000F0FD000208DF873
:100FD00057008DF876008DF87E008DF88A00CDF8E8
:100FE000648013AA15A95846F8F700FC00BF01AAAF
:100FF0001B212046FAF7B6F978E0182E76D1504634
:10100000FAF751F9804641462046EBF79DFC002156
:10101000204601F062FB60B104F59070F8F7BAFB6E
:1010200005462DB12846F7F74BFF2846FEF748FA4C
:1010300000BF0021204601F0F3FA002855D015A882
:10104000F8F7F0FB00208DF857008DF86E008DF852
:101050007E008DF88A0015AA0021204602F090FB40
:101060000021204602F0BFF805460021204602F08C
:10107000A0F8074604F1140113A8F3F712FDBDF818
:101080004C00401B00B2ADF84C00BDF850002844A5
:1010900000B2ADF85000BDF84E00C01B00B2ADF874
:1010A0004E00BDF85200384400B2ADF8520041463F
:1010B00001A800F01FF80E4802900120039015A827
:1010C000059013A8049000200E9001AA1A21204632
:1010D000FAF748F913AA15A94046F8F787FB01AAC1
:1010E0001B212046FAF73EF900BF00BF00BF84E68F
:1010F0006403030870B504460D4648212046FEF7F8
:101100000EFC256070BD00000149087070470000AA
:10111000B90000202DE9FF5F88464046FAF7BBF88A
:1011200004464046FAF7BCF80546012C04D12021BC
:101130002846FFF71CF801E2082C2BD12021284675
:10114000FFF735FD4046FAF704F907463846FCF745
:1011500008FAF0B90821284602F024F9C8B1284657
:1011600001F08CF900F0010020B901212846FEF7BA
:10117000FEFF03E001212846FFF719FD00221C2194
:101180002846FAF7EFF80646012E01D0BDE8FF9F8A
:1011900000BFD3E1032C04D120212846FFF707FD2F
:1011A000CCE12A2C10D1284600F00DFA0746002683
:1011B00007E0A868006850F82690484602F052FD03
:1011C000761CBE42F5D3B9E10D2C7CD1082128460E
:1011D00002F0E8F808B34046FAF7BBF80678132E99
:1011E00001D0112E04D101212846FEF7C0FF07E0EF
:1011F000142E01D0122E03D101212846FFF7D7FC6F
:101200000A2E09D000221C212846FAF7ABF807461F
:10121000012F00D0BAE700BF90E14FF401612846EA
:1012200002F0C0F8002886D0284602F0ABFC002867
:10123000AFD10390284600F0B3FB0746284600F0E4
:1012400027FC81464046FAF784F80678122E14D11E
:10125000284600F0B3FC8346284600F0ABFA8246ED
:10126000C0170AEB90700BEBA00000B20290014691
:101270002846039A03F0F8FC85E0112E14D1284685
:1012800000F09CFC8346284600F094FA8246C01782
:101290000AEB9070ABEBA00000B20290014628462A
:1012A000039A03F0E1FC6EE0132E36D1284600F0DD
:1012B00049FB00F0030020B1002F19DCB9F1000F49
:1012C00016DC284600E05FE000F078FC8346284604
:1012D00000F070FA8246C0170AEB90700BEBA0008A
:1012E00000B2029001462846039A03F0BDFC4AE092
:1012F000284600F059FC8346284601F0F6FF824656
:10130000C0170AEB90700BEBA00000B202900146F0
:101310002846039A03F08CFC35E0142E33D128467E
:1013200000F010FB00F0030020B1002F17DCB9F132
:10133000000F14DC284600F041FC8346284600F0EC
:1013400039FA8246C0170AEB9070ABEBA00000B2EE
:10135000029001462846039A03F086FC13E02846D3
:1013600000F022FC8346284601F0BFFF8246C017EA
:101370000AEB9070ABEBA00000B202900146284649
:10138000039A03F055FCD9E00E2C3AD14FF480615A
:10139000284602F007F818B10121284603F02BFC7B
:1013A0004FF0000A284600F0FBF98346FAF7E2FD09
:1013B00082460226FCF790F88146B9F1000F03D16E
:1013C0004046F9F78CFF81464846FCF7DAF80746B5
:1013D000022F01D0042F01D146F00406BAF1000F0C
:1013E00006D046F0080631462846FEF7C0FE07E064
:1013F00031462846FEF7BBFE08212846FFF7D7FBFB
:101400009CE0092C04D140212846FEF7B0FE95E06F
:101410000A2C16D140212846FFF7C9FB284601F0C7
:1014200003F802280CD16A4602A9284600F0D0FB36
:1014300002A9284602F08DFB6946284602F089FB86
:101440007CE00F2C04D10E212846FFF7B0FB75E09D
:10145000292C23D10021284601F015F881460021CE
:10146000284601F08DF98246BAF1000F02D1B9F198
:10147000000F02D0284602F0F5FB284600F0A3F842
:101480000746002607E0A868006850F826B05846CE
:1014900002F0E8FB761CBE42F5D34FE0222C2FD1A0
:1014A000002641F201023146284601F0F7FC039084
:1014B000039800B2074600BF41F2040231462846B5
:1014C00001F0ECFC0390039800B28146002128460D
:1014D00000F0D9FF82460021284601F051F98346E9
:1014E000BBF1000F08D1BAF1000F05D142F2D17063
:1014F000874201D0814502D1284602F0B3FB1DE0AE
:10150000132C12D14046F9F724FF06460021284645
:10151000FFF793F90746B6F90000B84202DDB6F9C5
:10152000000000E03846308008E0152C03D0182C6D
:1015300001D0122C02D14046FFF74AFC00BF25E63D
:101540002DE9F04106460D4616B96868046800E0CA
:10155000346800E0246814B120690028FAD014B976
:101560000120BDE8F081206908B90120F9E70020D9
:10157000E86029462046226990470127287E00F02E
:10158000010000B100273846EBE7024600BF00BF6C
:10159000906808B900207047002908DA9068406810
:1015A0000144002901DA0020F5E70B4600E00B4674
:1015B00090684068984201D80020ECE79068006885
:1015C00050F82100E7E7014600BF00BF886808B96E
:1015D0000020704788684068FBE770B505460C46F8
:1015E00005F114012046F3F765FAA868B8B1208820
:1015F000A968898A401A00B22080A088A968898ACF
:10160000084400B2A0806088A968898A401A00B2A4
:101610006080E088A968898A084400B2E08070BDD3
:1016200070B506460C4600BF00BF0021304601F0F1
:1016300006F805462146304600F066F8684202B2D8
:10164000684201B22046F3F779FB0021304601F0F1
:1016500010FA2188084400B220800021304601F0B1
:10166000B1FAA188081A00B2A0800021304601F02A
:101670006CFB6188084400B260800021304601F0B4
:101680001BF9E188081A00B2E08070BD2DE9F04135
:10169000074600BF00BF0021384601F056FB044654
:1016A0000021384601F008F905460021384600F0CF
:1016B000C6FF0646384600F07DF8001B401B02219D
:1016C00001FB160000B2BDE8F0812DE9F0410746AC
:1016D00000BF00BF0021384601F0CBF904460021CD
:1016E000384601F06FFA05460021384600F0A7FFA2
:1016F0000646384601F0F9FD001B401B022101FBA4
:10170000160000B2BDE8F08170B505460C4600BF7A
:1017100000BF05F114012046F3F7CCF970BD0000BD
:1017200070B5064600BF00BF706808B9354603E0D3
:10173000304600F097F805460E48E1F75AFE044699
:1017400011E0002107E0E06850F82100A84201D133
:10175000204670BD491C606A8842F4D8214605487D
:10176000E1F75FFE0446002CEBD100BF00BF002074
:10177000EFE70000F0440020024600BF00BF906881
:1017800008B9002070479068807E884201D8002008
:10179000F8E79068C06801EB410300EB8300F1E7D4
:1017A000014600BF00BF886810B188688068704734
:1017B0000020FCE710B5044600BF00BF04F1140090
:1017C000F3F7D9F910BD70B5064600BF00BF30462B
:1017D00000F040F805460DB9002070BD002400BFA0
:1017E00008E021462846FFF7D0FEB04201D120464E
:1017F000F3E7641C2846FFF7E6FEA042F1D84FF05D
:10180000FF30EAE72DE9F04104460F4690461E46B8
:10181000002518E0E06800EBC5004068C0F30060F8
:1018200080B1E06800EBC500406820F07F40B04226
:1018300008D1E16851F835004246394605F00EFC02
:10184000BDE8F0816D1C608CC0F3C500A842E1D8F2
:101850000020F5E7014609B90020704700BF00BF2E
:101860004868FAE710B5044600BF00BF224600BF33
:1018700013461846FFF7EEFF0246002AF8D1184635
:1018800010BD00002DE9F84F074600BF00BF2B4CEC
:101890003846FFF798FE8046002514E0B8680068D7
:1018A00050F825B02649584601F087FD00B109E0FF
:1018B000BBF91A00A04201DA204601E0BBF91A0088
:1018C000044600BF6D1C4545E8D30021384601F0B1
:1018D00049FA00900021384600F0FBFF81460021C4
:1018E000384600F0B9FE06461448844205D0788B8D
:1018F000A0EB0900801B201A04B2384600F09EFDC0
:1019000082463846FFF756FF0099401AA0EB0900BF
:10191000022101FB1600AAEB00000FFA80FA3846FC
:1019200000F04CF9AAEB00000FFA80FA544502DDF2
:101930002046BDE8F88F5046FBE7000001E0FFFFBE
:10194000010004000146886820B18868407E00F0EC
:101950000F0070470F20FCE770B506460D460E4994
:101960003046F2F75FFA044614B1606A404202E082
:10197000304600F019F900B2288008493046F2F7E5
:1019800051FA044614B1606A404202E0304600F069
:1019900015F900B2688070BD69BC020885BC0208F8
:1019A0002DE9FC5F044600BF00BF0021204600F087
:1019B000C5FD012809D0A06810B90020BDE8FC9F32
:1019C000A068008A404200B2F8E70021204601F0FA
:1019D00006F901900021204601F058F80746002141
:1019E000204600F039FE80464FF0000941F6FF75B1
:1019F0002046FFF7E8FD8246002617E0A068006851
:101A000050F8260000902049009801F0D6FC00B163
:101A10000BE00098B0F91400A84201DD284602E06E
:101A20000098B0F91400054600BF761C5645E5D372
:101A300041F6FF70854208D0A946A08A3844404448
:101A4000A0EB09000FFA80F901E0DFF84090204692
:101A500000F004FD8346204601F047FC0199401A3E
:101A6000C01B022101FB1800ABEB00000FFA80FB4A
:101A7000204600F099F858440FFA80FBD94501DD63
:101A800048469BE7584699E70100040001E0FFFF44
:101A90002DE9F84F044600BF00BF0021204600F0AA
:101AA0004DFD012808D1A06810B90020BDE8F88FCD
:101AB000A068B0F91000F9E72A4D2046FFF783FD32
:101AC0008046002614E0A068006850F826B0264939
:101AD000584601F072FC00B109E0BBF91800A842B9
:101AE00001DA284601E0BBF91800054600BF761C64
:101AF0004645E8D30021204601F071F881460021D7
:101B0000204600F0C3FF00900021204600F0A4FD15
:101B100007461448854205D0208BA0EB0900C01B66
:101B2000281A05B2204600F099FC8246204601F0B2
:101B3000DCFBA0EB09010098081A022101FB170049
:101B4000AAEB00000FFA80FA204600F02DF8AAEB6D
:101B500000000FFA80FA554501DD2846A6E75046F9
:101B6000A4E7000001E0FFFF0100040001468868CF
:101B700020B18868007EC0F3810070470020FCE738
:101B80000146886820B18868007EC0F30110704764
:101B90000020FCE70146886808B900207047886883
:101BA000408A404200B2F9E70146886808B900203F
:101BB00070478868008A404200B2F9E701468868A9
:101BC00008B9002070478868408A404200B2F9E7AF
:101BD0002DE9F04F95B005460C4616464FF0FF3004
:101BE00003460022114600902046F3F7C9F84FF053
:101BF000FF3003460022114600903046F3F7C0F84C
:101C00001021284601F0CEFB10B915B0BDE8F08FC9
:101C1000284600F009FC8046B8F1000F00D1F4E737
:101C20000020FBF75FFC1490B8F1020F11D109E01E
:101C30001498FBF796FCA84200D106E01498FBF735
:101C400051FC149014980028F2D100BF149800B9E8
:101C5000DBE72846FFF79EFF13902846FFF712FEAA
:101C600012902846FFF79CFE11902846FFF710FFC0
:101C700010902846FFF766FE0F9000200E900F98F8
:101C800000F00C00A8B1B8F1010F10D0B8F1030FAB
:101C900005D1139800280ADC1298002807DCB8F157
:101CA000020F06D11498FBF749FC0C2801D1012042
:101CB0000E9000200D900F9800F00300A8B1B8F12D
:101CC000010F10D0B8F1030F05D1119800280ADCDC
:101CD0001098002807DCB8F1020F06D11498FBF722
:101CE0002DFC032801D101200D900D9810B90E98FC
:101CF00000B98AE74FF48031284600F01FFC012824
:101D000000D100E000200C904FF48031284601F013
:101D100029F883464FF48031284600F0DAFD0B9015
:101D20004FF48031284600F0B1FE07464FF4803171
:101D3000284600F054FF81464FF48030039041F272
:101D400001022846039901F0A9F80290029800B216
:101D50000A902846FFF72EFD0990284601F0C5FAA3
:101D600008900E9808B10A9800E0002082460D986D
:101D700008B10A9800E0002007904FF480300390EB
:101D800021222846039901F089F802900298C0B2F6
:101D900002280DDA4FF4803003903122284603994F
:101DA00001F07CF802900298C0B2022800DA2CE719
:101DB0001399099801441298084400B205900E98AE
:101DC00000287DD005980028FBD0E88A7080688BB9
:101DD000F0800C9850B1A88A384400B23080318825
:101DE0000A980844401E00B2B0800AE0288BA0EB9D
:101DF000090000B2B080B1880A98081A401C00B2ED
:101E000030800998A0EB0B010B98091A0798081A63
:101E100009994843059990FBF1F000B20390002026
:101E2000F5F7D8FD00EB8000502101EB4000A02128
:101E300090FBF1F001280BDD0020F5F7CBFD00EB66
:101E40008000502101EB4000A02190FBF1F000E068
:101E500001200399884201DA039819E00020F5F780
:101E6000B9FD00EB8000502101EB4000A02190FB68
:101E7000F1F001280BDD0020F5F7ACFD00EB800050
:101E8000502101EB4000A02190FBF1F000E0012087
:101E900000B203900998A0EB0B010B98091A079860
:101EA000091A0398081A00B2069009990598401A71
:101EB00000B20290029800280EDCE88A584400E044
:101EC000BFE000B27080698B0B98091A0798081A56
:101ED000401E00B2F080B3E0129906984843029980
:101EE00090FBF1F000B2019001990698401A00B2FF
:101EF0000190E98A01980844584400B270807188C2
:101F000003980844401E00B2F080B6F90210B5F9FB
:101F100016005844814242DAE88A584400B2708080
:101F20000020F5F757FD00EB8000502101EB400049
:101F3000A02190FBF1F001280BDD0020F5F74AFD10
:101F400000EB8000502101EB4000A02190FBF1F05C
:101F500000E00120B6F902100844B6F906108842E4
:101F60001DDD0020F5F736FD00EB8000502101EB70
:101F70004000A02190FBF1F001280BDD0020F5F7D7
:101F800029FD00EB8000502101EB4000A02190FBD7
:101F9000F1F000E001207188084400B2F080B6F949
:101FA0000610B5F91A200798121A0B98101A8142D8
:101FB00045DD698B0798091A0B98081A00B2F08062
:101FC0000020F5F707FD00EB8000502101EB4000F9
:101FD000A02190FBF1F001280BDD0020F5F7FAFCC1
:101FE00000EB8000502101EB4000A02190FBF1F0BC
:101FF00000E00120B6F90610081AB6F9021088426E
:102000001DDA0020F5F7E6FC00EB8000502101EB23
:102010004000A02190FBF1F001280BDD0020F5F736
:10202000D9FC00EB8000502101EB4000A02190FB87
:10203000F1F000E00120F188081A00B2708000BFC2
:1020400000BF1199089801441098084400B2049008
:102050000D98002879D004980028FBD0698B0B9844
:10206000081A00B2E080E1880A98081A401C00B201
:102070006080A88A2080288BA0800898C01BA0EBD5
:102080000900A0EB0A0008994843049990FBF1F07D
:1020900000B203900020F5F79DFC00EB800050217A
:1020A00001EB4000A02190FBF1F001280BDD0020A6
:1020B000F5F790FC00EB8000502101EB4000A021DF
:1020C00090FBF1F000E001200399884201DA0398C7
:1020D00019E00020F5F77EFC00EB8000502101EBB9
:1020E0004000A02190FBF1F001280BDD0020F5F766
:1020F00071FC00EB8000502101EB4000A02190FB1F
:10210000F1F000E0012000B203900898C01BA0EBA2
:102110000900A0EB0A010398081A00B2069008997A
:102120000498401A00B20290029800281BDC0C9818
:1021300060B1A88A38445044401E00B22080288BE9
:10214000A0EB090000B2A0806BE16BE1A88A3844E3
:1021500000B22080288BA0EB0900A0EB0A00401EF3
:1021600000B2A0805DE1109906984843029990FB67
:10217000F1F000B2019001990698401A00B2019066
:102180000C9800287ED0A98A01980844384450440D
:1021900000B22080218803980844401E00B2A0802D
:1021A000B4F90000B5F9141039445144884243DAB7
:1021B000A88A3844504400B220800020F5F70AFC79
:1021C00000EB8000502101EB4000A02190FBF1F0DA
:1021D00001280BDD0020F5F7FDFB00EB800050210E
:1021E00001EB4000A02190FBF1F000E00120B4F9E8
:1021F00000100844B4F9041088421DDD0020F5F7F2
:10220000E9FB00EB8000502101EB4000A02190FB96
:10221000F1F001280BDD0020F5F7DCFB00EB80007E
:10222000502101EB4000A02190FBF1F000E00120E3
:102230002188084400B2A080B4F90410B5F9180050
:10224000A0EB0900814244DD288BA0EB090000B21D
:10225000A0800020F5F7BEFB00EB8000502101EBD1
:102260004000A02190FBF1F001280CDD0020F5F7E3
:10227000B1FB00EB8000502101EB4000A02190FB5E
:10228000F1F001E026E00120B4F90410081AB4F9D5
:10229000001088421DDA0020F5F79CFB00EB80005F
:1022A000502101EB4000A02190FBF1F001280BDD53
:1022B0000020F5F78FFB00EB8000502101EB400080
:1022C000A02190FBF1F000E00120A188081A00B2E3
:1022D0002080A5E0A98A01980844384400B22080F3
:1022E000218803980844401E00B2A080B4F9000081
:1022F000B5F914103944884242DAA88A384400B249
:1023000020800020F5F766FB00EB8000502101EBF8
:102310004000A02190FBF1F001280BDD0020F5F733
:1023200059FB00EB8000502101EB4000A02190FB05
:10233000F1F000E00120B4F900100844B4F90410F1
:1023400088421DDD0020F5F745FB00EB80005021A1
:1023500001EB4000A02190FBF1F001280BDD0020F3
:10236000F5F738FB00EB8000502101EB4000A02185
:1023700090FBF1F000E001202188084400B2A08029
:10238000B4F90410B5F91800A0EB0A00A0EB09009D
:10239000814245DD288BA0EB0A00A0EB090000B2CA
:1023A000A0800020F5F716FB00EB8000502101EB28
:1023B0004000A02190FBF1F001280BDD0020F5F793
:1023C00009FB00EB8000502101EB4000A02190FBB5
:1023D000F1F000E00120B4F90410081AB4F900107B
:1023E00088421DDA0020F5F7F5FA00EB8000502155
:1023F00001EB4000A02190FBF1F001280BDD002053
:10240000F5F7E8FA00EB8000502101EB4000A02135
:1024100090FBF1F000E00120A188081A00B22080B2
:1024200000BF00BF00BF13E40146886820B1886880
:10243000007E00F0030070470320FCE738B5044637
:102440000548006800906A462C212046F8F78AFF6C
:10245000BDF9020038BD00008403030838B5044606
:102460000548006800906A462C212046F8F77AFF5C
:10247000BDF9000038BD000080030308014600BF1D
:1024800000BF088C704738B504460D4641F209027A
:102490002946204600F002FD00900098C0B238BDE9
:1024A00038B504460D4641F209022946204600F09F
:1024B000F5FC00900098C0B238BD38B504460D4612
:1024C00066222946204600F0E9FC0090009838BDBD
:1024D00038B504460D4651222946204600F0DEFC60
:1024E0000090009808B1012038BD0020FCE738B505
:1024F00004460D464FF405622946204600F0CEFC06
:102500000090009800B238BD38B504460D464FF42F
:1025100005622946204600F0C1FC0090009800B2F8
:1025200038BD38B504460D4641F26A422946204678
:1025300000F0B4FC00900098C0B238BD38B5044635
:102540000D4641F26A422946204600F0A7FC009061
:102550000098C0B238BD38B504460D4641F26A4213
:102560002946204600F09AFC00900098C0B238BD81
:1025700038B504460D4641F26A422946204600F02D
:102580008DFC00900098C0B238BD38B504460D46A9
:1025900041F26A422946204600F080FC00900098F3
:1025A000C0B238BD38B504460D4641F26A422946EC
:1025B000204600F073FC00900098C0B238BD38B5DA
:1025C00004460D4641F26A422946204600F066FC68
:1025D00000900098C0B238BD38B504460D4644F2AC
:1025E00020022946204600F059FC0090009838BD92
:1025F00038B504460D4621222946204600F04EFCFF
:1026000000900098C0B238BD38B504460D46682227
:102610002946204600F042FC00900098C0B238BD28
:1026200038B504460D4634222946204600F036FCD3
:102630000090009808B1012038BD0020FCE738B5B3
:1026400004460D4641F232022946204600F026FC9F
:102650000090009800B238BD38B504460D4641F2EE
:1026600032022946204600F019FC0090009800B282
:1026700038BD38B504460D4641F23202294620469F
:1026800000F00CFC0090009800B238BD38B504464C
:102690000D4641F232022946204600F0FFFB009031
:1026A000009800B238BD38B504460D4641F23202FA
:1026B0002946204600F0F2FB0090009800B238BD99
:1026C00038B504460D4641F232022946204600F054
:1026D000E5FB0090009800B238BD38B504460D46C1
:1026E00061222946204600F0D9FB0090009808B1ED
:1026F000012038BD0020FCE738B504460D460548EA
:1027000002882946204600F0C9FB00900098C0B21C
:1027100038BD0000FC00002038B504460D4641F2EB
:1027200004022946204600F0B9FB0090009800B250
:1027300038BD38B504460D4641F20402294620460C
:1027400000F0ACFB0090009800B238BD38B50446EC
:102750000D4641F204022946204600F09FFB0090FE
:10276000009800B238BD38B504460D4641F2040267
:102770002946204600F092FB0090009800B238BD38
:1027800038B504460D4641F269022946204600F05C
:1027900085FB0090009880B238BD38B504460D46E0
:1027A00041F269022946204600F078FB009000982B
:1027B00080B238BD38B504460D4640F64902294678
:1027C000204600F06BFB0090009800B238BD38B591
:1027D00004460D4641F206022946204600F05EFB03
:1027E0000090009800B238BD38B504460D4641F25D
:1027F00005022946204600F051FB0090009800B2E7
:1028000038BD38B504460D4640F26242294620469E
:1028100000F044FB00900098C0B238BD38B50446C3
:102820000D4640F262422946204600F037FB0090F8
:102830000098C0B238BD38B504460D4640F2624239
:102840002946204600F02AFB00900098C0B238BD0F
:1028500038B504460D4640F63C022946204600F0B5
:102860001DFB00900098C0B238BD38B504460D4637
:1028700040F63D022946204600F010FB00900098EB
:1028800000B238BD38B504460D4640F63A02294636
:10289000204600F003FB0090009800B238BD38B528
:1028A00004460D4641F611022946204600F0F6FA8C
:1028B0000090009800B238BD38B504460D4641F688
:1028C00011022946204600F0E9FA0090009800B273
:1028D00038BD38B504460D4641F61102294620465A
:1028E00000F0DCFA0090009800B238BD38B504461C
:1028F0000D4641F611022946204600F0CFFA00901D
:10290000009800B238BD38B504460D4641F61102B4
:102910002946204600F0C2FA0090009800B238BD67
:1029200038B504460D4641F611022946204600F00E
:10293000B5FA0090009800B238BD38B504460D468F
:1029400041F611022946204600F0A8FA00900098AE
:1029500000B238BD38B504460D4641F6110229468D
:10296000204600F09BFA0090009800B238BD38B5C0
:1029700004460D4641F611022946204600F08EFA23
:102980000090009800B238BD38B504460D4641F6B7
:1029900011022946204600F081FA0090009800B20A
:1029A00038BD38B504460D4641F611022946204689
:1029B00000F074FA0090009800B238BD38B50446B3
:1029C0000D4641F611022946204600F067FA0090B4
:1029D000009800B238BD38B504460D4641F61502E0
:1029E0002946204600F05AFA0090009800B238BDFF
:1029F00038B504460D4641F615022946204600F03A
:102A00004DFA0090009800B238BD38B504460D4626
:102A100041F615022946204600F040FA0090009841
:102A200000B238BD38B504460D4641F615022946B8
:102A3000204600F033FA0090009800B238BD38B557
:102A400004460D4641F615022946204600F026FAB6
:102A50000090009800B238BD38B504460D4641F6E6
:102A600012022946204600F019FA0090009800B2A0
:102A700038BD38B504460D4641F6120229462046B7
:102A800000F00CFA0090009800B238BD38B504464A
:102A90000D4641F612022946204600F0FFF900904B
:102AA000009800B238BD38B504460D4641F6120212
:102AB0002946204600F0F2F90090009800B238BD97
:102AC00038B504460D4641F612022946204600F06C
:102AD000E5F90090009800B238BD38B504460D46BF
:102AE00041F612022946204600F0D8F900900098DD
:102AF00000B238BD38B504460D4641F612022946EB
:102B0000204600F0CBF90090009800B238BD38B5EF
:102B100004460D4641F612022946204600F0BEF951
:102B20000090009800B238BD38B504460D4641F615
:102B300012022946204600F0B1F90090009800B238
:102B400038BD38B504460D4641F6120229462046E6
:102B500000F0A4F90090009800B238BD38B50446E2
:102B60000D4641F612022946204600F097F90090E2
:102B7000009800B238BD38B504460D4641F6120241
:102B80002946204600F08AF90090009800B238BD2E
:102B900038B504460D4641F612022946204600F09B
:102BA0007DF90090009800B238BD38B504460D4656
:102BB00041F613022946204600F070F90090009873
:102BC00000B238BD38B504460D4641F61302294619
:102BD000204600F063F90090009800B238BD38B587
:102BE00004460D4641F613022946204600F056F9E8
:102BF0000090009800B238BD38B504460D4641F645
:102C000013022946204600F049F90090009800B2CE
:102C100038BD38B504460D4641F613022946204614
:102C200000F03CF90090009800B238BD38B5044679
:102C30000D4641F613022946204600F02FF9009078
:102C4000009800B238BD38B504460D4641F613026F
:102C50002946204600F022F90090009800B238BDC5
:102C600038B504460D4641F613022946204600F0C9
:102C700015F90090009800B238BD38B504460D46ED
:102C800041F613022946204600F008F9009000980A
:102C900000B238BD38B504460D4641F61302294648
:102CA000204600F0FBF80090009800B238BD38B51F
:102CB00004460D4641F613022946204600F0EEF880
:102CC0000090009800B238BD38B504460D4641F674
:102CD00013022946204600F0E1F80090009800B267
:102CE00038BD38B504460D4641F614022946204643
:102CF00000F0D4F80090009800B238BD38B5044612
:102D00000D4641F614022946204600F0C7F800900F
:102D1000009800B238BD38B504460D4641F614029D
:102D20002946204600F0BAF80090009800B238BD5D
:102D300038B504460D4641F610022946204600F0FB
:102D4000ADF80090009800B238BD38B504460D4685
:102D500041F610022946204600F0A0F800900098A5
:102D600000B238BD38B504460D4641F6100229467A
:102D7000204600F093F80090009800B238BD38B5B6
:102D800004460D4641F610022946204600F086F81A
:102D90000090009800B238BD38B504460D4641F6A3
:102DA00010022946204600F079F80090009800B201
:102DB00038BD38B504460D4641F610022946204676
:102DC00000F06CF80090009800B238BD38B50446A9
:102DD0000D4641F610022946204600F05FF80090AB
:102DE000009800B238BD38B504460D4641F61002D1
:102DF0002946204600F052F80090009800B238BDF5
:102E000038B504460D4641F610022946204600F02A
:102E100045F80090009800B238BD38B504460D461C
:102E200041F610022946204600F038F8009000983C
:102E300000B238BD38B504460D4641F610022946A9
:102E4000204600F02BF80090009800B238BD38B54D
:102E500004460D4641F610022946204600F01EF8B1
:102E60000090009800B238BD38B504460D4641F6D2
:102E700010022946204600F011F80090009800B298
:102E800038BD38B504460D4641F6100229462046A5
:102E900000F004F80090009800B238BD2DE9F84326
:102EA00005460E461446C4F38029C4F38038B8F1B1
:102EB000000F01D024F48044002714E06B46224622
:102EC00031462846EEF763FA074607B10DE0B9F13F
:102ED000000F00D109E00EB1002604E02846FEF7FD
:102EE000B9FC054600BF002DE8D100BF0FBB0EBBEB
:102EF00041F20100844202D0C01C84421AD12868E9
:102F00000AE041F201018C4202D1818A19B105E047
:102F1000C18A01B102E000680028F2D100BF41F28D
:102F200001018C4202D1B0F9141001E0B0F9161081
:102F3000009103E0204604F021F90090B8F1000F61
:102F400005D031462846009AE2F7D2F80090009862
:102F5000BDE8F88338B504460D4660222946204670
:102F6000FFF79CFF0090009800B238BD38B50446CA
:102F70000D4640F6410229462046FFF78FFF00909C
:102F8000009800B238BD38B504460D4640F64202FE
:102F900029462046FFF782FF0090009800B238BD16
:102FA00038B504460D4640F6450229462046FFF74F
:102FB00075FF00900098C0B238BD38B504460D4684
:102FC00040F6430229462046FFF768FF009000982C
:102FD00000B238BD38B504460D464FF404622946A8
:102FE0002046FFF75BFF0090009800B238BD38B56F
:102FF00004460D4644F2574229462046FFF74EFF4D
:103000000090009838BD38B504460D4641F259424B
:1030100029462046FFF742FF0090009838BD38B59A
:1030200004460D4641F2594229462046FFF736FF35
:103030000090009838BD38B504460D4641F259421B
:1030400029462046FFF72AFF0090009838BD38B582
:1030500004460D4641F2594229462046FFF71EFF1D
:103060000090009838BD38B504460D4641F25942EB
:1030700029462046FFF712FF0090009838BD38B56A
:1030800004460D4641F2594229462046FFF706FF05
:103090000090009838BD38B504460D4641F25942BB
:1030A00029462046FFF7FAFE0090009838BD38B553
:1030B00004460D4641F25A4229462046FFF7EEFEED
:1030C0000090009800B238BD38B504460D4641F274
:1030D0005A4229462046FFF7E1FE0090009800B2D0
:1030E00038BD38B504460D4641F25A4229462046BD
:1030F000FFF7D4FE0090009800B238BD38B5044602
:103100000D4641F25B4229462046FFF7C7FE00907C
:10311000009800B238BD38B504460D4641F25B4216
:1031200029462046FFF7BAFE0090009800B238BD4D
:1031300038B504460D4641F25B4229462046FFF76A
:10314000ADFE0090009800B238BD38B504460D467B
:1031500041F25B4229462046FFF7A0FE009000980E
:1031600000B238BD38B504460D4641F25B422946EF
:103170002046FFF793FE0090009800B238BD38B5A6
:1031800004460D4641F25B4229462046FFF786FE83
:103190000090009800B238BD38B504460D4643F69D
:1031A0000F0229462046FFF779FE0090009800B2F2
:1031B00038BD38B504460D4640F60B022946204678
:1031C000FFF76CFE0090009800B238BD38B5044699
:1031D0000D4640F60B0229462046FFF75FFE0090A1
:1031E000009800B238BD38B504460D4640F60A02D4
:1031F00029462046FFF752FE0090009800B238BDE5
:1032000038B504460D4640F60A0229462046FFF727
:1032100045FE0090009800B238BD38B504460D4612
:1032200043F60E0229462046FFF738FE009000982C
:1032300000B238BD38B504460D4641F201022946B8
:103240002046FFF72BFE0090009800B238BD38B53D
:1032500004460D4641F2010229462046FFF71EFEB4
:103260000090009800B238BD38B504460D4641F2D2
:10327000010229462046FFF711FE0090009800B297
:1032800038BD38B504460D4641F2010229462046B4
:10329000FFF704FE0090009800B238BD38B5044630
:1032A0000D4641F2010229462046FFF7F7FD009046
:1032B000009800B238BD38B504460D4641F2070209
:1032C00029462046FFF7EAFD0090009800B238BD7D
:1032D00038B504460D4641F2080229462046FFF75C
:1032E000DDFD0090009800B238BD10B5044600BF67
:1032F00000BF04F11400F1F7B1FC10BD70B5064633
:1033000000BF00BF3046FEF7A5FA0546ADB1B08A52
:10331000A98A401A04B22846FEF746FC204404B2AB
:1033200000212846FFF7A5FB201A04B200212846F9
:10333000FFF785F9201A04B201E0B6F914402046DF
:1033400070BD70B5064600BF00BF3046FEF782FA7A
:103350000546ADB1F18AE88A081A04B22846FEF79C
:103360002DFC204404B200212846FFF7EEFC201A71
:1033700004B200212846FFF762F9201A04B201E0E6
:10338000B6F91640204670BD70B5044600BF00BFB8
:103390002046FFF7D6FF05462046FEF70BFA2844E5
:1033A00000B270BD024600BF00BFD069084088422D
:1033B00001D1012070470020FCE7024600BF00BF9A
:1033C000D069084008B1012070470020FCE70246A0
:1033D00000BF00BF108C084008B1012070470020DA
:1033E000FCE77FB506460D4602213046FFF7DAFFBF
:1033F00010B9002004B070BD80213046FFF7E7FF10
:1034000008B10020F6E702A93046FEF7E6F80022F0
:10341000294602A8DEF7ADFD04460CB90020E9E715
:103420004FF480313046FFF7BDFF58B100950120C1
:103430008DF804006A4611213046F7F793FF9DF896
:103440000400D7E72046D5E72DE9FC4705460E46A0
:10345000144600BF4FF4056231462846FFF71EFDB3
:103460000190019800B26080608808B9BDE8FC87CF
:1034700000BF532231462846FFF710FD0190019806
:10348000C0B22073207B022800DCEFE731462846DB
:10349000FFF7C4F90746FD2F03DA207B78430012BB
:1034A0002073207B022800DCE0E700BF44F25202D8
:1034B00031462846FFF7F2FC009000980190BDF8D5
:1034C0000400208000BF542231462846FFF7E6FC66
:1034D00001900198A060A846B14651224946404655
:1034E000FFF7DCFC0190019808B1012000E000200A
:1034F000617B60F38201617331462846FFF784F8EF
:10350000617B60F30101617300BFAFE72DE9FC410E
:1035100005460E46144600BF462231462846FFF7B0
:10352000BDFC01900198C0B2E072E07A022801DC93
:10353000BDE8FC8131462846FFF770F90746FD2FAC
:1035400003DAE07A78430012E072E07A022800DCC5
:10355000EEE7002020804FF48070608000BF298B50
:10356000AA8A891A491C09B2084601EBD071491090
:10357000A18000BF698BEA8A891A491C09B20846F2
:1035800001EBD0714910E18000BF48223146284646
:10359000FFF784FC01900198C0B2A072A07A0028C5
:1035A0000CDD00BF44F2470231462846FFF776FCA7
:1035B000009000980190BDF8040020813146284613
:1035C000FFF722F8207300BFB2E7F8B505460E46B4
:1035D000144600BF4FF48B6231462846FFF75EFC6D
:1035E00000900098C0B2A076A07E022800DCF8BD52
:1035F00031462846FFF712F90746FD2F03DAA07E71
:1036000078430012A076A07E022800DCEFE7314666
:103610002846FFF7ECFC0090BDF80000A08100BF39
:1036200041F25A4231462846FFF738FC0090009894
:1036300000B2A08200BF41F25B4231462846FFF74C
:103640002DFC0090009800B2608200BF40F25C4206
:1036500031462846FFF722FC00900098A17F60F3D6
:103660000201A17731462846FEF7CEFFA17F60F325
:10367000C501A17731462846FFF7C5FC206000BF91
:1036800041F25D4231462846FFF708FC0090009861
:10369000C0B2207700BFAAE72DE9FC4705460E46D9
:1036A000144600BF40F6490231462846FFF7F6FBB4
:1036B0000190019800B26080608808B9BDE8FC877D
:1036C00000BF4E2231462846FFF7E8FB01900198E3
:1036D000C0B22072207A022800DCEFE7314628468B
:1036E000FFF79CF80746FD2F03DA207A7843001293
:1036F0002072207A022800DCE0E700BF44F24D028D
:1037000031462846FFF7CAFB009000980190BDF8AB
:103710000400208000BF4A2231462846FFF7BEFB46
:103720000190019800B2A080A08848B100BF4B2250
:1037300031462846FFF7B2FB0190019800B2E080C5
:10374000A846B1464C2249464046FFF7A7FB0190E8
:10375000019808B1012000E00020617A60F3820145
:103760006172607A810861F3C30060723146284655
:10377000FEF74AFF617A60F30101617200BF9DE7C5
:103780002DE9FC4706460D46144600BF6022294637
:103790003046FFF783FB0190019800B2208025B1ED
:1037A00029463046FFF73AF800E0FF2080462946D8
:1037B0003046FFF733F80746022F02DDB8F1020F5B
:1037C00009DC0020E07084F8220084F8360084F8D8
:1037D0002A00BDE8FC8729463046FEF715FFA07099
:1037E000E078002870D000BF212229463046FFF73C
:1037F00055FB01900198C0B2E070E078022863DDCB
:1038000029463046FEF7E8FE0190BDF80400A0808E
:1038100000BF262229463046FFF740FB0190019861
:103820008146B9F1000F0AD099F8090000F00700AD
:1038300028B10A224946A01DFBF7E3FE43E000BF82
:10384000232229463046FFF729FB01900198E17BAE
:1038500060F30201E173E07B00F0070038B3294612
:103860003046FEF7B9FE0190BDF80400E08000BFCD
:1038700044F2220229463046FFF710FB00900098E0
:103880000190A01DBDF80410618100BF24222946CB
:103890003046FFF703FB01900198207200BF2522FC
:1038A00029463046FFF7FAFA01900198207300BFCD
:1038B000272229463046FFF7F1FA01900198E17B73
:1038C00060F3C501E17300BF00BF41F23202294637
:1038D0003046FFF7E3FA0190019800B22084208C73
:1038E00060B394F8220048B300BF31222946304625
:1038F000FFF7D4FA01900198C0B284F8220094F83E
:10390000220002281ADD00BF332229463046FFF785
:10391000C5FA0190019894F8231060F3450184F8EA
:10392000231000BF44F2300229463046FFF7B6FAB2
:10393000009000980190BDF80400E08329463046CD
:10394000FEF7A0FFE084E08CF0B194F82A00D8B133
:1039500029463046FEF77CFF84F82A0094F82A00B6
:10396000022811DD29463046FEF77FFF208500BF83
:1039700044F23B0229463046FFF790FA0090009847
:103980000190BDF80400A084A07E002851D000BFA3
:1039900040F6280229463046FFF780FA0190019848
:1039A00020612069002844D000BF292229463046E2
:1039B000FFF774FA01900198C0B2A076A07E0228A9
:1039C00037DD2069F9F726FD02280DD1294630465A
:1039D000FFF719FB606129463046FFF708FB0190AD
:1039E000BDF80400208324E000BF44F22A022946E7
:1039F0003046FFF753FA009000980190BDF804009C
:103A0000208300BF2B2229463046FFF747FA01905A
:103A10000198C0B2E076B146AA462C2251464846EB
:103A2000FFF73CFA0190019808B1012000E0002066
:103A3000207794F8360080B329463046FFF7CAFA5B
:103A4000E085E08D48B394F83600022825DD29464C
:103A50003046FFF7A5FA84F8360094F836000228BD
:103A60001BDD29463046FFF781FA2086294630467D
:103A7000FFF789FA608629463046FFF79EFAA0864E
:103A800000BF44F2440229463046FFF707FA00908F
:103A900000980190BDF80400A085B8F1FD0F02DA8E
:103AA00008FB07F00712FD2F17DA173414F8140C6F
:103AB0007843001204F8140CE07878430012E070A8
:103AC000E07A78430012E072E07F78430012E077FA
:103AD000E07C78430012E074173C00BF79E67CB5C7
:103AE000054600BF00BF03E02846FDF7B3FE0546CC
:103AF0002846FDF7AFFE30B14FF400212846FFF70E
:103B000051FC0028F0D12846DFF74DFD044605F1B1
:103B100014016846F0F7CEFFBDF80000001B00B2AC
:103B2000ADF80000BDF80200001B00B2ADF80200C5
:103B3000BDF80400204400B2ADF80400BDF8060052
:103B4000204400B2ADF806006946284600F001F8AE
:103B50007CBD2DE9FC4105460E4600BF00BF314645
:103B60006846F0F7A7FF69462846FCF7E9FD0446DA
:103B700034B12846FDF7D4FD07466946DFF7A5FBBB
:103B8000BDE8FC810246116800E0096821B1087EA9
:103B900000F003000028F8D009B900207047087E23
:103BA00000F00300012800D1F8E70020F6E7024604
:103BB000116800E0096821B1087EC0F38100002887
:103BC000F8D009B900207047087EC0F381000128B1
:103BD00000D1F8E70020F6E770B506460B493046FD
:103BE000FFF7EBFB08B1002070BD3046FDF732FE59
:103BF00004460CB90020F7E700212046FEF7CDFD72
:103C000005460DB10120EFE70020EDE701000600B9
:103C10007CB5054600BF00BF2846DFF7C4FC04465C
:103C200005F114016846F0F745FFBDF80000001BE0
:103C300000B2ADF80000BDF80200001B00B2ADF804
:103C40000200BDF80400204400B2ADF80400BDF845
:103C50000600204400B2ADF8060069462846FCF78D
:103C60006FFD7CBD70B50446608C20F00100401CE7
:103C700060842046FDF7F6FD0546688C20F00200C2
:103C8000801C68842846FDF74BFD0646706810B11D
:103C9000706805F017FA70BD2DE9F04780460D46B3
:103CA000164699464046FDF78EFC8246002726E0E0
:103CB000D8F80800006850F82740B9F1000F06D086
:103CC0004FF480212046FFF76DFB00B116E0A08A7B
:103CD000284400B2A082E08A304401B2E182208B05
:103CE000284401B22183608B304401B261830023F8
:103CF000324629462046FFF7CFFF00BF7F1C5745BD
:103D0000D6D3BDE8F0872DE9F04F85B004460E46C6
:103D100017466568002D34D000212846FEF7A9FE1D
:103D2000824600212846FFF710F883464FF4802191
:103D30002046FFF737FB40B1A88A5044304406B212
:103D4000E88A5844384407B20FE02846FDF72CFFB4
:103D5000A98A5144081A304406B22846FDF72EFFBE
:103D6000E98A5944081A384407B200212846FEF768
:103D700066FC814606EB090006B207EB090007B2B4
:103D800000BFA08A301A00B2ADF81000E08A381ADD
:103D900000B2ADF81200BDF8100028B9BDF812004D
:103DA00010B905B0BDE8F08F2046FFF798FE02A9D4
:103DB0002046FDF7A9FC4FF000087DB16946284672
:103DC000FDF72EFC0022694602A8DDF7FCFF8046C5
:103DD000B8F1000F02D1284600F062FFA08ABDF8BA
:103DE0001010084400B2A082E08ABDF81210084406
:103DF00001B2E182208BBDF81010084401B221838A
:103E0000608BBDF81210084401B26183BDF9122025
:103E1000BDF9101000232046FFF73EFF25B12246D2
:103E200022212846F7F79EFA2046FFF758FE9DB15B
:103E30000022694604F11400DDF7C5FF8146B8F1A0
:103E4000000F05D1B8F1000F05D1B9F1000F02D074
:103E5000284600F025FF00BF00BFA2E72DE9F04192
:103E600080460C4600BF00BF002C06DA4046FDF736
:103E7000F1FC0246FDF7A7FB04444046FDF7A3FC16
:103E800007464046FDF7E6FC0646002C01DABDE891
:103E9000F0813046FDF797FBA04200DCF7E7BC421B
:103EA00000D1F4E73D46BC420DDA09E0B068016894
:103EB000681E51F82000B168096841F825006D1EA0
:103EC000A542F3DC0CE009E0B0680168681C51F819
:103ED0002000B168096841F825006D1CA542F3DB9C
:103EE000B068006840F82480002222213046F7F7AD
:103EF00039FA3046FFF7F3FD00BFC8E72DE9F0417E
:103F000007460E463846FDF73BFEC8B93846FDF772
:103F100041FE05463846FDF7B5FC0446002C0EDA96
:103F2000002D0CDD6042854201DA284600E0604247
:103F300004B2334622460021384600F009FD00BF96
:103F40003846FDF713FE88BB3846FDF729FD0446C9
:103F50003846FDF79DFD054600213846FEF7EEFA8E
:103F6000012811D0002D20DA002C1EDD6842844289
:103F700001DA204600E0684205B2334600222946B5
:103F8000384600F0E5FC10E0002C0EDA002D0CDDC8
:103F90006042854201DA284600E0604205B23346BD
:103FA00000222146384600F0D3FC00BFBDE8F08176
:103FB0002DE9F14F86B00698FFF70EFE10B107B05D
:103FC000BDE8F08F0698FDF745FC059000210698A6
:103FD000FFF771F9054600210698FFF779F90446C5
:103FE000059828B9224629460698FFF78CFEE6E791
:103FF0000598FDF76AFB80460598FDF747FB0646E6
:1040000005F4C040B0F5005F01D1012000E00020C0
:1040100030B125F4C040B0F5FA6F01DC012000E0BA
:10402000002088B125F4C040B0F57A7F04DD25F486
:10403000C040C0F57A7001E025F4C04000FB08F0F4
:10404000642190FBF1F005B204F4C040B0F5005FCC
:1040500001D1012000E0002030B124F4C040B0F5CF
:10406000FA6F01DC012000E0002080B124F4C040A0
:10407000B0F57A7F04DD24F4C040C0F57A7001E029
:1040800024F4C0407043642190FBF1F004B2069820
:1040900002900020039043F20C02DDE90201FEF7DA
:1040A000FDFE019001980FFA80FA00BF0698029079
:1040B0000020039043F20D02DDE90201FEF7EEFE5F
:1040C000019001980FFA80FB00BF0698FFF70DF9E9
:1040D00081460698FDF76EFB07460AF4C040B0F52E
:1040E000005F01D1012000E0002030B12AF4C0407F
:1040F000B0F5FA6F01DC012000E0002090B12AF455
:10410000C040B0F57A7F04DD2AF4C040C0F57A7073
:1041100001E02AF4C04000FB09F0642190FBF1F0BB
:104120000FFA80FA0BF4C040B0F5005F01D1012016
:1041300000E0002030B12BF4C040B0F5FA6F01DC94
:10414000012000E0002088B12BF4C040B0F57A7F58
:1041500004DD2BF4C040C0F57A7001E02BF4C040C0
:104160007843642190FBF1F00FFA80FB05EB0A0025
:1041700005B204EB0B0004B200210698FEF790F99B
:104180000490049850B900210598FEF7CAF9012857
:1041900002D10320049001E001200490049801283A
:1041A00005D1224629460698FFF7ADFD6FE0049839
:1041B000801E082864D2DFE800F0041021253415A1
:1041C0003C4C414608EBD1725210484609EBD07383
:1041D000A2EB63022A4415B253E0A8EB090028447D
:1041E00005B24EE0314606EBD1725210384607EB6D
:1041F000D073A2EB6302224414B242E0F01B2044CD
:1042000004B23EE0414608EBD1725210484609EB39
:10421000D073A2EB63022A4415B2F01B204404B20F
:104220002FE0A8EB0900284405B2F01B204404B29B
:1042300027E0A8EB0900284405B2314606EBD1720D
:104240005210384607EBD073A2EB6302224414B23B
:1042500017E0414608EBD1725210484609EBD07383
:10426000A2EB63022A4415B2314606EBD17252101A
:10427000384607EBD073A2EB6302224414B200E08D
:1042800000BF00BF224629460698FFF73CFD00BF4D
:1042900095E62DE9F04F8DB0044600BF00BF608C5D
:1042A000C0F3802038B1608CC0F3402018B10020EA
:1042B0000DB0BDE8F08F2046FDF7CCFA07460FB9E8
:1042C0000020F5E72046FDF76BFB0C9000200B90DB
:1042D0000A90608CC0F3802020B12046FFF705F8DB
:1042E000054680E000212046FEF7A4FF054642F285
:1042F000D1718D4201D1012000E000200B9005F426
:10430000C040B0F5005F01D1012000E0002030B1D5
:1043100025F4C040B0F5FA6F01DC012000E0002078
:104320000A903846FDF7D1F981460B9820B1204616
:10433000E1F7ACFB054634E00A98F8B1788CC0F39D
:104340008020E0B900213846FEF774FF42F2D171B7
:10435000884214D100212046FEF771F90190002116
:104360002046FEF786FB0199084405B2002120464D
:10437000FEF728FC01990844284405B211E025F411
:10438000C040B0F57A7F04DD25F4C040C0F57A70F6
:1043900001E025F4C04000FB09F0642190FBF1F03E
:1043A00005B20020019041F2020220460199FEF779
:1043B00075FD009000980FFA80FA00BF0020019070
:1043C00041F2030220460199FEF768FD0090009833
:1043D0000FFA80FB00BF4B465A4651462846F2F77B
:1043E0000AFB054600BF2046FDF7D4FB09900020DC
:1043F00008900790608CC0F3402020B12046FDF764
:10440000D9F9064680E000212046FEF785F90646E8
:1044100042F2D1718E4201D1012000E000200890CB
:1044200006F4C040B0F5005F01D1012000E000209B
:1044300030B126F4C040B0F5FA6F01DC012000E095
:10444000002007903846FDF721F98146089820B1F1
:104450002046E1F77FFA064634E00798F8B1788CF9
:10446000C0F34020E0B900213846FEF755F942F28A
:10447000D171884214D100212046FEF7E0F8019066
:1044800000212046FEF761FC0199084406B2002194
:104490002046FEF711FA01990844304406B211E0B3
:1044A00026F4C040B0F57A7F04DD26F4C040C0F5A4
:1044B0007A7001E026F4C04000FB09F0642190FB13
:1044C000F1F006B20020019041F205022046019968
:1044D000FEF7E4FC009000980FFA80FA00BF00207D
:1044E000019041F2060220460199FEF7D7FC0090A8
:1044F00000980FFA80FB00BF4B465A4651463046A3
:10450000F2F722FA064600BF0B9808B9089828B1BE
:1045100000232046099A0C9900F05BFB2046FEF729
:10452000E4FEA84206D12046FDF744F9B04201D18D
:104530000020BDE62046FFF7D2FA05A92046FDF788
:10454000E3F803A93846FDF76BF8002203A905A894
:10455000DDF739FC8046B8F1000F02D1384600F093
:104560009FFBE08A3044401E01B261830021204657
:10457000FDF7D7FF012805D1208B401B401C00B25E
:10458000A08204E0A08A2844401E01B2218305AA2B
:1045900029212046F6F7E6FE224622213846F6F784
:1045A000E1FE2046FFF79BFA00212046FFF7A6FC1C
:1045B000002203A904F11400DDF705FC0290B8F114
:1045C000000F04D1B8F1000F04D1029810B13846A1
:1045D00000F066FB01206BE638B5044600BF00BF63
:1045E0002046DEF7E0FF0546002000906A461321D2
:1045F0002046F6F7B7FEBDF90000A84202D02046DB
:10460000FFF76DFAA06820B1BDF90000A168C8826B
:1046100009E0BDF8000030B12046FCF765F8BDF9AF
:104620000000A168C882BDF90000A84202D020465F
:10463000FFF755FA38BD70B5044600212046FEF755
:10464000F9FD054600212046FEF766F8064642F2CF
:10465000D170854203D0864201D0002070BD204633
:10466000FFF700FB0120F9E72DE9F84306460F4666
:10467000144600BF00BF3848007808B9BDE8F88389
:104680003046FFF72CFA384600F017FF054604F4D1
:10469000805040B3B5F5702F1DD0E5B14FF0000844
:1046A00041F2040241463046FEF7F8FB00900098C4
:1046B00000B242F2D17188420DD000BF41F2010236
:1046C00041463046FEF7EAFB0090009800B242F205
:1046D000D171884207D100222A213046F6F742FEE6
:1046E0003046FFF7BFFAB5F5702F00D08DB94FF601
:1046F000FF70844202D004F4005050B13046FDF700
:10470000A9F88046B8F1000F02D04046FFF7AAFA98
:1047100000BF4FF6FF70844202D004F4006010B175
:104720003046FFF759FF3046FFF7D9F94FF6FF70D3
:10473000844208D004F4806058B104F4006010B9D9
:1047400004F4805028B1B5F5803F02D0304606F021
:10475000D8FE00BF92E70000B90000202DE9F0412B
:1047600005460F46164600BF00BF002410E0E8686B
:1047700000EBC4004068C0F3006040B1E86800EBA3
:10478000C400406820F07F40B04200D105E0641CC6
:10479000688CC0F3C500A042E9D800BF688CC0F3A4
:1047A000C500A04202D10020BDE8F081E96851F8BF
:1047B0003400394602F08EFDF6E72DE9FE4F04463F
:1047C0000E469146484600F07CFE8246484600F080
:1047D00074FE80464FF6FF7002901EB1F07908B962
:1047E000002002900025AB4674E0E16801EBC501B2
:1047F000496821F07F4000F064FE0190E16801EB20
:10480000C501496821F07F4000F057FE00904FF647
:10481000FF70824502D0019850450BD1B8F5702F3A
:1048200002D00098404505D136B1E06850F8350017
:10483000B04201D06D1C4DE0E06800EBC50040685F
:10484000C0F3406030B100234FF6FF72414620466E
:104850000AF034FFE06800EBC5004068C0F3006078
:1048600030B9E06800EBC5004068C0F3406068B153
:10487000E16851F8350002F0B2FDE16851F8350009
:10488000FAF736FE0020E16841F835002F4609E0CE
:10489000E06800EBC7010246781C02EBC00205CAC3
:1048A00005C17F1C608CC0F3C500401EB842EFD824
:1048B000608CC008401E618C60F3C8016184628C0A
:1048C000C2F3C502D100E068FAF766FEE0604FF07F
:1048D000010B00BF608CC0F3C500A84285D8BBF1B6
:1048E000000F06D0029820B141462046029AFFF7F9
:1048F000BBFEBDE8FE8F000010B50446024A002151
:104900002046FFF75AFF10BDFFFF0F0070B50646A7
:104910000E48007800B970BD0020F3F7A3F80446F4
:1049200010E0002506E0E06850F82510304606F05B
:1049300008FF6D1C606AA842F5D82046F3F792F88C
:10494000044600BF002CECD100BFE4E7B900002012
:104950002DE9F04F91B005460C4616469A461CB913
:1049600016B911B0BDE8F08FBAF1010F7ED128461B
:10497000FCF7D6FE10906846EFF770FA00BF00957E
:1049800000BF4E48039000BF002C38D01098F3F7BA
:1049900033F840F35D0B224600215846EFF717FB32
:1049A0000746C82F00D2C827B7F5C87F01D94FF4F2
:1049B000C87739466846EFF7E8FA2846FDF7F4F875
:1049C0008046C8F100000219C8F100016846EFF7FF
:1049D000E4FA3B496846EFF7C2FA3A496846EFF70E
:1049E000C8FA6A4609212846F6F7BCFC8146B9F1A7
:1049F000010F00D0B5E76846EFF7FAFA00BF002EC6
:104A000039D01098F3F75EF840F35D0B3246002181
:104A10005846EFF7DCFA0746C82F00D2C827B7F58B
:104A2000C87F01D94FF4C87739466846EFF7ADFA29
:104A30002846FDF7C3F88046C8F100008219C8F186
:104A400000016846EFF7A9FA1F496846EFF787FAB1
:104A50001C496846EFF78DFA6A4609212846F6F7A1
:104A600081FC8146B9F1010F01D07AE704E0684684
:104A7000EFF7BEFA00BF1EE013492846EFF7A6F98C
:104A800007460F492846EFF7A1F9804632462146EE
:104A9000284607F04BF817B9B8F1000F0AD00022EA
:104AA0000A212846F6F75EFC8146B9F1010F00D0D5
:104AB00057E700BF00BF00BF53E700009DB70208E3
:104AC00069BC0208D73E010885BC02082DE9FF5FDA
:104AD0000E46174616B90FB9BDE8FF9F009800F0C3
:104AE000F3FC0098FDF760F840420FFA80F808EBFD
:104AF000060004B200210098FDF720FD01281BD01C
:104B0000002C00DD0024002C2EDA0098FCF748FF72
:104B100083460098FCF7BCFF58440FFA80FABAF1BC
:104B2000000F01DA4FF0000ACAF10000844202DAF5
:104B3000CAF1000004B217E0002C00DA0024002CB7
:104B400012DD0098FCF72CFF83460098FCF7A0FFCD
:104B500058440FFA80FABAF1000F01DA4FF0000A58
:104B6000544500DD544600BF0098FDF727F8404249
:104B70000FFA80F909EB070005B2002D00DD0025D2
:104B8000002D16DA0098FDF705F883460098FCF72B
:104B900079FE58440FFA80FABAF1000F01DA4FF0AB
:104BA000000ACAF10000854202DACAF1000005B22B
:104BB00000BFA4EB080006B2A5EB090007B206B9D6
:104BC0002FB13A463146039B0098FFF7C1FE00BF64
:104BD00082E72DE9F04106460F4614461D462A4657
:104BE0003946304600F024F82A462146304600F087
:104BF0003BF8BDE8F081F8B504460E46204600F0CB
:104C000063FC0020009027463846FCF723FE05464B
:104C10000BE033466A46394604F1140006F0D0FD35
:104C20002F462846FCF716FE0546002DF1D1F8BDAB
:104C30002DE9F04106460C4615460A493046EFF785
:104C4000C5F83046FCF7B0FF0746604238440FFA1B
:104C500080F82B46002241463046FFF737FFBDE87B
:104C6000F081000069BC02082DE9F04106460C46BF
:104C700015460A493046EFF7A9F83046FCF79EFF83
:104C80000746604238440FFA80F82B46424600211E
:104C90003046FFF71BFFBDE8F081000085BC02082D
:104CA0001FB504466A4602A92046FCF791FF02A8F8
:104CB000EFF7BCFF20B96846EFF7B8FF00B91FBD9A
:104CC00002A8EFF7B3FF18B102A92046FEF741FF93
:104CD0006846EFF7ABFF18B169462046FEF739FF8B
:104CE00000BFECE770B504460D4600BF00BF20468C
:104CF000FBF7FAFCA068858270BD00002DE9F04149
:104D000006460F4614461D4600223946304600F03E
:104D1000C9FA00222146304600F094FA00222946C2
:104D2000304600F0CFFA0448008881B200223046B5
:104D300000F0E5FABDE8F081F000002070B504460F
:104D40000D4600222946204600F08CFA03480088D0
:104D500081B20022204600F0D2FA70BDF00000209F
:104D600070B504460D4600222946204600F08AFA16
:104D70002046FCF76FFD0646FEF774FF70BDF8B5E0
:104D800006460D4600BF00BF00236A4641F20401FB
:104D90003046FCF737FD0446012C02D10098A842AA
:104DA00000D124B900222946304600F09BFAF8BD14
:104DB00070B505460C4600BF00BFA1B200222846D0
:104DC00000F09DFA2846FEF74DFF70BD2DE9FF412A
:104DD00006460C461D4629463046ECF725F907469F
:104DE00021463846029A02F0A0FC22462946304667
:104DF000FFF73AFCBDE8FF812DE9F04106460D467C
:104E000000BF00BF00BF00BF706818B900BF00BF7F
:104E1000BDE8F08115B900BF00BFF9E73046FEF7E5
:104E20005EFE2846FBF760FC74683046FCF7CBFC5E
:104E3000074609E0A0680168781C51F82000A168C5
:104E4000096841F827007F1C2046FCF7BCFB801E48
:104E5000B842EFDAA0684068401EA1684860A068C8
:104E6000406848B1A26852689100A2681068FAF7D9
:104E700093FBA168086006E0A1680868FAF738FBB0
:104E80000020A1680860A8684068401CA9684860C4
:104E9000AA6852689100AA681068FAF77DFBA968B1
:104EA00008602846FCF78FFB401EA968096841F896
:104EB0002060756000212046FFF720F82046FFF7AC
:104EC000EFFE324622212046F6F74CFA002224213A
:104ED0002046F6F747FA324622212846F6F742FAEC
:104EE000002223212846F6F73DFA3046FEF7BAFEA7
:104EF0003046FEF7F4FD00BF8AE770B505460E4662
:104F0000144600BF00BF3146284600F0A4FA2146EF
:104F1000284600F0B9FA70BD70B505460C46284623
:104F2000FBF7E2FBA868407E00F00F00A04201D032
:104F3000A9684C7670BD70B504460D462046FBF757
:104F4000D3FBA068007E65F38300A168087670BD7E
:104F500070B504460D462046FBF7C6FBA068007EF0
:104F600065F30510A168087670BD70B504460D465E
:104F700000BF00BF2046FBF7B7FBA068007E00F033
:104F80000300A84200D170BDA068007E65F3010057
:104F9000A16808762046FEF7A2FD00BFF3E770B5D2
:104FA00005460E46144600BF00BF3146284600F0B5
:104FB00039FA21462846FFF7E2FE70BD2DE9F04F91
:104FC00089B007468946388C484502D109B0BDE80A
:104FD000F08F00BF00BF388C0890A7F820904A4699
:104FE00038460899DEF7C0FB8246BAF1000F00D1BF
:104FF000ECE74FF42070FAF7E7F905464FF420711B
:105000002846FAF78CFC0024002697E0F86800EBAD
:10501000C6000790F96801EBC601496821F07F409E
:1050200000F04FFA0690F96801EBC601496821F0DB
:105030007F4000F042FA0590069820EA090000B18E
:105040007BE007984068C0F3406000B175E00799C5
:1050500004AA0868672102F00BF800B96DE0DDF8DA
:1050600010804FF0000B60E00020039026E00398D2
:1050700000EB800005EB800040680290029800F091
:1050800020FA0190029800F018FA0090D8F8000079
:1050900030F81B10039800EB800005EB80000089BE
:1050A000814208D105990098884204D10699019857
:1050B000884200DB05E00398401C03900398A0425F
:1050C000D5D300BF0398A0422DD1B8F80C0004EB53
:1050D000840125F82100B8F8100004EB840105EBE9
:1050E0008101488004EB840105EB8101D8F80800B8
:1050F000C860D8F8000030F81B0004EB840105EB11
:105100008101088104EB840105EB8101D8F80400DA
:1051100008610798406820F07F4004EB840105EBAC
:1051200081014860641C0BF1010BD8F8000030F8D5
:105130001B0008B1202C97D300BF761C788CC0F3DD
:10514000C500B04202D9202CFFF460AF002613E066
:1051500006EB860105EB8101486800F0AEF9804658
:1051600006EB860005EB80004B4600904146384632
:10517000089ADEF721FA761CA642E9D32846FAF708
:105180009FF9BAF1010F03D13846FEF7A8FC13E0EE
:10519000BAF1030F07D14FF6FF724FF47021384672
:1051A000FFF762FA08E0BAF1020F05D13846FEF7C0
:1051B00096FC3846FFF710FA00BF07E7F8B5064639
:1051C0000C46154600942B4641F209013046009AE0
:1051D000FFF7FCFDF8BDF8B506460C4615460094F1
:1051E0002B4641F26A413046009AFFF7EFFDF8BDC9
:1051F00037B582B005461446BDF80C00ADF8040082
:10520000234620212846019AFFF7E0FD05B030BD76
:10521000F8B506460C46154600942B4640F6280184
:105220003046009AFFF7D2FDF8BDF8B506460C46A9
:10523000154600942B4621213046009AFFF7C6FD03
:10524000F8BD0000F8B506460C46154600942B46FE
:10525000034801883046009AFFF7B8FDF8BD00000A
:10526000F8000020F8B506460C46154600942B467B
:10527000034801883046009AFFF7A8FDF8BD0000FA
:10528000F4000020F8B506460C46154600942B465F
:10529000034801883046009AFFF798FDF8BD0000EA
:1052A000FC000020F8B506460C46154600942B4637
:1052B000034801883046009AFFF788FDF8BD0000DA
:1052C000F6000020F8B506460C46154600942B461D
:1052D000034801883046009AFFF778FDF8BD0000CA
:1052E000FA000020F8B506460C46154600942B46F9
:1052F00041F204013046009AFFF768FDF8BDF8B5A9
:1053000006460C46154600942B4641F2690130468C
:10531000009AFFF75BFDF8BDF8B506460C4615464A
:1053200000942B4641F202013046009AFFF74EFDF1
:10533000F8BDF8B506460C46154600942B4641F6D6
:1053400011013046009AFFF741FDF8BDF8B5064659
:105350000C46154600942B4641F612013046009A41
:10536000FFF734FDF8BDF8B506460C461546009427
:105370002B4641F613013046009AFFF727FDF8BD92
:10538000F8B506460C46154600942B4641F610012A
:105390003046009AFFF71AFDF8BDF8B506460C46F0
:1053A000154600942B4641F25D413046009AFFF7C6
:1053B0000DFDF8BD37B582B005461446BDF80C00AA
:1053C000ADF80400234640F257412846019AFFF702
:1053D000FDFC05B030BDF8B506460C4615460094F8
:1053E0002B4641F201013046009AFFF7EFFCF8BD71
:1053F000F8B506460C46154600942B4641F20701C7
:105400003046009AFFF7E2FCF8BDF8B506460C46B8
:10541000154600942B4641F208013046009AFFF7EA
:10542000D5FCF8BDF8B506460D4600BF00BF002309
:105430006A4641F201013046FCF7E4F90446012CCA
:1054400002D10098A84200D124B900222946304652
:10545000FFF7C1FFF8BDF8B506460D4600BF00BF17
:1054600000236A4641F207013046FCF7CBF90446B7
:10547000012C02D10098A84200D124B9002229466B
:105480003046FFF7B5FFF8BDF8B506460D4600BF3C
:1054900000BF00236A4641F208013046FCF7B2F92A
:1054A0000446012C02D10098A84200D124B9002260
:1054B00029463046FFF7A9FFF8BD014601F47F00F9
:1054C0007047014688B2704770B5054611480078AC
:1054D00010B100BF00BF70BD01200E490870284602
:1054E000FCF7C0F904460AE000BF00BF608C20F062
:1054F000020060842046EEF76FF900BF00BF94F809
:105500002200C0F340000028EED10249087000BF1D
:10551000E1E70000B80000203EB505460C46132D1B
:1055200008DB00BF00BFF1F7F1FA0290BDF80810E8
:1055300008463EBD0CB1042C08DD00BF00BFF1F7EA
:10554000E5FA0190BDF804100846F2E7601EC4B207
:10555000054800EBC50000EB440000880090BDF852
:1055600000100846E5E70000B44103083EB50546D3
:105570000C46132D08DB00BF00BFF1F7C7FA0290FD
:10558000BDF8081008463EBD0CB1052C08DD00BF73
:1055900000BFF1F7BBFA0190BDF804100846F2E72E
:1055A000601EC4B205EB8500054901EB400000EB2D
:1055B000440000880090BDF800100846E3E70000B2
:1055C000F64003081CB50446132C08DB00BF00BFDF
:1055D000F1F79CFA0190BDF8041008461CBD044880
:1055E00000EB440000880090BDF800100846F5E785
:1055F000D04003080146002904DAC1F57A7040F46E
:10560000005001E041F4005000B270472DE9F0472E
:105610000246B2F90490B2F900A0A9EB0A0000EB2F
:10562000D0794FEA69090FFA89F31088184405B256
:105630005088184406B20888401B07B24888801B6F
:1056400004B203FB03FC07FB07F004FB0408E0457E
:1056500002D80120BDE8F0870020FBE710B5E1F794
:10566000BFFB4FF4C86300220A490B48F2F7A3F8C6
:105670000A48F2F7B1F84FF4A07008490880F0200A
:105680004880074848610448C8600846F2F7DEF8D9
:1056900010BD00006436002048360020E44200209F
:1056A000BB6D000810B509F06FFE0748F7F7CBFE99
:1056B000012005490870054848600846F7F7DAFEFA
:1056C0000349086010BD00003043002091F3020838
:1056D00088000020F0B503460C460120002113E0AD
:1056E00002F001053DB10546A5FB037C01FB03C6A5
:1056F00000FB0461384652101E46A6FB067C04FBE4
:1057000006CC04FB03C43B46002AE9D1F0BD0000EF
:105710002DE9F04F87B00546734800680068846B38
:10572000714800680068C068806820606E48006842
:105730000068007CC0F3400038B96B48006800681E
:10574000007C00F00100002849D067480068F2F7AB
:10575000B9F9401E0FFA80FA63480068F2F74CF975
:10576000401E0FFA80FB5B460022114601A8CDF8CF
:1057700000A0EFF705FB01A860605B4800680068C7
:10578000007CC0F3400090B1574800680068C068D2
:10579000806920F00200801C534909680968C968C3
:1057A000886101A8A060204600F0A0F814E04E48EF
:1057B00000680068C06880694B4909680968C96861
:1057C000896960F34101484800680068C0688161E8
:1057D000A560204600F08AF807B0BDE8F08F2846A3
:1057E000EFF743FA06902846EFF7CCF905903E48CC
:1057F0000068F2F767F9B5F90610884205DC3A4807
:105800000068F2F75FF9401E01E0B5F9060006B244
:105810003548DDE905210068EBF78AFC80464FF04A
:105820000009B5F9027033E02888ADF80C00A888AB
:10583000ADF81000ADF80E7007EB0800401E00B286
:10584000ADF8120003A86060A060274800680068F7
:10585000C06880682060BDF91200B04201DDADF87B
:105860001260BDF912904E450CD11F4800680068C7
:10587000C068806920F00200801C1B490968096823
:10588000C9688861204600F031F807EB080007B2CC
:1058900007EB0800401EB042C6DD4E4522D02888E6
:1058A000ADF80C00A888ADF81000ADF80E70ADF89A
:1058B000126003A86060A0600B4800680068C068C0
:1058C00080682060084800680068C068806920F02F
:1058D0000200801C044909680968C968886120467B
:1058E00000F004F800BF77E7C00000202DE9F04188
:1058F0008EB0044666480068F2F77AF806463068CB
:1059000090B1706880B90CE0614800680068806AF6
:1059100038B15F4A126810685D4A12681268916A6D
:10592000884730690028EFD10027002558480068D3
:10593000F2F7A6F880464146606800F023F9074672
:1059400053480068406930B1514A12685169606833
:1059500000F018F90546002F66D1002D64D1A06A29
:10596000E8B16846F3F75EFF49480068C06A0490F2
:105970004748006890F829008DF81A0044480068EC
:10598000408DADF804004248006890F829008DF879
:10599000030069462046A36A6268984744E03C4891
:1059A0000068C06A60B33A490968C86A0DA9F7F788
:1059B000D9F98046B8F1010F1FD101210D98C1EB33
:1059C000505000900D98C0F38A20431E00221146CB
:1059D0000BA8EFF7D5F905A8F2F747FB2C480068AC
:1059E00090F829008DF81F00294800680BAA05A926
:1059F000C36A2046F2F7EAFA01E000BF00BF13E0F5
:105A00006846F3F70FFF22480068408DADF80400A8
:105A10001F48006890F829008DF803006946204669
:105A20006268F3F7E3FE00BF19480068406938B1C7
:105A300015B91748006845692946204600F0C0F9A5
:105A400017B91348006807693946204600F0B8F9CD
:105A50000F480068F1F7F8FF80464146204600F005
:105A6000AFF90B480068F1F7E2FF80464146204657
:105A700000F0A6F9064800680068007CC0F340000A
:105A800018B903480068E2F795FA0EB0BDE8F08156
:105A9000C000002070B50020384908603848006810
:105AA000B0F8500100B970BD002535480068B0F865
:105AB0005001441E08E03248006800F59870005D0F
:105AC00008B9254602E0641E002CF4DA00BF2C4819
:105AD00000680068C068806920F0010028490968F2
:105AE0000968C9688861264800680068C0688069DC
:105AF00020F00200224909680968C9688861002409
:105B000034E01F48006800F59870005D68BBAC4247
:105B10000CD11B4800680068C068806920F0010053
:105B2000401C174909680968C968886114480068F9
:105B30000068C068806920F002001149096809689E
:105B4000C96888610E490968303101EBC400FFF76C
:105B5000DFFD0B490968303101EBC400EFF766F84F
:105B600006490968084405490860641C044800683F
:105B7000B0F85001A042C4DC00BF94E7BC00002094
:105B8000C00000202DE9FC4780460C46002600227C
:105B900004F114014046DCF716F980B301212046D8
:105BA000FDF700FC58BB00208DF80000CDF8048004
:105BB0006A4612212046F5F7D5FB9DF80000022821
:105BC00002D10020BDE8FC872046FBF7FCFC07461D
:105BD00000250BE0A068006850F825904946404633
:105BE000FFF7D0FF064606B102E06D1CBD42F1D3BF
:105BF00000BF1EB99DF8000000B9264600BF304620
:105C0000E0E700002DE9FC4100255AE0314800683A
:105C100000F59870405D00B152E0002449E02D4845
:105C2000006800F59870005D08B9A54200D13FE01A
:105C3000284A1268303202EBC401264A1268303218
:105C400002EBC500DCF71DF900B931E0214800681E
:105C5000303000EBC4021F480068303000EBC50153
:105C60006846DCF74FFA6846EEF7E0FF064619494A
:105C70000968303101EBC500EEF7D8FF074615493A
:105C80000968303101EBC400EEF7D0FF384486429A
:105C90000DD210490968303101EBC5006946EEF7B5
:105CA00012FF01210B48006800F59870015500BFF4
:105CB000641C08480068B0F85001A042AFD800BF8B
:105CC0006D1C04480068B0F85001A8429ED8BDE899
:105CD000FC810000C00000202DE9F04F87B0044691
:105CE0000D4601212846FDF75DFB10B107B0BDE868
:105CF000F08FA66803A92846FBF706FD2846DDF7C6
:105D000052FC83465A46594603A8EFF717F803AAF0
:105D1000314605A8DCF716F800B9E7E705A8A0604A
:105D2000224614212846F5F71DFB22461521284658
:105D3000F5F718FB224616212846F5F713FB4FF01E
:105D400001084FF400212846FDF72CFB20B13068F4
:105D500001907068029008E005F11402314601A834
:105D6000DBF7F0FF08B94FF00008B8F1000F13D0CF
:105D700001A8A0602846FBF726FC8146002708E022
:105D8000A868006850F827A051462046FFF7A4FFF6
:105D90007F1C4F45F4D300BF05A8A0602246172101
:105DA0002846F5F7DFFA224618212846F5F7DAFAF1
:105DB000224619212846F5F7D5FAA66000BF95E7D7
:105DC0002DE9F05F07460C4624B923480068F1F737
:105DD00057FE04460CB9BDE8F09F21463846FFF750
:105DE0007BFFA0462046FBF735FD05462FE04FF030
:105DF000000A2846FBF7E7FB8346002610E0A86868
:105E0000006850F82690BAF1000F04D1C14506D1C0
:105E10004FF0010A03E049463846FFF75DFF761C64
:105E20005E45ECD33A4617212846F5F79BFA3A46E9
:105E300018212846F5F796FA3A4619212846F5F72B
:105E400091FAA8462846FBF705FD054600BF002D40
:105E5000CDD100BFBFE70000C00000202DE9F04118
:105E600007460C46254695F82A0020F0010085F8E3
:105E70002A000020A884E884288510212046FAF70B
:105E800055FE4FF400712046FAF750FE00BF00BFE8
:105E900021460848FAF79BFD06463046FAF70CFE05
:105EA000002205A1204600F057F900BF00BFBDE861
:105EB000F0810000384403084F7074696F6E203120
:105EC0000A4F7074696F6E20320A4F7074696F6E7A
:105ED00020330A4F7074696F6E20340A4F707469F2
:105EE0006F6E2035000000002DE9F84F88464146CE
:105EF0007248FBF725FB8146B9F1010F01D0BDE8DF
:105F0000F88F4046F5F7C7F905464046F5F724FAFD
:105F100007463C462C2D08D14046F5F71AFA0646AE
:105F20003846EBF748FC3080C5E02A2D11D13846C1
:105F3000EBF773F8064626B100222A213046F5F722
:105F400011FA3846FEF777FB0021384605F0ACF928
:105F5000B1E0292D04D10021384605F0A5F9AAE0C9
:105F6000012D0BD1A06A20F40030A0623846EBF777
:105F700054F806465249EDF729FF9CE0022D20D146
:105F8000F7F7AAFA824669465046F7F701FBBDF8D3
:105F90000200A8B13846EBF740F883465846FDF7B3
:105FA000D0F9BDF80210084406B231465846FFF752
:105FB0006BFAA06A20F4003000F50030A06200BF48
:105FC00079E0082D01D0032D03D1384605F0BAFA47
:105FD00071E00E2D22D13846FBF7E2FB834658468E
:105FE000F5F7C8FF0646F7F777FA0090F7F7C9FA12
:105FF0008246BAF1040F0ED156B9E08C218D884249
:106000000BD0208DE0840121384605F04DF904E0E5
:10601000E08C208501E0E08C20854CE00F2D0AD13A
:10602000E08C218D884246D0208DE08401213846C5
:1060300005F03AF93FE00D2D2CD14046F5F789F9EE
:106040000678132E01D0122E10D1E08C401CA18CAA
:1060500088421EDAB4F828A0E08C401C81B20122EC
:10606000384600F0F6F8A4F828A012E0142E01D06B
:10607000112E0ED1E08C00280BDDB4F828A0E08CA6
:10608000401E81B20122384600F0E3F8A4F828A0AF
:1060900000BF10E0132D07D13846EAF7BEFF0646D1
:1060A0003046FEF799FA06E0152D01D0182D02D1E1
:1060B0004046E5F79EF800BF21E700001C440308B6
:1060C000B1BE02082DE9F05F0F463846F5F7E3F858
:1060D0000446152C08D039461E48FBF731FA054610
:1060E000012D01D0BDE8F09F3846F5F735F982461D
:1060F000132C1DD13846F5F72CF906465046FBF710
:10610000A9FB83465846EBF756FB80465046FDF701
:10611000ECF88146B6F90000A8EB0901884202DDDF
:10612000B6F9000001E0A8EB090000B230800EE0F3
:10613000292C07D15046FBF78DFB0646002105F0C0
:10614000B3F804E0152C02D13846E3F7CDFC00BFCC
:10615000C8E70000384403082DE9F84F05460E460D
:10616000934600BF00BF00BF1EB900BF00BF00BF05
:10617000FEE700BF2C462846EAF74FFF00900020BC
:10618000E0842085A084804608E016F808000A28EC
:1061900002D1A08C401CA08408F1010816F8080068
:1061A0000028F2D1A08C401CA084BBF1000F0AD1C2
:1061B00094F82A0020F0010084F82A003146009863
:1061C000F8F7A4FD3EE094F82A0020F00100401CFE
:1061D00084F82A003046DAF768F800F10109C9EBC3
:1061E000C900F9F7F1F807464FF0000A0FE009FB84
:1061F0000A703146DAF76EF80A210AF1010009FB4C
:1062000000F0401E39540AF1010000F0FF0ABAF113
:10621000070FECDB0021C9EBC900401E3954394699
:106220000098F8F773FD3846F9F74AF9A08C00EBAF
:106230004000E084A08CC0EBC000A0842846ECF7AE
:10624000B3FC00BFE08C20850098FEF7C5F9BDE8DF
:10625000F88F2DE9F04105460E46174600BF00BFF6
:106260002C4694F82A0000F0010070B13146E28C0F
:10627000072392FBF3F290B210B1C0EBC002891A6F
:10628000C0EBC0020A4496B200BFA08CB04201DD50
:10629000304601E0A08C401EE084E08C2085394629
:1062A000284605F001F8BDE8F08110B5F1F78CFB48
:1062B0000446F1F7E5FB10BD2DE9F04107460C4619
:1062C0002546002045F8700F287920F0010028713C
:1062D000287920F002002871703D4FF4407120466B
:1062E000FAF724FC10212046FAF720FC0020F1F7F1
:1062F00071FB502101EBC000A02190FBF1F00128BF
:1063000009DD0020F1F766FB502101EBC000A02160
:1063100090FBF1F000E0012006B231462046FEF786
:10632000E1FCBDE8F08100002DE9F34F8BB0FE48A1
:106330000C99FBF705F90A900A98012802D00DB0D4
:10634000BDE8F08F0C98F4F7A6FF05460C98F5F71A
:1063500003F806463446304600F08DFB8046112D8A
:1063600031D10C98F4F7F5FF0746B06818B1B06862
:10637000B0F9140000E00020814604F1680108A88B
:10638000EEF7E0FB4A46494608A8EEF7D7FC0022A4
:1063900008A83968DBF7EDFD3871387990B9B8F1A4
:1063A000020F0FD104F1600108A8EEF7CBFB4A46BB
:1063B000494608A8EEF7C2FC002208A83968DBF7B6
:1063C000D8FD38714FE3012D78D13046FDF787FBBA
:1063D00094F8740020F00100401C84F87400B8F1B7
:1063E000000F02D0B8F1010F03D104F1240020679F
:1063F00057E1B8F1020FFBD1F7F76EF8834609A910
:10640000F7F784F83046FCF770FF83463046FBF719
:10641000D1F9834501DB012000E000200890002134
:106420003046FCF7BFF807460898002876D0012FC1
:1064300005D0BDF92410B4F96C00814207DC012FAE
:1064400009D1BDF92400B4F96810884203DA04F1D7
:106450002400206724E1012F05D0BDF92400B4F900
:106460006010884207DB012F09D1BDF92410B4F96F
:106470006400814203DD04F13000206710E1B4F9CB
:106480006430B4F960C0A3EB0C0202EBD2730CEBE6
:106490006303BDF924C0A3EB0C03002B0FDDB4F99B
:1064A0006430B4F960C0A3EB0C0101EBD1730CEBC9
:1064B0006303BDF924C0A3EB0C030EE0F2E0B4F9D2
:1064C0006430B4F960C0A3EB0C0000EBD0730CEBAC
:1064D0006303BDF924C0ACEB03030FFA83F9B4F9ED
:1064E0006C30B4F968C0A3EB0C0202EBD2730CEB76
:1064F0006303BDF924C0A3EB0C03002B0FDDB4F93B
:106500006C30B4F968C0A3EB0C0101EBD1730CEB58
:106510006303BDF924C0A3EB0C030EE026E0B4F93D
:106520006C30B4F968C0A3EB0C0000EBD0730CEB3B
:106530006303BDF924C0ACEB03030FFA83FACA4529
:1065400009DA04F12400206794F8740020F00200B6
:1065500084F87400A4E004F13000206794F874001B
:1065600020F00200801C84F8740099E0BDF9261028
:10657000B4F96A00814203DA04F1240020678FE055
:10658000BDF92610B4F96600814203DD04F1300044
:10659000206785E0B4F966C0B4F96230ACEB030261
:1065A00002EBD2734FEA630CB4F962306344BDF975
:1065B00026C0A3EB0C03002B11DDB4F966C0B4F9BF
:1065C0006230ACEB030101EBD1734FEA630CB4F919
:1065D00062306344BDF926C0A3EB0C0310E0B4F9AC
:1065E00066C0B4F96230ACEB030000EBD0734FEA45
:1065F000630CB4F962306344BDF926C0ACEB03030D
:106600000FFA83F9B4F96EC0B4F96A30ACEB030247
:1066100002EBD2734FEA630CB4F96A306344BDF9FC
:1066200026C0A3EB0C03002B11DDB4F96EC0B4F946
:106630006A30ACEB030101EBD1734FEA630CB4F9A0
:106640006A306344BDF926C0A3EB0C0310E0B4F933
:106650006EC0B4F96A30ACEB030000EBD0734FEAC4
:10666000630CB4F96A306344BDF926C0ACEB030394
:106670000FFA83FACA4509DA04F12400206794F876
:10668000740020F0020084F8740009E004F1300086
:10669000206794F8740020F00200801C84F87400D5
:1066A00000BFE0E1022D78D1206F002875D0F6F709
:1066B00013FF09900998F6F764FF012800D03EE621
:1066C00008A90998F6F722FF00213046FBF76AFF78
:1066D00007903046FCF709FE82463046FBF76AF821
:1066E000834600213046FCF72CFA06900021304604
:1066F000FCF7D0FA059000213046FCF79BFB049094
:1067000000213046FCF740F98146D4E90A10401ACE
:1067100003900027E06A0290A06A0190DA4521DB2D
:106720000699AAEB010201E0544403080599511AA5
:1067300008B20799012907D1B6F918200599511A0D
:10674000BDF920208F1A06E0BDF92020B6F91430DB
:1067500006991944571A0399794391FBF0F7A16AF6
:106760000F4412E0ABEB09020499511A08B2BDF9CB
:106770002220B6F91A104944571A7942039A514314
:1067800091FBF0F7A16A0F4400BF04F13000216FC4
:10679000814203D1606A029002E01EE0206B01900A
:1067A0000198874201DA019F03E00298874200DDE9
:1067B000029F206F0068B8420ED0206F07603046FD
:1067C000FDF78DF900221C213046F4F7CBFD0A902D
:1067D0000A98012800D0B2E545E1082D01D0032D2B
:1067E0003ED194F8740020F0010084F87400002079
:1067F00020673046FDF773F93046FAF7D1FF82463D
:106800005046F5F7B7FB0746F6F766FE8346F6F700
:10681000B8FE8146B9F1040F21D107B3304600F02C
:106820002AF9022817D194F87400C0F3400038B94F
:1068300094F8740020F00200801C84F874000EE0CC
:1068400094F8740020F0020084F87400002150468F
:10685000F5F733FC03E000215046F5F72EFC02E18A
:106860000E2D10D1F6F738FE8146F6F78AFE074660
:10687000042F01D0022F05D194F8740020F00200FB
:1068800084F87400EFE0292D03D13046FDF7A4FE13
:10689000E9E0132D7ED14FF440313046FCF751F939
:1068A00009904FF440313046FCF7F4F908904FF46A
:1068B00040313046FCF7BEFA82464FF44031304654
:1068C000FCF762F807904FF4403B43F60E0259463E
:1068D0003046FCF7E3FA0390039800B2069059465D
:1068E0003046FCF78DFC059059463046FCF76EFCAF
:1068F00004903046FCF7F9FC0222059902FB010BDB
:106900003046FAF757FF0222049902FB0100834543
:1069100007DA3046FCF7E9FC0222059902FB010088
:1069200006E03046FAF746FF0222049902FB010016
:10693000401007B206987843001207B2DDE908104C
:10694000884201DD099900E008990798504501DD6A
:10695000079800E05046814207DDDDE908108842D3
:1069600001DD099807E0089805E00798504501DD2A
:10697000079800E05046384407B2B81C07B24FF4FD
:1069800040313046F9F759FF384407B20C98F4F714
:10699000E0FC00E00BE08146B9F90000B84202DDFE
:1069A000B9F9000000E03846A9F800005BE00D2DC1
:1069B00054D10C98F4F7CDFC0778132F01D0112F88
:1069C00023D194F87400C0F3400050B9304600F071
:1069D00061F800F1010901224946304600F06AF8E9
:1069E00009E0304600F041F800F101090122494672
:1069F000304600F055F800221C213046F4F7B2FC76
:106A00000A900A98012828D099E4142F01D0122F57
:106A100023D194F87400C0F3400050B9304600F020
:106A200039F8A0F1010901224946304600F042F848
:106A300009E0304600F019F8A0F1010901224946A9
:106A4000304600F02DF800221C213046F4F78AFC75
:106A50000A900A98012800D071E404E0152D02D1B3
:106A60000C98E2F729FF00BF69E410B50446204600
:106A7000EEF7DDFA10BD70B505462846EEF7CEFA02
:106A80000446012C00D170BD022C01D10220FAE78E
:106A90000020F8E710B504462046EEF7DBFA10BDFB
:106AA00070B504460D461646324629462046EEF796
:106AB000E3FA70BD70B504460D46164632462946C7
:106AC0002046EEF70FFB70BD0FB47CB504460D46B3
:106AD00009A80190019800902A4621460548089B84
:106AE000DDF7F8FC06460020019030467CBC5DF8DE
:106AF00014FB0000F33F000870B506460C4600BFCB
:106B000000BF2546002045F8600F288A20F0F000DD
:106B10002882288A20F00F00401D28820120E8608A
:106B2000104868604042A860288A20F4807028825B
:106B3000288A20F4C06000F580602882603D012131
:106B4000204601F079FF0121204601F0E4FE822178
:106B50002046FEF767FC204600F08EF900BF00BF1C
:106B600070BD00009F86010070B5054600BF00BFE4
:106B70002C46E16E206E401AA16E88420EDBE16E5B
:106B8000206E401A05D5206E002802DD206E40429E
:106B90002066E16E206E401A20660DE0B4F87000A9
:106BA000C0F3002030B1A16E206E884202D1606E29
:106BB000206601E0A06E2066284600F05DF970BDF9
:106BC0002DE9F34F83B00120029077480499FAF73A
:106BD000B7FC02900298012802D005B0BDE8F08F02
:106BE0000498F4F758FB06460498F4F7B5FB0746FB
:106BF0003C46082E7ED1F6F76FFC01900198F6F71F
:106C0000C0FC042840D13846FAF7CAFD0546F5F71E
:106C1000B1F9002811D094F8700000F00F0001289D
:106C20000BDDB4F87000C0F34120022814D1E06EEF
:106C3000012803DD384600F0E6F87AE094F87000A9
:106C400000F00F00821E0A200021FEF743FDE066DF
:106C5000384600F0EBF86CE094F8700000F00F009C
:106C6000421E0A200021FEF735FDE26ED317101AEE
:106C70008B4103DA384600F0D9F85AE00A20E06682
:106C8000384600F0C0F854E0384601F032FE824643
:106C90005046D9F70AFB8346206C1AF800002E28CC
:106CA00003D1384601F0ABFC11E0206C584505D10A
:106CB000ABF10101384601F039FE08E0206C30B933
:106CC000A06E002803DA0121384601F02FFE94F867
:106CD000700000F00F00401E00904020005B85B265
:106CE00094F87010C1F30311206C884208D994F80D
:106CF000700000E01EE0C0F3031008B1681E85B20A
:106D00000098A0EB0508A06E002801DA08F1010840
:106D10000120E0664FF0000908E0E06E00EB800023
:106D20004000E06609F101001FFA80F9C145F4D383
:106D300000BF36E00D2E34D1F6F7CEFB8146F6F7D4
:106D400020FC80460498F4F704FB0568132D0AD153
:106D5000B8F1040F03D1384600F028F820E0384697
:106D600000F051F81CE0142D0AD1B8F1040F03D142
:106D70003846FFF7F9FE13E0384600F057F80FE009
:106D8000112D03D1384600F011F809E0122D03D17E
:106D90003846FFF7E9FE03E02946384601F002FADB
:106DA00000BF00BF19E70000E40A030870B50546FC
:106DB00000BF00BF2C46E16E206E0844616E884221
:106DC0000FDCE16E206E0844002805DD206E0028EF
:106DD00002DA206E40422066E16E206E0844206692
:106DE0000DE0B4F87000C0F3002030B1D4E9180110
:106DF000884202D1A06E206601E0606E20662846BF
:106E000000F03AF870BD70B5064600BF00BF3446CA
:106E10000A21E06E90FBF1F5002D01DDE56601E051
:106E20000120E066304600F027F870BD2DE9F04102
:106E3000054600BF00BF2C46D4E91910002802DA2D
:106E4000A06E404200E0A06E814201DD606E06E06F
:106E5000A06E002802DAA06E404200E0A06E074655
:106E6000E06E00EB80004600BE4200DCE66628468D
:106E700000F002F8BDE8F0812DE9F04F8BB08146BB
:106E80004D46122106A8F8F74AFD06AE4FF0000B5A
:106E9000A86E002808DA286E002801DB2B2000E00D
:106EA0002D203070761C03E00BF1010000F0FF0B89
:106EB000286E002801DD286E01E0286E404203465E
:106EC0003EA20E2102A8FFF7FFFD02A8D9F7EDF9B7
:106ED00095F8701001F00F01A1EB0008B8F1000F58
:106EE00015DD02A8D9F7E1F984B206E002A8005D39
:106EF00004EB080102AA5054641E002CF6DA0024A8
:106F000003E0302002A90855641C4445F9DB95F8DC
:106F10007000C0F3031020B995F8700000F00F0066
:106F200003E095F87000C0F303100190002404E022
:106F300002A8005D3070761C641C0198844203DA5C
:106F400002A8005D0028F3D195F87000C0F303108B
:106F500090B12E203070761C04E002A8005D3070E5
:106F6000761C641C95F8700000F00F00A04203DD51
:106F700002A8005D0028F0D106A9484601F0AEFD48
:106F8000D5F86CA095F8700000F00F0704E00A2017
:106F90009AFBF0FA781EC7B2BAF10A0FF7DA019835
:106FA000874201DD781CC7B2A7EB0B00C7B2394698
:106FB000484601F0BBFC0BB0BDE8F08F2564000033
:106FC00030B591B005460C4602212046F9F7AEFDDA
:106FD00001A8ECF743FF00BF019400BF1A4901A8C4
:106FE000ECF7C1FF01A84FF6FF71818700BF174979
:106FF00008680B9000BF1648006800F5B47214488A
:10700000016801A8ECF7D1FF01A8ECF7F1FF1148E6
:10701000079000BF4FF4B472002101A8ECF7C5FF40
:107020000D4901A8ECF79FFF01A8ECF7E1FF4FF431
:10703000B47200212046EDF7E4FB4FF4877120463F
:10704000EDF7B4FC11B030BD69510008C401002057
:10705000C8010020953E01087951000870B504462A
:107060000D46164632462946204600F03CF870BDD3
:10707000F0B503469888C00B68B11C6807E020880B
:10708000884203D1606810600120F0BD0834208878
:107090000028F4D1F9E7D87908B90020F5E7D879C4
:1070A000012815DDD8791F6807EB80052E460024DE
:1070B0000AE036F81400884205D11F6857F824000A
:1070C00010600120E1E7641CD879A042F1D808E003
:1070D0009888C0F30E00884203D118681060012020
:1070E000D3E70020D1E7F0B503469888C00B68B11C
:1070F0001C6807E02088884203D160681060012086
:10710000F0BD083420880028F4D1F9E7D87908B90F
:107110000020F5E7D879012815DDD8791F6807EB3D
:1071200080052E4600240AE036F81400884205D176
:107130001F6857F8240010600120E1E7641CD8792B
:10714000A042F1D808E09888C0F30E00884203D12D
:10715000186810600120D3E70020D1E710B504467D
:1071600008212046F8F7DBFB10BD014600BF00BF39
:10717000C87908B9012070470020FCE73EB50446F5
:107180004E2C75D01EDC332C73D00EDC292C78D01D
:1071900006DC202C45D0222C53D0252C6CD177E056
:1071A000302C4FD0312C67D168E0462C68D004DCFD
:1071B0003B2C49D0442C79D145E0472C48D04D2C6C
:1071C00074D143E040F63C01601A8C425AD010DC86
:1071D00040F25741A4EB01008C4238D004DC522C21
:1071E00033D0532C62D150E0012848D00B285DD118
:1071F00043E040F2CA72811A904253D006DC09285B
:1072000041D0A0F2C770002850D14AE0A1F253400B
:1072100088B3A0F50C50B53870BB4FF48070029065
:1072200048E000BFFF2211461046EFF72CFE009009
:10723000BDF8001008460190BDF80400ADF8080044
:1072400038E000BF00BF00BF00BF00BF00BF00BFED
:1072500000BF002211461046EFF715FE0090BDF862
:10726000001008460190BDF80400ADF8080021E0C8
:107270000AE010E005E011E018E000BF00BF00BF29
:1072800000BF00BF00BF00BF00BFFF20029011E0A1
:10729000FF2002900EE00F2002900BE007480290C2
:1072A00008E000BF41F6FF70029003E0002002906A
:1072B000029000BF00BF02983EBD0000B44003082A
:1072C00003480088401C024908800846008870472F
:1072D000200200202DE9FE4F0446884600BF00BF73
:1072E000A088C00B20B100BF00BF0020BDE8FE8F0A
:1072F000E07908B90020F9E7E07901280ED1A088EB
:10730000C0F30E00404507D1A0886FF30E00A080A7
:107310000020E0710120E9E70020E7E7E07921683B
:1073200001EB80060296029E002553E036F8150018
:1073300040454ED1D4F80090E079022812D10120C6
:10734000E0710DB9708800E03088A18860F30E010B
:10735000A1801DB9D9F80400206035E0D9F80000FB
:10736000206031E0E079401E00EB400040000190D9
:107370000198F7F7EFFF8246BAF1000F01D1002024
:10738000B4E7C4F800A0E079401EE071E0790AEBB0
:107390008000029002980090D34600273D460FE0FF
:1073A00036F8170040450AD059F827104BF8251039
:1073B00036F8172028466D1C009921F810207F1CF4
:1073C000E079B842ECD200BF4846F8F791F80120C6
:1073D0008CE76D1CE079A842A8D8002086E710B59C
:1073E000044600BF00BFA088C00B10B100BF00BFA3
:1073F00010BDE079012802DD2068F8F779F808214E
:107400002046F8F78CFA00BFF2E738B505460C467F
:10741000009465212846009A00F087F938BD13B51D
:1074200082B00446BDF80C00ADF80400522120469D
:10743000019A00F07AF91FBD38B505460C46009454
:1074400051212846009A00F070F938BD38B505463C
:107450000C4600944FF405612846009A00F065F947
:1074600038BD13B582B00446BDF80C00ADF8040079
:1074700020212046019A00F058F91FBD13B582B0B3
:107480000446BDF80C00ADF8040022212046019A04
:1074900000F04BF91FBD38B505460C46009440F688
:1074A00028012846009A00F040F938BD38B5054655
:1074B0000C46009421212846009A00F036F938BD88
:1074C00013B582B00446BDF80C00ADF804003021BD
:1074D0002046019A00F029F91FBD38B505460C4633
:1074E000009431212846009A00F01FF938BD38B5C4
:1074F00005460C46009434212846009A00F015F900
:1075000038BD38B505460C46009433212846009A0C
:1075100000F00BF938BD38B505460C46009441F231
:1075200032012846009A00F000F938BD38B505460A
:107530000C46009461212846009A00F0F6F838BD08
:1075400038B505460C46009463212846009A00F0A1
:10755000ECF838BD38B505460C4600946421284641
:10756000009A00F0E2F838BD38B505460C460094A4
:1075700041F204012846009A00F0D7F838BD13B54F
:1075800082B00446BDF80C00ADF804004D21204641
:10759000019A00F0CAF81FBD38B505460C460094A4
:1075A00040F649012846009A00F0BFF838BD38B5CA
:1075B00005460C46009441F206012846009A00F068
:1075C000B4F838BD38B505460C46009441F20301C5
:1075D0002846009A00F0A9F838BD13B582B00446D9
:1075E000BDF80C00ADF804003B212046019A00F0E4
:1075F0009CF81FBD38B505460C46009440F63C018A
:107600002846009A00F091F838BD38B505460C467A
:10761000009440F63D012846009A00F086F838BDF7
:1076200038B505460C46009440F63A012846009AC3
:1076300000F07BF838BD70B504460D46294620465B
:1076400000F03BF82946204600F042F82946204643
:1076500000F054F82946204600F001F870BD38B516
:1076600005460C46009441F611012846009A00F0A8
:107670005CF838BD38B505460C46009441F6150156
:107680002846009A00F051F838BD70B504460D4602
:107690002946204600F027F829462046FFF7EAFF52
:1076A00070BD70B504460D462946204600F005F829
:1076B0002946204600F00CF870BD38B505460C464A
:1076C000009441F612012846009A00F02EF838BDC9
:1076D00038B505460C46009441F613012846009A39
:1076E00000F023F838BD38B505460C46009441F645
:1076F00014012846009A00F018F838BD38B5054640
:107700000C46009441F610012846009A00F00DF84E
:1077100038BD70B504460D4629462046FFF7EEFFFA
:1077200029462046FFF79BFF70BD2DE9F74F82B039
:1077300004460F4600BF00BFA088C00B20B100BFA9
:1077400000BF05B0BDE8F08FE079012843DDE079A6
:10775000216801EB8008C246E079451E09E03AF84D
:107760001500B84204D12068049A40F82520E8E7C3
:107770006D1E002DF3DAE079401C00EB4000400064
:10778000019020680199F7F707FF064606B9D8E788
:107790002660E07906EB8008C246E079451E05E0E8
:1077A0003AF81510A81C2AF810106D1E002DF7DAF3
:1077B000E079401CE071E07906EB8008C246B346F0
:1077C000E079401E2AF81070E079401E5E46049968
:1077D0004BF8201037E0E07901282CD1A088C0F3C5
:1077E0000E00B84202D104982060AAE7E079401C5C
:1077F00000EB40004FEA400B5846F7F7ABFD05465B
:1078000005B99EE7206801902560E079401CE07191
:10781000E07905EB8008C2462E46A088C0F30E0032
:10782000D046AAF80000AAF80270354601983060E8
:107830000498706007E00120E071A08867F30E00F3
:10784000A080049820603846DCF71AF98146A179B7
:10785000012202FA09F21143A17100BF71E738B5A4
:1078600005460C46009460212846009AFFF75DFF0C
:1078700038BD13B582B00446BDF80C00ADF8040065
:1078800044212046019AFFF750FF1FBD38B5054639
:107890000C46009440F642012846009AFFF745FF47
:1078A00038BD38B505460C46009440F645012846DB
:1078B000009AFFF73AFF38BD38B505460C460094EC
:1078C00040F643012846009AFFF72FFF38BD38B530
:1078D00005460C4600944FF404612846009AFFF7D1
:1078E00024FF38BD70B504460D462946204600F0F9
:1078F00054F829462046FFF737FE70BD38B50546D7
:107900000C46009441F25D412846009AFFF70DFFB6
:1079100038BD13B582B00446BDF80C00ADF80400C4
:1079200040F257412046019AFFF7FFFE1FBD38B5D0
:1079300005460C46009441F259412846009AFFF74B
:10794000F4FE38BD38B505460C46009441F25B4163
:107950002846009AFFF7E9FE38BD38B505460C46C3
:10796000009440F60B012846009AFFF7DEFE38BD72
:1079700038B505460C46009440F60A012846009AA0
:10798000FFF7D3FE38BD38B505460C460094672195
:107990002846009AFFF7C9FE38BD38B505460C46A3
:1079A000009441F201012846009AFFF7BEFE38BD5F
:1079B0002DE9F04704460D4616461F46DDE90889C5
:1079C00014212046F7F7ABFF25600EB9054800E00B
:1079D0003046A060E760C4F81080C4F80490BDE8A9
:1079E000F08700001B3F010870B504460D4626468F
:1079F00075623046FCF773F870BD70B504462568B3
:107A00004FF0FF3068622846FCF769F870BD70B52A
:107A100006460C4625464FF0FF306862102120468E
:107A2000F9F784F808212046F8F764FB4FF48061E9
:107A30002046F8F75FFB70BD70B506460C4625463C
:107A400000212846ECF7C2F970BD00002DE9FC5F6B
:107A50000F4639463D48F9F773FD0190019801281A
:107A600001D0BDE8FC9F3846F3F715FC05463846C3
:107A7000F3F772FC0090132D58D14FF44031009869
:107A8000FBF76CF880464FF440310098FBF70FF994
:107A900081464FF440310098FBF7D9F982464FF404
:107AA00040310098FAF77DFF8346C84501DD404626
:107AB00000E04846D34501DD594600E05146884282
:107AC00005DDC84501DD404606E0484604E0D345F3
:107AD00001DD584600E050460646B01C06B24FF4A1
:107AE00040310098F8F7A9FE304406B23846F3F763
:107AF00030FC0446B4F90000B04202DDB4F90000E5
:107B000000E0304620804FF400310098F8F795FEF1
:107B1000B4F90010884202DAB4F9000004E04FF42E
:107B200000310098F8F789FE20800DE01C2D06D169
:107B3000009800F00DF80098FBF7D1FF04E0152D38
:107B400002D13846E3F743FC00BF8AE770440308DC
:107B50002DE9F04790B0804600BF00BF44460025A5
:107B6000652229462046FBF799F90F900F9F00BF29
:107B7000002F47D04046FAF781FC00F0010A606A06
:107B8000401C80B9BAF1000F01D0002001E04FF491
:107B900080700546BAF1000F02D04FF4807000E00B
:107BA0000020064608E0656ABAF1000F02D04FF4E3
:107BB000807000E000200646A81B002801DDA81BFD
:107BC00000E0701B78434FEA102900212046ECF7B3
:107BD000FDF86846ECF742F900BF009400BF0B487F
:107BE000019000BF00BF07950895099600BF08489F
:107BF000039000BF00BFCDF8289000BF6846ECF7A7
:107C0000F7F900BF10B0BDE8F0870000E97902087D
:107C1000FB79020870B506460C4625460120A8846B
:107C2000E884A98C4800F7F795FB2863E98C4800A5
:107C3000F7F790FBE8628220296B0880E96A0880E8
:107C4000EA8CAB8C5A439100A86AF7F7A5FCA862AE
:107C50000020A96A086070BD2DE9F04107460E4674
:107C6000344600250EE0A06A50F8250040B1A16A14
:107C700051F82500F7F73CFC0020A16A41F82500E7
:107C8000681C85B2A08CE18C4843A842EBDCA06A5A
:107C900010B1A06AF7F72CFCE06A10B1E06AF7F7C0
:107CA00027FC206B10B1206BF7F722FCBDE8F081B8
:107CB0002DE9F34F83B083480499F9F741FC8146DD
:107CC000B9F1010F02D005B0BDE8F08F0498F3F7C9
:107CD000E2FA06460498F3F73FFB824654462A2E02
:107CE00004D10021504603F097FBE9E02C2E27D168
:107CF0000498F3F72EFB80464FF0000B002506E0BA
:107D0000206B30F8150058440FFA80FB6D1CA08CD6
:107D1000A842F5D80027002505E0E06A30F81500F4
:107D2000384407B26D1CE08CA842F6D8ABF10100D4
:107D300000B2A8F80000781E00B2A8F80200BFE068
:107D4000012E01D0022E1BD102AA01A95046E9F74B
:107D500089FA0546012D12D1A08EBDF8081088427F
:107D600004D1E08EBDF80410884208D0BDF80800A8
:107D7000A086BDF80400E0865046FBF7B0FE9FE009
:107D8000082E2BD15046FBF7AAFEF5F7A5FB80463F
:107D90004046F5F7E6FB0746A08E4FF6FF71884296
:107DA0000DD0E08E88420AD04FB900221C215046E7
:107DB000F3F7D8FA8146B9F1010F00D083E7F5F760
:107DC0008BFB8346F5F7DDFB0546012D01D0032D26
:107DD00003D14FF6FF70A086E08671E00E2E03D12E
:107DE0005046FBF77CFE6BE00D2E64D10498F3F750
:107DF000B0FAD0F80080A78EE58E4FF6FF7087426C
:107E000001D0854206D10020A086E0865046FBF7CF
:107E100066FE58E7A08CB84200DC0027E08CA84240
:107E200000DC0025B8F1140F01D17F1E0FE0B8F17E
:107E3000130F01D17F1C0AE0B8F1110F01D16D1EA3
:107E400005E0B8F1120F01D16D1C00E03BE7A08CFA
:107E5000B84209DCE08C401EA84202DD00276D1C00
:107E60000AE0A08C471E07E0002F05DA1DB1A08CA8
:107E7000471E6D1E00E00027E08CA84202DCE08C6B
:107E8000451E02E0002D00DA0025A08EB84202D186
:107E9000E08EA8420ED0A786E5865046FBF71FFE6F
:107EA00000221C215046F3F75DFA8146B9F1010F1B
:107EB00000D008E704E0152E02D10498E3F76AFB2E
:107EC00000BF00E78C4403082DE9F04781460D46CA
:107ED0002C465148007884F82C0094F82C00012896
:107EE00010D0022813D0042802D0082814D104E0AE
:107EF00001212846FCF722FF0EE009212846FCF765
:107F00001DFF09E000212846FCF718FF04E00821C6
:107F10002846FCF713FF00BF00BF42F2640211467F
:107F20002846FDF73CF82846EDF7F6F907462846BF
:107F3000F8F7C2FE804601213846EDF703FF042022
:107F4000F7F708FA606235A0616A08603846616A2E
:107F5000EDF700FE00231C2231493846F8F782F87D
:107F60004FF480413846F8F7C5F800231A462D49EA
:107F70004046F8F777F800214046FCF7F6FF94F802
:107F80002C00012819D0022818D0042802D0082873
:107F900026D100E000BF2448B0F9002042F264017D
:107FA0003846FCF7FCFF42F264014046FDF73AFA1E
:107FB00001214046FCF7D4FE12E000BF42F2640209
:107FC0001948B0F900103846FCF7E9FF42F26401A5
:107FD0004046FCF7D4FE01214046FCF7C1FE00BF3D
:107FE00000BFF3F7C1FF06461EB139463046F3F72E
:107FF000F5FE00214046FCF7A1FE03214046FCF7B8
:108000009AFF80214046F8F775F84FF480614046AA
:10801000F8F78CFDBDE8F087CC01002000000000DF
:1080200011560008EB690008CE0100202DE9F0414F
:1080300007460E46344694F82C0000F00C0070B150
:10804000002509E0616A51F82500F7F751FA002090
:10805000616A41F825006D1C208DA842F2D894F881
:108060002C0000F0030080B100250BE06A00616A7B
:1080700051F82200F7F73CFA00206A00616A41F8E3
:1080800022006D1C208DA842F0D8606AF7F730FA04
:1080900000206062BDE8F0812DE9F04781460C4682
:1080A00021460E48F9F74CFA0646012E01D0BDE8EC
:1080B000F0872046F3F7EFF805462046F3F74CF932
:1080C0000746292D08D1384600F011F880460022D5
:1080D0004146384600F018F800BFE8E71C0B0308DB
:1080E00010B5044601212046F9F74FFA10BD0146AC
:1080F00000BF00BF0A46508D704710B504460021EE
:108100002046F9F742FA10BD2DE9FC5F80460C4687
:10811000934600BF00BF4646308DA04201D8308D47
:10812000441E4046FDF7D0F94046FFF7D9FF05460B
:108130000DB9BDE8FC9F4FF0000A41F6150251460B
:108140002846FAF7ABFE0090009807B200BF284619
:10815000F9F7BBFA814600214046FAF716FA0128E2
:1081600008D007EB0900604301B25A462846FCF7E5
:108170005FFD0BE0C4F1000A07EB090000FB0AF009
:1081800001B25A462846FCF753FD00BF4046FFF7B0
:10819000B4FF0190A1B280220198EDF789FC7485AB
:1081A00000BFC6E72DE9F34792B0074600BF00BF06
:1081B0003C46139810900020119010AD2946384687
:1081C000EAF768FE0646012E02D014B0BDE8F0873B
:1081D00094F85C00C0F3C00040B113980A2802D0A4
:1081E00013980D2802D100BF00BFEEE7002113A8AD
:1081F000414A12689047814649463846DDF754FEA9
:1082000010B900BF00BFE0E794F85C00C0F3800045
:1082100010B1384602F052FEA06A50B1606AF6F71B
:108220008FF8804698F8000010B93846FBF757FCE5
:1082300000BF2A46216C606AF6F794F8384600F0D1
:1082400025F994F85C00C0F38000002844D0E06A6F
:10825000D8F72BF882462846D8F727F8504400F183
:1082600001084146E06AF7F797F9E06200BFE06A6B
:1082700018B900BF00BF00BFFEE700BFE06A00B949
:10828000A3E72A46216CE06ADBF7E6FC208F18B9E9
:10829000384602F013FE1FE06846EBF7DFFD21468B
:1082A0006846EBF792FE15496846EBF760FE218FB2
:1082B0006846EBF770FE012200216846EBF77DFE71
:1082C0000F496846EBF757FE0E496846EBF759FE33
:1082D0006846EBF78DFE00BF384600F0F5FA00F176
:1082E00001084146384600F021FB00221C21384697
:1082F000F3F738F800BF68E74402002075AF0208C2
:10830000473F010877AF02082DE9F04391B00646D8
:108310000D4600BF00BF00BF1DB900BF00BF00BFBA
:10832000FEE700BF344694F85C00C0F3800010B153
:10833000304602F0C3FD304600F0C0FA18B93046AE
:1083400000F0C8FAC8B1002010900FE010A928462C
:10835000484A12689047804640464749096888471E
:10836000814649463046FFF71DFF00BF1098285C44
:108370000028EBD111B0BDE8F08329463046EAF77A
:1083800089FD0746012F00D0F4E7A06A50B1606A6A
:10839000F5F7D6FF804698F8000010B93046FBF795
:1083A0009EFB00BF2A46216C606AF5F7DBFF304672
:1083B00000F06CF894F85C00C0F38000002844D012
:1083C000E06AD7F772FF81462846D7F76EFF484428
:1083D00000F101084146E06AF7F7DEF8E06200BF0D
:1083E000E06A18B900BF00BF00BFFEE700BFE06A47
:1083F00000B9BFE72A46216CE06ADBF72DFC208F2D
:1084000018B9304602F05AFD1FE001A8EBF726FD2F
:10841000214601A8EBF7D9FD184901A8EBF7A7FD04
:10842000218F01A8EBF7B7FD0122002101A8EBF78E
:10843000C4FD134901A8EBF79EFD124901A8EBF713
:10844000A0FD01A8EBF7D4FD00BF304600F03CFAD8
:10845000814628460C490968884709EB00084146CF
:10846000304600F063FA00221C213046F2F77AFF12
:1084700000BF7FE7440200203C02002075AF0208E5
:10848000473F010877AF02085402002070B5054647
:1084900000BF00BF2C46606AF5F75EFF4FF6FF7124
:1084A000884206D1606AF5F751FF4FF6FF718842A6
:1084B00009D04FF6FF71606AF6F7C4FC4FF6FF7102
:1084C000606AF6F7B4FC70BD2DE9F04107460C4632
:1084D000254695F85C0020F0040085F85C0000203B
:1084E000E86240F2DC50288700202863686350204F
:1084F000405D20F00100401C5021485501212964B5
:108500005020405D20F00200801C50214855002082
:10851000A88795F85C0020F0080085F85C0095F8C5
:108520005C0020F0020085F85C0000206862A86210
:108530002046F5F7E3FB68626420FDF75BF806462A
:108540003146686AFCF76EFF0BA1686AF6F7DEFB3E
:1085500000231A460949686AF7F784FD4FF48061E1
:108560002046F7F7C7FD0021204600F0DFF920463E
:1085700003F070FEBDE8F081000000009B370108A9
:108580002DE9F84F054600BF00BF2C46284600F0F5
:108590009BF980466A464146606AF5F7CDFD0021A9
:1085A0002846FAF7ECFD064600212846FAF773FD47
:1085B00081464846F3F740F80746BDF80210B8195F
:1085C000401C084400B2ADF80200A08FADF80000D6
:1085D000606AF9F7EFF8BDF9021088420DDD6946CF
:1085E000606AF5F775FC8246B4F93C80514628462E
:1085F00000F09CF9A4F83C8000BFBDE8F88F70B58E
:10860000054600BF00BF284600F05EF9044624B1CD
:10861000641E2146284600F089F970BD70B50546F4
:1086200000BF00BF284600F04FF90446641C2146F5
:10863000284600F07BF970BD2DE9F84F044600BFD5
:1086400000BF2546204600F03FF983462C466A4687
:108650005946686AF5F770FD00212046FAF78FFD4C
:10866000064600212046FAF716FD81464846F2F7F5
:10867000E3FF0746BDF80210B819401E081A00B201
:10868000ADF80200A88FADF800006946686AF5F7FA
:108690001FFC8246B5F93C805146204600F046F961
:1086A000A5F83C80BDE8F88F2DE9F843054600BFEA
:1086B00000BF2C46276C0FB9BDE8F8832AA00068DC
:1086C000009069462846EAF7E5FB0646012E00D0F1
:1086D000F2E7606AF5F734FE8146206C411E012204
:1086E0004846DBF7E1F94946606AF6F70FFB284692
:1086F000FFF7CCFEA06A50B1606AF5F721FE804614
:1087000098F8000010B92846FBF7E9F900BF94F883
:108710005C00C0F38000D0B1226C511E0122E06ADF
:10872000DBF7C2F9E06AD7F7C0FD00F10108414666
:10873000E06AF6F731FFE06200BFE06A18B900BFF7
:1087400000BF00BFFEE700BFE06A00B9B4E7206CDD
:10875000411E284600F0EAF800221C212846F2F7C4
:1087600001FE00BFA8E700007F00000070B50546CD
:1087700000BF00BF284600F0A7F80446611C284649
:1087800000F0D4F8284600F09FF8A04202D0284616
:10879000FFF78AFF70BD70B506460D462C46E06AAD
:1087A00020B1E06AF6F7A4FE0020E062A06A20B1E2
:1087B000A06AF6F79DFE0020A06270BD2DE9F0478B
:1087C00081460E4631463C48F8F7BAFE0746012F6F
:1087D00001D0BDE8F0873046F2F75DFD0546304632
:1087E000F2F7BAFD80460E2D03D1404603F032FD6C
:1087F00060E00D2D47D13046F2F7ABFD0468132C35
:1088000003D14046FFF70AFF3CE0142C03D1404659
:10881000FFF7F5FE36E0112C03D14046FFF70CFFC1
:1088200030E0122C03D14046FFF7AAFE2AE0082CC4
:1088300003D14046FFF738FF24E07F2C03D14046A8
:10884000FFF794FF1EE0022C04D10021404600F007
:108850006DF817E0032C05D147F6FF71404600F094
:1088600065F80FE00A2C09D1404600F039F828B12C
:1088700000221F214046F2F775FD03E021464046E5
:10888000FFF790FC16E0012D05D0022D03D0032D3B
:1088900001D0082D03D1304606F071FF0AE0152DF6
:1088A00003D13046E3F754FB04E0182D02D13046E3
:1088B000DFF7DAFD00BF8CE7A8440308014600BFDC
:1088C00000BF0A46106B7047014600BF00BF0A4652
:1088D000106C7047014600BF00BF0A46506B7047DE
:1088E000014600BF00BF0A4692F85C00C0F3C0001A
:1088F000704770B5054600BF00BF2C4694F85C0079
:10890000C0F3800020B9606AF5F71AFD064600E062
:10891000E66A304670BD10B500BF00BF0246502366
:108920009B5C61F341035024A35410BD2DE9FC5F0F
:1089300080460C4600BF00BF4546286CA04201D1CE
:10894000BDE8FC9F686AF5F7FBFC3A4900900968AE
:1089500088470646002C00DA3444B44203DC47F66C
:10896000FF70844200D134462C644046FCF7ACFDD5
:1089700000214046FAF78FFB834601AA2146686A28
:10898000F5F7DAFB5846F2F757FE07464046F9F787
:1089900001F9BDF90610884205DDBDF90610012276
:1089A0004046FCF761F94046F8F770FE81464046C4
:1089B000F9F7F0F8BDF906103944081A484509DD01
:1089C000BDF80600A0EB0900384401B20122404680
:1089D000FCF74AF94046F8F7E3FFBDF90410884276
:1089E00005DDBDF9041001224046FCF721F940469F
:1089F000F8F76BFE82464046F8F7D2FFBDF9041047
:108A00003944081A504509DDBDF80400A0EB0A00FE
:108A1000384401B201224046FCF70AF9BDF80400CF
:108A2000A887404603F016FC404602F0BDFA00BF9E
:108A300086E70000540200202DE9F04105460E466D
:108A400000BF00BF2C4694F85C00C0F3C000B042E9
:108A500001D1BDE8F08106B394F85C0020F0080075
:108A6000083084F85C0042F2D171606AFCF7DAFCED
:108A70006420FCF7BFFD074600223946606AFCF718
:108A80004BFC42F2D1712846FCF779F900231A46D3
:108A900019462846FCF79DF81EE094F85C0020F08B
:108AA000080084F85C006420FCF7A4FD0746394602
:108AB000606AFCF7B7FC00221146606AFCF72CFCE8
:108AC000002241F204012846FBF748FE00231A4623
:108AD00019462846FCF77DF800BFBAE72DE9F041BA
:108AE00090B006460D4600BF00BF00BF1DB900BFD5
:108AF00000BF00BFFEE700BF34463046FFF7C6FCAC
:108B00003046FFF7DBFE18B93046FFF7E3FE40B30F
:108B100045A1606AF6F7FAF847F6FF713046FFF7AD
:108B200005FF94F85C00C0F3800010B10020E16AFA
:108B3000087000200F900FE00FA928463B4A1268EA
:108B40009047074638463A49096888478046414673
:108B50003046FFF727FB00BF0F98285C0028EBD1B9
:108B600008E02946606AF6F7D1F847F6FF7130460B
:108B7000FFF7DCFEA06A48B1606AF5F7E1FB074643
:108B8000387810B93046FAF7AAFF00BF94F85C00B5
:108B9000C0F3800000283FD02846D7F786FB471C4B
:108BA0003946E06AF6F7F8FCE06200BFE06A18B9FF
:108BB00000BF00BF00BFFEE700BFE06A10B910B001
:108BC000BDE8F0812946E06AD7F784FB208F18B909
:108BD000304602F073F91FE06846EBF73FF9214693
:108BE0006846EBF7F2F913496846EBF7C0F9218FB5
:108BF0006846EBF7D0F9012200216846EBF7DDF972
:108C00000D496846EBF7B7F90C496846EBF7B9F937
:108C10006846EBF7EDF900BF00221C213046F2F761
:108C2000A1FB00BFCBE700000000000044020020D1
:108C30003C02002075AF0208473F010877AF0208E9
:108C400070B50446204600F099F8054605B970BD98
:108C500000BF064A00212046FBF7AFFD00BF2146BA
:108C60002846DCF771FA00BFF1E70000FFFF0F00B4
:108C700000B500F067F808B9002000BD0048FCE727
:108C8000984400202DE9FF4104461E460A9D00F04D
:108C900059F860B90020254908704FF41270F6F7B2
:108CA00059FB234908600846006822490860EEF72E
:108CB0008BFE0746EEF7A0FEB0F5A07F03DC032095
:108CC0001D4908700EE0EEF77FFE0746EEF794FEB2
:108CD000B0F5347F03DA02201749087002E0012062
:108CE000154908701548C460BDF804100182BDF82C
:108CF0000810418245618561C56111480F490860CE
:108D00000846066203F0EAFA2CB12046EEF7D2FEDE
:108D10000A49884202D10020FBF7F8FD01200349EF
:108D20000870064804B0BDE8F08100000E01002084
:108D30000C020020000100200401002098440020C3
:108D40009DE002080348006808B101207047002038
:108D5000FCE700000C02002038B50546284600F06C
:108D60000DF8044614B1208A009003E01120FCF7AE
:108D700029FC0090BDF80010084638BD70B50446C7
:108D80001CB12046F8F7CCFC01E0EEF71DFE0546CD
:108D90002846EEF78FFE70BD70B5044600F009F866
:108DA0000546A54201D32C1B01E064422C44204619
:108DB00070BD10B507F068F910BD000070B505462C
:108DC0000C4642F2640211462046FCF7E8F8002304
:108DD0001A4608492046F7F745F980212046F7F75B
:108DE00089F903212046FCF7A6F803212046FCF769
:108DF000AFF870BD89F202082DE9F04781460C46B4
:108E00002046F8F727FD804642F2640211462046CC
:108E1000FCF7C5F82046FCF757FB4046F8F736FC50
:108E200010490988484306B24046F8F74EFC0E49FF
:108E30000988484307B2324639462046FCF75DF8B8
:108E400025460A48007885F824000748006838B9A4
:108E50000448006820B9054801784046FCF75CF8F2
:108E6000BDE8F087D8010020D4010020D001002007
:108E70002DE9F04105460E46174600240F48DAF763
:108E8000EBFA044600BF1CB900BF00BF00BFFEE7FD
:108E900000BF14B90020BDE8F0812660A5604FF046
:108EA000FF30206100206061FFF783FF6060E760B2
:108EB0000120034908702046EDE70000E44400204B
:108EC0002702002010B5044621460548DAF710FBBA
:108ED0000120044908702046F6F70AFB10BD000087
:108EE000E444002026020020014908707047000079
:108EF0002402002070B50446207D00F0010008B176
:108F0000002070BD0025204600F0DFF888B92669F2
:108F10002069002802DD2069401E2061FFF749FF1B
:108F20006060A06818B116B12046A1688847012585
:108F300000BF0548007820B9206910B92046FFF726
:108F4000C1FF2846DDE70000260200200148007826
:108F500070470000250200202DE9F04149480078C3
:108F600010B10120BDE8F081012046490870464853
:108F7000007818B9002008700120F3E7FFF719FF07
:108F8000074667B941480068401C404908600846E8
:108F90000068642803D90020086000BF00BF00BF3C
:108FA00000203B4908703B4908703B48DAF721FA3A
:108FB0003A49086013E0394801683748DAF731FA6E
:108FC000044636480068FFF795FF30B13148007815
:108FD00010B92F48007800B105E0304804602F48F0
:108FE00000680028E7D100BF2C4800680028D7D1CE
:108FF000461E2948DAF7FDF9044610E0207D00F00E
:10900000010038B9204600F060F88046B04500D233
:10901000464600BF21462048DAF703FA0446002CF2
:10902000ECD13846FFF7B8FE1D49096808441C49D1
:1090300008601C480068FFF7AFFE0546B5F5FA7FEB
:109040001AD31748006864214843B0FBF5F016496D
:10905000087008460078642801DD002003E012480B
:109060000078C0F164001049087000200C490860C5
:10907000FFF79FFE0B490860002002490870304648
:1090800070E70000280200202402002034020020A3
:109090002602002027020020E444002008020020CD
:1090A000300200202C020020250200200121416115
:1090B000704710B50446FFF77CFE2168401A401E39
:1090C000606010BD00214161704770B50446606862
:1090D000FFF762FE05462068A84201D8002070BD57
:1090E0002068401BFBE72DE9F04707460C46164673
:1090F00000F0ADF88046A6EB08000421DBF70BFD7D
:109100000546E11704EB91718910A4EB810121B1AF
:1091100000BF00BF0020BDE8F0870C2D02D3B5F5DD
:10912000004F03D900BF00BF0020F4E76FF0030138
:10913000204601F0CFFA814629464846DCF779F906
:109140004846DCF767F94846DCF76EF94946384689
:10915000DCF745F84846DCF768F8824600215046BF
:10916000DCF767F95046DCF76AF95046DCF757F947
:109170002046D0E710B50446E11704EB9171891041
:10918000A4EB810119B100BF00BF002010BD204633
:10919000DDF783FC2046F9E72DE9F04104460D4652
:1091A0002046FFF7E7FF064600F0BEF82F1A00F052
:1091B000BBF800EB04083A4641463046FFF793FF00
:1091C0003046BDE8F0812DE9F04105460C4604B378
:1091D0002F462046DBF7FFFF064600BF3046DCF790
:1091E00010F818B100BF00BF00BFFEE700BF304657
:1091F000DCF74EF831463846DCF78BF80646314648
:109200003846DCF75FF8064631463846DBF7E7FFBD
:1092100000BFBDE8F08100B5014600F085F80844C4
:1092200000BD2DE9F04104460D462646042128469E
:10923000DBF759FC074639463046DBF7FFFF80462F
:109240003A4641463046DCF7A8F8BDE8F0810820F0
:1092500070472DE9FE4F80460C461546C2464FF03A
:1092600000092CB125B921464046FFF7ACFF58E074
:109270002CB929464046FFF7D4FF814651E02046ED
:10928000DBF7A9FF02900298DCF76BF801900298D7
:10929000DCF7DAF806460198DCF7D6F83044001D12
:1092A000009004212846DBF71EFC074600BF029809
:1092B000DBF7A7FF18B100BF00BF00BFFEE700BF8C
:1092C000B7421ED90198DBF79CFF10B10098874286
:1092D00017D929464046FFF7A4FF8146B9F1000F90
:1092E0001ED0AE4201D2304600E0284683465A46A0
:1092F00021464846F6F785F921464046FFF763FFC9
:109300000EE0B74206D950460299DBF7DBFF029820
:10931000DBF7CBFF3A4650460299DCF70EF9A1463F
:1093200000BF4846BDE8FE8F4FF4976070470000CD
:109330002DE9F05F07460D4616460DB1284600E0C0
:10934000144880466FF00301384601F0C3F9044623
:1093500017E02046DBF755FF08B9012000E00020A8
:1093600081462046DCF770F882462046DCF7BBF8E1
:10937000834633464A465146C0472046DBF7F1FF55
:10938000044624B12046DBF741FF0028E1D0BDE8C8
:10939000F09F0000B56D000810B5044604F15A00B6
:1093A00000B200F009F810BD10B5044604F15A00EF
:1093B00000B200F001F810BD014600204FF4B47275
:1093C00091FBF2F302FB1311002902DA01F5B472EA
:1093D00011B25A2903DA134A32F9110020E05A294E
:1093E00008DBB42906DAC1F1B40211B20D4A32F930
:1093F000110015E0B4290BDBB1F5877F08DAA1F184
:10940000B40211B2074A32F81120524210B207E0FA
:10941000C1F5B47211B2034A32F81120524210B2AF
:10942000704700004C4203082DE9FF4F85B083468A
:10943000139CBBF1000F02D09BF8000018B900206C
:1094400009B0BDE8F08F069808B90020F8E7129837
:1094500000F0020010B141F6FF7008904FF00008D4
:109460000020049003900025814600268246471E76
:10947000019004A95846444A12689047054604984A
:10948000039065E003A958463F4A12689047814619
:109490000AF1010A129800F0010050B1294614980F
:1094A000DAF70AFC28B1DDF81080039804904D46E5
:1094B0004EE04A4629460698F2F797F800B2029025
:1094C0000298304406B20298002802DD0798304422
:1094D00006B2781C40B90798311A0898814203DD1A
:1094E0004746AAF1010001900A2D1DD00D2D1BD079
:1094F00028460022B0F59C4F05D349F6A573984243
:1095000001D801230FE0002107E020A35B5C834228
:1095100001D1012205E04B1CD9B21CA35B5C002BDE
:10952000F3D100BF13464BB1B8F1000F03D1781C43
:1095300008B904B12660AAF1010A0DE014B1781C43
:1095400000B92660DDF81080039804904D4600BFF6
:109550001BF80800002895D100BF781C58B9BAF153
:10956000000F04D00D2D04D1B9F10A0F01D1DDF89F
:109570001080404664E7159808B1384660E70CB1A2
:109580000020206000205BE744020020202C2E3BBE
:109590003A2D5F002DE9FF4F83B004460E469046FA
:1095A000DDF848B0DDF8409000202080608016B9DA
:1095B00007B0BDE8F08FB8F1000F00D1F8E70BF06D
:1095C000020010B141F6FF7011900025AA4600BFBD
:1095D000B8F8080087B231E00020CDE9000B70191F
:1095E0004146119B069ADAF7A1FA8244B4F90200C7
:1095F00038444844B0F5004F02D300BF00BFD7E75E
:109600006088384400B260806088484400B260805E
:10961000AAEB05017019CDF800B04246069B00F098
:109620002BF80290B4F900100298814201DA0298F6
:1096300001E0B4F900002080554600BF705D0028AD
:10964000CAD16DB1681E305C0A2803D0681E305C38
:109650000D2805D1608807EB0901084400B260803D
:10966000608810B938B2608004E06088A0EB09001F
:1096700000B2608000BF9BE72DE9FF4705460E461C
:1096800017469846DDF830A01DB9002004B0BDE8AB
:10969000F0870FB90020F9E7287808B90020F5E72E
:1096A000002003900024029046B31FE003AB6A46FB
:1096B00001A92846DAF71EFA0AF0010028B102A82B
:1096C0000199DAF7F9FA00B110E03846DDE9002136
:1096D000F1F78BFF0FFA80F9B9F1000F05DD04EB0C
:1096E000090004B204EB080004B200BF0398B042C2
:1096F000DCD3002C02DDA4EB080004B22046C5E751
:1097000008B50146802901D2084608BDB1F5006FB1
:1097100011D2C1F3841040F0C0008DF8000001F0B8
:109720003F0040F080008DF8010000208DF802001D
:109730008DF8030033E0B1F5803F15D2C1F303305B
:1097400040F0E0008DF80000C1F3851040F080008B
:109750008DF8010001F03F0040F080008DF802001C
:1097600000208DF803001AE0B1F5881F17D2C1F36D
:10977000824040F0F0008DF80000C1F3053040F069
:1097800080008DF80100C1F3851040F080008DF855
:10979000020001F03F0040F080008DF803006A46AF
:1097A0001068B2E731B582B0029800F08000E8B1ED
:1097B000042202A901A8F6F76CF89DF8040000063F
:1097C0009DF8051000EB01409DF8061000EB01200C
:1097D0009DF807104418002504E0E0B200B9240AFF
:1097E000681CC5B2042DF8DB029400BF02983EBD90
:1097F0002DE9F04105460E46002400270CE028190B
:109800000949096888478046B8F1000F01D04046F1
:1098100000E0012004447F1CB74202D2285D0028EA
:10982000EDD12046BDE8F08138020020F8B50646AB
:109830000C4600200090002505E069463046044AA9
:10984000126890476D1C0098A042F6D32846F8BDD8
:109850004402002038B5044600250020009005E0B1
:1098600069462046044A126890476D1C0098205CA7
:109870000028F5D1284638BD4402002008B502462C
:1098800000230020009001B969460868105C00F0D0
:10989000800028B90868135C0868401C08608FE0E5
:1098A0000868105C00F0E000C02817D10868105C60
:1098B000C006430D0868401C08600868105C00F092
:1098C000C000802801D0002008BD0868105C00F0AE
:1098D0003F0003440868401C086071E00868105CA1
:1098E00000F0F000E02828D10868105C0007030CA5
:1098F0000868401C08600868105C00F0C000802800
:1099000001D00020E0E70868105C00F03F0003EBA6
:1099100080130868401C08600868105C00F0C000F4
:10992000802801D00020CFE70868105C00F03F00DD
:1099300003440868401C086042E00868105C00F0BE
:10994000F800F02839D10868105C4007C30A08689D
:10995000401C08600868105C00F0C000802801D03E
:109960000020B1E70868105C00F03F0003EB003313
:109970000868401C08600868105C00F0C00080287F
:1099800001D00020A0E70868105C00F03F0003EB66
:1099900080130868401C08600868105C00F0C00074
:1099A000802801D000208FE70868105C00F03F009D
:1099B00003440868401C086002E00868401C086016
:1099C000184681E72DE9F84306460C460027206833
:1099D000401E206000BF042F02DB0020BDE8F8839A
:1099E000216888190D490968884705463DB92068EE
:1099F00018B12068401E206001E00020EEE7781CCE
:109A0000C7B2002DE7D02068009069463046044A6E
:109A10001268904780464046E0E700003802002088
:109A2000440200200146087800F0800008B90120B7
:109A30007047087800F0E000C02801D10220F7E765
:109A4000087800F0F000E02801D10320F0E7087862
:109A500000F0F800F02801D10420E9E70020E7E752
:109A60007FB582B004460D461646059833462A4611
:109A7000214600900248DAF72DFD06B070BD0000C7
:109A8000F33F00082DE9F04782460C462046F7F7E1
:109A9000E1FE05462846F7F78DFE80462846F9F791
:109AA00024FC8146424649462046FBF778FA0121CC
:109AB0002046FBF743F92046F7F7FEF80646104824
:109AC000B0F9002042F264013046FBF768FA002149
:109AD0003046FBF733F902231A4600213046FBF7E4
:109AE0000DF92046F7F7E8F8074601213846FBF75D
:109AF00037F942F264013846FBF794FCBDE8F08781
:109B0000DC0100203EB54FF44070D7F705FBD7F7D6
:109B1000ADFD31A0D8F7BEF8F3F7ACFEFBF79EFD24
:109B200000BFFF2001460246D508BDF8003065F3AE
:109B300004038D080093BDF8003065F34A13C5088F
:109B40000093BDF8003065F3CF230093BDF80050BB
:109B50002B460193BDF8041008460290FCF7A5FBC4
:109B6000044600220299FBF743FBFCF79EFB0446E8
:109B70000022FF21FBF759FBFCF797FB044610215D
:109B8000F6F7D4FFFBF78EFDD7F766FBD7F7C2FBDE
:109B90000446214617A0D8F77DF8D7F799FA18A000
:109BA000D8F778F8D7F704FD1C48012100230A02F2
:109BB000CDE900101AA11D4806F026FA1C48012123
:109BC00000234A02CDE900101AA11D4806F01CFA34
:109BD00006F026F800203EBDE7AA97E58FA3E588AA
:109BE0009DE5A78BE58C96E5AE8CE6AF952E2E0A0B
:109BF0000000000049443A307825580A000000006F
:109C0000E5B18FE5B995E5889DE5A78BE58C96E5EF
:109C1000AE8CE6AF952E2E0A0000000058030020FF
:109C2000537461727455705461736B005D15000854
:109C30005C0300204C76676C5461736B000000007D
:109C40000511000870B504460D46802229462046BD
:109C5000EBF71AFF064680212046EBF72FFB26B1D3
:109C6000802229462046EBF723FF70BD2DE9FF4FE8
:109C700087B0054692461F46DDF850B0DDF85880A3
:109C80000898EBF70EF806900898EAF789FF059018
:109C90001898012804D0022805D0032809D105E02E
:109CA000DFF8D0900AE0DFF8D09007E0DFF8CC9042
:109CB00004E000BF00BF0BB0BDE8F08F00BFB8F1FB
:109CC000000F21D100261BE0002411E005EB440029
:109CD0000088039007EB440000880290159A0399CE
:109CE000C847049005EB4400BDF810100180641CC7
:109CF00006988442EADB05EB4A0507EB4B07761C26
:109D000005988642E0DB33E000262EE0002422E0C6
:109D100018F8040000B91DE018F80400FD2801DB64
:109D2000159804E018F804001599484300120490AF
:109D300005EB44000088029007EB44000088019086
:109D4000049A0299C847039005EB4400BDF80C1033
:109D5000018000BF641C06988442D9DB05EB4A05EC
:109D600007EB4B0717988044761C05988642CDDB9D
:109D700000BFA0E70D68000839690008AF68000857
:109D80002DE9FF4F85B005461F46DDF85090069837
:109D9000EAF787FF83460698EAF702FF0490B9F1D5
:109DA000000F3DD11398FD2814DB4FF000080DE0A3
:109DB0004FEA4B0239462846F5F723FC079805EB96
:109DC0004005129807EB400708F101080498804508
:109DD000EEDB79E14FF000081EE0002412E005EB15
:109DE00044000088029007EB440000880190139A19
:109DF0000299EDF783F8039005EB4400BDF80C10D1
:109E00000180641C5C45EADB079805EB400512986D
:109E100007EB400708F1010804988045DDDB53E1BA
:109E20001398FD287DDDABF1040003904FF000088E
:109E30000EE14E4600241FE03078D8B13078FF287C
:109E400006D105EB440007EB44010988018011E0CD
:109E5000327805EB44000088019007EB440000884D
:109E600000900199EDF74AF8029005EB4400BDF827
:109E700008100180761C641C5C4503DA06F00300C0
:109E80000028D9D1B246B1E0DAF8000000281ED08F
:109E9000DAF80000401CD8B905EB440007EB440198
:109EA00009880180601C05EB400107EB4000008839
:109EB0000880A01C05EB400107EB400000880880EB
:109EC000E01C05EB400107EB4000008808808AE0B9
:109ED00056463078D8B13078FF2806D105EB4400DB
:109EE00007EB44010988018011E0327805EB44005A
:109EF0000088019007EB4400008800900199ECF77E
:109F0000FDFF029005EB4400BDF808100180761CAF
:109F1000307808B33078FF2809D1601C05EB400188
:109F200000E09AE007EB40000088088014E03278F7
:109F3000601C05EB400000880190601C07EB4000AE
:109F4000008800900199ECF7D9FF0290601C05EBA6
:109F50004000BDF808100180761C3078F8B13078E8
:109F6000FF2807D1A01C05EB400107EB400000884B
:109F7000088014E03278A01C05EB400000880190B6
:109F8000A01C07EB4000008800900199ECF7B6FF99
:109F90000290A01C05EB4000BDF808100180761C63
:109FA0003078F8B13078FF2807D1E01C05EB40018C
:109FB00007EB40000088088014E03278E01C05EBD5
:109FC000400000880190E01C07EB400000880090F2
:109FD0000199ECF793FF0290E01C05EB4000BDF8FF
:109FE00008100180761C0AF1040A241D039884429B
:109FF000FFF64AAF56461FE03078D8B13078FF28D8
:10A0000006D105EB440007EB44010988018011E00B
:10A01000327805EB44000088019007EB440000888B
:10A0200000900199ECF76AFF029005EB4400BDF83F
:10A0300008100180761C641C5C45DDDB079805EB8D
:10A040004005129807EB40071598814408F1010874
:10A0500004988045FFF6EDAE36E04FF0000830E0A2
:10A06000002422E019F80400F0B119F80400FD28DA
:10A0700001DB139804E019F8040013994843001217
:10A08000064605EB44000088029007EB4400008878
:10A09000324601900299ECF731FF039005EB440042
:10A0A000BDF80C10018000BF641C5C45DADB07982A
:10A0B00005EB4005129807EB40071598814408F11D
:10A0C000010804988045CBDB09B0BDE8F08F2DE98D
:10A0D000FF4F85B082460E461F46DDF848B0DDF8DA
:10A0E0005080D9F7BFFC81463046EAF7DAFD04908C
:10A0F0003046EAF755FD0390B8F1000F23D1002553
:10A100001DE0002415E01398029007EB440000883E
:10A11000ADF804007088284400B2009031882144D2
:10A120000BB2D9F80000D0F81CC05146079AE0479E
:10A13000641C04988442E6DB07EB4B076D1C039814
:10A140008542DEDB2BE0002526E000241CE018F829
:10A150000400C0B118F8040013994843000A0290A3
:10A1600007EB44000088ADF804007088284400B272
:10A170000090318821440BB2D9F80000D0F81CC0FF
:10A180005146079AE047641C04988442DFDB159827
:10A19000804407EB4B076D1C03988542D5DB09B063
:10A1A000BDE8F08F2DE9F04104460F469046802C23
:10A1B00006D200252046E11704EB91718E1009E0CC
:10A1C000204605F0D6F80546681F24FA00F080F016
:10A1D0002006AD1F3D60C8F80060BDE8F0812DE9A4
:10A1E000F04104460D461646802C09D3204605F062
:10A1F000C0F8401F012101FA00F0471E3C4400BF97
:10A20000324629462046FFF7CDFFBDE8F0810246E1
:10A21000FD2901DB10467047022901DC0020FAE726
:10A2200002FB01F000EBC01303EBC030C0F3C750DA
:10A23000F1E700002DE9F84305462846F1F78CF8D0
:10A2400004462046F7F706FB80464046F7F702FB38
:10A2500081464846EBF730FE064630680090002104
:10A260004046F7F792F9A04214D19DF80200012868
:10A2700009D10C208DF80200BDF80000401E80B20C
:10A28000ADF800001AE09DF80200401E40B28DF8C3
:10A29000020013E09DF802000C2809D101208DF87E
:10A2A0000200BDF80000401C80B2ADF8000005E0DF
:10A2B0009DF80200401C40B28DF802009DF902207A
:10A2C000BDF800104846EBF7FFFD01214046F7F7C7
:10A2D0005CF907469DF90200401E054951F82030FF
:10A2E000BDF8002003A13846F4F768FDBDE8F88307
:10A2F0003C01002025642025730000002DE9F8436F
:10A3000004462046F1F728F807462046F1F727F8DB
:10A3100080463846F0F7F4FC05464046EBF7CCFDA6
:10A32000064630680090681C40B28DF802009DF926
:10A330000220BDF800104046EBF7C6FDBDE8F883EB
:10A340002DE9F04782460D4600212846F9F786FDA3
:10A3500000212846FAF7F2FC00230222194628467B
:10A36000FAF7CCFC2846EAF779FF814600222FA1B4
:10A370004846FAF74DFF6420002804DAC0F57A71E8
:10A3800041F4005101E040F400510CB2214648462E
:10A39000FAF7F5FC4846FBF797F84846F7F70AFA4C
:10A3A000064631464846FBF73DF800230722204980
:10A3B0004846F5F757FE04214846F6F7B7FB28460E
:10A3C000F3F79CFC074603213846F4F75DFC0022B6
:10A3D00002213846FAF7E1FF01213846FAF7C0FCBE
:10A3E0002846EAF73BFF8046002212A14046FAF7D2
:10A3F0000FFF324631464046FAF7D1FD00230722CF
:10A400000B494046F5F72EFE04214046F6F78EFB39
:10A4100000231C2208492846F5F724FE00221C21AF
:10A420002846F0F79FFFBDE8F0870000EF8193001A
:10A4300035A20208EF81940085FD02082DE9F04164
:10A4400080460C462046F7F705FA054600212046CF
:10A45000F9F704FD00212046FAF770FC2046F0F7DA
:10A4600071FB0646174801683046F0F743FE2B465D
:10A470001C2215493046F5F7F5FD01213046FAF763
:10A480006FFC2046F0F75EFB07461048016838462F
:10A49000F0F730FE2B461C220D493846F5F7E2FD59
:10A4A00001213846FAF75CFC00231C2209492046AA
:10A4B000F5F7D8FD00221C212046F0F753FFBDE838
:10A4C000F0810000700100201D0303086C010020D2
:10A4D000FDA20208D5FD020870B50446254615F810
:10A4E0003C0F00F00300401C032190FBF1F201FB44
:10A4F0001200297860F3010105F83C19204600F0AC
:10A5000095FE2046F9F7EBFA70BD000070B50446E1
:10A510000C48006808B9002070BD14B90A480068EA
:10A52000FAE70CB90020F7E72046E6F7E3F905461D
:10A53000601906490968884201D30020ECE76019D8
:10A54000EAE70000C400002014020020C800002038
:10A5500037B5034601B93EBD08461D682D1D284488
:10A56000024602AC2568156000BFF4E737B5034624
:10A5700001B93EBD08461D682844024602AC256864
:10A58000156000BFF5E72DE9F05F044600222121A8
:10A590002046F0F7E7FE8246BAF1000F01D1BDE890
:10A5A000F09F00212046F6F7F0FF804607E0404686
:10A5B000FFF7E9FF00212046F6F7E7FF8046B8F1F4
:10A5C000000FF4D12046F7F7EBF881460020F2F7B0
:10A5D00089FF07461DE0786AA04202D0B86AA0420F
:10A5E00003D121463846F3F771F8386BA04201D108
:10A5F00000213963386D484507D1F2F781FFA04249
:10A6000003D121463846F3F761F83846F2F76AFF7E
:10A610000746002FDFD12046D8F7B2FF606840BB65
:10A620002046F7F77DF80546002606E0E86850F872
:10A630002600A04200D103E0761C686AB042F5D83B
:10A6400000BFB3465E4606E0701CE96851F8200082
:10A6500041F82600761C686A401EB042F4D8686A49
:10A66000401E68626A6A9100E868F4F795FFE86046
:10A670002BE02046F7F7A7F8064635460BE0606862
:10A6800080680168681C51F8200061688968096861
:10A6900041F825006D1C606880684068401EA84233
:10A6A000EDD8606880684068401E616889684860CD
:10A6B0006268926852689100626892681068F4F764
:10A6C0006BFF61688968086000BF2046F4F710FFDF
:10A6D00000BF64E702465018704700BF18B900BFBA
:10A6E00000BF00BFFEE700BF002141600161C16003
:10A6F0008160016041617047F0B5DDE90554012BCF
:10A700000BDC032805D0042802D0052803D100BFA4
:10A7100000BF022000E000BF00BF062842D2DFE8F1
:10A7200000F0410F03332017002626808E1A06EB17
:10A73000D677B5F800C00CEB67073FB22F8034E046
:10A74000002626802E888F1A3E4436B22E802CE0BA
:10A750008E1A37B25E1E36B297FBF6F636B22680F8
:10A7600023E08E1A36B296FBF3F627883E4436B2C3
:10A770002680B4F9006006EBD677B5F800C00CEB84
:10A7800067073FB22F8010E08E1A37B25E1C36B2D8
:10A7900097FBF6F636B226802E8827883E4436B2DE
:10A7A0002E8002E00026268000BF00BFF0BD2DE90C
:10A7B000FF4F81B005460C461646049870B12088BC
:10A7C000A0EB660000B2208020883044401E00B21A
:10A7D000A080E88A6080688BE0800DE06088A0EB54
:10A7E000660000B2608060883044401E00B2E080A5
:10A7F000A88A2080288BA0804FF440312846F8F7A3
:10A80000A0F981464FF440312846F8F743FA8246D2
:10A810004FF440312846F8F70DFB83464FF44031A2
:10A820002846F8F7B1F800904FF440312846F8F781
:10A83000E7FC80464FF440312846F8F7C7FC07464E
:10A84000208809EB0801401A00B22080A0880AEB9A
:10A850000801084400B2A08061880BEB0700081AC9
:10A8600000B26080E2880099C819104400B2E0800C
:10A8700005B0BDE8F08F2DE9F84F05462C46284677
:10A88000E6F7BFFB06460EB9BDE8F88F3046F6F78F
:10A8900091FF83462846F6F7F9FE834500DCF3E78F
:10A8A00000213046F8F7C7FB00900098F0F7B8FE9B
:10A8B000074600213046F8F72EFC804607EB0800DB
:10A8C0000FFA80F9E08E00FB09F00FFA80FA0022FF
:10A8D0005146606AFAF7C8F9606AF9F700F900BFF3
:10A8E000D2E700002DE9F04105460E461C480768F6
:10A8F0001C480068001D05F03AF850B91948006876
:10A9000090F82C10012088401749096881431648A7
:10A910000160681C38B936B112480168091D134836
:10A9200005F063F81AE07C190E4800684460BC42E8
:10A9300007D20C480168091D0D48006805F03BF876
:10A940000CE008480168091D0A48006805F033F862
:10A9500009480068844201D207480460BDE8F081DC
:10A960003C00002028000020400000203406002089
:10A97000300000202C0000205800002010B50446B4
:10A9800005F040F823480068401C2249086022482E
:10A99000006840B9204804600846006801280DD1CD
:10A9A00000F036F90AE01D48006838B91A48006816
:10A9B000C06AE16A884201D81748046018480068F4
:10A9C000401C1749086094F82C1001208840154954
:10A9D0000968084313490860E16A01EB8101124AE2
:10A9E00002EB8100211D05F000F805F047F80B4847
:10A9F000006868B108480068C06AE16A884207D206
:10AA00004FF0805009490860BFF34F8FBFF36F8F3D
:10AA100010BD000038000020280000204400002065
:10AA200054000020400000206403002004ED00E0FA
:10AA300070B523E005F048F91348006808B9012013
:10AA400000E00020054605F0D7FBBDB904F0DAFFB1
:10AA50000D48C068C468201D04F089FF0B480068D9
:10AA6000401E0A4908600A480068401E08490860FC
:10AA700005F004F8204600F00DF800BF0448006817
:10AA80000028D7D170BD000020060020380000202B
:10AA90003400002010B50446206B05F01FF8204656
:10AAA00005F01CF810BD000030B54FF440531748B6
:10AAB00000F007042CB1C01D20F00700134C041B4C
:10AAC0001B1B0246124C22600024114D6C60D018F2
:10AAD000083820F007000F4C206000240D4D2D6831
:10AAE0006C600C4D2D682C601146441A4C60094C6A
:10AAF00024680C60084D4C682C60084D4C682C6034
:10AB00004FF00044064D2C6030BD00004806002088
:10AB1000640000206C000020740000207000002001
:10AB20007800002000BFFFF783FF06480068012877
:10AB3000F9D94FF0805004490860BFF34F8FBFF33D
:10AB40006F8FF0E76403002004ED00E02DE9FF5F64
:10AB500081460E469246DDE90E7B109CAAF101006B
:10AB6000216B01EB800828F0070808F0070008B9FE
:10AB7000012000E0002028B940F22B321AA120A0C9
:10AB8000D7F788F8002507E0715D04F134004155DE
:10AB9000705D00B902E06D1C102DF5D300BF0021DF
:10ABA00043200155202F00D31F27E762201D04F00A
:10ABB000FFFE04F1180004F0FBFE2461C7F1200041
:10ABC000A06164620020606484F848004946404601
:10ABD000039A00F0D7F92060BBF1000F01D0CBF849
:10ABE0000040BDE8FF9F00004672656552544F5318
:10ABF0005C7372635C7461736B732E63000000009E
:10AC00004572726F723A25732C25640D0A0000009C
:10AC100010B5002407E004EB84010F4A02EB810029
:10AC200004F0B9FE641C202CF5D30C4804F0B3FEEC
:10AC30000B4804F0B0FE0B4804F0ADFE0A4804F0E7
:10AC4000AAFE0A4804F0A7FE04480949086004481F
:10AC50000849086010BD000064030020E4050020DE
:10AC6000F80500200C0600202006002034060020F5
:10AC70002C0000203000002010B50146164800E0EE
:10AC8000006803688B42FBD30246436813448B423F
:10AC900004D143684C682344436001460A464B682C
:10ACA00013440468A34211D10C4C03682468A342E6
:10ACB00008D04B680468646823444B6003681B68D1
:10ACC0000B6005E0054B1B680B6001E003680B603F
:10ACD000884200D0016010BD640000206C0000209C
:10ACE0000A490968096809B9012100E0002121B178
:10ACF0004FF0FF31064A116006E004490968C9684F
:10AD0000C868034A41681160704700002C000020A9
:10AD1000580000200B480068401C08B9012000E0E2
:10AD2000002020B9F42208A10EA0D6F7B3FF00BF7F
:10AD3000502080F31188BFF34F8FBFF36F8F00BF98
:10AD400000BFFEE77C0000204672656552544F53F9
:10AD50005C706F727461626C655C706F72742E638C
:10AD6000000000004572726F723A25732C25640D45
:10AD70000A0000002DE9F04104464FF0000804F0FD
:10AD8000A3FF3E48006808B9FFF78EFE3C48006804
:10AD9000204000285FD1A4B1083404F0070080B13E
:10ADA00004F00700C0F10800044404F0070008B9EB
:10ADB000012000E0002020B9BF2232A138A0D6F740
:10ADC00069FF002C47D03A480068844243D8394E86
:10ADD0003046056801E02E462D686868A04202D220
:10ADE00028680028F7D125480068854233D03068AC
:10ADF00000F10808286830606868001B102813D923
:10AE00002F1907F0070008B9012000E0002020B941
:10AE1000EC221CA122A0D6F73DFF6868001B7860D9
:10AE20006C603846FFF728FF214968680968081AEE
:10AE30001F490860084600681F490968884203D214
:10AE40001B4800681C4908600D4968680968084388
:10AE500068600020286005F0CFF908F0070008B905
:10AE6000012000E0002028B94FF4967205A10CA043
:10AE7000D6F710FF4046BDE8F08100006C000020CE
:10AE8000780000204672656552544F535C706F72B3
:10AE90007461626C655C686561705F342E6300008C
:10AEA0004572726F723A25732C25640D0A000000FA
:10AEB0007000002064000020740000202DE9F04F95
:10AEC00087B08046C14699F85C00C0F38000002836
:10AED00047D0D9F82400F3F733FA069022490698B0
:10AEE000096888478246BAF1000F02D107B0BDE871
:10AEF000F08F00214046F8F7CEF80590002342F28B
:10AF0000220201A90598F0F7DEFA8346BBF1000F93
:10AF100001D016A700E016A73846D5F7C6F90446B3
:10AF20000AFB04F1481CF4F74FFA0546002606E038
:10AF300006FB045022463946F4F763FB761C56455F
:10AF4000F6DB002106FB04F029542946D9F8240039
:10AF5000F3F7DCFE2846F4F7B3FA404600F024F895
:10AF600000BF00BFC2E7000054020020E280A20040
:10AF70002A000000704770B5044625682846FFF790
:10AF80009DFF70BD001F4FF080730360001F21F014
:10AF900001030360001F034B036014380260203874
:10AFA0007047000015AD02082DE9F04F8FB006463E
:10AFB000344600213046F8F76EF80E9000213046F6
:10AFC000F8F7DDF80D903046FDF77EFC0C90606AD6
:10AFD000F3F7B6F981464846914A0C9912689047B2
:10AFE000074609EB070000218E4A12689047054684
:10AFF0000E98F0F721FB0B901DB10A2D01D00D2DFD
:10B0000007D1002220210E98F0F7EFFA0FFA80FA0C
:10B0100006E0002229460E98F0F7E7FA0FFA80FAC8
:10B020000AAA606A0C99F3F787F8606AF3F788F95F
:10B030000190606A0021019AF5F79AFC8346BDF9F8
:10B040002800616AB1F91410084400EB0A01606A33
:10B05000B0F91800814235DD94F85C00C0F3C000FF
:10B0600040BBBBF1030F2DD00020ADF82800BDF888
:10B070002A200D990B980844104400B2ADF82A001C
:10B0800065B109EB0700684909688847074409EB7F
:10B0900007000021634A1268904705461DB10A2D3A
:10B0A00001D00D2D07D1002220210E98F0F79DFA36
:10B0B0000FFA80FA06E0002229460E98F0F795FA7A
:10B0C0000FFA80FAE7644FF4E0213046F7F7F8FA18
:10B0D00080464FF4E0213046F7F7D3FE404400B2FB
:10B0E00009904FF4E020019041F611023046019999
:10B0F000F7F7D4FE00900098404400B208904FF457
:10B10000E0213046F7F744FD404400B207904FF489
:10B11000E020019041F6130230460199F7F7BEFE98
:10B1200000900098404400B20690BDF8281007989F
:10B13000081A00B2ADF81000BDF82A100998081AD4
:10B1400000B2ADF81200BDF828100698084450442B
:10B15000401E00B2ADF81400BDF82A100898014452
:10B160000B980844401E00B2ADF8160004F14401EB
:10B1700002A8E9F7F0FCBDF80800616A898A084472
:10B1800000B2ADF80800BDF80A10606AC08A084431
:10B1900000B2ADF80A00BDF80C00616A898A084463
:10B1A00000B2ADF80C00BDF80E10606AC08A084409
:10B1B00000B2ADF80E0002A93046F8F7CAFC04A9A7
:10B1C00004F14400E9F7C7FC04F1440102A8E9F7DF
:10B1D000C2FCBDF80800616A898A084400B2ADF873
:10B1E0000800BDF80A10606AC08A084400B2ADF8D1
:10B1F0000A00BDF80C00616A898A084400B2ADF803
:10B200000C00BDF80E10606AC08A084400B2ADF8A8
:10B210000E0002A93046F8F79CFC0FB0BDE8F08F95
:10B220004C02002044020020380200202DE9F047A3
:10B2300004462046E7F74BFF25462046F8F755F829
:10B24000064600212046F7F752F98146A6EB090091
:10B2500000EBD07149100FB22046E5F720FA804686
:10B260000FFA88F0FEF7A8F87843C01300B22885DB
:10B270000FFA88F0FEF790F87843C01301B26985A1
:10B28000304606EBD0712A8D02EB610109B22985A7
:10B2900006EBD0714A10698D11440AB26A852046C6
:10B2A000E7F715FFBDE8F0872DE9F34F97B00746A4
:10B2B0003846E5F7B2FE054615B919B0BDE8F08F7E
:10B2C0002846F3F73DF88246524600212846F5F716
:10B2D0004FFB16901698012828D0022802D0032888
:10B2E00029D113E03846F6F7F0F982462846F7F7F9
:10B2F000FCFFAAEB0000109000EBD070401000B2F1
:10B3000001460F902846FAF7A6F814E03846F6F7FB
:10B31000DCF982462846F7F7E8FFAAEB000000B206
:10B32000014610902846FAF796F804E000212846D6
:10B33000FAF791F800BF00BFBB4600213846F7F787
:10B3400092FE159000213846F7F7FFFE14901598ED
:10B35000F0F76EF980463846F6F798F981464FF0D7
:10B36000000A652251463846F7F798FD109010986C
:10B3700084B2189800B114B93846E7F715FCBBF849
:10B3800026001390149808EB00011398414308B26B
:10B390001290494609EBD1725210404608EBD07327
:10B3A000A2EB630212B21192DDE91120101A06B26B
:10B3B000189800B144B915492846E8F707FD314609
:10B3C0002846FAF761F81FE001A8E8F747FD00BF3B
:10B3D000019500BF0D48029000BF2846F7F7B1FF66
:10B3E0008246CDF820A0CDF824A00A9600BF00BF69
:10B3F0000B9400BF0648049000BF0648079000BFAA
:10B4000001A8E8F7F5FD00BF00BF56E7B1BE02088E
:10B41000ADB70208D73E01082DE9F04F8BB00646C4
:10B420000F4635464FF4A0213046F7F7A4FB81467E
:10B430004FF4A0213046F7F747FC82464FF4A02195
:10B440003046F7F711FD83464FF4A0213046F7F759
:10B45000B5FA0A904FF4A0213046F7F742FE099062
:10B460004FF4A0213046F7F77DFE08904FF4A0215D
:10B470003046F7F704FE07904FF4A0213046F7F767
:10B48000B3F906904FF4A0213046F7F7A0F98046B3
:10B490003C462DE00A98CDE902ABCDF8049004902B
:10B4A0000898A1B200903046099B079AE6F776F813
:10B4B000E96A21F81400E86A30F91400404503DA1B
:10B4C000E86A30F9140000E040460699884201DA43
:10B4D000069809E0E86A30F91400404503DAE86AA2
:10B4E00030F9140000E04046E96A21F81400641CB9
:10B4F000E88CA042CED83046F9F79DF80BB0BDE8F5
:10B50000F08F2DE9F04105462846F6F75CF806462F
:10B51000002412E0A868006850F824703846F8F754
:10B52000DEFA00222A213846EFF71CFF3846F8F7EA
:10B53000D6FA3846FFF7E5FF641CB442EAD3BDE80B
:10B54000F08100002DE9F04F87B005462846E5F769
:10B5500064FD06461EB9012007B0BDE8F08FF1F783
:10B56000BBFF06902C460698F2F70BF80746042F0F
:10B5700001D0022F10D1E08C2085042F0CD1284659
:10B58000F6F70EF980464046F0F7F4FC18B10021BA
:10B590004046F0F792FD00BF0698F1F7F2FF012850
:10B5A00004D00698F1F7EDFF03287DD14FF0FF3866
:10B5B000A06AC0F34040002838D1804603A906980D
:10B5C000F1F7A4FFBDF80E10F08A081A00B2ADF82A
:10B5D0000E00BDF80C00B18A401A00B2ADF80C00A4
:10B5E00003A93046F2F774FC81463046F2F7A8FE14
:10B5F0008346002002900190824600BF13E002A91A
:10B600005846324A12689047009000980A2806D19E
:10B610000198484503D008F101000FFA80F802981C
:10B6200001900AF1010ACA45E9D339E00021284610
:10B63000F7F719FD039000212846F7F786FD8246AB
:10B640000398EFF7F5FF83460BEB0A0000B2029078
:10B65000B5F91A20B5F91610501A00EBD0714A103E
:10B66000E98A114409B201910C210698F2F799F880
:10B67000F18A084400B20090DDE90010411A0298F6
:10B6800091FBF0F9B9F1000F01DA4FF00009A08C3D
:10B69000484502DCA08CA0F101090FFA89F800BF2F
:10B6A000B8F1000F07DB00E006E01FFA88F1012285
:10B6B0002846FAF7CEFD00BFE08C059005AA1C21B4
:10B6C0002846EFF74FFE0490049845E74402002017
:10B6D000F0B50C46E568A16800BF1DB900BF00BF0A
:10B6E00000BFFEE700BF00BF19B900BF00BF00BF29
:10B6F000FEE700BFCD60A96000F1380606EBC21678
:10B7000056F82360A6421BD100F1380606EBC2169C
:10B7100046F82310814213D100F1140656F8226036
:10B7200001279F40BE4300F1140747F822603E46C0
:10B7300056F8226026B9012797400669BE43066184
:10B74000F0BD2DE9F04106460D4600240EE026B17D
:10B75000E86850F83400B04207D14FF6FF724FF45A
:10B7600070212846F8F780FF05E0641C688CC0F360
:10B77000C500A042EBD800BF2846F5F724FF0746D6
:10B78000002407E0A868006850F824103046FFF74E
:10B79000D8FF641CBC42F5D3BDE8F08110B5044667
:10B7A00000220A212068EFF7DDFD10BD70B50446C8
:10B7B0002068F6F74FF805462846E7F7F5F970BD1B
:10B7C0002DE9FF4F91B090461298F6F743F80746DF
:10B7D00010213846F7F7E6FD10B915B0BDE8F08F37
:10B7E0003846F6F7AFF810904FF00009CA4600252A
:10B7F0003846F6F7C5F90F900F9818B1129800F176
:10B80000140400E0119C00213846F6F725FF0E9045
:10B8100000213846F7F7A6FA01460E98084400B210
:10B820000D9000213846F7F754F801460E98084469
:10B8300000B20C90F98A0D9808446188401AB8F853
:10B840000210401A00B20B90798B0C98081AE1880C
:10B85000401AB8F80210081A00B20A903846F5F7F4
:10B86000A9FF01460D98091A0C98081A00B2099010
:10B870000B98002804DB0A98002801DB00251BE058
:10B880000B98002808DD0B9D3846F6F783F9024631
:10B89000501B00D500250FE00A9800280CDD0A98FF
:10B8A000404205B23846F5F7EDFF01900198284473
:10B8B000002800DA002500BF0F98012804D00228D4
:10B8C00010D003283AD11BE0F98A0D9808440FFAEA
:10B8D00080F9608828440FFA80FAA9EB0A0028440E
:10B8E00005B22BE0798B0C98081A0FFA80F9E088E2
:10B8F00028440FFA80FAA9EB0A00284405B21DE09B
:10B90000099800EBD0714A10FB8A0D991944114433
:10B910000FFA81F900BFE1886288891A491C09B2CF
:10B92000084601EBD071628802EB610129440FFAED
:10B9300081FAA9EB0A00284405B200BF00BF002627
:10B940003846F6F713F90890089818B1129800F1E4
:10B95000140400E0119C00213846F7F797F80E997F
:10B9600008440FFA80FB00213846F7F738F90E99A2
:10B97000084400B20790B88A58442188401AB8F8A1
:10B980000010401A00B20690398B0798081AA18857
:10B99000401AB8F80010081A00B20590069800285E
:10B9A00004DB0598002801DB00261DE0069800282E
:10B9B0000ADD069E3846F5F7F3FF01900198304402
:10B9C000002800DD00260FE0059800280CDD059812
:10B9D000404206B23846F6F75BF8019001983044D1
:10B9E000002800DA002600BF3846F7F77EFCA0EBFF
:10B9F0000B010798081A00B204900898012804D097
:10BA000002280FD0032838D11AE0B88A58440FFA18
:10BA100080F9208830440FFA80FAA9EB0A003044FC
:10BA200006B22AE0398B0798081A0FFA80F9A08825
:10BA300030440FFA80FAA9EB0A00304406B21CE049
:10BA4000049800EBD071BA8A5A4402EB61010FFAF4
:10BA500081F900BFA1882288891A491C09B20846C9
:10BA600001EBD071228802EB610131440FFA81FAB7
:10BA7000A9EB0A00304406B200BF00BF294938468E
:10BA8000E8F7A4F9039028493846E8F79FF90290AF
:10BA9000039808B9029850B100220A213846EFF7FE
:10BAA00061FC01900198012800D096E600BF109833
:10BAB00000F0010010B9002E00DA0026109800F006
:10BAC000020010B9002E00DD0026109800F00400DE
:10BAD00010B9002D00DA0025109800F0080010B908
:10BAE000002D00DD0025B8F90010149808B90020D9
:10BAF00000E03046084400B2A8F80000B8F902108F
:10BB0000149808B9002000E02846084400B2A8F8BC
:10BB100002002A4631463846149BF8F719FF00BF49
:10BB20005BE6000085BC020869BC02082DE9F04113
:10BB300004460D46164615B90EB9BDE8F0812046FB
:10BB4000F4F7D2FDA068008A284400B2A1680882F8
:10BB5000A068408A304401B2A06841820123324685
:10BB600029462046F8F798F800220B212046EFF7E7
:10BB7000F9FB0746012F00D0DFE72046F7F7AFFFBC
:10BB800000BFDAE710B5DAB1B0F91630B2F900400B
:10BB90001C44B0F932309C4204DA448EC38AE31A62
:10BBA0001BB21380B0F91630B2F900401C44B0F952
:10BBB00036309C4204DDC48EC38AE31A1BB2138064
:10BBC000D9B1B0F91430B1F900401C44B0F93030AB
:10BBD0009C4204DA048E838AE31A1BB20B80B0F90C
:10BBE0001430B1F900401C44B0F934309C4204DDFB
:10BBF000848E838AE31A1BB20B8010BD2DE9F041BD
:10BC00000546B5F918400026F1F766FC0746386886
:10BC100090F8198008E0301906B2C8F1640060435A
:10BC2000642190FBF1F004B2002CF4D13046BDE861
:10BC3000F0812DE9F0410546B5F91A400026F1F7EB
:10BC40004BFC0746386890F8198008E0301906B2B6
:10BC5000C8F164006043642190FBF1F004B2002C51
:10BC6000F4D13046BDE8F08170B505460C46284653
:10BC7000F5F79AFF204406B2002231462846FFF726
:10BC800055FF70BD70B505460C462846F5F796FF82
:10BC9000204406B2324600212846FFF747FF70BD18
:10BCA0002DE9FC4105460C462046EDF7BBFD4FF45F
:10BCB00080312846F6F79CFCE070E07802280CDD25
:10BCC0004FF48037202239462846F7F7E7F80090EE
:10BCD00000980190BDF80400A0804FF48037312215
:10BCE00039462846F7F7DAF801900198C0B284F88F
:10BCF000220094F8220002281EDD00BF41F2320229
:10BD000039462846F7F7CAF80190019800B2208416
:10BD1000B4F9200000280CDD00BF30223946284647
:10BD2000F7F7BCF8009000980190BDF80400E0839C
:10BD300002E0002084F822004FF4803740F64502EC
:10BD400039462846F7F7AAF801900198C0B284F85E
:10BD5000360094F83600022829DD00BF4FF4046253
:10BD600039462846F7F79AF80190019800B2E08525
:10BD7000B4F92E00002817DD00BF40F64302394613
:10BD80002846F7F78BF80190019800B2A08600BF13
:10BD9000442239462846F7F781F800900098019030
:10BDA000BDF80400A08502E0002084F836004FF4BE
:10BDB00080312846F6F725FD0646FD2E0DDAE0789F
:10BDC00070430012E070E0787043001284F82200A3
:10BDD000E0787043001284F83600E07828B994F8CF
:10BDE000220010B994F8360040B14FF48031284653
:10BDF000F7F7B0F820800120BDE8FC810020FBE7C8
:10BE00002DE9F04704460E4617463568D7F80080FE
:10BE100004F1140050F825004FF0FF3101FA08F149
:10BE200000EA0109B9F1000F16D1691C4FF0FF3289
:10BE30008A40206900EA020ABAF1000F02D100200C
:10BE4000BDE8F087504603F089FA0546356004F1F5
:10BE5000140050F8259000BF00BFB9F1000F03D1C6
:10BE600000BF00BF00BFFEE700BF484603F076FA00
:10BE70008046C7F8008004F1380000EBC51050F888
:10BE80002800DDE770B504460D46264628B2A6F820
:10BE900044002046F7F723FE70BD70B504460D46FA
:10BEA000264629B2462081532046F7F718FE70BD7A
:10BEB00070B505460C4621B22846F9F7E5FA70BD83
:10BEC0002DE9F04F85B00446894617464FEA6900D0
:10BED00004904FEA6900039009F0010010B904983A
:10BEE000401E04906000F3F76FFA8346B8460026C0
:10BEF00031E0601E38F8100000FB09F00090651E6C
:10BF00001FE0009A2BF815200021039A2A44A24230
:10BF100003DA039A2A4438F81210009A521A00924F
:10BF2000049AAA1A521E002A02D5B8F8000004E0AA
:10BF3000049AAA1A521E38F81200009A024400927B
:10BF40006D1E002DDDDA620059464046F3F759FBBD
:10BF500008EB4408761CA642CBDB4FF47F500290DE
:10BF60000298B0FBF9F001904FF0000A15E037F8A5
:10BF70001A0000B90FE037F81A100298814203D175
:10BF8000019827F81A0005E037F81A0090FBF9F03D
:10BF900027F81A0000BF0AF1010A04FB04F050451B
:10BFA000E5D8002542E007EB4508B8F8001001FB92
:10BFB00009F000262AE0002801DA002300E08311BE
:10BFC0002BF81630039BF31A002B02DCB8F8001094
:10BFD00005E0039BF31A03FB045337F81310401AD0
:10BFE000049B33445B1CA34207DA049B33445B1C71
:10BFF00003FB045337F8132004E0631E03FB0453D0
:10C0000037F813201044761C08EB4408A642D2DB14
:10C0100007EB4508002606E03BF81610A8F80010CC
:10C02000761C08EB4408A642F6DB6D1CA542BADB81
:10C030005846F3F745FA05B0BDE8F08F2DE9FF4FFC
:10C040008BB00D46144627460E983E1809A80B994A
:10C05000E8F754FD204604EBD0714A100E991144C4
:10C06000491E04F0010282F00102891A09B2ADF8FA
:10C07000281004EBD0714910491C09B2ADF8261004
:10C080000B98E8F723FEBDF82810081A00B2ADF8A7
:10C0900024000B98E8F792FDBDF82610084400B282
:10C0A000ADF82A00002309A903A80E9AEDF7A4FA17
:10C0B000012F01D1012401E0781004B23046F3F7DA
:10C0C00083F98146A846002002903BE0314648466D
:10C0D000F3F75CFC03A8009033B2DDE9020C02B276
:10C0E00000214846E0478346BBF1000F04D17100B0
:10C0F0004046F3F714FC20E099F80010890191FB09
:10C10000F4F1A8F80010012014E019F80020411EF5
:10C1100019F801108A4205D1411E38F8111028F88B
:10C12000101006E019F80010890191FBF4F128F8CD
:10C130001010401CB042E8DB00BF08EB4608029834
:10C14000401C02900298B042C0DB4846F3F7B8F9B1
:10C1500003A8ECF7B5FE012C0FD12946002005E01D
:10C1600035F81020C2F387120A54401C06FB06F271
:10C170008242F5DC0FB0BDE8F08F2A46214630B28E
:10C18000FFF79EFE07F00100204404B2012C27DDDA
:10C190004FF47F5090FBF4F000904FF0000B15E04F
:10C1A00035F81B0000B90FE035F81B00FF2803D15C
:10C1B000009825F81B0006E035F81B00800190FB75
:10C1C000F4F025F81B0000BF0BF1010B06FB06F095
:10C1D0005845E5D82A46214630B2FFF771FE00BF28
:10C1E00001954FF0000A06E015F81A10019800F8C2
:10C1F0000A100AF1010A06FB06F05045F4DC00BF04
:10C20000B8E770B598B006460C4615460AA8EDF793
:10C2100009FB00BFFF2211461046EAF7A4FD00907B
:10C22000BDF8001008460190BDF80400ADF82C00E0
:10C2300022460AA93046EDF7D9FA02A8ECF7E6FA49
:10C2400000202B46224602A900903046EBF72AFF39
:10C2500018B070BDF0B591B0064635464FF4E027F2
:10C26000652239463046F6F719FE109010980446BC
:10C270005CB918493046E7F7A9FD5020405D20F031
:10C280000100401C5021485522E001A8E7F7E6FDD7
:10C29000294601A8E7F799FE0E4901A8E7F767FECE
:10C2A000214601A8E7F777FE00BF0E9400BF0022E9
:10C2B000012101A8E7F781FE074901A8E7F75BFE26
:10C2C00001A84FF6FF71818700BFE7F791FE00BF1D
:10C2D00011B0F0BDE76A0008473F01080EB5FE48FF
:10C2E00090F8200000F0010040B1FC48EAF798FC0B
:10C2F0000190FB48BDF80410018008E004211220E1
:10C30000F9F734F90290F648BDF808100180F248B8
:10C3100090F8200000F0010048B105211220F9F743
:10C3200025F90190EF48BDF80410018008E00421D0
:10C330001220F9F7F1F80290EA48BDF808100180E0
:10C34000E54890F8200000F0010040B1E648EAF727
:10C3500067FC0190E548BDF80410018006E0EAF7AB
:10C360000BFF0290E148BDF808100180DA4890F810
:10C37000200000F0010040B1DD48EAF751FC0190D7
:10C38000DC48BDF80410018008E002211220F9F712
:10C39000EDF80290D748BDF8081001800020462132
:10C3A0005023D54ACDE90010D449D548FBF700FB0E
:10C3B000002000905023D04AD0490190D148FBF78B
:10C3C000F7FAD1480068D03001F058FECC49CE4889
:10C3D0000068D030FBF7D7FACB480068D83001F0BE
:10C3E0004DFEC849C8480068D830FBF7CCFAC648AB
:10C3F0000068083001F042FEB74890F8200000F0D5
:10C40000010028B102211220F9F786F8029003E01A
:10C410001220F9F7D7F80290BB480299006808305B
:10C42000FBF71FF847F6FF71B74800680830FBF7C5
:10C4300016FAA948C06807210190EBF7A0F9014658
:10C440000290B14800680830FBF7F5F8A248C068D0
:10C4500005210190EBF793F901460290AA48006884
:10C460000830FBF79AFA6621A74800680830FBF706
:10C470001DF8A449A44800680830FBF784FAA248D4
:10C480000068103001F0FAFDFF219F48006810306D
:10C49000FBF70CF89C48006801F0F0FDFF219A487A
:10C4A0000068FBF703F88E48008801460290964822
:10C4B0000068FAF7D6FF8B48008801460290924840
:10C4C0000068FBF726FA91480078012806D18248D7
:10C4D000C0680E210190EBF752F910E08B4800780C
:10C4E000022806D17C48C0680C210190EBF747F97F
:10C4F00005E07948C0680A210190EBF740F9014650
:10C50000029081480068FBF7EEF880480078012827
:10C5100006D17148C0680E210190EBF730F910E0A8
:10C520007A480078022806D16B48C0680C21019037
:10C53000EBF725F905E06848C0680A210190EBF7A0
:10C540001EF90146029070480068FBF793F86E48A8
:10C550000068183001F092FD6C480078012806D17F
:10C560005D48C0680C210190EBF709F905E05A48D5
:10C57000C06808210190EBF702F901460290624879
:10C5800000681830FBF76BF9FF215F48006818302E
:10C59000FAF78CFF55480088014602905A48006817
:10C5A0001830FAF75EFF534800880146029056485B
:10C5B00000681830FAF784FF4748C06802210190EC
:10C5C000EBF7DDF8014602904F4800681830FAF7A3
:10C5D000A2FF01214C4800681830FAF788FF414853
:10C5E000008801460290484800681830FBF791F92E
:10C5F00046480078012806D13748C06818210190C4
:10C60000EBF7BDF810E041480078022806D1324827
:10C61000C06814210190EBF7B2F805E02E48C0681D
:10C6200010210190EBF7ABF8014602903648006804
:10C630001830FBF700F835480078012806D1264865
:10C64000C0680E210190EBF79AF810E02F480078AF
:10C65000022806D12048C0680C210190EBF78FF822
:10C6600005E01D48C0680A210190EBF788F80146F3
:10C670000290254800681830FBF735F82348007809
:10C68000012806D11448C0680E210190EBF777F815
:10C6900010E01E480078022806D10F48C0680C211F
:10C6A0000190EBF76CF805E00B48C0680A21019097
:10C6B000EBF765F801460290134800681830FAF766
:10C6C000D9FF1220F8F77EFF014602900E4800685D
:10C6D0001830FAF754FF1BE0984400201A17150091
:10C6E0000601002008010020302B28000A0100204C
:10C6F00037322F000C0100201B3F0108D004030833
:10C70000BC440020D044002000010020040100208F
:10C71000F848C06801210190EBF731F8014602901A
:10C72000F54800681830FAF737FFF3480068A03082
:10C7300001F0A4FCEF480169EF480068A030FAF767
:10C740004CFFEC48C06803210190EBF718F8014654
:10C750000290E9480068A030FAF762FFE548C06837
:10C7600003210190EBF70BF801460290E2480068C4
:10C77000A030FAF74AFF7F21DF480068A030FAF7BF
:10C7800039FFDD480068A83001F078FCD948408ABC
:10C7900001460290D8480068A830FAF71EFFD54835
:10C7A000C06803210190EAF7EAFF01460290D248EF
:10C7B0000068A830FAF734FF7F21CF480068A8301E
:10C7C000FAF718FFCC480068203001F057FCCB483E
:10C7D0000078012806D1C748C06810210190EAF707
:10C7E000CEFF10E0C5480078022806D1C148C068D5
:10C7F0000C210190EAF7C3FF05E0BE48C06808219C
:10C800000190EAF7BCFF01460290BB480068203067
:10C81000FBF725F8FF21B84800682030FAF746FEFC
:10C82000B748008801460290B34800682030FAF704
:10C8300018FEB04890F8200000F00100E8BB12207C
:10C84000F8F7C0FE01460290AB4800682030FBF7C5
:10C8500010F80020EBF7BEF800EB40005030A021AC
:10C8600090FBF1F0012809DD0020EBF7B3F800EBB5
:10C8700040005030A02190FBF1F000E0012000B218
:10C88000014602909C4800682030FBF720F87F2189
:10C89000994800682030FBF704F80020EBF79AF87D
:10C8A000502101EB8000A02190FBF1F001280BDD6D
:10C8B0000020EBF78FF8502100E015E001EB80003D
:10C8C000A02190FBF1F000E0012000B20190894826
:10C8D000C06800900199EAF752FF0146029086482D
:10C8E00000682030FAF7D2FF86480088014602909F
:10C8F000814800682030FBF70CF880480078012858
:10C9000006D17C48C06818210190EAF738FF10E092
:10C910007A480078022806D17648C0681421019030
:10C92000EAF72DFF05E07348C06810210190EAF78F
:10C9300026FF01460290704800682030FAF7B1FEE9
:10C940006E480078012806D16A48C0680E2101901F
:10C95000EAF715FF10E069480078022806D165481B
:10C96000C0680C210190EAF70AFF05E06148C06841
:10C970000A210190EAF703FF014602905E48006831
:10C980002030FAF7C6FE5B48C06805210190EAF73F
:10C99000F6FE01460290584800682030FAF76AFE19
:10C9A0005448C06805210190EAF7E9FE014602906B
:10C9B000514800682030FAF796FE53495348EAF789
:10C9C0002DF953495348EAF729F94B480068583084
:10C9D00001F054FB4D49484800685830FAF7B0FD63
:10C9E0002321454800685830FAF7B4FD42480068F2
:10C9F000603001F043FB47493F4800686030FAF778
:10CA00009FFD7F213C4800686030FAF7A3FD3A485B
:10CA10000068C03001F032FB012137480068C030A7
:10CA2000FAF784FD012134480068C030FAF75FFD51
:10CA300031480068803001F021FB3048007801283F
:10CA400006D12C48C06818210190EAF798FE10E042
:10CA50002A480078022806D12648C068142101908F
:10CA6000EAF78DFE05E02348C06810210190EAF73F
:10CA700086FE01460290204800688030FAF7DBFD10
:10CA80001E480078012806D11A48C0681821019074
:10CA9000EAF775FE10E019480078022806D115481B
:10CAA000C06814210190EAF76AFE05E01148C068E9
:10CAB00010210190EAF763FE014602900E480068DB
:10CAC0008030FAF710FE0D480078012806D1094899
:10CAD000C06818210190EAF752FE23E00748007869
:10CAE000022819D10348C06814210190EAF747FED3
:10CAF00018E00000984400200001002004010020FC
:10CB00000C01002008010020656B000810010020C6
:10CB10001119010818010020FE48C0681021019079
:10CB2000EAF72DFE01460290FB4800688030FAF7D4
:10CB3000A1FDF9480068783001F0A0FAF7480078C4
:10CB4000012806D1F348C0680E210190EAF717FECC
:10CB500010E0F2480078022806D1EE48C0680C21A7
:10CB60000190EAF70CFE05E0EA48C0680A2101904E
:10CB7000EAF705FE01460290E74800687830FAF7C8
:10CB80005AFDE6480078012806D1E248C0680E2127
:10CB90000190EAF7F4FD10E0E0480078022806D1A1
:10CBA000DC48C0680C210190EAF7E9FD05E0D948AE
:10CBB000C0680A210190EAF7E2FD01460290D648DA
:10CBC00000687830FAF761FDD3480068883001F0DA
:10CBD00055FAD048C0680A210190EAF7D0FD014615
:10CBE0000290CD4800688830FAF77DFDC948C068DA
:10CBF0000A210190EAF7C3FD01460290C648006889
:10CC00008830FAF737FDC4480068903001F036FAF2
:10CC1000C048C06814210190EAF7B1FD01460290B6
:10CC2000BD4800689030FAF78DFEBB480068983028
:10CC300001F024FA0221B84800689830FAF75EFE45
:10CC4000B5480068683001F019FA0021B248006860
:10CC50006830FAF7F0FC0021AF4800686830FAF756
:10CC600042FD0021AC4800686830FAF703FDAA488D
:10CC70000068703001F002FAA8480078012806D157
:10CC8000A448C06808210190EAF779FD10E0A348A4
:10CC90000078022806D19F48C06806210190EAF773
:10CCA0006EFD05E09B48C06802210190EAF767FD30
:10CCB00001460290984800687030FAF7BCFC97482B
:10CCC0000078012806D19348C06808210190EAF74E
:10CCD00056FD10E091480078022806D18D48C068C2
:10CCE00006210190EAF74BFD05E08A48C068022161
:10CCF0000190EAF744FD01460290874800687030D1
:10CD0000FAF7F1FC85480078012806D18148C0680F
:10CD100008210190EAF733FD10E0804800780228EE
:10CD200006D17C48C06806210190EAF728FD05E09D
:10CD30007848C06802210190EAF721FD014602907F
:10CD4000754800687030FAF795FC73480068283021
:10CD500001F094F96F4801696F4800682830FAF7CC
:10CD600080FBEAF709FA014602906B480068283018
:10CD7000FAF7CFFDFF21684800682830FAF796FBE4
:10CD800065480068303001F079F96248016962480D
:10CD900000683030FAF765FB5E4801695E4800685C
:10CDA0003030FAF7B6FD33215B4800683030FAF7CF
:10CDB0007DFB59480068383001F060F95548408AD9
:10CDC00001460290544800683830FAF74AFBEAF707
:10CDD000D3F901460290504800683830FAF799FDBF
:10CDE000FF214D4800683830FAF760FB4A48006878
:10CDF000403001F043F94748408A014602904648D6
:10CE000000684030FAF72DFB4248408A0146029004
:10CE1000414800684030FAF77CFD33213E48006805
:10CE20004030FAF743FB3C480068483001F026F9EF
:10CE30003B48008801460290374800684830FAF7BE
:10CE400010FBFF21344800684830FAF72FFB3548C3
:10CE5000008801460290304800684830FAF759FDD2
:10CE60002D480068503001F009F92F48008801462C
:10CE70000290294800685030FAF7F3FAFF2126485B
:10CE800000685030FAF712FB2648008801460290ED
:10CE9000214800685030FAF73CFD1F480068B03068
:10CEA00001F0ECF847F6FF711B480068B030FAF764
:10CEB000D6FC19480068B83001F0E0F800211648A7
:10CEC0000068B830FAF7CBFC13480068C83001F0AE
:10CED000D5F81048C06803210190EAF750FC0146DC
:10CEE00002900D480068C830FAF742FD0948C06852
:10CEF00003210190EAF743FC0146029006480068CE
:10CF0000C830FAF72AFD04480068F03001F0B6F89E
:10CF100000480BE09844002000010020040100209C
:10CF20000C010020080100200A0100200169FE48D0
:10CF30000068F030FAF795FAFF21FB480068F030FE
:10CF4000FAF7B4FAF948C06806210190EAF717FC2D
:10CF500001460290F4480068F030FAF76CFB47F69F
:10CF6000FF71F1480068F030FAF779FCEE4800688C
:10CF7000E03001F083F8C821EB480068E030FAF7B0
:10CF800044FAE9480068E83001F078F87821E6488A
:10CF90000068E830FAF739FAE348006800F5807075
:10CFA00001F06CF8E248008801460290DE48006813
:10CFB00000F58070FAF733FADC48C0680F21019061
:10CFC000EAF7DDFB01460290D748006800F5807063
:10CFD000FAF73CFA0121D448006800F58070FAF7AE
:10CFE0002BFAD148006800F5847001F047F8CF486B
:10CFF0000169CD48006800F58470FAF710FACA4854
:10D00000006800F5987001F039F84FF48271C64855
:10D01000006800F59870FAF7CAFAC348006800F58E
:10D020009C7001F02BF8C148C06803210190EAF719
:10D03000A6FB01460290BC48006800F59C70FAF718
:10D04000FAFABA48C06802210190EAF798FB014653
:10D050000290B548006800F59C70FAF75CFAB34896
:10D060000169B148006800F59C70FAF729FAB148E7
:10D07000008801460290AC48006800F59C70FAF701
:10D08000F0F9FF21A848006800F59C70FAF70EFA45
:10D09000A9480078012806D1A448C0680C21009056
:10D0A000EAF76DFB05E0A148C06808210090EAF7A7
:10D0B00066FB029000EBD070401000B20146019078
:10D0C0009948006800F59C70FAF7C9FB964800681B
:10D0D00000F5A07000F0D2FF98A19348006800F519
:10D0E000A070FAF7D8F9EAF747F8014602908E489F
:10D0F000006800F5A070FAF70CFC8C484069014606
:10D1000002908948006800F5A070FAF710FC864884
:10D11000006800F5A47000F0B1FF8448C0680421E5
:10D120000190EAF72CFB404200B2014602907E4893
:10D13000006800F5A470FAF77EFAEAF71DF80146D8
:10D1400002907948006800F5A470FAF78AF97648E9
:10D15000006800F5A87000F091FF01217248006896
:10D1600000F5A870FAF718FA754800880146029091
:10D170006D48006800F5A870FAF701FA6A4800687F
:10D1800000F5947000F07AFF00216748006800F510
:10D190009470FAF7ACF96548C0680A210190EAF783
:10D1A000EEFA014602906048006800F59470FAF7C4
:10D1B00061FA5F480088014602905B48006800F50C
:10D1C0009470FAF7DCF95848006800F5887000F0B0
:10D1D00055FF5648C06803210190EAF7D0FA01468E
:10D1E00002905148006800F58870FAF7D5F94F4869
:10D1F000C06803210190EAF7C2FA014602904A484A
:10D20000006800F58870FAF72AFB4848C0680821D2
:10D210000190EAF7B4FA014602904348006800F52D
:10D220008870FAF75FFB4148C06802210190EAF775
:10D23000A6FA014602903C48006800F58870FAF7AB
:10D2400019FA3948006800F58C7000F017FF47F6AE
:10D25000FF713548006800F58C70FAF700FB334821
:10D26000C06808210190EAF78AFA014602902E4828
:10D27000006800F58C70FAF735FB2C4801692A48E4
:10D28000006800F58C70FAF7ECF8FF21264800687A
:10D2900000F58C70FAF70AF92348006800F59070E1
:10D2A00000F0ECFE2148C06801210190EAF767FA1E
:10D2B000014602901C48006800F59070FAF76CF97E
:10D2C0001F480088014602901748006800F59070DA
:10D2D000FAF755F91548C06802210190EAF74FFAAC
:10D2E000014602901048006800F59070FAF7A3F923
:10D2F0001220F8F767F9014602900B48006800F524
:10D300009070FAF706FB0848006800F5D07000F04E
:10D31000B5FE00210448006800F5D070FAF78BF9DB
:10D320000021014800680DE0000100209844002021
:10D330000C0100200A01002004010020EF808C0075
:10D340000801002000F5D070FAF79FF90021FE488F
:10D35000006800F5D070FAF782FA0121FA480068F7
:10D3600000F5D070FAF7E2F80021F748006800F500
:10D37000D070FAF7C6F8F448006800F5EC7000F0D9
:10D380007DFEF2480078012806D1F148C0680C21E2
:10D390000190EAF7F4F905E0ED48C0680821019032
:10D3A000EAF7EDF901460290E748006800F5EC70F5
:10D3B000FAF755FA0121E448006800F5EC70FAF735
:10D3C000B5F8FF21E048006800F5EC70FAF76EF858
:10D3D000E048008801460290DB48006800F5EC70E8
:10D3E000FAF73FF8DC48008801460290D64800680A
:10D3F00000F5EC70FAF78DFAD348006800F5D470A8
:10D4000000F03CFED1480078012806D1D048C06821
:10D410000E210190EAF7B3F910E0CC480078022819
:10D4200006D1CB48C0680C210190EAF7A8F905E0C5
:10D43000C748C0680A210190EAF7A1F901460290A5
:10D44000C148006800F5D470FAF72BF9BF4800789E
:10D45000012806D1BE48C0680E210190EAF78FF975
:10D4600010E0BA480078022806D1B948C0680C21FB
:10D470000190EAF784F905E0B548C0680A210190F7
:10D48000EAF77DF901460290AF48006800F5D470D4
:10D49000FAF73FF9AD480078012806D1AC48C068DA
:10D4A0000E210190EAF76BF910E0A84800780228F5
:10D4B00006D1A748C0680C210190EAF760F905E0A1
:10D4C000A348C0680A210190EAF759F90146029081
:10D4D0009D48006800F5D470FAF7D7F89C48C068FA
:10D4E00001210190EAF74BF9014602909648006845
:10D4F00000F5D470FAF70FF819219348006800F589
:10D50000D470F9F7EAFF94480088014602908E48EB
:10D51000006800F5D470F9F7D3FF00218A4800684D
:10D5200000F5D470F9F7EDFF8748006800F5D87072
:10D5300000F0A4FD00218448006800F5D870FAF7D7
:10D540007AF800218048006800F5D870FAF79DF855
:10D550007F48C06801210190EAF711F90146029065
:10D560007948006800F5D870F9F7D5FF1921764899
:10D57000006800F5D870F9F7B0FF774800880146D9
:10D5800002907148006800F5D870F9F799FF0821FA
:10D590006D48006800F5D870F9F7B3FF6A48006875
:10D5A00000F5DC7000F06AFD00216748006800F5B6
:10D5B000DC70FAF740F800216348006800F5DC7081
:10D5C000FAF763F86048006800F5E47000F056FD73
:10D5D0005E480078012806D15D48C0680E210190A0
:10D5E000EAF7CDF810E059480078022806D15848EB
:10D5F000C0680C210190EAF7C2F805E05448C06801
:10D600000A210190EAF7BBF8014602904E480068F3
:10D6100000F5E470FAF745F84C480078012806D187
:10D620004B48C06808210190EAF7A9F810E0474884
:10D630000078022806D14648C06806210190EAF722
:10D640009EF805E04248C06802210190EAF797F889
:10D65000014602903C48006800F5E470FAF759F87A
:10D660003A480078012806D13948C0680E21019057
:10D67000EAF785F810E035480078022806D13448EA
:10D68000C0680C210190EAF77AF805E03048C068DC
:10D690000A210190EAF773F8014602902A480068CF
:10D6A00000F5E470F9F7F1FF2748006800F5E8702D
:10D6B00000F0E4FC25480078012806D12448C06821
:10D6C00008210190EAF75BF810E020480078022872
:10D6D00006D11F48C06806210190EAF750F805E01E
:10D6E0001B48C06802210190EAF749F80146029000
:10D6F0001548006800F5E870F9F7D3FF1348007883
:10D70000012806D11248C06808210190EAF737F8CD
:10D7100010E00E480078022806D10D48C0680621A6
:10D720000190EAF72CF805E00948C0680221019051
:10D73000EAF725F8014602900348006800F5E87012
:10D74000F9F7E7FF002109E00001002004010020B3
:10D75000984400200A01002008010020FC480068CD
:10D7600000F5E870FAF79DF80021F948006800F527
:10D77000E870F9F79BFEF748008801460290F448EC
:10D78000006800F5E870FAF7C4F8F148006800F5A1
:10D79000E07000F073FC0021ED48006800F5E070D7
:10D7A000F9F77FFF0021EA48006800F5E070F9F71B
:10D7B0006CFFE748006800F5F07000F05FFC332173
:10D7C000E348006800F5F070F9F770FE1220F7F7F3
:10D7D000F9FE01460290DE48006800F5F070F9F7A6
:10D7E00040FEDB48006800F5F47000F047FC0021C3
:10D7F000D748006800F5F470F9F758FED64800786D
:10D80000012806D1D548C06808210190E9F7B7FF83
:10D8100010E0D1480078022806D1D048C06806211F
:10D820000190E9F7ACFF05E0CC48C0680221019007
:10D83000E9F7A5FF01460290C548006800F5F470BD
:10D84000F9F767FFC248006800F5B07000F016FCF9
:10D85000C248C06805210190E9F791FF0146029096
:10D86000BB48006800F5B070F9F796FEB94800882B
:10D8700001460290B648006800F5B070F9F77FFEE7
:10D88000B648C06814210190E9F779FF014602907B
:10D89000AF48006800F5B070FAF724F8AF48C068E8
:10D8A0000F210190E9F76BFF01460290A84800683C
:10D8B00000F5B070F9F701FFA548006800F5B470F5
:10D8C00000F0DCFB47F6FF71A148006800F5B4707A
:10D8D000F9F7C5FF9F480088014602909C48006800
:10D8E00000F5B470F9F7BDFDFF219948006800F517
:10D8F000B470F9F7DBFD9948C0680F210190E9F792
:10D900003EFF014602909248006800F5B470F9F7B6
:10D91000E9FF8F48006800F5AC7000F0AFFB8F485E
:10D92000C06801210190E9F72AFF0146029088486A
:10D93000006800F5AC70F9F7EEFD894800880146F3
:10D9400002908348006800F5AC70F9F7B9FD032137
:10D950007F48006800F5AC70F9F7D3FD7C4800689B
:10D9600000F5B87000F08AFB7A4800880146029002
:10D970007748006800F5B870F9F7A2FD7748C068ED
:10D9800002210190E9F7FBFE014602907048006811
:10D9900000F5B870F9F7BFFD7048C068012101902B
:10D9A000E9F7EDFE404200B2014602906848006887
:10D9B00000F5B870F9F781FE04216548006800F5AC
:10D9C000B870F9F79EFD4FF4C8716148006800F522
:10D9D000B870F9F71AFD5E48006800F5BC7000F0F9
:10D9E0004DFB5E4890F8200000F0010028B10221B4
:10D9F0001220F7F791FD029004E001211220F7F7C1
:10DA0000B5FD029052480299006800F5BC70F9F724
:10DA100080FF4F48006800F5C07000F02FFB4E48B3
:10DA20000078012806D14D48C0680E210190E9F721
:10DA3000A6FE10E048480078022806D14748C06892
:10DA40000C210190E9F79BFE05E04448C0680A21DB
:10DA50000190E9F794FE014602903D48006800F508
:10DA6000C070F9F7E8FD3C480078012806D13B4832
:10DA7000C0680E210090E9F782FE10E03648007879
:10DA8000022806D13548C0680C210090E9F777FEDE
:10DA900005E03248C0680A210090E9F770FE029064
:10DAA00000EBD070401000B2014601902848006899
:10DAB00000F5C070F9F7E9FD2548006800F5C4706D
:10DAC00000F0DCFA2548C06801210190E9F757FE13
:10DAD000014602901E48006800F5C470F9F71BFD6E
:10DAE0001F480088014602901948006800F5C4707C
:10DAF000F9F7E6FC1B4800880146029014480068CC
:10DB000000F5C470F9F7ADFC33211148006800F549
:10DB1000C470F9F7CBFC0E48006800F5C87000F03F
:10DB2000ADFA0D480078012806D10C48C0680E21D6
:10DB30000190E9F724FE1DE007480078022813D180
:10DB40000648C0680C210190E9F719FE12E00000B8
:10DB5000000100200801002004010020984400205A
:10DB60000C0100200A010020F848C0680A21019039
:10DB7000E9F705FE01460290F548006800F5C87017
:10DB8000F9F78FFDF3480078012806D1EF48C06807
:10DB90000E210190E9F7F3FD10E0EE48007802282D
:10DBA00006D1EA48C0680C210190E9F7E8FD05E0DC
:10DBB000E648C0680A210190E9F7E1FD01460290BC
:10DBC000E348006800F5C870F9F798FDE14800786F
:10DBD000012806D1DD48C06808210190E9F7CFFD92
:10DBE00010E0DC480078022806D1D848C068062139
:10DBF0000190E9F7C4FD05E0D448C0680221019016
:10DC0000E9F7BDFD01460290D148006800F5C870F3
:10DC1000F9F725FDCF480078012806D1CB48C06828
:10DC20000E210190E9F7ABFD10E0CA480078022808
:10DC300006D1C648C0680C210190E9F7A0FD05E0B7
:10DC4000C248C0680A210190E9F799FD0146029097
:10DC5000BF48006800F5C870F9F717FDBC480068B8
:10DC600000F5CC7000F00AFAB848C0680A210190AB
:10DC7000E9F785FD01460290B548006800F5CC70D3
:10DC8000F9F7E4FBB248006800F5FC7000F0F6F923
:10DC9000AE48C06804210190E9F771FD0146029089
:10DCA000AB48006800F5FC70F9F7C5FCA8480068AF
:10DCB00000F5F87000F0E2F9642001900198002866
:10DCC00005DA0198C0F57A7040F4005002E001983E
:10DCD00040F4005000B2014602909D48006800F5F3
:10DCE000F870F9F76FFC9A48006800F5007000F0D2
:10DCF000C5F91220F7F766FC0146029094480068C7
:10DD000000F50070F9F7ADFB7F219148006800F540
:10DD10000070F9F7CBFB8E48006800F5027000F048
:10DD2000ADF900218A48006800F50270F9F7CFFDCF
:10DD300088480078032816D186480078012806D143
:10DD40008248C0680C210090E9F719FD05E07F4882
:10DD5000C06808210090E9F712FD0290029800EBDC
:10DD6000D070401010E07B480078012806D1774839
:10DD7000C0680C210090E9F702FD05E07348C06817
:10DD800008210090E9F7FBFC00B2014601907048C1
:10DD9000006800F50270F9F762FD6D48006800F553
:10DDA0000E7000F06BF9694801696948006800F578
:10DDB0000E70F9F785FB6548C06802210190E9F70C
:10DDC000DEFC400000B2014602906148006800F5A8
:10DDD0000E70F9F7A0FB01215D48006800F50E7098
:10DDE000F9F78FFB5A48006800F50C7000F046F90F
:10DDF0005648C06802210190E9F7C1FC404200B2D8
:10DE0000014602905248006800F50C70F9F7FDFBDE
:10DE10004F48006800F5047000F030F94D48007874
:10DE2000012806D14948C06818210190E9F7A7FCEC
:10DE300010E048480078022806D14448C068142100
:10DE40000190E9F79CFC05E04048C0681021019072
:10DE5000E9F795FC014602903D48006800F5047022
:10DE6000F9F71FFC00213A48006800F50470F9F743
:10DE700050FC00213648006800F50470F9F705FCF5
:10DE800001213348006800F50470F9F74FFB304872
:10DE9000006800F5067000F0F1F82C48C068012118
:10DEA0000190E9F76CFC014602902948006800F5F2
:10DEB0000670F9F730FB2848008801460290244894
:10DEC000006800F50670F9F7FBFA012120480068A8
:10DED00000F50670F9F715FB1E480078012806D1F9
:10DEE0001A48C0680E210190E9F749FC10E0194872
:10DEF0000078022806D11548C0680C210190E9F786
:10DF00003EFC05E01148C0680A210190E9F737FCA2
:10DF1000014602900E48006800F50670F9F78BFB89
:10DF20000C480078012806D10848C0680E210190ED
:10DF3000E9F725FC18E00748007802280ED10348CD
:10DF4000C0680C210190E9F71AFC0DE0984400200C
:10DF500000010020040100200C0100204448C0689A
:10DF60000A210190E9F70BFC014602904148006844
:10DF700000F50670F9F77EFB3E48006800F5087072
:10DF800000F07CF83C480078012806D13848C06889
:10DF900018210190E9F7F3FB10E0374800780228D8
:10DFA00006D13348C06814210190E9F7E8FB05E089
:10DFB0002F48C06810210190E9F7E1FB014602906B
:10DFC0002C48006800F50870F9F7D2FC2948006871
:10DFD00000F5107000F052F8FF212648006800F5A7
:10DFE0001070F9F763FAE9F7C7F801460290214883
:10DFF000006800F51070F9F734FA1220F7F7E2FA2A
:10E00000014602901B48006800F51070F9F736FAD7
:10E0100047F6FF711748006800F51070F9F71FFC0C
:10E020001348C0680F210190E9F7A9FB014602904F
:10E030001048006800F51070F9F749FCE9F79CF802
:10E04000014602900B48006800F51070F9F711FCCA
:10E050000748C06805210190E9F791FB014602904D
:10E060000448006800F51070F9F726FC0EBD0000AA
:10E0700098440020000100200401002010B504464F
:10E080000548007818B12046F9F7A9F902E02046C2
:10E09000F9F764F810BD00000E0100202DE9F041F1
:10E0A00007460C462046F3F7D5FBB0B90022FE48E0
:10E0B00001682046F2F76BF84FF48032FA480168A5
:10E0C00008312046F2F763F8F84AF7480168103142
:10E0D0002046F2F75CF8BDE8F081F5492046F2F7FA
:10E0E0006BFC002876D02046F3F7B4FB0546F149D7
:10E0F0002846F2F761FC00B1EDE72846F3F7AAFBEA
:10E100000646EC49F2F758FCB0B10022E648016837
:10E1100080312046F2F73BF84FF48032E248016844
:10E1200008312046F2F733F8E04ADF480168103141
:10E130002046F2F72CF8CEE72046F3F744FBB0B9BF
:10E140002046F3F787FB0646DB49F2F735FC70B152
:10E150000022D548016848312046F2F718F800221D
:10E16000D148016870312046F2F711F8B3E7204634
:10E17000F3F729FB012824D12046F3F76BFB064671
:10E18000CD49F2F719FCE0B10022C74801682046EA
:10E19000F1F7FDFF0022C448016880312046F1F705
:10E1A000F6FF4FF48032C048016808312046F1F78D
:10E1B000EEFFBE4ABC48016810312046F1F7E7FF88
:10E1C00089E72046F3F746FB0646BC49F2F7F4FB25
:10E1D00008B180E717E00022B348016818312046F3
:10E1E000F1F7D5FF4FF48032AF480168083120467F
:10E1F000F1F7CDFFAD4AAC48016810312046F1F788
:10E20000C6FF01F02FB8AE492046F2F7D5FB002833
:10E2100060D00022A448016820312046F1F7B7FF02
:10E220000022A148016828312046F1F7B0FF002202
:10E230009D480168D0312046F1F7A9FF20229A4875
:10E24000016858312046F1F7A2FF20229648016864
:10E25000D8312046F1F79BFF042293480168A03192
:10E260002046F1F794FF20228F480168C8312046EC
:10E27000F1F78DFF01228C48016838312046F1F713
:10E2800086FF80228848016860312046F1F77FFFD1
:10E290002046F3F7DFFA05468A49F2F78DFB40B9CD
:10E2A0002046F3F7D7FA05468749F2F785FB0028A1
:10E2B000A7D000227C48016801F5E8712046F1F7FB
:10E2C00066FF20227848016801F5F0712046F1F7D9
:10E2D0005EFF96E77D492046F2F76EFB40B10022D3
:10E2E0007148016801F5A8712046F1F750FF88E7F1
:10E2F00077492046F2F760FB00287DD02046F3F7EF
:10E30000A9FA05467349F2F757FBE0B300226648C5
:10E31000016801F5FC712046F1F739FF00226248DF
:10E32000016888312046F1F732FF4FF4A0225E48A1
:10E33000016820312046F1F72AFF674A5A480168F0
:10E3400058312046F1F723FF634A6032564801688E
:10E3500060312046F1F71BFF5F4A1F3A52480168BF
:10E3600028312046F1F713FF5B4A1C3A4E480168FA
:10E3700030312046F1F70BFF574A183A4A480168F6
:10E380004031204600E002E0F1F701FFA3E620461D
:10E39000F3F760FA05464749F2F70EFB68B300222F
:10E3A0004148016850312046F1F7F1FE04223E4811
:10E3B0000168A0312046F1F7EAFE04223A480168DC
:10E3C00001F50C712046F1F7E2FE434A3648016838
:10E3D00058312046F1F7DBFE3F4A1F3A32480168C8
:10E3E00030312046F1F7D3FE3B4A1F3A2E480168F0
:10E3F00001F50E71204601E0C4E01BE0F1F7C7FE15
:10E40000354A1C3A28480168A0312046F1F7BFFE82
:10E41000314A183A24480168A8312046F1F7B7FE7E
:10E420002D4A1C3A2048016801F50C712046F1F78D
:10E43000AEFE50E62046F3F70DFA05461F49F2F707
:10E44000BBFA78B300221848016801F5C071204674
:10E45000F1F79DFE042214480168A0312046F1F72F
:10E4600096FE082210480168A8312046F1F78FFE79
:10E470004FF4A0220C48016801F5C4712046F1F761
:10E4800086FE154A0848016858312046F1F77FFE9C
:10E49000114A60320448016860312046F1F777FE86
:10E4A0000D4A1BE029E000000001002040000100AF
:10E4B000640303081C0B0308700B0308E80403083B
:10E4C0003C430308580A03083C0A030800440308B5
:10E4D00058430308900A0308200005001C3AFE4830
:10E4E0000168A0312046F1F752FEFC4AFA48016863
:10E4F000A8312046F1F74BFEEDE50022F648016811
:10E5000018312046F1F743FE0422F3480168A03198
:10E510002046F1F73CFE0822EF480168A83120466A
:10E52000F1F735FE4FF4A022EB4801682031204678
:10E53000F1F72DFEE94A7832E7480168603120465C
:10E54000F1F725FEE54A1832E348016858312046C4
:10E55000F1F71DFEE14AD21FDF480168283120464D
:10E56000F1F715FEDD4A121FDB480168A031204695
:10E57000F1F70DFED94AD8480168A8312046F1F7D5
:10E5800006FE3EE6D6492046F2F716FA60B30022B0
:10E59000D148016830312046F1F7F9FD0022CE481C
:10E5A0000168B0312046F1F7F2FD0422CA48016843
:10E5B000A0312046F1F7EBFD0822C7480168A831D9
:10E5C0002046F1F7E4FD4FF40032C34801682831DA
:10E5D0002046F1F7DCFD4FF40032BF480168B0314E
:10E5E0002046F1F7D4FD0CE6BE492046F2F7E4F9E7
:10E5F000F0B30022B848016830312046F1F7C7FD7A
:10E600000022B5480168B0312046F1F7C0FD042270
:10E61000B1480168A0312046F1F7B9FD0822AE48A3
:10E620000168A8312046F1F7B2FD4FF40032AA4844
:10E63000016828312046F1F7AAFD4FF40032A648C0
:10E640000168B0312046F1F7A2FD4FF44032A248F4
:10E650000168F0312046F1F79AFDA34A9E4801680F
:10E66000C8312046F1F793FD4FF440329A4800E05C
:10E670000CE00168D0312046F1F789FD9A4A9648AE
:10E680000168D8312046F1F782FDBAE59749204666
:10E69000F2F792F9002862D000228F480168183101
:10E6A0002046F1F774FD00228B480168683120464E
:10E6B000F1F76DFD002288480168B8312046F1F776
:10E6C00066FD042284480168A0312046F1F75FFD11
:10E6D000082281480168A8312046F1F758FD4FF41F
:10E6E00080327D48016808312046F1F750FD804AAC
:10E6F0007948016810312046F1F749FD4FF4A02216
:10E700007548016850312046F1F741FD4FF4A022D1
:10E710007148016801F5AC712046F1F738FD4FF4FE
:10E72000A0226D48016880312046F1F730FD6B4A28
:10E7300018326948016858312046F1F728FD674AC8
:10E74000121F6548016828312046F1F720FD634A11
:10E750006148016838312046F1F719FD51E56549F6
:10E760002046F2F729F9E8B300225B4801688831B6
:10E770002046F1F70CFD042257480168A0312046DD
:10E78000F1F705FD5C4A5448016860312046F1F715
:10E79000FEFC4FF400325048016801F59C712046A0
:10E7A000F1F7F5FC544A7F3A4B480168283120467E
:10E7B000F1F7EDFC504A7F3A4748016801F5A07136
:10E7C0002046F1F7E4FC4C4A603A4348016858316E
:10E7D0002046F1F7DCFC484A603A3F480168C831FE
:10E7E000204600E012E0F1F7D2FC434A603A3A4892
:10E7F0000168D8312046F1F7CAFC4FF400323648A0
:10E800000168D0312046F1F7C2FCFAE43B492046CA
:10E81000F2F7D2F8002873D000222F48016848315F
:10E820002046F1F7B4FC00222B480168B0312046A5
:10E83000F1F7ADFC002228480168E8312046F1F7E5
:10E84000A6FC80222448016860312046F1F79FFC35
:10E85000042221480168A0312046F1F798FC264A9D
:10E860007F3A1D48016828312046F1F790FC4FF4AB
:10E87000003219480168B0312046F1F788FC1E4A81
:10E880001548016860312046F1F781FC4FF44032B1
:10E8900011480168F0312046F1F779FC4FF440321D
:10E8A0000D48016850312046F1F771FC4FF44032B9
:10E8B0000948016801F5A4712046F1F768FC0A4A8D
:10E8C00060320548016860312046F1F760FC0A4A71
:10E8D0007F3A0148016814E00001002008000500AB
:10E8E0002043030854440308200003008C44030819
:10E8F00040000100744303088000020070440308D4
:10E900000CE0D8312046F1F742FC4FF40032FA48CF
:10E910000168D8312046F1F73AFC72E4F749204605
:10E92000F2F74AF8F0B30022F348016818312046A4
:10E93000F1F72DFC0022F048016878312046F1F70C
:10E9400026FC0022EC48016801F594712046F1F79D
:10E950001EFC4FF48032E848016808312046F1F788
:10E9600016FCE74AE448016810312046F1F70FFC35
:10E970004FF4A022E048016801F588712046F1F7C4
:10E9800006FC4FF40032DC48016801F58C7120462A
:10E99000F1F7FDFB4FF4C022D748016801F59071F3
:10E9A000204600E00BE0F1F7F2FB4FF4E022D24802
:10E9B000016801F588712046F1F7E9FB21E4D149AE
:10E9C0002046F1F7F9FF90B30022CB4801681831D7
:10E9D0002046F1F7DCFB0022C7480168E031204601
:10E9E000F1F7D5FB0022C448016890312046F1F7C9
:10E9F000CEFB0022C048016898312046F1F7C7FBE2
:10EA00000422BD480168A0312046F1F7C0FB08226E
:10EA1000B9480168A8312046F1F7B9FB4FF48022CC
:10EA2000B548016828312046F1F7B1FB27E2FFE73E
:10EA3000B5492046F1F7C0FFC8B30022AE480168CF
:10EA400018312046F1F7A3FB0022AB48016878316A
:10EA50002046F1F79CFB0022A7480168D0312046F0
:10EA6000F1F795FB2022A4480168D8312046F1F740
:10EA70008EFB2022A048016858312046F1F787FB21
:10EA800004229D480168A0312046F1F780FB08224E
:10EA900099480168A8312046F1F779FB4FF400321C
:10EAA00095480168D8312046F1F771FBDAE3FFE7BA
:10EAB00096492046F1F780FFF0B300228E480168A6
:10EAC00018312046F1F763FB00228B480168C03102
:10EAD0002046F1F75CFB0022874801689031204610
:10EAE000F1F755FB00228448016801F59871204632
:10EAF000F1F74DFB4FF480327F4801680831204622
:10EB0000F1F745FB7E4A7C48016810312046F1F759
:10EB10003EFB4FF480227848016850312046F1F7DF
:10EB200036FB7B4A7448016828312046F1F72FFBF9
:10EB3000774A1F32704800E005E0016858312046EE
:10EB4000F1F725FB8EE373492046F1F735FF10B34B
:10EB500000226948016801F580712046F1F717FB32
:10EB60004FF400326448016801F580712046F1F7E6
:10EB70000EFB4FF400326048016801F584712046B5
:10EB8000F1F705FB4FF440325B480168F031204655
:10EB9000F1F7FDFA66E360492046F1F70DFFD0B1C9
:10EBA00000225548016801F580712046F1F7EFFA1F
:10EBB0004FF400325048016801F580712046F1F7AA
:10EBC000E6FA4FF400324C48016801F584712046A2
:10EBD000F1F7DDFA46E351492046F1F7EDFEB8B111
:10EBE00000224548016818312046F1F7D0FA00228A
:10EBF00041480168B0312046F1F7C9FA4FF40032BC
:10EC00003D48016801F5B4712046F1F7C0FA29E3E7
:10EC100043492046F1F7D0FEE0B3002236480168B0
:10EC200018312046F1F7B3FA0022334801687831F1
:10EC30002046F1F7ACFA04222F480168A0312046A3
:10EC4000F1F7A5FA08222C480168A8312046F1F70F
:10EC50009EFA4FF480322848016808312046F1F7C7
:10EC600096FA274A2448016810312046F1F78FFAB6
:10EC70002C4A2148016801F5B8712046F1F787FA5E
:10EC80004FF400221C48016801F5BC712046F1F7E1
:10EC90007EFAE7E2FFE724492046F1F78DFE70B1E6
:10ECA00000221548016818312046F1F770FA002259
:10ECB0001148016868312046F1F769FAD2E21B4930
:10ECC0002046F1F779FE40B100220B48016801F5BA
:10ECD000C8712046F1F75BFAC4E215492046F1F706
:10ECE0006BFE40B100220448016801F5C87120465E
:10ECF000F1F74DFAB6E21DE0000100203C050308E3
:10ED0000400001001C44030890430308AC4303087F
:10ED10000100040004430308000B0308740A0308FD
:10ED2000A844030802000700E804030804050308D8
:10ED300020050308F6492046F1F73EFEF0B3002215
:10ED4000F44801682046F1F722FAF34800780128D8
:10ED500003D1F0480068783002E0EE480068703077
:10ED6000014600222046F1F712FA0422E948016820
:10ED7000A0312046F1F70BFA0822E6480168A831D5
:10ED80002046F1F704FA4FF4A022E248016820314E
:10ED90002046F1F7FCF9E14ADE480168603120467F
:10EDA000F1F7F5F94FF4A022DA4801685031204616
:10EDB000F1F7EDF94FF4A022D64800E026E0016813
:10EDC00001F502712046F1F7E2F9D44A603AD148E0
:10EDD000016858312046F1F7DAF9D04A7F3ACD4838
:10EDE000016848312046F1F7D2F9CC4A7C3AC9484B
:10EDF000016830312046F1F7CAF9C84A783AC54867
:10EE0000016840312046F1F7C2F92BE2C44920469F
:10EE1000F1F7D2FDF8B10022BE4801681831204652
:10EE2000F1F7B5F90022BB48016801F504712046ED
:10EE3000F1F7ADF94FF48032B64801680831204649
:10EE4000F1F7A5F9B74AB348016810312046F1F748
:10EE50009EF9FFF740B9B4492046F1F7ADFD78B10E
:10EE60000022AC48016848312046F1F790F90022B1
:10EE7000A848016801F508712046F1F788F9F1E129
:10EE8000AA492046F1F798FD68B30022A14801681D
:10EE900050312046F1F77BF900229E48016801F5C8
:10EEA00006712046F1F773F904229A480168283167
:10EEB0002046F1F76CF904229648016801F50871C3
:10EEC0002046F1F764F920229248016801F50871A3
:10EED0002046F1F75CF920228E480168583120461F
:10EEE000F1F755F9BEE192492046F1F765FD78B199
:10EEF00000228848016818312046F1F748F90022BD
:10EF00008448016801F5D0712046F1F740F9A9E184
:10EF100088492046F1F750FDB8B100227D480168CC
:10EF200001F5D8712046F1F732F94FF48032794873
:10EF3000016808312046F1F72AF97A4A75480168D4
:10EF400010312046F1F723F98CE17B492046F1F797
:10EF500033FDB8B100226F48016801F5DC7120462D
:10EF6000F1F715F94FF480326A48016808312046FC
:10EF7000F1F70DF96B4A6748016810312046F1F747
:10EF800006F96FE16D492046F1F716FDF0B1002258
:10EF90006048016801F5D4712046F1F7F8F82022A5
:10EFA0005C48016801F5F0712046F1F7F0F8212284
:10EFB0005848016830312046F1F7E9F801225548F8
:10EFC000016830312046F1F7E2F84BE15C49204618
:10EFD000F1F7F2FC20B95B492046F1F7EDFC80B176
:10EFE00000224C48016801F5E4712046F1F7CFF8A2
:10EFF00020224848016801F5F0712046F1F7C7F872
:10F0000030E151492046F1F7D7FCB8B10022414820
:10F01000016801F5E0712046F1F7B9F84FF480324C
:10F020003C48016808312046F1F7B1F83D4A3948BB
:10F03000016810312046F1F7AAF813E14349204650
:10F04000F1F7BAFC40B100223248016801F5EC71D9
:10F050002046F1F79CF805E13D492046F1F7ACFC6C
:10F0600040B100222B48016801F5F4712046F1F708
:10F070008EF8F7E037492046F1F79EFC78B1002280
:10F080002448016818312046F1F781F80022214810
:10F09000016801F5F8712046F1F779F8D9E62E49B3
:10F0A0002046F1F789FC40B100221A48016801F5B9
:10F0B00000712046F1F76BF8D4E028492046F1F7BB
:10F0C0007BFC20B300221348016818312046F1F779
:10F0D0005EF800220F48016878312046F1F757F8B2
:10F0E00004220C480168A0312046F1F750F80822AC
:10F0F00008480168A8312046F1F749F84FF4E022AA
:10F100000448016828312046F1F741F8AAE027E0D9
:10F1100074050308000100200401002080000500A0
:10F1200024090308400001005C09030840090308A2
:10F1300078090308040A0308200A0308B009030831
:10F14000580A03083C0A030894090308CC09030879
:10F15000E8090308900A0308C80A0308E40A030838
:10F1600041492046F1F728FCA8B100223F48016838
:10F170002046F1F70CF84FF480323C480168083122
:10F180002046F1F704F83A4A384801681031204621
:10F19000F0F7FDFF66E037492046F1F70DFC78B146
:10F1A0004FF480323148016808312046F0F7EFFF14
:10F1B0002F4A2E48016810312046F0F7E8FF51E051
:10F1C0002D492046F1F7F8FB68B100222748016875
:10F1D0002046F0F7DCFF0022244801686831204611
:10F1E000F0F7D5FF3EE025492046F1F7E5FB38B1C1
:10F1F00000221E480168C0312046F0F7C8FF31E008
:10F200001F492046F1F7D8FBF8B1002217480168E2
:10F2100001F5CC712046F0F7BAFF002213480168CF
:10F2200080312046F0F7B3FF4FF440320F480168B9
:10F2300050312046F0F7ABFF4FF440320B480168E5
:10F2400080312046F0F7A3FF0CE00E492046F1F78D
:10F25000B3FB38B100220548016801F51071204662
:10F26000F0F795FF00BFF4E5380B0308000100201C
:10F2700040000100540B03081C0B0308700B03082B
:10F2800058050308080903082DE9F14F88B00898CC
:10F29000ECF701F807900898ECF75EF88046CDF897
:10F2A000188007980A2856D14046F2F70EFA04460D
:10F2B0004046F2F7EBF9054605A94046F2F74CFB4C
:10F2C000BDF914000490BDF91690204604EBD071EE
:10F2D0004A100499114491FBF4F161430FFA81FA49
:10F2E000284605EBD07109EB610191FBF5F169430B
:10F2F00009B203910F200290002721E039464046D1
:10F30000F2F743F906463046F3F7F8FF019030462E
:10F31000F4F717F800900198504510D10399009820
:10F3200088420CD1B3460698C0F824B09BF824005C
:10F33000029000221C214046ECF714F805E07F1CE7
:10F340004046F2F740F9B842D8D800BF404602998B
:10F35000F5F7E2FD00BF09B0BDE8F08F0146C843F4
:10F36000401C01EA0002B2FA82F0C0F12003581EEC
:10F370007047014621B1B1FA81F0C0F1200000E0F0
:10F3800000200246501E704710B5D2F7B5FA10BDE6
:10F3900070B505460C46D2F7F3FB012806D10849A3
:10F3A0000848D2F733FA0120A07301E00020A073CF
:10F3B00004480088208003484088608070BD0000B9
:10F3C000880200208C0000202DE9F04786B080469E
:10F3D0000D46444627680026D7E0F86800EBC600D3
:10F3E0004068C0F3406040B1F86800EBC600406878
:10F3F00020F07F40A168884200D0C5E0A08847285F
:10F400004AD00EDC34281ED006DC20283FD030281D
:10F410003ED033287CD115E03B283CD0442877D11E
:10F4200038E0682810D004DC63281ED067286FD12C
:10F4300012E0A0F2574060B3A0F5805002380028D7
:10F4400066D10AE000BF00BFFF2D02DAE068059038
:10F4500001E0206905906CE000BFFF2D02DAE06852
:10F46000059001E02069059063E0E06810B920692B
:10F4700005900BE0206910B9E068059006E0802D4A
:10F4800002DAE068059001E02069059051E000BFD4
:10F4900000BF00BF00BF00BF002D03DCA089ADF896
:10F4A000140033E0FF2D03DB208AADF814002DE0BB
:10F4B00021690191E168E8B2029100F1040C4FEA80
:10F4C000EC00BDF808C04CEA0C4CDFF8D4A00CEA04
:10F4D0000A01BDF804C04CEA0C4C0CEA0A02A2EB8B
:10F4E000010C0CFB00FC01EB5C1C0CEA0A0343EA78
:10F4F000134C1FFA8CFCCDF800C0BDF800A0D44618
:10F50000CDF80CC0BDF80C00ADF8140011E0FFE719
:10F5100015B9E06805900BE0FF2D02D12069059038
:10F5200006E0D4E90310401A684301EB202005905F
:10F5300000BF00BF4FF00109FA6852F83600A188F9
:10F5400004AAF7F78BFD78B1DDE9041088420BD1EE
:10F55000BDF81400BDF81010884205D1DDE9041093
:10F56000884201D14FF00009FA6852F83600A188AC
:10F57000059AF8F7DAF8B9F1000F04D0A288A1686B
:10F580002068F5F771F806E0761C788CC0F3C500AA
:10F59000B0423FF622AF00BF06B0BDE8F0870000E2
:10F5A0001FF8E0072DE9F05F8146D9F80040256893
:10F5B000B4F804A04FF0000B2D48D3F71AFF06460D
:10F5C00015E0A6420ED03068216888420AD1B068A2
:10F5D000A168884206D1B088A188884202D14FF044
:10F5E000010B06E031462248D3F71BFF0646002EEA
:10F5F000E7D100BFBBF1000F38D100272FE0E8684A
:10F6000000EBC7004068C0F3406038B3E86800EB27
:10F61000C700406820F07F40A16888421ED1214683
:10F620001348D3F765FF2046EFF762FFE86800EB69
:10F63000C7085146D8F80000F7F74CFEE96851F8C2
:10F640003700F7F792FD40B1D8F8040020F07F4270
:10F650002846D8F80010F5F7B0F805E07F1C688C54
:10F66000C0F3C500B842CAD800BF00BFBDE8F09FD4
:10F67000384500202DE9F04105462C68A068F5F7D3
:10F680001CFF8046A28841462068F3F707FCE06033
:10F69000A6880020A080234632464146206800F01C
:10F6A0000DF8A680A1682068E2F7CFF80746A18888
:10F6B0003868E268F8F739F8BDE8F0812DE9F05FC5
:10F6C00005460E4690469A464FF0000B2848D3F761
:10F6D000B5FE044646E0544500D145E021462448A5
:10F6E000D3F7A6FE81462068A8423AD1A068B0426E
:10F6F00002D0B6F5702F34D1A088404503D04FF624
:10F70000FF7080452DD1002725E0E86800EBC70099
:10F710004068C0F34060E8B1B6F5702F07D0E868E4
:10F7200000EBC700406820F07F40B04212D1EA6889
:10F7300052F83700A188F7F7CDFD00212046E4F705
:10F7400045FB21460A48D3F7D3FE2046EFF7D0FE0B
:10F750004FF0010B7F1C688CC0F3C500B842D4D8B1
:10F7600000BF4C46002CB6D100BF5846BDE8F09F04
:10F7700038450020024610880B88C01A70472DE9D2
:10F78000F14F86B0EDF7A8FE8346BBF1000F02D122
:10F7900007B0BDE8F08F0698EBF77DFD06460698AA
:10F7A000EBF7DAFD804644465020005DC0F3400090
:10F7B00000B9EDE75846EDF7E4FE022804D05846BC
:10F7C000EDF7DFFE042800D1E2E704A9606AF1F753
:10F7D0009BFF03A95846EDF799FE02A95846EDF79D
:10F7E000D7FEBDF90C00002803DBBDF90E00002890
:10F7F00000DACDE7BDF80C00BDF81010401A00B2D9
:10F80000ADF80400BDF80E00BDF81210401A00B2A9
:10F81000ADF80600606AF3F768FD8246656ABDF9D7
:10F820000400002803DA00274FF0010913E0BDF9B6
:10F830000400504504DB47F6FF774FF001090AE06A
:10F8400001A9606AEEF744FB87B201A9606AEEF78E
:10F85000D3FD80F0010994F85C00C0F3400010B3C0
:10F8600094F85C0000F00100A8B9B9F1000F12D1C2
:10F87000012E10D167654FF6FF70A06594F85C000B
:10F8800020F00100401C84F85C004FF440714046B9
:10F89000F1F74CF916E094F85C0000F0010018B1A3
:10F8A000022E01D1A7650DE094F85C0000F0010084
:10F8B00040B1032E01D0082E04D14FF440714046D0
:10F8C000F0F718FC94F85C0000F0010008B9012E74
:10F8D00003D139464046F9F729F894F85C0000F066
:10F8E0000100E8B3D4E9150188420FD9E86BA16D96
:10F8F000884203D1286C616D88422AD0A06DE863EC
:10F90000606D28644046F4F7EAF822E0D4E9150176
:10F9100088420FD2E86B616D884203D1286CA16DDB
:10F92000884216D0606DE863A06D28644046F4F705
:10F93000D6F80EE04FF6FF71E86B884202D1286CD2
:10F94000884206D04FF6FF70E86328644046F4F71B
:10F95000C6F8032E01D0082E07D194F85C0000E011
:10F9600003E020F0010084F85C0000BF10E70146CE
:10F970000A69D1E901309860D1E901035860506803
:10F98000884201D188685060002008611068401EDC
:10F9900010601068704700F1080141604FF0FF31BE
:10F9A000816000F10801C1600161002101607047C0
:10F9B00000210161704710B502460B685C1C0CB950
:10F9C000106907E002F1080000E04068446824681C
:10F9D0009C42FAD944684C604C68A16088604160E0
:10F9E0000A611468641C146010BD42684A60936820
:10F9F0008B60936859609160086103685B1C0360C9
:10FA00007047000010B500BF502080F31188BFF38D
:10FA10004F8FBFF36F8F00BF0B480068401C0A492F
:10FA200008600846006801280DD108480068C0B287
:10FA300008B9012000E0002028B94FF4BD7204A1EC
:10FA40000AA0D2F727F910BD7C00002004ED00E0E9
:10FA50004672656552544F535C706F727461626C8C
:10FA6000655C706F72742E63000000004572726FE7
:10FA7000723A25732C25640D0A00000010B50B485E
:10FA8000006828B940F2811209A110A0D2F702F94A
:10FA900006480068401E054908600846006820B90D
:10FAA000002080F3118800BF00BF10BD7C00002043
:10FAB0004672656552544F535C706F727461626C2C
:10FAC000655C706F72742E63000000004572726F87
:10FAD000723A25732C25640D0A00000070B50646A5
:10FAE0003546002E35D0083D2C461A496068096815
:10FAF000084008B1012000E0002028B94FF4A072AE
:10FB000015A11CA0D2F7C6F8206808B9012000E0B2
:10FB1000002028B940F241120FA116A0D2F7BAF87E
:10FB20000C4960680968084098B1206888B909499B
:10FB3000606809688843606000F0C6F81149606831
:10FB4000096808440F4908602046FBF795F800F063
:10FB500053FB70BD780000204672656552544F53C8
:10FB60005C706F727461626C655C686561705F3453
:10FB70002E6300004572726F723A25732C25640D56
:10FB80000A00000070000020064800684FF47A71F7
:10FB9000B0FBF1F0401E4FF0E02148610720086102
:10FBA000704700001400002070B504460025ACB179
:10FBB0000F48006808B9012000E0002028B940F291
:10FBC000CF420CA111A0D2F765F800F07DF800211A
:10FBD0002046FAF787FE00F00FFB05463DB94FF0CF
:10FBE00080500E490860BFF34F8FBFF36F8F70BD19
:10FBF000600000204672656552544F535C73726317
:10FC00005C7461736B732E63000000004572726F49
:10FC1000723A25732C25640D0A00000004ED00E003
:10FC20001CB5184800210B468022CDE9001016A112
:10FC3000174800F0E9F90446012C15D100BF502007
:10FC400080F31188BFF34F8FBFF36F8F00BF4FF06A
:10FC5000FF301049086001200F49086000200F495B
:10FC6000086000F067F90BE0601C08B1012000E0BB
:10FC7000002028B940F2847209A10FA0D2F70AF837
:10FC80001CBD00005C00002049444C450000000001
:10FC900025AB020858000020440000203C00002052
:10FCA0004672656552544F535C7372635C74617342
:10FCB0006B732E63000000004572726F723A2573F9
:10FCC0002C25640D0A00000002480068401C014910
:10FCD000086070476000002010B51B48006818B12C
:10FCE00001201A4908602DE00020184908601848D2
:10FCF0000068B0FA80F0C0F11F0404EB84001549DD
:10FD000051F8200008B1012000E0002028B940F699
:10FD1000F62211A116A0D1F7BDFF04EB84010D4A14
:10FD200002EB810041684968416000F108014268C6
:10FD30008A4202D14168496841604168C968104AF5
:10FD4000116000BF10BD0000600000204C000020CA
:10FD500040000020640300204672656552544F53F2
:10FD60005C7372635C7461736B732E6300000000DC
:10FD70004572726F723A25732C25640D0A000000DB
:10FD8000280000202DE9F04105462846EBF7E4FA6B
:10FD900006463046F1F75EFD07463846E6F78CF832
:10FDA000044601213046F1F7F0FB804694F9020049
:10FDB000401E054951F82030228804A14046EEF744
:10FDC000FDFFBDE8F08100003C01002025642025F6
:10FDD000730000002DE9F04705462846EBF7BCFA12
:10FDE00006463046F1F736FD07463846E6F764F832
:10FDF000044600213046F1F7C8FB8046208840F2D7
:10FE0000E772101A81B24046EBF70BFA0121304637
:10FE1000F1F7BBFB814694F90200401E81B24846CF
:10FE2000EBF7FFF9BDE8F0872DE9F843814600BF05
:10FE300000BF4C46B4F92E0010F5004F01D1BDE8CB
:10FE4000F883A08D07B2A08D618D884203DAA08D62
:10FE500000F5B47007B294F83400C0F341000028F4
:10FE60004FD0012802D002285CD139E0618DC81939
:10FE700000EBD07149100EB2B4F93010B4F9322051
:10FE8000881800EBD07149100FFA81F8B4F92E00F0
:10FE9000404512DA0096638DB4F93010B4F92E00A3
:10FEA0004246EFF743FA05B2A9B24846E4F789FDA6
:10FEB000B1B24846E4F734FD11E00097B4F93220BE
:10FEC000B4F92E0033464146EFF730FA05B2B1B22D
:10FED0004846E4F776FDA9B24846E4F721FD24E060
:10FEE0000097638DB4F93220B4F93010B4F92E00C4
:10FEF000EFF71CFA05B2A28DA9B24846E4F774FCEC
:10FF000013E00097638DB4F93220B4F93010B4F9DE
:10FF10002E00EFF70BFA05B2AAB2618D4846E4F75E
:10FF200063FC02E000BF00BF89E700BFA58700BFF8
:10FF300085E700001CB52248014609780191FF21A0
:10FF4000024611700146097800919DF8001001F0F9
:10FF500050011C4A117007211B4A116009E01A491F
:10FF60000968491E184A11609DF800104906090EDB
:10FF700000919DF8001001F080018029EFD0124916
:10FF800009680902104A11601146098801F4E0610C
:10FF900011600B4A019911700C48006840F4700020
:10FFA0000A4908600846006840F070400860FFF7A2
:10FFB000EBFD002006490860D0F7D6F800201CBDF4
:10FFC00000E400E0800000208400002020ED00E03C
:10FFD0007C00002010B500BF502080F31188BFF3D3
:10FFE0004F8FBFF36F8F00BF00F054F818B14FF080
:10FFF00080500449086000BF002080F3118800BFD2
:020000040803EF
:1000000010BD000004ED00E02DE9FF4F85B08046F3
:1000100089461746DDE912ABB800FAF7ABFE064693
:1000200056B14C20FAF7A6FE04460CB1266304E054
:100030003046FFF753FD00E000247CB10020CDE9FD
:1000400000ABCDE902403A4649464046089BFAF7E4
:100050007DFD2046FAF792FC012501E04FF0FF35C7
:10006000284609B0BDE8F08F0549096809B90120A3
:1000700005E00449096809B9022000E00020704742
:10008000440000206000002001490868704700001B
:100090003C0000202DE9F0414FF000084148006885
:1000A000002872D140480068451C3F480560EDB902
:1000B0003E480068006808B9012000E0002028B927
:1000C00040F6D9123AA140A0D1F7E4FD37480768BD
:1000D00041480068354908603F4807603F4800686C
:1000E000401C3E490860FAF7FBFD00BF3C48006831
:1000F00085423CD300BF2D480068006808B9012044
:1001000000E0002020B14FF0FF30354908602DE0BD
:1001100026480068C068C4686668B54202D23048A4
:10012000066023E0201DFFF722FCA06A18B104F14D
:100130001800FFF71CFC94F82C1001208840294976
:100140000968084327490860E16A01EB8101264AF2
:1001500002EB8100211DFFF748FC2449E06A096891
:10016000C96A8842C7D34FF00108C4E700BF1F48DF
:100170000068C06A00EB80001B4951F8200001288C
:1001800001D94FF0010805E0FFE719480068401C5D
:10019000174908601748006808B14FF00108404649
:1001A000BDE8F081600000203C0000202C00002011
:1001B0004672656552544F535C7372635C7461732D
:1001C0006B732E63000000004572726F723A2573E4
:1001D0002C25640D0A000000300000205000002093
:1001E0005800002040000020640300202800002068
:1001F000480000204C00002070B500240026344840
:10020000006828B94FF4FD6232A138A0D1F742FD51
:10021000FFF7F8FB2E480068401E2D49086008468D
:10022000006800284FD13548006800284BD024E0F2
:100230003348C068C46804F11800FFF798FB201D1C
:10024000FFF795FB94F82C10012088402D49096890
:1002500008432C490860E16A01EB81012A4A02EB5C
:100260008100211DFFF7C1FB2849E06A0968C96ABE
:10027000884202D30120264908602148006808B955
:10028000012000E000200028D2D00CB1FAF728FDB0
:100290002048056865B100BFFFF7FCFE10B10120E2
:1002A0001B4908606D1E002DF6D100201949086019
:1002B0001748006838B10126300717490860BFF3B6
:1002C0004F8FBFF36F8FFFF7D9FB304670BD000033
:1002D000600000204672656552544F535C73726330
:1002E0005C7461736B732E63000000004572726F63
:1002F000723A25732C25640D0A0000003800002096
:100300000C0600204000002064030020280000208C
:100310004C0000204800002004ED00E02DE9F843E7
:1003200004462046EBF718F807462046EBF717F887
:1003300080463846EAF7E4FC05464046E5F7BCFD52
:1003400006463068009040F2E770401B80B2ADF87E
:1003500000009DF90220BDF800104046E5F7B4FD0D
:10036000BDE8F88300000000F90B0208550D0208F3
:100370000000000015110208820082004A020000FD
:10038000000001E001E0000000FF0055AAFF00248A
:10039000496D92B6DBFF0011223344556677889988
:1003A000AABBCCDDEEFF0001020304050607080925
:1003B0000A0B0C0D0E0F1011121314151617181925
:1003C0001A1B1C1D1E1F2021222324252627282915
:1003D0002A2B2C2D2E2F3031323334353637383905
:1003E0003A3B3C3D3E3F40414243444546474849F5
:1003F0004A4B4C4D4E4F50515253545556575859E5
:100400005A5B5C5D5E5F60616263646566676869D4
:100410006A6B6C6D6E6F70717273747576777879C4
:100420007A7B7C7D7E7F80818283848586878889B4
:100430008A8B8C8D8E8F90919293949596979899A4
:100440009A9B9C9D9E9FA0A1A2A3A4A5A6A7A8A994
:10045000AAABACADAEAFB0B1B2B3B4B5B6B7B8B984
:10046000BABBBCBDBEBFC0C1C2C3C4C5C6C7C8C974
:10047000CACBCCCDCECFD0D1D2D3D4D5D6D7D8D964
:10048000DADBDCDDDEDFE0E1E2E3E4E5E6E7E8E954
:10049000EAEBECEDEEEFF0F1F2F3F4F5F6F7F8F944
:1004A000FAFBFCFDFEFF808080818182828384854F
:1004B0008687898A8C8D8F91939597999B9EA0A210
:1004C000A5A7AAADAFB2B500FF1FFF1F01E001E075
:1004D000210020000A080B080D300C300E380F38B0
:1004E000640063000000000064030308915D0108DC
:1004F000000000000000000000000000C300C30076
:10050000041C00006403030841A30208000000006B
:10051000000000000000000064202B00000000002C
:10052000640303083DA4020800000000000000006E
:10053000000000006420D1270000000064030308CD
:100540007B600108F16001080000000061610108A2
:1005500064200401C008000064030308B5710108A9
:1005600000000000000000000D72010804010401F9
:10057000010400005843030821D9010800000000CD
:100580000000000000000000642032200104000090
:10059000E84703081C49030834490308F4480308E2
:1005A00020490308284903083C4903082C4903084B
:1005B0000049030814490308184903085849030867
:1005C000D84703086C480308E04803082449030897
:1005D000F0480308F8480308FC480308EC44030803
:1005E0000449030808490308F44403086049030860
:1005F000D8470308DC4803081448030840490308A7
:1006000038490308EC48030830490308E448030864
:10061000104903080C490308184803080C4803084C
:1006200048480308D84703085C49030850490308B1
:10063000DC470308544903084C490308644903088C
:1006400095010402040204020402040204020402EA
:10065000040204020402870096010302030203025B
:100660000302030203020302030203028700810262
:1006700081020102010201020102010201020102E2
:1006800081028102810292018200060082009201B1
:10069000E8470308A8480308C04803087848030847
:1006A000AC480308B4480308C8480308B84803081E
:1006B00088480308A0480308A448030858490308C9
:1006C000D8470308E848030864480308B04803080B
:1006D000744803087C4803088048030884480308DA
:1006E0008C480308904803089448030860490308AD
:1006F000D8470308DC48030814480308CC4803081B
:10070000C448030870480308BC4803086848030845
:100710009C48030898480308184803080C48030835
:1007200048480308D84703085C49030850490308B0
:10073000DC470308544903084C490308644903088B
:1007400095010402040204020402040204020402E9
:10075000040204020402870096010302030203025A
:100760000302030203020302030203028700810261
:1007700081020102010201020102010201020102E1
:1007800081028102810292018200060082009201B0
:1007900024480308284803082C4803083048030865
:1007A00034480308384803083C4803084048030815
:1007B000444803082048030858490308D847030859
:1007C000E848030808480308144803081C480308BD
:1007D0000448030854480308F4470308E0470308A3
:1007E0005C480308EC4703085048030858480308CE
:1007F000D8470308D448030860480308F0470308B3
:10080000FC47030800480308444903084849030813
:10081000D0480308D84803084C480308E4470308B5
:10082000F8470308D84703085C4903085049030800
:10083000DC470308544903084C490308644903088A
:100840000102010201020102010201020102010290
:100850000102010282009201010201020102010271
:100860000102010201020102010201020102010270
:100870000102010201020102010201020102010260
:10088000010201020102920182000600820092012F
:1008900024480308284803082C4803085C49030837
:1008A000D847030830480308344803083848030889
:1008B0004C490308D84703083C480308404803084C
:1008C0004448030858490308D84703081048030858
:1008D00020480308184803085049030854490308EE
:1008E00064490308010001000100920101000100B8
:1008F000010092010100010001000200010001005D
:10090000010001000100000064030308F9EE010882
:10091000000000000000000019EF01081A001A0092
:1009200080020000640303080000000000000000D3
:100930000000000000000000C300040100000000EF
:100940003C4303080000000000000000000000001D
:10095000000000000000000000000000E443030865
:100960000000000000000000000000000000000087
:10097000000000000000000064030308DDFA010825
:1009800065FC01080000000000000000C300040135
:10099000400600006403030895FC0108CBFC010835
:1009A00000000000000000006420D1278002000049
:1009B0006403030841FC010800000000000000007F
:1009C000000000006420D127000000006403030839
:1009D00073FD01080000000000000000000000009E
:1009E0006420D12700000000640303080000000019
:1009F000000000000000000000000000D127D12707
:100A00000000000064030308000000000000000074
:100A100000000000000000000000000000000000D6
:100A20006403030800000000000000000000000054
:100A30000000000000000000000000006403030844
:100A400000000000000000000000000000000000A6
:100A50000000000000000000640303080000000024
:100A60000000000000000000000000000000000086
:100A7000000000006403030809FF010827FF0108C4
:100A80000000000045FF010800000000C003000056
:100A900064030308000000000000000000000000E4
:100AA000000000000401D127800300006403030854
:100AB0000000000000000000000000000000000036
:100AC0006420D127400200006403030800000000F6
:100AD000000000000000000000000000642064200E
:100AE00040020000A8440308F96A02080000000060
:100AF00000000000C16B0208000000004107000078
:100B000004430308C16F0208000000000000000059
:100B10000000000000000000000000006403030863
:100B2000C97E02082D80020800000000998002089A
:100B3000642064200003000064030308BD8D0208E4
:100B400000000000000000000000000000000000A5
:100B50008002000064030308F98D02080000000011
:100B60000000000000000000000000008002000003
:100B700064030308859A02080000000000000000DA
:100B80000000000064206420400200000EA0D90D87
:100B900090C80C80B70A60110B80D91F0991F088AA
:100BA0001F0880F088000000000D203C00000F00AE
:100BB00069002FFFFFFFF7015C11A610006900C359
:100BC00000008800D2009FFFFFFFF012C523E22043
:100BD00000D203C00000F004B0000000700000006C
:100BE0000E00000000E0000019EFEA300CD6E6A786
:100BF00002F40E00001F80E000006FEF50000016AE
:100C0000FFE500000E0AF00100E05F13F85E6EB031
:100C100005CFFE9100000E0000000070000008DD0E
:100C20003000A7004B02D004C0007700D01D200088
:100C30004B03D0A7000007DC34C4CC3000001D2DCE
:100C400022D00000A63B00B30005C03A00A3001D5F
:100C5000200D00D000A60004CC40004DFC30000068
:100C6000F718C00001F205D00000BB6E4000005F25
:100C7000F3000007E6DB03802F301DBAA05F000100
:100C8000DF401FB448FEC003BFFC40B200000000BC
:100C9000001F01F01F00F0000003F10B900F404F08
:100CA000007D009B00AA00AA009B007D004F000F62
:100CB000400B9003F15E000E6008C004F001F300E9
:100CC000F500E600E600F501F304F008C00E605EF2
:100CD0000000930088A6C209FE404DDDB14293504A
:100CE000005200000450000008A0000008A0001FEF
:100CF000FFFFF30339B3300008A0000008A0000193
:100D000003F61E60E12C00000003FFF9033310001E
:100D100003F52E4000000E400004E000009A0000A1
:100D20000E400004F000009A00000E400003F000A6
:100D3000009A00000E500003F000009A00000E50D0
:100D40000003F00000004CFE70004FB68F900DB015
:100D5000005F32F40000E74F20000CA4F20000CA4C
:100D60002F40000E70DB0005F204FB68F90004CF91
:100D7000E700EFFB44CB00AB00AB00AB00AB00AB3C
:100D800000AB00AB00AB07DFEA108E857EC0010030
:100D900006F1000006F000000D900000CC00001CE1
:100DA000C00001DB00001DE544427FFFFFF97FFF2B
:100DB000FFF024445F900000BC000009E100003F08
:100DC000D81000046DD0000002F4100002F4BD75CC
:100DD0007DD019DFEA1000000DA0000000AC00007B
:100DE0000007E10000004F40100002F600F5001D72
:100DF000A000F5007FFFFFFFF3133333F73000004F
:100E000000F500000000F50009FFFFF00AB44440BF
:100E10000C8000000E7000000FFFFC4003345CF2F9
:100E2000000000F7100000F78E856CF108DFFB3042
:100E3000002AEFD5003FD657400CC0000002F40056
:100E400000004F5BFFA104FE845DD03F80003F3077
:100E5000E80003F206F845DC0005DFE9109FFFFF1C
:100E6000FD9D4444E99C0004F200000BB000002FFB
:100E7000400000AD000001F6000008E000000E8018
:100E800000006F1000019EFE9100BE636EC00F60F7
:100E9000006F00CC202BC002EFFFE200DC424CD000
:100EA0005F20001F55F20002F50ED535DE001AEF67
:100EB000EA1003BFEA202FA44BE18E0000E99D0059
:100EC00000DD4F7129FF07FFFC9E000210AC0000FF
:100ED00002F607658FB00AEFD7002E53F500000029
:100EE0000000003F52E42E53F50000000000002EE9
:100EF00052F60D21D001000000003100006CF2011B
:100F00008ED6000FC300000AFB40000017EE7000F1
:100F10000005C3000000001FFFFFF3033333300060
:100F2000000000000000001FFFFFF3033333300414
:100F30000000000ED71000005CF92000002AF2002B
:100F400003AFB106DE82001C600000000000000755
:100F5000DFEA109E746EC0010006F0000009C000B8
:100F6000008E200006F20000087000000000000063
:100F70000B8000000C900000006CEFDA4000003D98
:100F8000A41016D90001E509EE98CA900A80BD4365
:100F9000AFC0D30F13F2000CC0693C06D00007C0ED
:100FA0003B4B06D00007C02C3C03F2000CC04A0F9C
:100FB00010BD439EE3C50A8009EE91CF9001E50084
:100FC00000000000003DA41028000000007CEFD9C4
:100FD000100000000CF1000000003FD700000000EE
:100FE000B96E00000002F20E50000009A007D00008
:100FF000001F3000F400007FFFFFFB0000E73333E9
:101000004F2005F000000C900C90000006F18FFFBF
:10101000FEC408E3334BF28E00001F58E00018F1C5
:101020008FFFFFF808E33337F68E000009C8E000B1
:10103000009D8E33347F78FFFFFD700007CFFB40AB
:1010400000CF966AF50AE20000301F600000004FF2
:10105000200000004F200000001F600000000AE296
:1010600000003001CF966AF50007DFFB408FFFFEDE
:10107000A4008E4446CF708E000007F38E0000005F
:10108000DA8E0000009D8E0000009D8E000000DAC8
:101090008E000007F38E4446BF708FFFFEA4008FC2
:1010A000FFFFF68E4444418E0000008E0000008F4A
:1010B000FFFFC08E3333208E0000008E0000008EB4
:1010C0004444428FFFFFF98FFFFFF68E4444418E68
:1010D0000000008E0000008E0000008FFFFFC08E19
:1010E0003333208E0000008E0000008E00000000D0
:1010F00007CFFC5000CF966AF60AE20000201F607E
:101100000000004F200000004F200000B91F6000C9
:1011100000B90AE30000B900CF966AF80007DFFCC7
:10112000608E000008E8E000008E8E000008E8E015
:1011300000008E8FFFFFFFE8E333339E8E00000830
:10114000E8E000008E8E000008E8E000008E8E8E41
:101150008E8E8E8E8E8E8E8E02FFFFC00444BC005B
:101160000009C000009C000009C000009C000009AC
:10117000C02000BA0EB58F603CFE808E00004F503C
:101180008E0004F6008E003F70008E03F800008E83
:101190002EC000008EECF600008FB07F30008E0075
:1011A0000AE1008E0000CC008E00001EA08E000020
:1011B000008E0000008E0000008E0000008E0000F7
:1011C000008E0000008E0000008E0000008E44445F
:1011D000408FFFFFF28E00000008E8F7000002FEDB
:1011E0008FF10000BFE8DCA0004F9E8D2F300D87EF
:1011F000E8D09C06E07E8D01E7E507E8D006FC001C
:101200007E8D000A2007E8D00000007E8E100008C6
:10121000E8FC00008E8FF90008E8E6F6008E8E09E3
:10122000F308E8E00CE18E8E001EB8E8E0003FEE27
:101230008E00006FE8E00000AE0007CFEB5000002A
:10124000CF966BF9000AE200005F601F6000000AA1
:10125000D04F20000006F04F20000006F01F600075
:10126000000AD00AE200005F6000CF966BFA00002F
:1012700007DFEB50008FFFFD7008E4458FB08E0054
:10128000005F38E00001F58E00003F48E0014DD0DE
:101290008FFFFFB208E33310008E00000008E0006B
:1012A00000000007CFEB500000CF966BF9000AE278
:1012B00000005F601F6000000AD04F20000006F0B1
:1012C0004F20000005F01F6000000AD00AE2000075
:1012D0005F6001DF855AFA000008DFFC5000000063
:1012E00001EC21940000001BFFC10000000012006F
:1012F0008FFFFD7008E4458FB08E00005F38E0007E
:1013000001F58E00003F38E0014DD08FFFFFC2088D
:10131000E333DA008E0002F608E00005F3019EFDDB
:10132000A200CE646B702F40000001F800000006A0
:10133000FD950000016AEE500000009F00200005AE
:10134000F13FA547EB004BEFE910FFFFFFFF2444FF
:10135000BD44400009C00000009C00000009C0001E
:1013600000009C00000009C00000009C0000000973
:10137000C00000009C00009C00000BA9C00000BA47
:101380009C00000BA9C00000BA9C00000BA9C00083
:1013900000BA8E00000D94F40003F50CF868FD000F
:1013A00009EFE9100CB000000AC05F200001F50051
:1013B000E900008E0008F0000E70001F6005F100CB
:1013C00000AD00C9000003F43F3000000CBAC000BB
:1013D00000005FF500000000EE00006F10000DB08F
:1013E0000002F21F60003FF10008D00BB0008BE656
:1013F000000D7006F000E69B002F2001F503F14F71
:10140000108D0000CA09B00E60D800006F0E600990
:10141000B2F300001F9F1004F9D000000CFB000085
:10142000EF80000007F600009F30003F50000DA045
:1014300008F2009D0000CC04F300002F9E70000015
:1014400006FC00000009FE1000004F4DB00001E84E
:1014500002F7000BD0007F207F20000BD00CB000E3
:10146000009C002F50002F30009E000C900000E8E0
:1014700005F1000005F3E60000000CFD000000008F
:101480003F4000000002F3000000002F3000000089
:1014900002F300004FFFFFFF9144444AF3000003B2
:1014A000F6000001EA000000CC0000009E100000E1
:1014B0006F4000003F7000001ED4444436FFFFFF21
:1014C000FC8FF68D318D008D008D008D008D008D8F
:1014D000008D008D008D008D008D318FF65D000038
:1014E00000F200000B8000006D000001F200000B14
:1014F0008000006D000001F200000B7000006D0024
:101500000001F200000B7000006D000001F2BFF35B
:1015100025F302F302F302F302F302F302F302F300
:1015200002F302F302F325F3BFF300AD00001EC483
:10153000000885A000E20E105B00970B5002E0EE61
:10154000EEEEE00BC00009B004CFEA100B745DB002
:10155000000004F004CEEEF21F8214F24F1004F2E9
:101560001F703DF204DFD7F2BA000000BA0000009D
:10157000BA000000BA8EFC30BFD54BF3BE1000CAD3
:10158000BA00007EBA00007EBE1000CABFD55BF371
:10159000B98EFC30007DFD6009F748F42F50002023
:1015A0005F0000005F0000002F50002009F748F4A2
:1015B000007DFD600000001F40000001F4000000FD
:1015C0001F4008EFC4F40AF748FF42F50007F45F34
:1015D00000002F45F00001F42F50006F40AE637EF5
:1015E000F4008EFC4F40008EFC400AD538F42F20CA
:1015F000008C5FEEEEFF5F2111112F70001009F8D3
:1016000046E4007DFE80009EE305F44108C000CF63
:10161000FFF029D32008D00008D00008D00008D05F
:101620000008D00008D000007EFC4E60AF747FF64A
:101630002F50005F65F00000F65F00000F62F600BB
:1016400006F609F747FF5007EFC4F50000003F20FA
:10165000CB646EB003AEFD8000BA000000BA00009B
:1016600000BA000000BA8EFB20BFC56DD0BE0003DB
:10167000F2BA0000F4BA0000F5BA0000F5BA0000B2
:10168000F5BA0000F5BAA800BABABABABABABABA84
:10169000000AB0009900000000AB000AB000AB00E7
:1016A0000AB000AB000AB000AB000AB000AA064EB8
:1016B00071DFA0BA000000BA000000BA000000BA52
:1016C000001CC0BA01CC00BA1CD100BBCF6000BF67
:1016D000DBE100BD11DC00BA003F70BA0007F3BACD
:1016E000BABABABABABABABABABAB99EFA15DFD49D
:1016F0000BFB45EDE64AF2BE0006F6000E7BA000AD
:101700004F2000C9BA0003F1000C9BA0003F10005D
:10171000C9BA0003F1000C9BA0003F1000C9B99E9C
:10172000FB20BFB45DD0BE0003F2BA0000F4BA00E3
:1017300000F5BA0000F5BA0000F5BA0000F5007D2A
:10174000FD60009F748F702F50007F05F00001F343
:101750005F00002F32F50007F009F748F70007DFB8
:10176000D600B98EFC30BFC43AF3BE1000CABA002E
:10177000007EBA00007EBE1000CABFD55BF3BA7E01
:10178000FC30BA000000BA000000BA000000008E71
:10179000FC3F40AF748EF42F50007F45F00001F401
:1017A0005F00002F42F50007F40AF748FF4008EFFA
:1017B000C4F40000001F40000001F40000001F40BE
:1017C000B98E4BFD71BE100BB000BA000BA000BA71
:1017D000000BA00005DFEA13F735A06F000001EE53
:1017E0009610016AEF300000D96C646F62AEFD7034
:1017F00008D00008D000CFFFF029D32008D000087F
:10180000D00008D00008D00005F551009FE3C800C3
:1018100002F3C80002F3C80002F3C80002F3C900D3
:1018200003F3AB0007F35F837EF306DFC5F30D9090
:10183000000AA06E0001F300F5007D0009C00E60F3
:10184000003F24F00000C8B9000006FF3000000F80
:10185000C000C80006F1000D56D000CF6003F01F95
:10186000302F9C009A00B807B2F10E4005E0D60C6C
:1018700074E0000F6F007C990000AFA001FF4000F2
:1018800005F4000BE0004F3007E109D02F4000D9EC
:10189000D900003FD000004FE10001E7BB000BB0D2
:1018A0001E707E1005F30D90000AA06F0001F3007A
:1018B000F6007D0009C00D60002F34F00000C9A9BA
:1018C000000005FF2000000EC0000000E5000094AD
:1018D000AD00001BFC2000005FFFFFA13337F400C8
:1018E00001E70000CB00008E10004F40001EA33324
:1018F00026FFFFFC006EA00F9201F4001F4001F4D0
:10190000003F303FC0006F3001F4001F4001F40081
:101910001F4000FA2005EA8B8B8B8B8B8B8B8B8B7C
:101920008B8B8B8B8BBE5002AE0005F0005F0005E9
:10193000F0004F1000DF104F5005F0005F0005F081
:10194000005F002AE00BE40007EC40B41E25DFC076
:101950000100000004CC302B01C05700932B01C0C4
:1019600005CC3006A10FF60BE200000000000000DD
:101970000000000000027BFB000000049DFFFFD080
:101980000003AFFFFFFFFD0000AFFFFFFFDFD00050
:101990000AFFFFB610ED0000AF9400000ED0000A61
:1019A000F1000000ED0000AF1000000ED0000AF1C1
:1019B000000045FD0000AF1001EFFFD0179DF100C2
:1019C0005FFFFC0EFFFF1000AFFD31FFFFE00000E6
:1019D000010003BDA300000000005018888888841F
:1019E00005FABFDDDDDDFDAFE47F100000CA4EE08B
:1019F0004F100000C80EFEEF100000CFEFE03FEEEA
:101A0000EEEEF80EF68F766666EB6FF8AF1000001C
:101A1000CC8FE03F100000C80EFCDF655555EECFBF
:101A2000C25FFFFFFFF92C57750577777775FFFFCA
:101A30001FFFFFFFFFFFFF2FFFFFFFFFEFFF0EFF67
:101A4000FFFFFE01100011111110EFFE0EFFFFFF4E
:101A5000FEFFFF2FFFFFFFFFFFFF1FFFFFFFFF68DE
:101A600087078888888668870788888886FFFF1F99
:101A7000FFFFFFFFFFFF2FFFFFFFFFDFFD0DFFFF5A
:101A8000FFFD0000000000015000000000001DF8F4
:101A90000000000001DFFD000000001DFFE22D60DE
:101AA0000001DFFE20DFF7001DFFE2008FFF71DF86
:101AB000FE200008FFFEFFE20000008FFFFE200076
:101AC000000008FFE200000000007D200000000090
:101AD000000000007F60000BE2EFF600BFF84FFF50
:101AE0006BFFD104FFFFFD10005FFFE10000BFFFAF
:101AF000F6000BFFDFFF60BFFD14FFF5CFD1004FF5
:101B0000F617100003600000001100000000000044
:101B1000FF000000006F21FF12F70006FF61FF16B3
:101B2000FF601FF901FF109FF16FE001FF100EF63B
:101B3000AF8001FF1008FACF6001FF1006FCAF80F4
:101B400000AA0008FB7FD00000000DF71FF800007E
:101B5000008FF107FF91002AFF70009FFFEEFFF951
:101B6000000005CFFFFD50000000024420000000EF
:101B700000000000000000000AFFA0000000000CB0
:101B8000FFC0000003D6DFFFFD6D300EFFFFFFFF3B
:101B9000FFE05FFFFFAAFFFFF51AFFF4004FFFA170
:101BA00003FFD0000DFF3004FFF0000FFF404FFF98
:101BB000FB22BFFFF42FFFFFFFFFFFF209FEFFFF35
:101BC000FFEF9000505EFFE5050000000CFFC00035
:101BD00000000004774000000000000310034100F3
:101BE0000000009FF50DF50000001BFDFF8DF500C6
:101BF0000002DFB12DFFF500004FF83EC2BFF50037
:101C000007FF55FFFE39FE409FE38FFFFFF56FF69C
:101C1000AC2AFFFFFFFF73E6005FFFFFFFFFF1004D
:101C2000006FFFD77FFFF200006FFF900DFFF20003
:101C3000006FFF900DFFF200004FFF700BFFE100FF
:101C40000000003300000000000BFFB000000000A7
:101C50000CFFC0000000000CFFC0000000000CFFE3
:101C6000C0000000000CFFC00000008FFFFFFFF865
:101C700000002EFFFFFFE2000002EFFFFE20000049
:101C8000002DFFE20000799982DE289997FFFFFB83
:101C900022BFFFFFFFFFFFFFFFFFFFFFFFFFFFFA76
:101CA000B3CFACCCCCCCCCCCCA0006BBBBBBBA301F
:101CB00000004FFFFFFFFFE10000EF30000006FBD8
:101CC0000009F800000000CF504FD0000000002FA6
:101CD000E1DF84420000344BF9FFFFFD0001FFFF0C
:101CE000FBFFFFFF988BFFFFFCFFFFFFFFFFFFFFE6
:101CF000FCFFFFFFFFFFFFFFFB9FFFFFFFFFFFFF5B
:101D0000F60000000000003300018DFFC600EF0068
:101D10004EFFFFFFE4DF04FFB3004CFFFF0EF900AE
:101D200000008FFF6FC00001FFFFFF8E500001DE3B
:101D3000EEED000000000000002222220000002141
:101D4000FFFFFF100008F8FFFBBC10001EF4FFFCB3
:101D5000100001DFC0FEEFE8448EFE10FE1AFFFF08
:101D6000FFC100FD0028BB940000000002700002CB
:101D7000EF0002EFFDFFFFFFFFFFFFFFFFFFFFFF91
:101D8000FFFFFFFFFFFF3447FFF00005FF000005E6
:101D9000C00000000000027000000002EF00000020
:101DA00002EFF0000DFFFFFF0220FFFFFFF08E1F8C
:101DB000FFFFFF00E7FFFFFFF03F5FFFFFFF08901F
:101DC0003447FFF000000005FF0000000005C000E0
:101DD000000000000000000000000007700000008C
:101DE00002700005FA0000002EF000814F60000232
:101DF000EFF001DD07F0DFFFFFF0321E80F6FFFF9E
:101E0000FFF08E27E0B9FFFFFFF00E73F19BFFFF9D
:101E1000FFF03F54F09AFFFFFFF0890AC0D8344723
:101E2000FFF0007F43F300005FF002F60CB000000B
:101E300005C00000BF10000000000009E300000022
:101E400000000002100037888888888873EFFFFF41
:101E5000FFFFFFFEFE32DFFFFFFFFFF9007FFFFD08
:101E6000FFFFFD10CFFFA07FFFFFFFFFFA0007FF7E
:101E7000FFF35FA00000CFFF3003000000CFFC00A5
:101E800000000000CFFFCCCCCCCCCCFFAFFFFFFFDD
:101E9000FFFFF900002000000001FA00000006FF2B
:101EA0001000000DFF7000006FFFF10001EFFFFA5E
:101EB000000BFFFFFF605FFFFFFFE0CFFFFFFFF6BC
:101EC000FEBFFFFFF9FD4FFFFFF9BF49FFFFF53FE1
:101ED000E52EFFD006FFFFFD200028BA6000043089
:101EE0000000311FE00006F91FE0007FFA1FE00943
:101EF000FFFA1FE0AFFFFA1FEBFFFFFA1FFFFFFF24
:101F0000FA1FFFFFFFFA1FE6FFFFFA1FE05FFFFA6D
:101F10001FE004FFFA1FE0003EFA0FD00002D700D6
:101F2000000000000200000000000CFB2000000088
:101F300000FFFF900000000FFFFFE6000000FFFF22
:101F4000FFFC30000FFFFFFFFF9100FFFFFFFFFFCF
:101F5000E60FFFFFFFFFFFF2FFFFFFFFFFFD0FFF99
:101F6000FFFFFFF800FFFFFFFFB2000FFFFFFD4084
:101F70000000FFFFF70000000FFFA1000000006A53
:101F80004000000000001444200144420DFFFF10F7
:101F9000DFFFF1FFFFF30FFFFF3FFFFF40FFFFF405
:101FA000FFFFF40FFFFF4FFFFF40FFFFF4FFFFF4C1
:101FB0000FFFFF4FFFFF40FFFFF4FFFFF40FFFFF96
:101FC0004FFFFF40FFFFF4FFFFF40FFFFF4FFFFF46
:101FD00030FFFFF39FFFC009FFFC0014444444445A
:101FE000420DFFFFFFFFFFF1FFFFFFFFFFFF3FFF7E
:101FF000FFFFFFFFF4FFFFFFFFFFFF4FFFFFFFFFAC
:10200000FFF4FFFFFFFFFFFF4FFFFFFFFFFFF4FFA6
:10201000FFFFFFFFFF4FFFFFFFFFFFF4FFFFFFFF8B
:10202000FFFF4FFFFFFFFFFFF39FFFFFFFFFFC00DE
:1020300002100000420FE20003FB0FFE3004FB0F12
:10204000FFF404FB0FFFFF54FB0FFFFFFAFB0FFF32
:10205000FFFFFB0FFFFFFFFB0FFFFFD6FB0FFFFD97
:1020600014FB0FFFC104FB0FFB0004FB0CA00003DB
:10207000FA00000000000000001200000000000351
:10208000FF60000000002EFFF500000001EFFFFFE1
:102090004000001DFFFFFFF30000CFFFFFFFFE2009
:1020A0000AFFFFFFFFFFE00EFFFFFFFFFFF20399B4
:1020B0009999999950058888888888700FFFFFFF43
:1020C000FFFFF30FFFFFFFFFFFF40BFFFFFFFFFF1B
:1020D000D1000000000000003F9000003FFC000025
:1020E0003FFD10003FFD10003FFD10001FFD1000E0
:1020F00000CFF4000000CFF4000000CFF400000097
:10210000CFF4000000CFE0000000A40000000000B9
:1021100000CD1000001FFD1000003FFD1000003F2B
:10212000FD1000003FFD1000003FFD000008FF9083
:102130000008FF900008FF900008FF900002FF9049
:1021400000000780000000000004500000000002B2
:10215000FF60000000003FF70000000003FF700078
:102160000000003FF7000006999AFFC99980FFFF21
:10217000FFFFFFFF3DFFFFFFFFFFF201113FF711E0
:1021800010000003FF70000000003FF70000000097
:1021900003FF70000000000CD300000069999999BA
:1021A00099980FFFFFFFFFFFF3DFFFFFFFFFFF2007
:1021B0000000000000000000015664000000000361
:1021C000BFFEEFF91000007FFA1003DFE40008FF04
:1021D000A009B41EFF504FFF200BFF26FFE1EFFFC9
:1021E00009CFFF63FFFABFFF09FFFF54FFF61EFF91
:1021F00051DFFB09FFB003EFE204305FFC10002C5D
:10220000FF956AFF9000000049DFFD92000000008A
:1022100000000000000000CD2000000000000000D1
:102220008FF50014664000000004EFACFFEFFF9153
:102230000000001CFFA1004DFE300000009FF5AB28
:1022400031EFF40007B105FFFFE17FFE100FFE3014
:102250002DFFF54FFF900CFFE000AFF65FFF60022F
:10226000FFF40006FFEFFB00004FFD10003EFFC033
:10227000000002DFE85401BFE300000005AEFF608C
:1022800007FF60000000000000004EF600000000A4
:1022900000000001A100000000000000000000009C
:1022A000003ED00000000000000CFF800000000095
:1022B0000006FFFF200000000000EFFFFB00000011
:1022C00000008FFCCFF4000000002FFB00FFD000C7
:1022D00000000BFFC00FFF70000004FFFD01FFFFB7
:1022E000100000DFFFE02FFFFA00007FFFFF9BFFE1
:1022F000FFF3001FFFFFB00EFFFFC00AFFFFFE2429
:10230000FFFFFF60FFFFFFFFFFFFFFFA06CCCCCC13
:10231000CCCCCCCB30000000000036000000000028
:10232000007F80DDDB00008DEFF8FFFFB007FFFFCF
:10233000FD556FF46FF8AFE2000574FF907E20004A
:10234000003FFA0000000002EFB2504A00012EFDEB
:102350001DF48FB0FFFFD10BFFFFFBFFFE2000CF6E
:10236000FFFB12210000029FC000000000005B0084
:10237000000007A00000000008FFB000000008FFF8
:10238000FFB0000008FF95FFB00008FF9005FFB008
:1023900007FF900005FFB09F90000005FD00400082
:1023A000000003104C20000000B60BFE200000CF00
:1023B000F02EFE2000CFF4002EFE20CFF400002EE1
:1023C000FECFF40000002EFFF4000000002EF40009
:1023D00000000000130000000008300000000000B2
:1023E0000000BFF308BBBBBB90000BFFFF39FFFF32
:1023F000FFF1008FCFCFF000000AF100382F94805A
:1024000000000AF100002F900000000AF100002FE8
:10241000900000030AF130002F9000001FCBF8F865
:10242000002FEBBBBB39FFFFE2001FFFFFFFB09F98
:10243000FD2000000000000008D100378887000060
:102440000000EFFFFFA0000000FFFFFFFDCCCCB6B7
:10245000FFFFFFFFFFFFFFFFFFFFFFFFFFFFFFFF8C
:10246000FFFFFFFFFFFFFFFFFFFFFFFFFFFFFFFF7C
:10247000FFFFFFFFFFFFFFFFFFFFFFFFFFFFFFFF6C
:10248000FFAFFFFFFFFFFFF90000000000000000AA
:102490000001DD10000000001DFFD100000001DF81
:1024A000FFFD1000001DFFFFFFD100009FFFFFFF99
:1024B000F90000011CFFC1100000000CFFC000006B
:1024C00000000CFFC0000000000CFFC00000799964
:1024D0003BFFB39997FFFFB2442BFFFFFFFFFEDDE9
:1024E000EFFFFFFFFFFFFFFAB3CFACCCCCCCCCCCDF
:1024F000CA00000000000200000000000004FFC746
:102500000000000000AFFFF0000000001FFFFD0012
:1025100000000006FFFFC00000000008FFF70000F9
:102520000000000CFF300000000004FFC0000000AD
:102530000001EFF300004A3002DFF80005DFFE156E
:10254000EFFB0000EFFFFFFFFA00000BFFFFFFF7BC
:102550000000007FFFFFA200000002BA850000001B
:10256000000004860000001006FFFA0002DFD1EF31
:102570003CF101DFFA0EE0AF21DFFA009FEFF6DF5A
:10258000FA00008DFFFFFB00000006FFFD000000C9
:1025900048EFFFF600006FFFFBFFF6000EF3CF23BE
:1025A000FFF600EE0AF204FFF609FEFC0004FFF15C
:1025B00008DA100002620000000000000000006F56
:1025C000FFF987000008FFFF98F708A68FFFF95969
:1025D00090FFA8FFFFFCCC0FFA8FFFFFFFF1FFA8D1
:1025E000FFFFFFFF1FFA8FFFFFFFF1FFA8FFFFFFB5
:1025F000FF1FFA8FFFFFFFF1FFA8FFFFFFFF1FFA8A
:102600007FFFFFFFF0FFE3122222210FFFFFFFF900
:102610000000ACCCCCCB5000004999999995000EA4
:10262000FFFFFFFFF600FD2222224FF60FC0000041
:1026300001FFF3FC0000001FFF6FC0000002FFF667
:10264000FFFFFFFFFFFF6FFFFFDCFFFFF6FFFFB0A5
:1026500005FFFF6FFFF6000FFFF6FFFFC006FFFF4D
:102660006FFFFFEDFFFFF69FFFFFFFFFFD10CDDDCA
:10267000DDDDDDDD2FFFFFFFFFFFF312222222222F
:1026800022000000000000000000000000000FFF1A
:10269000FFFFFFFFF3DEEEEEEEEEEE2000000000A7
:1026A00000000000000000000DEEEEEEEEEEE2FF96
:1026B000FFFFFFFFFF300000000000003788888820
:1026C000888873EFFFFFFFFFFFFEEFFFFFFFFFFFB5
:1026D000FE1CFFFFFFFFFFC1D28FFFFFFFF82DFFA2
:1026E00064EFFFFE45FFFFFA2BFFB2AFFFFFFFD302
:1026F000553DFFFFFFFFFFBBFFFFFFFFFFFFFFFF9A
:10270000FFFFAFFFFFFFFFFFF9000000000001FF28
:10271000FFF00004FFFFD00006FFFF800008FFFF6E
:1027200030000AFFFFAAA60CFFFFFFF80EFFFFFF15
:10273000E10BDDDFFF6000004FFD0000007FF300D4
:102740000000BFA0000000FF10000003F800000020
:1027500003C000000000200000000455EFB5520047
:1027600000FFFD1FFFB0000FFFFFFFFC0000FFFF99
:10277000533320000FFF97FFFB5700FFF8AFFFC652
:10278000F80FFF8AFFFC4AA1FFF8AFFFE3220FFF1B
:102790008AFFFFFFF4FFF8AFFFFFFF4FFF8AFFFF45
:1027A000FFF43552AFFFFFFF40000AFFFFFFF400C8
:1027B000007FFFFFFE20000001100000000000AFBE
:1027C00000000000018FFA30000002EFFFFF500010
:1027D00000BFFFFFFF10001FFFFFFFF50003FFFF1B
:1027E000FFFF70005FFFFFFFF90008FFFFFFFFC062
:1027F00000DFFFFFFFFF209FFFFFFFFFFD0EFFFF3A
:10280000FFFFFFF2022222222221000008FFC00067
:1028100000000009A20000005BBBBBBBBBBBBBA3AD
:10282000FFFFFFFFFFFFFFFBFC0C30E11D0D11FC64
:10283000FC0B30E01D0D10FCFFFEFFEFFEFEEFFC79
:10284000FFF15A0870A05FFCFFF37B2992C27FFC66
:10285000FFBFCBBBBBBFCBFCFC0B2000000D00FCC3
:10286000FFCFCCCCCCCFCCFB9FFFFFFFFFFFFFF611
:102870000000000000000200000000000005DFB0C2
:102880000000000007EFFFD000000018FFFFFF70FE
:10289000000029FFFFFFFF00003BFFFFFFFFF800E4
:1028A0000AFFFFFFFFFFF1000FFFFFFFFFFFA00088
:1028B000049AAAAFFFFF20000000000EFFFB0000FB
:1028C0000000000EFFF400000000000EFFC000003A
:1028D0000000000EFF5000000000000DFD00000091
:1028E00000000004B300000035555502000FFFFF43
:1028F000F2F400FFFFFF2FF40FFFFFF2FFF3FFFFE3
:10290000FF32221FFFFFFFFFF7FFFFFFFFFF8FFFD9
:10291000FFFFFFF8FFFFFFFFFF8FFFFFFFFFF8FF45
:10292000FFFFFFFF8FFFFFFFFFF8FFFFFFFFFF8F9E
:10293000FFFFFFFFF88AAAAAAAAA300000002455C8
:10294000310000000003AFFFFFFFC7000002BFFF20
:10295000FEDEFFFFF6005FFFB51000038EFFB0DF65
:10296000D300000000008FF5180005AEFEC810046B
:10297000600002DFFFFFFFF80000000CFF95347DD0
:10298000FF40000002A200000077000000000002EB
:1029900096000000000000000DFF50000000000045
:1029A000000EFF6000000000000005DA00000000DB
:1029B0005BBBBBBBBBBBBBBA20FFFFFFFFFFFFFF87
:1029C000FF90FC1222222222220FF7FC5FFFFFFF62
:1029D000FFFF2CFAFC5FFFFFFFFFFF21FAFC5FFF08
:1029E000FFFFFFFF27FAFC2666666666661FFAFE93
:1029F000BBBBBBBBBBBBBFB1AFFFFFFFFFFFFFFF5D
:102A0000500000000000000000005BBBBBBBBBBB74
:102A1000BBBA20FFFFFFFFFFFFFFFF90FC12222247
:102A20002221000FF7FC5FFFFFFFF8000CFAFC5FAC
:102A3000FFFFFFF80001FAFC5FFFFFFFF80007FA55
:102A4000FC2666666663000FFAFEBBBBBBBBBBBB66
:102A5000BFB1AFFFFFFFFFFFFFFF5000000000000E
:102A6000000000005BBBBBBBBBBBBBBA20FFFFFFD2
:102A7000FFFFFFFFFF90FC1222221000000FF7FC67
:102A80005FFFFFD000000CFAFC5FFFFFD0000001E9
:102A9000FAFC5FFFFFD0000007FAFC2666665000D4
:102AA000000FFAFEBBBBBBBBBBBBBFB1AFFFFFFFA1
:102AB000FFFFFFFF500000000000000000005BBBB4
:102AC000BBBBBBBBBBBA20FFFFFFFFFFFFFFFF90FD
:102AD000FC1222000000000FF7FC5FFF3000000036
:102AE0000CFAFC5FFF3000000001FAFC5FFF3000D1
:102AF000000007FAFC2666100000000FFAFEBBBBC0
:102B0000BBBBBBBBBFB1AFFFFFFFFFFFFFFF500071
:102B100000000000000000005BBBBBBBBBBBBBBA3E
:102B200020FFFFFFFFFFFFFFFF90FC000000000001
:102B3000000FF7FC0000000000000CFAFC00000091
:102B400000000001FAFC00000000000007FAFC0091
:102B500000000000000FFAFEBBBBBBBBBBBBBFB19C
:102B6000AFFFFFFFFFFFFFFF50000000000000006D
:102B700000000000000007B20000000000000ADFB3
:102B8000FA000000000000A93DF50000000440022A
:102B9000E00010000000AFF80B600000006C30FF98
:102BA000FFFFFFFFFFFFFFF4AFF9000C5000006DC7
:102BB0004005500004C00000100000000000C43EAA
:102BC000E80000000000002EEFFA00000000000006
:102BD000004FFA00000000000000000000000000AC
:102BE000011000000007EFFFB30000AFFD8FFF20D2
:102BF00004FFFD09FFB00AFEFD12AFF00EF55D2CDB
:102C00000EF30FFF33129FF50FFFF307FFF60FFFD1
:102C1000E206FFF60FFE24137FF50DF57D2C0DF374
:102C20000AFFFD11BFF003FFFE0BFFA0007FFEBFF8
:102C3000FE100003ACDC8100000034430000056698
:102C40007FFFF96650FFFFFFFFFFFF356666666690
:102C500066501CCCCCCCCCC402FFFFFFFFFF602F22
:102C6000F3FB7F6DF602FF2FB7F5DF602FF2FB7FDE
:102C70005DF602FF2FB7F5DF602FF2FB7F5DF602F6
:102C8000FF2FB7F5DF602FF3FB7F6DF601FFFFFF2E
:102C9000FFFF5007BCCCCCCC90000000000000012E
:102CA00020000000000004FF500000000002FFFFB1
:102CB000500000000439FFFE00000004FF39FFA0AF
:102CC000000004FFFF39B0000004FFFFFF200000F8
:102CD00004FFFFFFB0000004FFFFFFB0000004FF8F
:102CE000FFFFB0000004FFFFFFB0000000BFFFFFC8
:102CF000B00000000DFFFFB000000000FFFFB000BB
:102D000000000009A860000000000000001788888B
:102D1000888887400002EFFFFFFFFFFFF4003EFFBF
:102D2000FFCFFFCFFFF703EFFFF908F809FFF83EE9
:102D3000FFFFFE20402EFFF8DFFFFFFFE101EFFF66
:102D4000F89FFFFFFF80008FFFF809FFFFF902C225
:102D500009FFF8009FFFFE4EFE4EFFF80009FFFF3F
:102D6000FFFFFFFFF700008FFFFFFFFFFFC1000025
:102D70000000000003EFFFFFE203FBFBCEBFA4FF58
:102D80001D03A1FAFFF1D03A1FAFFFFFFFFFFAFFCB
:102D9000FFFFFFFFAFFFFFFFFFFAFFFFFFFFFFAFE8
:102DA000FFFFFFFFFAFFFFFFFFFFAFFFFFFFFFFA8D
:102DB000FFFFFFFFFFADFFFFFFFFF829AAAAAAA8A8
:102DC000000000000000000300000000000004F10B
:102DD000000820000001FF100BF70000002FF10C8D
:102DE000FF94444445FF1BFFFFFFFFFFFFF18FFFF0
:102DF000FFFFFFFFFD007FF70000000000006F6095
:102E00000000000000003000000000000000000092
:102E1000000000000000C003000000000000C0032C
:102E2000030A00000F008005050500051C00D009FD
:102E30000A0A00004E00B008090F00FE9200D00BF5
:102E40000C0A0000CE00A0090A0B00FF0501F002E9
:102E5000030500050D01B004040E01FD2901C004A5
:102E6000040E00FD4501A0050606000557012008D7
:102E70000807000273013003030500FE7B016005B3
:102E80000503000383013003030300008801F004FD
:102E9000070EFFFFB9015009090A0000E6013005DD
:102EA000040A0000FA011008080A000022020008C3
:102EB000080A00004A0260090A0A00007C021008A1
:102EC000080A0000A402A008090A0000D102600854
:102ED000080A0000F9020009090A00002603A008F8
:102EE000080A00004E033003030800005A033003B1
:102EF000030B00FD6B032008080800018B0320086A
:102F000008060002A303200808080001C303000804
:102F1000080A0000EB03800E0E0D00FD4604400A77
:102F20000C0AFF008204A00A090A0100AF04200A6B
:102F30000A0A0000E104900B0A0A01001305600967
:102F4000080A01003B05E008080A01006305D00AF1
:102F50000A0A00009505600B090A0100C205500429
:102F6000020A0100CC053007070AFF00EF05100A2E
:102F70000A0A010021065008080A01004906600DEE
:102F80000B0A01008006600B090A0100AD06C00BA8
:102F90000C0A0000E906200A090A01001607C00B06
:102FA0000C0D00FD6407300A090A01009107B00802
:102FB000090A0000BE073008090A0000EB07100BE1
:102FC000090A01001808F0090B0AFF004F08C00F9A
:102FD000100A00009F0870090A0A0000D1081009B1
:102FE0000B0AFF0008093009090A00003509B0047E
:102FF000040E01FD5109F004070EFFFF8209B00421
:10300000040E00FD9E09300807060102B3090007FF
:10301000070100FFB709600805020109BC09600843
:1030200008080000DC099009080B0100080A0008E4
:1030300008080000280A9009090B00005A0A9008A5
:10304000080800007A0AF004060B00009B0AB00989
:10305000090B00FDCD0A9009080B0100F90AE003F5
:10306000020B0100040B0004050EFEFD270BA00857
:10307000080B0100530BE003020B01005E0BD00EA6
:103080000D080100920B900908080100B20BE0083E
:1030900009080000D60B9009080B01FD020C9009ED
:1030A000090B00FD340CC00505080100480C0007A1
:1030B00007080000640CD005060A0000820C800995
:1030C00008080100A20CD0070908FF00C60C900CEC
:1030D0000D080000FA0CC007080800001A0DD00700
:1030E000090BFFFD4C0D500707080000680DF004A8
:1030F000050E00FD8B0D3004020E01FD990DF0044C
:10310000050E00FDBC0D200808030003C80DE005F6
:1031100006050006D70D600404030003DD0D000E54
:103120000F0FFFFE4E0E000E0E0B00009B0E000E4A
:103130000E0D00FFF60E000E0E0B0000430FA0094F
:103140000A0B00007A0F000E0E0F00FEE30F000EB8
:103150000E0F00FE4C10C00F100D00FFB410000E3B
:103160000E0F00FE1D11C00F100B00007511000E98
:103170000E0F00FEDE110007070C00FF0812800A88
:103180000B0C00FF4A12C00F100E00FEBA12000E08
:103190000E0B00000713A0090A0F00FE5213400C8B
:1031A0000A0E01FE9813400C0D0F00FEFA13400C9E
:1031B0000D0D00FF4F14400C0D0D00FFA414400C2A
:1031C0000A0E01FEEA14400C0E0DFFFF4515C00863
:1031D000090D00FF8015C008090D00FFBB15400C4C
:1031E0000D0D00FF1016400C0D0400032A16C00F31
:1031F000100B000082168011120F00FE0917C00F7D
:10320000110FFFFE8917000E0E0D00FFE417400C92
:103210000D0800011818400C0D0800014C18801111
:10322000120B0000AF18000E0E0B0000FC18000E71
:103230000E0F00FE6519000E0F0FFFFED619400C91
:103240000D0D00FF2B1A400C0D0F00FE8D1A400CC7
:103250000D0D00FFE21A400C0D0C00FF301B000E9C
:103260000E0B00007D1BC0080A0FFFFEC81B400CA0
:103270000D0F00FE2A1C400C0D0F00FE8C1CC00F11
:10328000100B0000E41C000E100FFFFE5C1D800AF6
:103290000B0F00FEAF1D8011120D00FF241E8011C8
:1032A000120A00007E1E8011120A0000D81E801132
:1032B000120A0000321F8011120A00008C1F8011B8
:1032C000120A0000E61F8011120C00FF5220400C71
:1032D0000C0F00FEAC20400C0D0F00FE0E21000E66
:1032E0000F0FFFFE7F218011120B0000E221800AE8
:1032F0000B0F00FE3522100E0F0A00000000721F97
:1033000051EF58EF5BEF5CEF5DEF61EF63EF65EF5F
:1033100069EF6CEF71EF76EF77EF78EF8EEF93EF69
:1033200098EF9BEF9CEF9DEFA1EFA2EFA3EFA4EF2F
:10333000B7EFB8EFBEEFC0EFC1EFC4EFC7EFC8EF14
:10334000C9EFCBEFE3EFE5EF14F015F017F019F04C
:1033500030F037F03AF043F06CF074F0ABF03BF142
:1033600090F191F192F193F194F1D7F1E3F13DF203
:1033700054F2AAF412F7F2F7200000005F000100F7
:10338000000000000000000000000200B00000008B
:10339000F3F76000FC320308000000003E00030069
:1033A000000001020003040502060708090A090AD1
:1033B0000B0C000D0E0F101112130C141400000052
:1033C0001516171819161A1B1C1D1D1E1F201D1D52
:1033D0001621222303241E2525262728292A2B00EF
:1033E0002C002D2E2F303132332D343435302D2D0D
:1033F0002E2E36373839333A3A3B3A3C2900000909
:103400003D09000000000000000000000000000076
:1034100000000000000000000000000000000000AC
:10342000000000000000000000000000000000009C
:10343000000000000000000000000000000000008C
:1034400001020003040502060708090A090A0B0C19
:103450000D0E0F10110C1213141515000000161785
:103460001819171919191719191A191919191719D2
:103470001719031B1C1D1D1E1F20212223002400C1
:103480002526272727002726282926262A2A272AED
:10349000272A2B2C2D2E2E2F2E3000002309310908
:1034A000000000000000000000000000000000001C
:1034B000000000000000000000000000000000000C
:1034C00000000000000000000000000000000000FC
:1034D00000000000000000000000000000010000EB
:1034E00000000000000100000200000000020000D7
:1034F00000000000000000000000000000000100CB
:1035000000000000000000000000000000010A00B0
:1035100006FB00000000F4F3020B0504F7020B01A8
:1035200009020700000000000000000000000D027A
:10353000FE0000000000000000000000000400F990
:103540000000000000FC04040000FE00FE0200FE7B
:1035500000FEFFFC00000000FE0000FDFD0000FE7C
:1035600000FC000000000000000000FEFE00FD0066
:10357000FA00E50000FC0004070000FC020207045A
:10358000FC040000F3000000000000000000000048
:10359000F80000000000000000000000000000FA39
:1035A000FDF500F7FE00000000000900F9FEFF0134
:1035B00000FC0000FEEF0000000000000000000022
:1035C00000EEFE0900000000000000000000000006
:1035D000F7000000000000000000000700020000EB
:1035E000FC000000000000000000000000000000DF
:1035F00000000902010000000000000000000000BF
:1036000000000000000000000000000000000000BA
:10361000000000000000000000000000F8000000B2
:10362000000000000000000000000000000000009A
:1036300000000002040207FE000004FEF9E1020699
:103640000400FD00080007000700EB00FD0700076D
:10365000FE0402000001FE0000FC12001200070040
:1036600009030407000000F80000000001FE00024A
:10367000FCFDFC0200FE000000F70000000000005E
:103680000000000000F10000000000000000000049
:10369000000000000001F400F200000000FE00162F
:1036A000FDFD0202FE00FD020000F400000000002B
:1036B000000000000000EA0002000000000000001E
:1036C0000000000000F2000D0000F8000700F1EA21
:1036D000F1FC070000F10003FB00FD00000000000A
:1036E000000000000000000607E5000000000000E8
:1036F0000000000000000B000200000000000202B9
:10370000FDFC00FFFFFE0000FE000000FC00FE00CC
:10371000FBFC00FAF9F9FC00FC00FC00000000FED4
:103720000000020002FE000100000002FE00000096
:10373000FE0202FF000000FC00FF0000000000018C
:103740000003FE00FD00FC0000FE00070000FE007C
:1037500000000000FF01FEFE0000FE00FE00000071
:10376000000000000000FFFF00FEFD000000000060
:10377000010000FE00FEFEFE000000000000000050
:1037800000FF00000000FEFD00FD00F9FEF904004E
:1037900000FC02040600FAFFFD00FFF502FE02F441
:1037A00002000001F400F4FEEDFE00F50004060046
:1037B00003000000000000FCFD00F9000000FE0016
:1037C0000000FE0000000000FFFF00FFFD00000001
:1037D00000000000FEFE00FEFDFE0000FE000000F6
:1037E0000000000000000000FEFE00FD00FE00FCE6
:1037F000020000FD010202000000000000FE0000C7
:10380000000000020000FE00FEFEFD0000000000BF
:1038100000000200FE00000000FEFD00FC0007FEAC
:1038200001F9000006F5F4F7FC0200FEF1FC00FCD3
:1038300000FC03FCF200FA000001FF02FE0002009F
:10384000F9F700F5FBFBFBF9FDFA00FCFA010001BA
:1038500000FE000000020002000000000000000066
:10386000000000FE00FF00FFFE00FCFBFBFF00F974
:10387000000000000000FE0000000001FF0000004A
:103880000200000000000000000B0000000000002B
:1038900002000000FE000000000000000000000028
:1038A000FC0002000000000000000000000000001A
:1038B000FE000000FC00000000F5F9000000FDF52E
:1038C0000000FE0200FA00000000000000000000FE
:1038D000FC0000FC000000000000000000000000F0
:1038E0000200FC00000000030002FCFC00FEFEFDE4
:1038F000000000000000F900FE00FDFE00FBFAF9E8
:10390000FE00FC00F900000000120000010000FDB4
:10391000000200F60000000000EBFC0707FEF700C5
:1039200002FD00F5FFFD02F0FE030003F8FDF8F9CB
:10393000F70000F3000D0000FF000000FFFFFEFA9B
:10394000F900EB0000000000000000000100000092
:1039500000000000000000000000000000FE00FF6A
:10396000FEFD0000FC00FE00000000000000000062
:10397000000000000000FF00FC000004FF0300FB4B
:1039800002FEFFFAFE00FDFEFE00FDFC0000FEFF51
:10399000FEFCFD0000FE0002FE00FB000000FC003B
:1039A000FC00FCFC020000000000000000FC020023
:1039B000FD00FEFDF9FEFEFEFFFEFDFF0000000023
:1039C00000FEFEFE0000000003FE00FE000000FE00
:1039D000FDFEFEFDFE000209FF00FA00FE0400FEEF
:1039E000F7FD030000F5FC02FC0200FEFEF900FDFD
:1039F000010000FC0000000202FCFC00FCFEFDFED9
:103A0000FE00FC01FCFC07000000000000000000BC
:103A100002000000000000000000000000000000A4
:103A20000000000000000000FC000000000000009A
:103A30000000000000000000000000000000000086
:103A40000000000000000000000000000000000076
:103A500000000000FE000000000000000000000068
:103A60000000000000000000000000000000000056
:103A70000000FEFE0000000000000000000000004A
:103A8000FD0000FD0000FEFE00000000FE00000042
:103A900000FF0000000000FE00000000FD00FC0030
:103AA0000000F90002FB0400FEF50000FBFE00F739
:103AB000FAFA0000F6FEF7F7F500FA00020FFD0033
:103AC000FBFEFFFEFCFAFCF8F7FBFE0000FE000127
:103AD0000000F0FE0705FBF80001F900F5FEFE040A
:103AE000EBFD010000F1FDF4FEF00000F0000D011F
:103AF00000FE00000000FFFEF7FE00F100000000E5
:103B0000F900FE00FFFAF50000FFFDF9FE00FE00DF
:103B1000000000F6FEF9F9FEFCFAFEFC00FCFEF9DE
:103B2000FD00FDFCFEFC000100FEF9000400FC00AD
:103B3000000000030002FC0900FEFEFD0000000082
:103B40000000F900FE00FDFE00FBFAF9FE00FC0299
:103B50000900000000120000010000FD000200004A
:103B6000000000000000000000000000FEFC00005B
:103B7000000000FF000000FEFE0000FCFE0000FC54
:103B80000004FF000000000000010000000003042A
:103B900002FE00F9FC0007F9F9FCFC090402EDFE45
:103BA00004FE00FE02FEF800FE02FDFEF9FE00002B
:103BB000070400FA00F4FD06FDF701FDF9F9FE091E
:103BC0000200FD00FA000207FBF8F7FA070001F017
:103BD000FE02FCFEFB00FBF8FDFDFE0000FBFBFE11
:103BE000000705FEF400F4FD00F8F3FFF9FCF9FA14
:103BF000060000FD00FCFE00FEFC0004F9020000CF
:103C0000F400FEFBFCFEF9FAF9FB00F9FEFBFCF9FF
:103C1000FE0000010BFC00F9FE00FEFCFBFAFAF7C7
:103C2000FDFC0400FD00F5FD0104F9F8FCF907FEB8
:103C300001EBFC04FBFCF800F9F7FDFEFEFEFBF9CE
:103C4000FF00000706FEF100F3FB05F7F1FCF8F7B3
:103C5000F5F90400000000FD000002FD0402FC0470
:103C60000000F9FF00FF000101FE0000000000005D
:103C7000FE0000000002070000FD00000000FEFE44
:103C8000FD0000000102000000000200FE0009002B
:103C9000040101FD0004000000020000000000001B
:103CA0000000000000070006000000000000000007
:103CB000000000000000F300FE04000700001603EF
:103CC000FCFC0202FE01F500000BF3000000000006
:103CD000000000000000F1091F00000000000000CB
:103CE0000000000000F300000000000000000000E1
:103CF00000000000000000000000000000000000C4
:103D0000FC0000FCFE0000000000000000000000BD
:103D10000000000000000000FE00FA0000010000AA
:103D2000021DFCFE0706FA0200000202FD00000070
:103D30000000000000000000E3060000000000009A
:103D40000000000000000000000000FA000000FA7F
:103D500000000000FBFF000000FB00FD00F500007C
:103D6000000000000000000000F100000000010061
:103D70000000000000FE0000FC00FD00FA00000052
:103D8000FC02FD0000FAFEFB0000FA00FE00F50058
:103D9000FE0000EEFCF7FEF80000F100FAFF000064
:103DA000000000000000FDFCFEFC00000000FB0025
:103DB000FB03FE0400FEFBFEFCFC00FDFFFE02FA1E
:103DC000FF000000ECFEFD00FB00FEF5FE0000FE23
:103DD000FE000000000200FEFCFE040000000000E7
:103DE00000000000000000000000000000000000D3
:103DF00000000000000000000000000000000000C3
:103E000000000000000003000000000000FB00FEB6
:103E1000000000FC02000000FAFEFC0000FA00FEB8
:103E200000F500000000EA00FCF8F50000F100FEDB
:103E3000FD0000000000000000FEFDFFFD0100008D
:103E400004FD00070BFEFEF9030B0405FA0309034A
:103E500006050600000000000000000000000E0B38
:103E6000FCFE00FE120A1200000002000008000022
:103E7000FC000000000000000000FE000000000048
:103E80000000000300000000EDFDFEF7F50000F16A
:103E90000000000000000000000000000000000022
:103EA00000FC000000000000000000FE0000000018
:103EB000000000000300000000EDFDFEF7F500002B
:103EC000F7000000000000000000000000000000FB
:103ED00000000000FE000000FB0200FE020402F9E8
:103EE0000000FE02000200000000FA00FEFEFC00DE
:103EF000FEF7000EFE00FBFE00FEFC00FEFAFCFDDD
:103F0000000000FC000000000000000000FE0000B7
:103F10000000000000000300000000EDFDFEF7F5CA
:103F20000000F10000000000000B00000000000095
:103F300000000000FC00F9FDFE07FEFEF701FF0196
:103F4000FEFA000500020102FBF7FD00F7FCFAF79C
:103F5000F700FCFCFDFDFEFEFDFE00FEFF0300037E
:103F6000FE0007000000000000000000000000FE4E
:103F7000FEFE0000FA00FF00FC0000000000000050
:103F800000000000F300000000000000000000003E
:103F9000FEFE00FD00000000FE0000FCFE0200FC32
:103FA000FCFE00FAFEFBFEFD00FC0000000000002D
:103FB0000000000000F100070000FC00000000FD10
:103FC00000FE0000FF0000FE00FB000009FDF9F903
:103FD00002020200FA020302070207FEFA0000F7DB
:103FE0000000F9FA0000FC00FDFC00FD00FD00FEF1
:103FF0000300FEF9FE080000FE00FC000003FB00C9
:1040000002FE020000F900FEFF00FE02FE000000BA
:10401000F7FDFB00F90000F50008FE00FC000100C0
:10402000FE00FEF900FE0200000000FE000002FD9E
:10403000010000FDFE00FD00000000000000000087
:104040000000000000000000F200050000FE00007B
:1040500000000000FEFE000000040005000000005B
:1040600000F2F3010A0704F7020900080004000047
:104070000000000000000000000C00000000000034
:10408000000000000000000000000000DC34030815
:10409000A03303083E3403083D3100008C0B0308B5
:1040A0000C2E0308783303088C4003081000022804
:1040B000E001002025B5010865B4010810000300E7
:1040C00000FF01009C400308000000000000000009
:1040D00006F2ECE83699D661963ABE245E05FA05FA
:1040E000B1046A4D098EE7CE47FF00FEC0FCA4FA7A
:1040F000A97AF163F39C8AEA8EE3D3EC7AFE5DFF42
:104100000FEA12F376F4DAFD3DFF37AA59BB9BCCD8
:10411000FCE53EF7B87AB993FBB43DD63EEF585B69
:10412000397C5B9D5DC65EEF3E45BE655F96FFBE1A
:104130009FE7BE2D1E4EBF863FB7BFE73B269C4E76
:10414000FD865EB7BFE73325B54D5886FBB69EE7C3
:10415000CD653086B4A639CFBDEF6C9EB0AE14C726
:1041600079DFDDF70AD72EDF73E7B8F7DCFF6BFFE7
:104170008EFFB3FFD8FFFCFF45FEA9FE10FF76FFC0
:10418000DCFF24FDA9FD70FE16FF9CFF88FB4CFCA4
:1041900052FD77FE5CFF6C8B4FA454BD79D65DEF6A
:1041A000937C3595F8B5DBCE7EEFF7BD1CE77DEF50
:1041B000BEF7DFFFC6E165D145C1E3B0CCD8CBC0C7
:1041C000AAA869883589F478D368B148B659755179
:1041D0003441D230553AF331B2290F195C1CBA1B65
:1041E0003813340ADC045A04B703B3027805B40464
:1041F00011040C034F04CD034B0368020845673CD0
:10420000E62BE41A887DE76C4554433346C6A5ADDA
:10421000E49CA283C6FE05FE44FDE2F380FD00FDA2
:1042200060FC60FB60FCE0F360EB80E283F243E261
:1042300002DAA1B9686A065AA54924396F53CC42FB
:1042400029328721AE730C630842042100003C022E
:104250007804B306EE08280B610D990FD0110614EF
:104260003A166C189D1ACB1CF71E212148236C2589
:104270008E27AC29C72BDF2DF32F033210341836CD
:104280001C381C3A173C0E3EFF3FEC41D443B64568
:1042900093476A493C4B084DCD4E8D504652F953D9
:1042A000A5554B57EA58825A135C9C5D1F5F9A6074
:1042B0000D627963DD6439668D67D9681D6A596B53
:1042C0008C6CB76DD96EF36F04710C720B73017443
:1042D000EE74D275AD767F7747780679BB79677AC9
:1042E0000A7BA27B327CB77C337DA57D0D7E6C7E04
:1042F000C07E0B7F4B7F827FAF7FD27FEB7FFA7FC9
:10430000FF7F0000640303089540010800000000DF
:1043100000000000E5420108000000000104000068
:1043200064030308AD4E0108014F010800000000BE
:10433000214F010804010D0000060000640303087A
:1043400043520108000000000000000000000000CF
:10435000D127D1274402000064030308E952010871
:104360003953010800000000555301080401820080
:1043700085030000640303084D6501088565010895
:104380000000000009680108D127D127C4020000FD
:1043900064030308B1AA010865AB0108000000002E
:1043A00091AB01088200D1270504000064030308D3
:1043B00055B2010887B2010800000000C5AD010830
:1043C0000000000080020000640303088DC401089F
:1043D00011CF0108000000004DCF0108D127D127DF
:1043E000C00300006403030881DC01081DDD01082F
:1043F000000000006DDD0108D127D127C0040000B6
:10440000640303083DF10108000000000000000003
:1044100059F10108D127D127C00200006403030825
:104420005D5E02080000000000000000E95E020876
:10443000D1278200C5020000E44303080000000009
:104440000000000000000000C5600208000000003D
:10445000C004000020430308B96202080000000005
:10446000000000002963020800000000850700002A
:10447000640303080F7A0208397A0208000000007A
:104480004D7A020834001E00840200006403030811
:10449000157C0208597C020800000000B17C02086B
:1044A000D127D1278503000064030308C9840208CB
:1044B0009787020800000000BD87020804018200FF
:1044C00004060000536100005765000054680000B6
:1044D0004D6F0000467200005375000054750000D7
:1044E0004A756E65000000004D617263680000004F
:1044F000417072696C000000446563656D626572AD
:104500000000000053657074656D62657200000004
:104510004E6F76656D626572000000004F63746FC8
:104520006265720041756775737400004D617900B2
:104530004A756C79000000004A616E7561727900FD
:104540004665627275617279000000003230323364
:104550000A323032320A323032310A323032300AE4
:10456000323031390A323031380A323031370A329A
:104570003031360A323031350A323031340A323095
:1045800031330A323031320A323031310A3230318D
:10459000300A323030390A323030380A323030376F
:1045A0000A323030360A323030350A323030340A8E
:1045B000323030330A323030320A323030310A325F
:1045C0003030300A313939390A313939380A31391C
:1045D00039370A313939360A313939350A313939F9
:1045E000340A313939330A313939320A31393931FA
:1045F0000A313939300A313938390A313938380A0B
:10460000313938370A313938360A313938350A31D3
:104610003938340A313938330A313938320A3139C4
:1046200038310A313938300A313937390A313937B6
:10463000380A313937370A313937360A313937359F
:104640000A313937340A313937330A313937320AC6
:10465000313937310A313937300A313936390A318F
:104660003936380A313936370A313936360A31396E
:1046700036350A313936340A313936330A3139366A
:10468000320A313936310A313936300A3139353961
:104690000A313935380A313935370A313935360A70
:1046A000313935350A313935340A313935330A3142
:1046B0003935320A313935310A313935300A313933
:1046C00034390A313934380A313934370A31393416
:1046D000360A313934350A313934340A3139343310
:1046E0000A313934320A313934310A313934300A35
:1046F000313933390A313933380A313933370A31EC
:104700003933360A313933350A313933340A3139DC
:1047100033330A313933320A313933310A313933DB
:10472000300A313932390A313932380A31393237BF
:104730000A313932360A313932350A313932340ADE
:10474000313932330A313932320A313932310A31B0
:104750003932300A313931390A313931380A31398F
:1047600031370A313931360A313931350A31393187
:10477000340A313931330A313931320A3139313180
:104780000A313931300A313930390A313930380A91
:10479000313930370A313930360A313930350A315A
:1047A0003930340A313930330A313930320A31394B
:1047B0003031000030310A30320A30330A30340AE6
:1047C00030350A30360A30370A30380A30390A3183
:1047D000300A31310A3132000A00000020000000A6
:1047E000210000002200000031230000230000000F
:1047F0002400000025000000270000002800000021
:10480000290000002A0000002B0000002C000000FE
:104810002B2F2D002D0000002E0000002F00000087
:1048200030000000310000003200000033000000C2
:1048300034000000350000003600000037000000A2
:1048400038000000390000003A0000003B00000082
:104850003C0000003D0000003E0000003F00000062
:1048600040000000410000004200000041424300BF
:104870004300000044000000450000004600000026
:104880004700000048000000490000004A00000006
:104890004B0000004C0000004D0000004E000000E6
:1048A0004F000000500000005100000052000000C6
:1048B00053000000540000005500000056000000A6
:1048C0005700000058000000590000005A00000086
:1048D0005B0000005C0000005D0000005F00000065
:1048E000610000006200000061626300630000007C
:1048F0006400000065000000660000006700000022
:10490000690000006A0000006B0000006D000000FC
:104910006E0000006F0000007000000071000000D9
:1049200072000000730000007400000075000000B9
:104930007600000077000000780000007900000099
:104940007A0000007B0000007D000000EF808C00FA
:10495000EF819300EF819400EF959A00EF849C0023
:10496000EFA2A2000000000042746E3100000000BF
:1049700042746E320000000042746E33000000008A
:1049800042746E340000000042746E350000000076
:10499000B04903080000002064030000100500086F
:1049A0004C4B0308640300207CC70000C41C0008B3
:1049B000412D010203040410090607080902040638
:1049C0000884A24A04691801541AAA01C15AFF01B5
:1049D0004102202D0266011ED8440308D0041ADCCF
:1049E000041AC8041ACC041AD4041AC4041E384584
:1049F000030840041AE80C1AF0041A2C0C1AE008F8
:104A00001A30081A24041A04041A1C041A10041A6E
:104A1000F8181EB44703084C0C59EE111F900503FB
:104A2000089006041A07041A080429109904411A68
:104A300040201A40201A40201AE404391099040139
:104A40005C0617D4C3B2A16F180A259A0208019711
:104A50000208A504180A7D980208C5990208F10CFD
:104A60001A2D0C1A55041E6849030870041A78049C
:104A70001AD8F81A80081A88041A64049122A0121D
:104A8000F03440010580C1F6CFD3BBD10896BDD428
:104A90002D8C43A359993DD97A063BA578D1C065A1
:104AA000C5B03D6EDBF73AF3624DC1CCEC73BBA0F1
:104AB000C186BD39B77E433752363B7EFE7B3DF122
:104AC0008739C1F3C9AA3DD40CA93BC4667AC12E6B
:104AD000CBB73DEC8497B9CEE5A4C1CA17B4BAE30D
:104AE000FE833D996E80C18010493ADACA8BBD4B76
:104AF000E47A438F39AFBDEA784CB9B35FA743433B
:104B00008EADBDDE214538E294A14326370ABB8530
:104B1000ED87BD2F7E82439738F2BAE82E893D0794
:104B2000EA4CC108CAADBDA30653BA9CB2A643E580
:104B30000AAFBD5DA365BAF702A743C32A5EBB8A6D
:0C4B40008E843DE5C1C6C05AFF01C100D3
:0400000508000131BD
:00000001FF
